"GEOID","population","asthma","ami","poverty","pm25","ozone","child_10","elderly_65"
"06037204920",2751,76.1,20.87,62.6,12.25164028,0.04791979,13.34,14.07
"06037542402",3306,86.77,22.2,43.5,12.25258001,0.04259906,11.34,11.13
"06037543202",5124,114.33,18.18,56.8,12.21666021,0.04192559,18.6,8.92
"06037203300",2000,65.53,13.45,71.7,12.57687534,0.04939042,7.7,7.8
"06037291220",3640,64.77,12.99,51.5,12.0660607,0.04125212,12.77,14.07
"06037433501",1949,65.92,16.69,61.1,12.00416809,0.05462941,10.98,13.6
"06037243100",6772,129.2,26.48,73.5,12.0902374,0.0438112,22.65,6.5
"06037227010",5705,68.48,21.83,68.6,12.09940492,0.04632538,19.16,5.61
"06037226001",2615,72.02,13.67,71.9,12.15802236,0.04632538,24.21,4.89
"06037433101",2464,60.57,15.27,43.5,11.94103408,0.05605125,7.47,22.65
"06037239202",5999,84.75,21.32,57.5,12.14495497,0.04490202,16.87,3.65
"06037206050",2031,51.49,12.45,58.9,12.41537427,0.04753555,8.91,27.42
"06037205120",3548,76.1,20.87,82.3,12.27407804,0.04716458,15.14,8.74
"06037226002",1820,134.16,14.79,44.5,12.25156535,0.04716458,4.34,5.71
"06037536104",3900,50.83,17.7,40.1,12.04869771,0.04539285,16.74,10.05
"06037104703",2174,77.81,12.79,63.4,11.2284956,0.06718273,20.75,6.12
"06037240500",7326,113.88,27.88,63.7,12.0998549,0.0438112,17.13,6.28
"06037535400",3553,101.27,25.19,53.4,12.07139901,0.04435661,13.2,6.33
"06037291210",5768,70.46,13.6,44.3,12.06226955,0.04192559,15.36,11.17
"06037570403",4832,84.23,18.48,57.6,12.4277485,0.04259906,25.17,3.95
"06037532302",4881,56.57,18.99,50.1,12.15074524,0.0482775,15.35,12.7
"06037542200",7155,92.82,23.89,54.7,12.21728053,0.04259906,15.16,9.07
"06037534202",5748,54.25,23.93,80.1,12.02968272,0.04632538,13.8,8.32
"06037531302",6215,62.39,17.48,56.4,12.21812171,0.0482775,16.96,7.3
"06037242600",4756,136.47,27.86,86.9,12.0688233,0.0438112,21.64,3.95
"06037242700",6035,110.5,23.51,66.5,12.07407493,0.0438112,17.76,5.65
"06037206032",5687,79.94,16.72,66.8,12.55763366,0.04791979,14.16,16.11
"06037542401",4735,95.67,24.68,54.8,12.15347903,0.04259906,11.76,10.77
"06037203500",2907,81.13,16.94,65.4,12.84192716,0.04863521,11.66,12.97
"06037239201",3753,113.88,27.88,52.7,12.05259566,0.04490202,18.28,4.88
"06037219902",3809,88.26,15.22,46.1,11.84882762,0.04588368,6.17,9.9
"06037534201",4768,54.25,23.93,61.9,12.02968272,0.04632538,20.62,7.21
"06037540700",3230,120.42,24.35,61.4,12.09535727,0.04320513,15.42,7.89
"06037540901",4904,121.6,19.26,45.9,12.11292708,0.04259906,11.95,16.11
"06037533806",3794,54.25,23.93,55.4,12.04351864,0.04632538,17.03,8.28
"06037534102",6219,54.25,23.93,61.5,12.02588499,0.04716458,20.53,6.14
"06037127400",6558,77.98,19.65,48.6,12.29587676,0.06350576,19.73,5.93
"06037570301",7273,94.42,20.48,56.9,12.50092519,0.04259906,18.6,4.84
"06037534301",4320,43.15,18.75,47.1,12.06526369,0.04588368,16,8.5
"06037294701",3099,76.33,21.61,58.9,11.73680492,0.03892377,17.59,8.71
"06037239330",2458,113.45,27.79,61.2,12.14625901,0.04490202,15.66,6.83
"06037570402",3400,88.49,19.32,37.7,12.78098946,0.04192559,16.79,11.09
"06037239702",4334,113.88,27.88,68.1,12.116733,0.0438112,12.87,6.48
"06037540400",2109,122.71,25.25,55.9,12.0701055,0.0438112,11.81,4.79
"06037296210",3132,103.61,14.57,56,11.70137136,0.03809217,19.32,8.3
"06037534302",3720,46.98,20.41,57.9,12.03778507,0.04588368,14.22,6.24
"06037120020",3872,93.94,20.82,62.7,11.81424877,0.06464682,12.45,9.94
"06037434004",3039,65.92,16.69,48.3,12.03688662,0.05462941,11.62,8.65
"06037205110",3904,76.1,20.87,60.8,12.25398221,0.04756207,18.8,4.15
"06037122410",3457,79.39,21.48,59.9,11.52566258,0.06236471,11.74,9.34
"06037532304",4013,50.87,17.86,45.6,12.14921007,0.04753555,8.1,11.64
"06037208000",7508,41.43,10.45,59.6,12.53587816,0.04791979,11.77,5.99
"06037575401",4788,127.96,27.86,72.1,11.69108081,0.03975537,19.97,4.59
"06037572301",3841,79.55,21.11,51.2,11.72604257,0.04050375,16.06,6.3
"06037239310",4501,113.88,27.88,68.1,12.13275518,0.04435661,23.82,4.58
"06037228900",2918,80.43,19.67,77.8,12.16800708,0.04588368,18.92,5.45
"06037219901",4150,99.57,16.87,50.1,11.94583615,0.04588368,13.18,7.59
"06037570502",6588,94.42,20.48,38.8,12.07851936,0.04259906,14.6,7.67
"06037570203",4165,68.25,15.3,66.2,12.07684795,0.04320513,19.88,6.12
"06037533002",2705,80.16,24.73,67.6,12.136112,0.04539285,21.26,7.13
"06037228100",5505,69.35,21,60.3,12.15734144,0.04632538,18.44,5.79
"06037532603",3289,60.74,24.24,59.9,12.14111892,0.04588368,20.86,6.17
"06037117408",3073,86.23,15.46,69.8,12.06000567,0.06464682,22.36,4.75
"06037204700",5510,70.82,19.23,39.2,12.30827709,0.04791979,16.64,12.38
"06037302401",7395,65.09,19.32,53.8,11.87080549,0.05219839,11.32,14.24
"06037602900",4443,66.53,12.77,51.2,12.12237612,0.04259906,14.09,8.89
"06037433504",4802,65.92,16.69,62.6,11.96074742,0.05530288,16.14,8.89
"06037121222",5139,74.78,15.13,54.3,11.41126373,0.06464682,15.96,8.13
"06037185320",2991,65.4,11.07,58.9,12.45587973,0.05022962,12.2,10.73
"06037540000",7139,67.6,18.77,48.9,12.04697253,0.04435661,14.34,8.57
"06037120010",2704,93.8,20.79,47.9,12.08174436,0.06464682,9.43,9.76
"06037404703",3110,64.73,14.4,51.8,12.02600668,0.05679963,17.52,8.52
"06037240200",5159,113.88,27.88,64.1,12.116733,0.0438112,16.48,7.48
"06037241120",5146,125.21,21.82,61.9,12.0881206,0.04320513,15.97,7.38
"06037242100",2852,103.63,25.73,91.2,12.06544894,0.04435661,21.67,3.82
"06037570202",6124,63.41,14.42,40.2,12.19282827,0.04320513,16.51,9.08
"06037121900",3761,69.64,18.32,40.1,11.43961966,0.06350576,12.04,10.26
"06037241002",4144,97.62,18.87,45.3,12.0964657,0.04320513,16.77,7.82
"06037204600",4080,51.48,13.23,64.2,12.47302993,0.04791979,9.9,12.18
"06037204820",2241,76.1,20.87,59.4,12.24094412,0.04791979,12.41,12.36
"06037601502",4059,60.33,16.48,64.5,12.04273571,0.04259906,16.73,4.8
"06037531301",4824,60.62,16.34,60.1,12.18460314,0.04863521,13.68,9.33
"06037122420",4503,79.39,21.48,44.8,11.51838156,0.06236471,8.04,8.35
"06037242200",6402,103.63,25.73,75.2,12.06896138,0.04435661,18.34,7.09
"06037239501",3729,76.06,22.09,62.1,12.14625901,0.04490202,17.43,9.14
"06037533001",4709,80.16,24.73,62.9,12.15052197,0.04539285,16.95,7.84
"06037292000",6567,57.93,12.16,50.5,12.06089249,0.04125212,14.45,9.47
"06037575801",2254,104.11,22.57,62.6,11.70661336,0.03975537,18.06,2.31
"06037433801",5944,65.92,16.69,52.1,12.03999382,0.05530288,18.35,8.77
"06037199000",5391,60.2,9.9,49.1,12.97004897,0.04981739,13.47,11.67
"06037532900",7058,80.16,24.73,70.6,12.15052197,0.04490202,18.35,5.87
"06037433102",5348,65.48,16.57,52.4,11.99797143,0.05530288,9.12,15.07
"06037534203",3206,54.25,23.93,62.6,12.0818703,0.04632538,13.63,11.14
"06037302302",5337,67.87,20.38,41.3,11.87080549,0.05334987,10.34,14.69
"06037432700",5779,51.4,11.52,51,11.93241395,0.05763123,14.38,12.41
"06037291110",4391,81.43,14.75,50.1,12.13197187,0.04259906,18.01,10.95
"06037239701",5134,113.88,27.88,63.6,12.11496733,0.0438112,20.55,6.25
"06037536103",5353,52.53,18.39,32,12.03418998,0.04539285,12.65,10.39
"06037240010",3737,78.89,19.66,65.8,12.10418364,0.04435661,15.15,6.15
"06037402402",6635,66.68,15.23,42.8,12.44092467,0.05605125,12.9,8.79
"06037536000",3701,44.43,15.79,44.1,12.062437,0.04539285,17.7,7.48
"06037206200",4001,77.42,10.61,63,12.70828375,0.04791979,2.47,26.04
"06037532500",4195,54,19.34,48.3,12.10088367,0.04632538,15.45,7.65
"06037542502",5006,110.96,17.77,61.4,12.12536191,0.04259906,17.9,8.71
"06037301601",6112,34.9,13.75,44.4,11.787489,0.05685511,6.27,21.45
"06037541603",3059,82.3,18.64,63.2,12.08913112,0.04320513,16.61,8.37
"06037203100",4498,60.33,13.14,62.8,12.41775036,0.04939042,15.56,9.74
"06037602801",3718,124.26,23.64,58.4,12.10553008,0.04259906,19.1,8.02
"06037204810",5277,55.5,15.35,53.8,12.30827709,0.04791979,15.2,9.44
"06037541604",5917,81.13,21.02,64.1,12.08865447,0.04320513,17.32,8.57
"06037543000",4531,118.7,18.6,33.2,12.11120264,0.04259906,17.77,13.29
"06037228800",5353,67,18.06,62.8,12.21219619,0.04588368,15.93,6.87
"06037542106",3523,95.62,24.67,54.9,12.12382492,0.04320513,13.65,7.78
"06037241202",5776,105.63,18.97,54,12.09974001,0.04259906,18.96,9.8
"06037575802",5664,119.54,25.97,65.6,11.70661336,0.03975537,19.28,4.86
"06037532800",4590,73.85,22.83,60.7,12.15277014,0.04539285,23.42,4.42
"06037127210",5838,109.5,20.82,44.3,11.99025794,0.06350576,15.42,7.86
"06037541605",4805,95.67,24.68,55.9,12.10598268,0.04320513,8.93,7.89
"06037123303",3087,67.5,18.57,44.7,11.56904887,0.06236471,10.33,11.76
"06037229100",5146,69.72,22.77,61,12.15277014,0.04539285,18.83,5.25
"06037540203",5807,67.87,18.84,59.2,12.03711727,0.04435661,14.43,4.72
"06037601401",5949,92.39,18.57,50.6,11.92992332,0.04320513,11.06,12.2
"06037127220",5045,109.67,20.85,55.1,11.80687777,0.06236471,10.37,13.91
"06037204910",3341,76.1,20.87,55.2,12.25496306,0.0482775,12.03,12.18
"06037530500",3719,66.37,15.57,47.9,12.15638623,0.05022962,9.71,14.95
"06037229420",4759,66.83,21.79,62.7,12.10765122,0.04539285,21.01,4.96
"06037241001",4197,119.22,20.85,65.2,12.10169951,0.04320513,14.39,6.5
"06037402801",4976,67.92,15.89,54.4,12.75120791,0.05763123,21.36,5.33
"06037294830",4134,76.33,21.61,58.9,11.77535951,0.03809217,15.41,6
"06037575402",4129,128.01,27.87,64.5,11.70376562,0.03975537,18.75,4.19
"06037208302",5269,45.67,10.62,64.5,12.33647073,0.04791979,13.21,8.14
"06037542601",3295,131.07,22.67,63.4,12.09830951,0.04320513,18.42,4.67
"06037553802",6881,52.77,14.89,58,12.14364358,0.04320513,17.76,10.07
"06037227020",3623,69.72,22.77,63.6,12.09940492,0.04632538,14.77,6.9
"06037433200",6246,48.95,11.33,51.4,11.99426857,0.05605125,11.08,15.15
"06037237202",4556,141.59,19.91,52.3,11.96234496,0.0438112,16.92,8.21
"06037128303",4176,74.24,19.06,65,11.84362669,0.06133785,18.94,4.74
"06037601600",4439,59.03,16.1,47.2,12.01108536,0.04259906,15.45,10.57
"06037533703",5259,51.32,19.05,42.8,12.07819852,0.04716458,14.2,8.27
"06037530700",2157,56.55,16.08,33.1,12.20229619,0.05022962,10.57,12.66
"06037432802",5077,45.36,10.54,61.4,11.89284869,0.05679963,17.18,6.95
"06037128302",5000,75.59,19.38,55.7,11.85390933,0.06133785,12.66,8.28
"06037240600",6167,91.05,22.32,61.7,12.0941273,0.0438112,19.51,8.76
"06037186401",3489,65.4,11.07,56.1,11.98082094,0.05165298,17.8,9.52
"06037127711",3588,57.11,14.41,46.5,12.08262759,0.06133785,14.99,9.89
"06037535101",7949,75.3,23.01,57.4,12.09489677,0.04490202,19.5,8.88
"06037532700",3417,72.22,22.06,68.9,12.136112,0.04539285,18.61,5.53
"06037433700",3684,65.92,16.69,46.4,12.00257511,0.05462941,13.06,15.23
"06037243000",6829,90.26,20.9,61.1,12.07407493,0.0438112,22.7,5.54
"06037534405",4351,54.25,23.93,67.7,12.03133345,0.04632538,18.69,6.64
"06037199700",3063,56.77,9.35,53.2,13.26241232,0.04939042,5.88,16
"06037232120",5567,100.68,20.14,68,11.99843255,0.04490202,21.32,8.01
"06037536102",3155,40.75,14.54,28.5,12.03321154,0.04539285,12.01,20.76
"06037570501",8042,94.42,20.48,50.5,12.25666707,0.04259906,16.03,8.75
"06037535300",6524,72.41,20.81,52.6,12.07274542,0.04490202,16.97,6.68
"06037540502",6163,63.03,17.35,66.5,12.08913112,0.0438112,19.2,4.25
"06037206010",4121,30.75,10.73,58.4,13.32985065,0.04863521,9.08,16.45
"06037291130",3626,75.78,14.63,27.6,12.11872262,0.04259906,12.93,10.51
"06037199900",2692,52.95,8.87,51.9,12.7350876,0.04939042,14,14.75
"06037541700",6638,65.97,18.28,46.9,12.06300382,0.0438112,15.43,11.63
"06037534101",2358,52.71,23.15,56.1,12.02588499,0.04716458,14.84,10.09
"06037104401",3270,81.71,13.36,43.9,11.28546472,0.06718273,16.02,11.47
"06037242300",4952,103.63,25.73,67.5,12.06896138,0.04435661,19.22,4.38
"06037109500",4832,66.35,10.62,66.1,11.23023082,0.06718273,15.09,13.16
"06037127104",3821,109.67,20.85,63.1,11.68435272,0.06350576,12.9,8.58
"06037232800",4489,50.48,12,63.8,11.99449266,0.04490202,18.4,5.73
"06037434003",4717,61.82,13.44,56.1,12.11875988,0.05605125,10.28,11.55
"06037535001",4512,80.16,24.73,64.4,12.12263212,0.04490202,20.74,6.85
"06037572900",5360,74.82,19.6,57.2,11.67703568,0.03975537,15.84,8.86
"06037530601",2930,56.8,16.64,39.8,12.13544749,0.05022962,14.23,15.26
"06037533603",6986,54.25,23.93,59.9,12.01972823,0.04632538,18.42,9.42
"06037239602",4016,113.88,27.88,78.5,12.11496733,0.04435661,17.46,3.49
"06037533902",4049,47.15,20.35,58.8,12.00080859,0.04716458,13.98,5.9
"06037535603",3998,52.53,18.39,56.7,12.07030248,0.04490202,18.83,9.63
"06037404802",4196,66.86,14.78,34.4,11.95834831,0.05763123,13.35,11.8
"06037224010",2845,81.7,14.22,62.2,12.22607702,0.04676708,6.54,11.35
"06037434001",4410,73.28,15.5,51.8,12.04991184,0.05605125,14.22,8.62
"06037573201",4597,91,18.54,52.2,11.70913172,0.03975537,13.47,7.61
"06037553701",3981,61.83,18.28,60.5,12.05769894,0.0438112,14.39,7.06
"06037121020",3610,79.39,21.48,30.7,11.50132407,0.06350576,9.56,9.7
"06037294120",2687,76.33,21.61,46.7,11.73890922,0.03975537,19.87,6.77
"06037241400",3785,144.54,22.26,60.2,12.11292708,0.04259906,18.39,5.55
"06037408800",4387,74.6,16.81,51.4,12.63844027,0.05763123,10.96,6.34
"06037232700",6568,98.16,19.67,53.3,11.97007108,0.04490202,17.28,7.78
"06037224200",2557,81.54,14.2,70.4,12.17492801,0.04632538,10.91,6.37
"06037502301",5794,54.29,20.21,31.5,12.14573075,0.04863521,12.84,15.69
"06037408301",5569,48.99,17.53,36,12.07676548,0.05605125,14.49,12.44
"06037187102",3739,45.61,9.94,45.1,12.23722675,0.05070407,11.96,13.45
"06037533403",2848,47.78,18.57,40.3,12.12538715,0.04716458,14.29,13.34
"06037543100",7254,96.18,15.27,37.7,12.14085089,0.04192559,13.44,10.7
"06037239601",3682,113.88,27.88,61.8,12.13275518,0.04435661,20.04,5.57
"06037297110",4649,103.61,14.57,54.5,11.66349226,0.03809217,10.97,9.64
"06037228720",4825,69.72,22.77,71.7,12.21219619,0.04588368,18.94,6.9
"06037226420",5531,69.72,22.77,57.7,12.15802236,0.04632538,16.13,7.45
"06037540600",4981,66.54,13.36,65.8,12.10051881,0.0438112,21.98,7.15
"06037532001",3036,45.64,13.51,59.4,12.15638315,0.04981739,14.62,13.27
"06037199201",3660,59.14,9.64,66.6,12.70430833,0.05022962,11.99,10.03
"06037221401",3628,89.86,18.08,64.3,12.0125659,0.04588368,14.17,21.8
"06037535604",4476,52.53,18.39,51.7,12.06544894,0.04490202,17.58,8.62
"06037195802",2691,55.51,14.01,41.8,12.19449024,0.0482775,10.93,12.82
"06037122122",2728,74.78,15.13,65.9,11.4259185,0.06350576,16.61,9.75
"06037535102",4621,94.66,24.4,58.9,12.08538401,0.04435661,16.92,7.55
"06037204420",3154,81.34,16.99,69,12.63753163,0.04863521,14.39,6.34
"06037535200",6111,103.63,25.73,51.7,12.06217904,0.04435661,15.27,5.3
"06037218400",4737,78.02,13.31,41.2,11.85097115,0.04632538,14.78,7.87
"06037433901",6032,68.46,14.57,64.1,12.03649159,0.05679963,16.86,5.8
"06037242000",4189,85.34,19.41,64.3,12.0688233,0.0438112,17.59,5.9
"06037294900",3853,73.77,20.58,61.6,11.8087939,0.03892377,18.25,9.89
"06037535002",3648,80.16,24.73,54.5,12.12263212,0.04490202,15.16,8.66
"06037432801",2797,64.3,14.56,54.6,11.89284869,0.05679963,8.97,34.18
"06037532303",4599,52.04,17.15,32.6,12.22974497,0.0486551,10.33,15.5
"06037240900",6736,108.79,21.37,57.9,12.09235616,0.04320513,21.3,7.13
"06037570204",4201,78.42,17.31,42.5,11.99002053,0.04320513,16.23,17.14
"06037541606",2348,95.67,24.68,56.7,12.10598268,0.04259906,16.23,4.86
"06037531101",4851,56.8,16.64,48.4,12.15909476,0.04939042,12.18,9.3
"06037220100",2415,99.57,16.87,40.1,11.91465003,0.04539285,4.22,27.29
"06037531702",5163,72.44,16.96,40.8,12.27012997,0.04939042,14.1,10.11
"06037237102",3407,74.12,16.15,62.8,11.97286678,0.04435661,17.87,8.19
"06037231100",3474,41.22,11.42,80.8,12.08083341,0.04539285,12.32,8.49
"06037302505",4376,43.54,14.91,57.1,11.80374462,0.05219839,11.77,16.77
"06037535606",2007,52.53,18.39,52.2,12.06544894,0.04490202,19.43,10.01
"06037533901",6320,46.84,20.19,59.1,12.00080859,0.04716458,14.6,7.15
"06037207103",2393,30.75,10.73,61.9,12.87564539,0.04863521,8.02,26.03
"06037224600",3385,53.6,17.37,67.6,12.08083341,0.04588368,14,11.2
"06037532002",3360,57.34,17.79,56.4,12.19858018,0.04981739,11.67,8.69
"06037127102",5779,109.67,20.85,50.6,11.6846695,0.06350576,15.57,6.26
"06037531504",4250,72.44,16.96,53.7,12.05688492,0.04939042,16.05,8.96
"06037226410",3665,69.72,22.77,69.7,12.09845951,0.04588368,13.07,8.05
"06037570404",3676,85.11,18.65,41.5,12.38808685,0.04259906,14.83,9.06
"06037553801",4954,61.83,18.28,56.1,12.0879027,0.0438112,16.47,5.31
"06037534502",4654,60.66,24.24,44.3,12.03943263,0.04588368,16.18,11.35
"06037407002",3436,48.99,17.53,35.4,12.04124577,0.05679963,10.1,16.41
"06037531000",5133,45.48,11.8,54.7,12.12011834,0.04981739,17.16,11.24
"06037540501",6713,67.87,18.84,36.8,12.08997374,0.0438112,9.28,5.97
"06037542602",5934,102.85,16.27,46.6,12.12536191,0.04259906,12.55,6.86
"06037240020",5223,99.07,24.47,67.7,12.0941273,0.0438112,17.73,6.76
"06037229300",5715,69.72,22.77,71.6,12.00225165,0.04490202,19.07,3.95
"06037404402",5156,71.92,17.02,37.7,11.46729707,0.06133785,10.76,9.25
"06037572800",986,79.55,21.11,85.4,11.69431502,0.03975537,4.97,7.2
"06037229410",3697,69.59,22.72,66.1,12.00225165,0.04490202,24.07,5.22
"06037553702",4723,55.62,16.19,49.9,12.09151255,0.0438112,15.58,7.66
"06037231720",4934,100.68,20.14,55.7,12.0084908,0.04490202,14.53,10.92
"06037533602",5546,54.25,23.93,57.5,12.05553415,0.04632538,17.69,8.38
"06037228210",4233,69.72,22.77,73.4,12.09940492,0.04588368,16.7,10.96
"06037239802",5461,74.29,21.26,66.3,12.10418364,0.04435661,14.47,5.35
"06037541100",3251,79.8,13.56,57.8,12.11029674,0.04259906,14.49,12.15
"06037207102",2926,30.75,10.73,57.1,12.87564539,0.0482775,4.31,27.92
"06037228410",3600,69.72,22.77,66.3,12.0527736,0.04588368,14.31,6.22
"06037120107",3893,87.77,19.34,70.5,11.86110213,0.06464682,20.32,4.55
"06037226700",7661,69.72,22.77,73.7,12.09845951,0.04588368,20.01,3.55
"06037120300",5238,93.94,20.82,27.6,11.67857435,0.06464682,10.16,12.91
"06037206300",6103,83.69,7.91,93.2,12.39952871,0.04756207,1.23,11.06
"06037123304",4362,48.94,13.53,45.6,11.52481034,0.06236471,9.31,22.17
"06037191500",5931,65.65,17.01,42.2,12.05932002,0.04863521,8.3,13.49
"06037402702",6365,81.58,17.81,64.4,12.88889973,0.05846283,21.37,4.21
"06037575300",4360,128.01,27.87,63.3,11.70376562,0.03975537,16.67,9.45
"06037402600",7493,87.89,19.04,46.1,12.69293611,0.05938691,17.12,12.52
"06037186403",2698,65.4,11.07,34.8,11.94222572,0.05116215,11.08,18.53
"06037408501",3050,46.16,12.41,40.3,12.13820885,0.05395594,11.48,13.44
"06037122000",5892,68.8,17.83,37.4,11.50541661,0.06350576,8.55,16.12
"06037534406",5027,54.25,23.93,64,12.03639575,0.04632538,18.34,5.65
"06037209102",5950,79.97,12.37,71.8,12.35408718,0.04756207,16.82,7.93
"06037121802",3216,70.54,18.29,44.3,11.40523782,0.06350576,12.9,12.06
"06037240300",5637,86.16,18.16,58,12.09514285,0.0438112,21.59,7.11
"06037572500",3643,79.55,21.11,53,11.78613452,0.03975537,11.78,20.18
"06037543201",3605,122.52,19.17,40.2,12.18773918,0.04259906,18.06,10.04
"06037191810",3367,58.73,15.62,63.8,11.90037867,0.04939042,9.56,6.53
"06037119001",4435,81.71,13.36,22.4,11.410504,0.06591477,10.62,13.24
"06037124204",2192,62.98,15.03,50.6,11.55022293,0.05938691,6.8,9.99
"06037541200",6546,120.27,22.28,23.1,12.13075961,0.04259906,13.47,15.43
"06037600502",2097,87.64,21.07,27.7,12.11407435,0.04259906,10.01,14.78
"06037541500",6273,131.07,22.67,57.5,12.09745122,0.04320513,21.01,4.14
"06037402804",4238,74.43,17.38,54,12.71142454,0.05763123,12.88,6.8
"06037535901",5578,52.53,18.39,39.6,12.04753502,0.04539285,12.44,9.82
"06037228420",3304,69.72,22.77,72.4,12.0527736,0.04539285,19.95,3.66
"06037104822",2839,81.71,13.36,48.6,11.3752253,0.06718273,16.1,8.59
"06037104403",3341,81.71,13.36,35.5,11.44347884,0.06718273,11.4,13.14
"06037433401",3405,65.92,16.69,59,12.00258505,0.05605125,11.54,10.19
"06037294820",3473,76.33,21.61,70.2,11.72966207,0.03892377,20.79,6.42
"06037553601",4699,50.24,15.1,44.7,12.04480755,0.04435661,11.83,9.34
"06037240402",3763,95.33,20.3,56.2,12.08962673,0.04320513,13.55,8.64
"06037122200",3469,65.3,13.43,44.9,11.50595509,0.06350576,9.28,10.09
"06037104701",4402,81.71,13.36,77.4,11.30315023,0.06718273,16.7,6.84
"06037503000",5606,58.17,22.83,41.3,11.92700646,0.04791979,18.21,5.53
"06037123020",3250,61.75,12.84,44.6,11.5297162,0.06236471,12.25,13.32
"06037603302",4048,67.34,13,35.5,12.00605839,0.04125212,9.34,21.49
"06037540902",4707,104.72,16.83,36.7,12.12642045,0.04259906,9.75,14.38
"06037104810",5631,81.71,13.36,43.5,11.46459884,0.06718273,12.93,10
"06037124103",1950,72.71,20.59,55.5,11.52811451,0.060311,12.87,14.51
"06037191620",2532,70,18.14,64.3,12.01439591,0.04863521,5.06,20.26
"06037502200",6937,60.7,22.6,30.1,12.12818912,0.04939042,12.08,13.62
"06037402101",5558,72.7,16.07,51.5,12.91137126,0.05938691,14.9,8.94
"06037127520",4870,41.02,8.55,68.4,12.06000567,0.06464682,16.47,9.26
"06037241201",3015,97.9,20.03,49.3,12.09880174,0.04320513,12.01,9.39
"06037239320",4086,113.88,27.88,65.3,12.13275518,0.04490202,16.62,5.56
"06037104404",3084,81.71,13.36,46.4,11.32010666,0.06718273,17.32,8.4
"06037296500",3447,95.43,13.58,56,11.6676115,0.03809217,12.21,14.74
"06037571701",6247,89.38,19.43,46.2,12.31736907,0.04192559,10.07,8.72
"06037123206",2572,52.8,14.81,59.1,11.51704283,0.06133785,12.64,9.76
"06037573202",6379,90.98,18.43,44.3,11.70913172,0.03975537,16.96,7.52
"06037530801",5407,56.8,16.64,57.1,12.28025039,0.04939042,14,10.06
"06037530101",5285,46.51,14.67,49.7,12.01818441,0.05116215,14.59,16.46
"06037208402",2896,55.72,14.06,57.7,12.33647073,0.04791979,12.05,7.98
"06037291120",2407,70.95,13.39,44.7,12.14261917,0.04259906,13.38,7.64
"06037190801",2682,52.96,13.14,65.2,11.97617641,0.04939042,3.95,16.29
"06037602002",3057,52.66,13.14,44.7,11.9852196,0.04259906,14.33,9.55
"06037232500",4940,112.71,18.74,41.3,11.94659663,0.04435661,13.08,11.9
"06037601501",3918,58.43,15.75,63.4,12.04273571,0.04259906,14.55,4.01
"06037203600",5276,81.34,16.99,56.1,12.63753163,0.04899293,13.59,8.72
"06037132102",5401,77.98,19.65,34.7,12.78250401,0.06350576,9.29,14.26
"06037602509",4457,74.62,18.96,27.7,12.10489415,0.04259906,13.13,10.39
"06037120030",2666,93.94,20.82,65.9,11.81424877,0.06464682,15.3,9.71
"06037531602",4432,71.15,16.72,49.3,12.11496468,0.04899293,16.16,10.51
"06037301702",5835,39.08,17.47,35.6,11.81877691,0.05462941,11.93,14.94
"06037123301",4530,59.57,16.34,34.3,11.52590949,0.06236471,10.31,14.72
"06037122121",2829,67.69,13.96,47.3,11.49943551,0.06236471,12.34,10.25
"06037237101",4409,125.58,24.53,59.8,11.97007108,0.04435661,17.56,7.96
"06037532604",2739,60.74,24.24,50.1,12.14111892,0.04588368,14.6,10.48
"06037219300",4239,87.1,17.47,47.8,11.9612643,0.04539285,15.33,11.42
"06037228310",4523,69.72,22.77,53.8,12.06807983,0.04588368,15.61,5.86
"06037240700",6596,100.67,24.99,50.2,12.07586683,0.0438112,17.57,7.61
"06037238320",3804,83.78,17.52,65.7,12.12072526,0.0438112,23.21,7.86
"06037533300",3346,45.55,14.2,63.8,12.10196267,0.04676708,21.52,4.72
"06037534900",6319,67.65,21.92,39.7,12.11083805,0.04539285,11.73,7.41
"06037199800",5828,59.14,9.64,66.4,12.70430833,0.04978792,14.34,14.69
"06037104320",5292,81.71,13.36,32.3,11.16595012,0.06718273,12.15,12.24
"06037131020",6704,83.59,22.29,39.8,14.03112587,0.06133785,13.69,7.82
"06037433503",3269,65.92,16.69,55.5,12.04321516,0.05530288,14.22,9.7
"06037536200",7281,41.9,14.88,32.8,12.01769349,0.04435661,13.76,10.12
"06037531102",3210,56.8,16.64,55,12.15909476,0.04939042,15.89,11.59
"06037219800",2861,99.57,16.87,43.8,11.94583615,0.04539285,10.42,9.79
"06037218500",2641,87.75,14.91,42.3,11.95828056,0.04588368,9.24,12.87
"06037402304",4057,78.05,15.97,69,12.53893681,0.05763123,17.4,6.06
"06037209300",4885,69.89,10.91,65.8,12.2587974,0.04716458,11.89,6.73
"06037601302",7333,93.18,18.03,43.4,11.88139021,0.0438112,15.76,6.64
"06037603001",7498,87.73,16.4,39,12.09860815,0.04259906,10.24,15.86
"06037533103",3283,60.74,24.24,65.1,12.07802241,0.04539285,15.57,8.07
"06037240800",4341,79.65,18.29,55.9,12.05760637,0.0438112,13.78,8.62
"06037402303",4080,62.94,13.01,56.4,12.61296425,0.05763123,13.8,8.85
"06037543801",5159,65.92,17.98,22.5,12.06694765,0.04050375,13.28,18.03
"06037192620",3542,56.78,14.58,60.9,12.10279177,0.04791979,13.78,7.45
"06037231710",4165,100.68,20.14,84.7,11.97864156,0.04490202,18.08,6.31
"06037533401",5098,48.68,16.83,43.7,12.11512207,0.04716458,12.71,10.46
"06037433302",1530,73.28,15.5,58.9,12.09259994,0.05679963,13.53,13.86
"06037228500",4869,69.72,22.77,57.1,12.0257337,0.04539285,17.38,6.51
"06037238310",5002,83.72,17.56,68.9,12.12072526,0.0438112,17.49,6.34
"06037104310",4962,63.82,10.29,41.1,11.20136625,0.06718273,18.46,8.93
"06037572600",5357,79.55,21.11,45.9,11.68049659,0.03975537,10.3,13.5
"06037570100",3192,90.76,19.26,34.7,11.95400971,0.04259906,11.28,12.91
"06037120103",3452,93.94,20.82,77.9,11.6143557,0.06464682,22.28,5.3
"06037204300",5445,57.54,12.67,62.3,12.41369527,0.04863521,15.54,12.42
"06037575803",3229,112.45,24.38,62,11.70661336,0.03975537,14.37,24.62
"06037123103",3808,58.3,16.6,43.8,11.47988762,0.06133785,7.85,11.58
"06037530602",1769,41.16,11.82,47.3,11.94428097,0.05022962,16.96,10.85
"06037106604",5068,63.98,13.45,43.8,11.03732681,0.06718273,14.5,17.42
"06037541400",7989,121.95,21.24,48.8,12.09745122,0.04320513,20.8,6.51
"06037601700",5126,52.43,14,58.2,11.96153339,0.04259906,14.01,4.72
"06037117520",4168,86.23,15.46,73.3,11.77397672,0.06464682,18.83,3.41
"06037544001",4574,79.55,21.11,30.1,12.13159077,0.04125212,12.05,10.14
"06037123205",2492,72.66,20.57,45,11.5211534,0.06133785,9.79,7.3
"06037185310",3131,65.4,11.07,37.8,12.45587973,0.05067132,13.99,12.49
"06037502902",4168,45.04,17.53,50.9,11.92528582,0.0482775,13.2,11.8
"06037195710",4487,55.72,14.06,59.3,12.21911535,0.04863521,9.81,9.52
"06037602103",6650,64.23,16.51,62.2,11.98467943,0.04259906,14.51,9.22
"06037209103",3679,51.01,8.75,83.9,12.35408718,0.04756207,20.28,5.95
"06037500402",4856,57.49,20.15,37.7,11.97618142,0.05116215,12.54,10.01
"06037185203",3566,65.4,11.07,46.6,12.22285779,0.05116215,14.39,8.55
"06037535501",3898,50.79,17.83,63.4,12.07030248,0.04490202,18.96,9.54
"06037543905",4636,62.08,17.08,43.7,11.96592116,0.03975537,16.13,8.93
"06037407200",6910,73.09,18.24,36.1,12.1482157,0.05530288,12.53,12.33
"06037543305",3776,76.74,13.78,23.8,12.33969717,0.04192559,11.71,15.55
"06037531503",2753,49.86,12.16,56.1,12.05688492,0.04939042,21.5,5.3
"06037301602",4446,31.08,12.16,24.5,11.81591191,0.05605125,10.8,11.58
"06037543400",3731,89.55,15.95,27.9,12.09359584,0.04125212,8.95,19.65
"06037186301",2906,58.09,10.54,50.2,11.80898265,0.05219839,12.63,9.05
"06037207302",4806,83.09,8.6,39.2,12.52185449,0.04756207,1.87,6.58
"06037218900",6149,89.86,18.08,55.6,12.00024046,0.04588368,9.38,7.17
"06037234901",3321,147.61,17,76.2,11.92854691,0.0438112,18.4,7.74
"06037552400",2423,54.67,21.09,35.5,11.96438049,0.04676708,14.73,10.57
"06037404701",5665,66.81,14.77,34.7,11.98060897,0.05763123,12,12.48
"06037540300",4728,50.14,14.35,42.5,12.06700264,0.04435661,15.67,8.86
"06037294421",2891,60.42,12.46,58.7,11.89042569,0.03975537,14.42,11.03
"06037533702",3543,53.23,20.65,54.4,12.0576015,0.04676708,15.69,6.49
"06037127920",4716,85.01,16.83,46.7,11.63653858,0.06236471,15.78,8.46
"06037533805",3485,54.25,23.93,44,12.02269432,0.04676708,11.08,12.2
"06037204410",2575,81.34,16.99,54.6,12.63753163,0.04863521,10.83,13.51
"06037209104",2560,79.97,12.37,66.8,12.35408718,0.04756207,14.8,5.82
"06037532606",4405,60.74,24.24,58.2,12.10088367,0.04588368,15.6,12.44
"06037240401",6379,81.21,17.28,54.9,12.08962673,0.04320513,17.2,4.86
"06037231600",7420,92.24,17.69,54,11.97864156,0.04490202,11.89,11.63
"06037535607",4946,44,14.89,52.9,12.07341395,0.04435661,13.38,10.53
"06037239502",4016,85.22,24.98,59.8,12.11505815,0.04435661,14.57,5.48
"06037541300",5512,131.07,22.67,45.2,12.1101526,0.04320513,18.41,11.97
"06037433402",4713,47.03,11.44,53.6,12.00572463,0.05605125,14.05,11.16
"06037533601",4762,48.65,21.32,60.4,12.05058662,0.04632538,16.32,8.02
"06037119002",7976,81.71,13.36,25.4,11.48523973,0.06591477,12.26,12.42
"06037218702",2056,78.24,14.73,46.9,11.98834506,0.04588368,11.62,13.91
"06037224020",2733,44.36,11.99,66.8,12.16525921,0.04632538,14.16,2.78
"06037600303",3883,125.58,24.53,66.9,12.08622848,0.04259906,15.35,8.63
"06037533105",2510,60.74,24.24,69.8,12.10088367,0.04588368,11.47,5.98
"06037542104",3473,95.67,24.68,44.7,12.09532702,0.0438112,16.38,6.25
"06037229200",5072,69.72,22.77,57.2,12.10765122,0.04539285,16.27,7.93
"06037502302",2970,50.6,18.83,47.5,12.08570107,0.04939042,12.32,9.46
"06037237600",4101,92.68,19.61,69.4,11.97286678,0.04435661,18.07,10.68
"06037231900",6162,53.06,12.42,64,11.99843255,0.04490202,16.36,7.06
"06037120106",4763,93.94,20.82,67,11.86110213,0.06464682,16.46,5.82
"06037600100",7410,125.58,24.53,60.1,12.09365159,0.0438112,16.32,8.1
"06037228710",3982,69.72,22.77,74.6,12.10765122,0.04588368,18.13,7.06
"06037234902",4088,126.52,15.01,66.5,11.92854691,0.0438112,12.7,13.94
"06037134522",4167,86.35,18.41,57.5,11.32227028,0.060311,15.48,7.13
"06037209820",3073,47.09,9.08,66.3,12.18410918,0.04676708,23.2,4.72
"06037120104",2228,93.94,20.82,58.6,11.67964041,0.06464682,12.16,8.44
"06037209520",2797,45.26,9.37,73.1,12.23163332,0.04676708,17.91,7.87
"06037104500",3025,81.71,13.36,47.5,11.40197774,0.06718273,12.66,12
"06037502700",6919,55.19,20.43,18.6,12.06509568,0.0486551,9.11,12.98
"06037121010",4934,60.88,14.88,32.5,11.45562342,0.06464682,10.48,15.02
"06037228600",5301,69.72,22.77,66,12.05265861,0.04539285,15,4.96
"06037541002",3318,64.79,12.26,34.1,12.07388982,0.04192559,11.87,15.31
"06037123203",4094,59.39,16.35,62.6,11.5211534,0.06133785,15.34,5.13
"06037533501",3051,38.7,15.41,54.8,12.10196267,0.04676708,10.62,7.05
"06037208720",4319,74.85,19.42,66.4,12.20870236,0.04756207,12.11,6.32
"06037408202",2015,44.59,15.69,45.2,12.12906702,0.05470056,11.41,12.95
"06037533201",2788,45.6,13.86,53.6,12.05553415,0.04632538,17.32,9.07
"06037602104",6091,68.78,17.59,40.9,11.92187198,0.04259906,20.42,5.48
"06037433802",3362,65.92,16.69,27.7,11.99699602,0.0534139,10.02,16.45
"06037219700",4507,99.57,16.87,48.8,11.94419228,0.04539285,10.45,10.83
"06037542900",3254,122.52,19.17,59.6,12.13622653,0.04259906,19.24,8.94
"06037120108",4732,82.29,18.02,58.2,11.77397672,0.06464682,17.22,7.97
"06037542105",4781,95.67,24.68,56.8,12.13955642,0.04320513,18.07,8.81
"06037195720",2000,55.72,14.06,40.1,12.21911535,0.04863521,8.9,18.1
"06037534001",5125,49.52,21.54,54.5,12.13853554,0.04716458,13.33,8.82
"06037543903",3740,67.35,18.5,27.6,12.04103289,0.04050375,8.4,19.04
"06037433307",3193,73.28,15.5,47.4,12.00896355,0.05763123,11.56,10.96
"06037407601",4608,73.09,18.24,42.8,12.09913498,0.05530288,11.63,5.27
"06037601402",4793,93.62,18.76,36.3,12.06540746,0.04259906,14.71,10.6
"06037209402",3963,51.7,13.45,79.3,12.23163332,0.04716458,15.62,5.73
"06037405102",5639,66.86,14.78,48,11.87892599,0.05846283,13.26,12.31
"06037408401",4389,46.16,12.41,23.4,12.13187697,0.05462941,6.86,15.08
"06037127604",3157,77.98,19.65,45.2,12.43581973,0.06236471,13.78,14.25
"06037310501",4066,40.62,11.08,36.3,11.52107062,0.06133785,13.58,9.15
"06037404702",5629,66.86,14.78,49.2,11.99923941,0.05763123,13.84,9.79
"06037534804",3736,47.79,18.81,50.2,12.06379023,0.04490202,14.27,9.05
"06037296220",4447,103.61,14.57,61.5,11.70137136,0.03809217,12.08,14.21
"06037541001",1144,48.02,9.82,32.5,12.09778921,0.04192559,13.81,16.52
"06037573002",4086,71.3,14.7,64.4,11.66444496,0.03975537,16.08,2.28
"06037238200",5565,104.81,18.87,33.7,12.07289573,0.0438112,3.88,18.04
"06037199400",4759,51.17,8.37,49.9,12.31141865,0.05070407,9.14,11.22
"06037432300",4350,46.3,10.9,38.7,11.87831142,0.05763123,13.68,13.26
"06037532605",3301,60.74,24.24,65.7,12.14111892,0.04588368,16.48,13.57
"06037190901",4587,45.77,12.22,53.3,12.00979423,0.04939042,11.25,8.31
"06037310703",4793,28.26,9.75,47,11.77741792,0.05763123,11.48,15.31
"06037550300",8421,46.47,18.06,25.1,12.11184692,0.04632538,13.89,9.52
"06037190802",2982,53.48,13.5,49.7,11.90677464,0.04939042,4.49,8.82
"06037543501",7457,67.35,18.5,29.4,11.9802672,0.04050375,9.13,18.57
"06037212304",1832,43.91,13.25,67.6,12.10099038,0.04716458,12.06,10.04
"06037576302",4077,116.42,25.27,54.2,11.70472748,0.03975537,14.08,5.69
"06037208802",3069,74.85,19.42,50.2,12.20870236,0.04756207,12.28,13.46
"06037232200",3487,91.04,17.25,50.5,11.97864156,0.04490202,10.01,9.35
"06037128210",5008,63.43,19.24,71.4,11.73113429,0.06133785,14.4,3.49
"06037241300",2480,88.19,15.93,50.3,12.09974001,0.04259906,15.28,11.94
"06037197700",5332,28.64,9.18,45,12.80327609,0.04863521,10.09,13.78
"06037402405",2875,77.93,15.95,49.9,12.31792977,0.05679963,15.03,12.94
"06037123010",4027,59.96,12.69,59.6,11.5297162,0.06236471,13.51,9.41
"06037127803",4790,109.67,20.85,45,11.77593619,0.06236471,17.72,17.62
"06037228320",3122,69.72,22.77,62.9,12.06807983,0.04539285,16.11,6.5
"06037602004",3709,96.46,23.12,39.4,11.98293327,0.04259906,12.89,10.38
"06037540102",6905,67.87,18.84,39.2,12.03711727,0.04435661,13.83,8.11
"06037502500",4274,60.9,21.31,25.2,12.16873093,0.0482775,8.89,14.67
"06037115302",3957,72.5,19.57,50.7,12.55151073,0.06350576,13.01,10.06
"06037241110",3356,128.21,21.69,56.6,12.09491005,0.04320513,16.92,7.54
"06037291300",3037,54.47,13.84,16.3,12.05569133,0.04125212,8.5,22.62
"06037294302",4382,75.21,21.26,42,11.76743391,0.03975537,11.68,11
"06037201700",5514,52.24,11.12,37.7,12.08423947,0.05116215,9.87,7.6
"06037124201",3348,68.88,19.44,29.1,11.51882074,0.060311,13.29,14.22
"06037302504",4273,55.33,21.43,60.5,11.83524467,0.0527438,8.35,14.02
"06037134520",6065,86.35,18.41,54.4,11.5987061,0.060311,15.25,9.18
"06037602802",5019,109.77,18.68,13.9,12.13594907,0.04259906,11.74,18.93
"06037294620",4683,76.33,21.61,52.3,11.69875187,0.03975537,12.81,11.38
"06037121600",2735,69.14,18.39,22.1,11.50132407,0.06350576,9.84,17.88
"06037402902",6903,74.95,17.48,51.6,12.57603309,0.05605125,10.91,10.86
"06037232110",3038,100.68,20.14,63.7,11.96948377,0.04490202,12.57,8.26
"06037134710",5836,84.14,21.42,60.2,12.10983792,0.06133785,14.43,10.06
"06037408140",3793,61.89,15.51,39.2,12.19743435,0.0527438,9.75,8.78
"06037294810",4278,76.33,21.61,64.7,11.72966207,0.03892377,17.81,4.02
"06037502601",6939,60.9,21.31,19.4,12.15287635,0.04791979,11.77,15.79
"06037293202",6740,56.51,11.87,55.7,11.87130723,0.03975537,18.87,5.31
"06037531502",3397,72.44,16.96,54.6,12.11496468,0.04863521,16.96,6.54
"06037120400",6769,83.32,18.21,36.6,11.58425896,0.06350576,13.36,10.83
"06037228220",4375,69.72,22.77,67.1,12.15734144,0.04588368,14.56,7.25
"06037541802",5306,55.77,15.36,37.2,12.06201946,0.0438112,15.38,6.31
"06037127910",5097,109.67,20.85,57,11.77593619,0.06236471,11.56,10.61
"06037535702",5638,52.53,18.39,50.1,12.05058449,0.04539285,13.99,7.01
"06037117530",6742,66.53,12.4,53.1,11.86110213,0.06464682,16.42,6.41
"06037121101",2862,74.78,15.13,33.4,11.49189975,0.06464682,11.91,7.69
"06037600902",6491,93.09,18.02,55.7,11.91340435,0.0438112,17.02,12.36
"06037533402",4240,52.72,20.45,60.9,12.11512207,0.04676708,17.03,6.91
"06037218800",2752,61.72,12.24,36.8,12.0039133,0.04588368,8.68,12.54
"06037405201",4933,57.56,12.71,38.3,11.90589977,0.05846283,12.87,10.48
"06037530004",3495,48.94,15.21,39.7,11.99952316,0.05168937,14.85,16.11
"06037231800",5436,50.62,12.03,72.6,12.0084908,0.04539285,18.76,4.18
"06037132700",4873,70.9,18.6,39.7,14.58823142,0.06236471,14.45,10.94
"06037208903",4345,74.85,19.42,75.2,12.20870236,0.04756207,14.8,7.83
"06037573300",4158,80.67,16.38,59,11.75572268,0.03975537,17.12,8.08
"06037192610",3703,53.46,13.73,64.1,12.10279177,0.0482775,13.96,13.1
"06037127103",3109,66.18,13.69,49.1,11.61456405,0.06350576,20.33,9.71
"06037542000",4708,83.19,21.54,40,12.08889755,0.0438112,15,12.55
"06037553504",5363,46.77,14.36,36.6,12.01081735,0.04435661,14.66,9.14
"06037555211",5652,53.8,19.6,48.9,11.67866576,0.04320513,12.07,11.02
"06037433305",4582,73.28,15.5,53,12.07216065,0.05763123,9.38,10.02
"06037603102",3664,68.64,13.21,36.8,11.9644351,0.04125212,11.35,20.33
"06037201402",4995,63.37,13.34,51.1,12.19527041,0.05070407,8.91,20.84
"06037209403",4148,60.46,10.01,69.8,12.23163332,0.04716458,8.53,15.16
"06037532200",7363,45.38,14.31,51.8,12.21276924,0.04863521,15.31,10.5
"06037602700",3770,77.83,15.9,18.9,12.11204085,0.04259906,7.27,15.92
"06037542501",4891,122.52,19.17,50.1,12.13477891,0.04259906,18.26,10.53
"06037602600",8118,80,17.3,33.1,12.0858239,0.04259906,11.12,21.89
"06037208610",4351,40.48,10.46,42.2,12.19449024,0.04791979,7.75,10.23
"06037209401",4472,59.91,15.66,74.3,12.17561826,0.04716458,13.15,11.29
"06037432500",8180,64.61,13.73,35.7,12.02522411,0.05938691,6.5,17.96
"06037127300",3809,50.06,11.2,36.2,12.08174436,0.06350576,12.18,13.28
"06037531902",4763,67.47,15.96,44.4,12.20456374,0.04978792,10.58,8.84
"06037207301",4911,69.4,9.26,37.4,12.52185449,0.04716458,2.95,17.02
"06037134521",3691,82.56,17.62,49.7,11.67746028,0.060311,15.58,3.74
"06037120105",2832,90.8,20.05,59.3,11.64699806,0.06464682,12.64,15.54
"06037117407",3836,86.23,15.46,78.1,11.95061359,0.06464682,23.64,2.55
"06037402403",5231,56.6,12.56,28.9,12.35454552,0.05535282,9.69,7.34
"06037302503",4290,55.99,21.73,49.5,11.83524467,0.05334987,10.42,16.48
"06037534404",3677,47.59,20.82,48.2,12.03133345,0.04588368,13.24,7.13
"06037128400",4502,71.66,18.44,30.4,11.90297183,0.06133785,12.59,10.95
"06037208902",2692,53.55,10.57,74.7,12.23163332,0.04756207,12.44,4.46
"06037554302",4393,56.53,15.34,37.3,11.87162997,0.04320513,17.25,4.76
"06037294110",4129,65.44,18.49,52.6,11.72750466,0.03975537,17.05,12.01
"06037433306",3136,73.28,15.5,39.4,12.00896355,0.05763123,9.18,12.12
"06037236100",6170,118.41,15.95,50.4,11.91626655,0.04490202,7.02,18.78
"06037207400",1539,30.75,10.73,34.2,12.62517064,0.04791979,2.21,4.09
"06037433602",2896,40.18,11.14,54.7,11.90115668,0.05462941,11.19,18.61
"06037210010",3561,71.04,12.26,63.1,12.2587974,0.04676708,12.22,14.43
"06037133100",5609,80.89,21.54,36.9,13.28066467,0.06133785,10.71,20.75
"06037575901",3553,81.93,15.79,54,11.70661336,0.03975537,15.06,5.49
"06037191610",4237,50.11,13,47.6,12.01439591,0.04863521,12.86,8.85
"06037530902",3840,56.8,16.64,52.4,12.1028031,0.04978792,11.88,14.43
"06037117405",3574,86.23,15.46,71.6,11.95061359,0.06464682,19.11,3.16
"06037237201",3814,95.52,17.63,55.1,11.97005427,0.0438112,13.37,7.08
"06037533701",2998,44.91,17.02,59.1,12.12538715,0.04716458,18.71,8.64
"06037191720",3224,58.73,15.62,62.3,12.00979423,0.04899293,14.33,8.93
"06037531901",6237,72.44,16.96,47.1,12.24148594,0.04939042,13.84,9.67
"06037530203",2728,57.34,17.79,44,12.09672029,0.05116215,6.82,12.13
"06037320201",4049,79.95,12.81,53.5,11.14992776,0.06718273,15.63,9.41
"06037209810",2594,54.24,14.33,76.1,12.18410918,0.04676708,10.45,20.55
"06037237401",4217,125.58,24.53,47,11.95669453,0.0438112,11.05,8.18
"06037500600",4912,59.35,20.74,29.2,12.00103744,0.05116215,8.65,15.29
"06037402406",5329,78.05,15.97,58.6,12.49065577,0.05763123,13.27,7.15
"06037540800",5287,93.76,18,24.6,12.10252953,0.04320513,15.79,9.84
"06037124104",2492,72.71,20.59,52.4,11.52811451,0.060311,12.6,8.35
"06037551102",5427,33.3,13.74,41.1,12.17927262,0.04632538,13.23,6.06
"06037127606",3322,77.98,19.65,36.5,12.20778772,0.06236471,12.46,12.19
"06037531202",4431,64.51,17.76,57.5,12.17215849,0.04863521,11.19,10.56
"06037502100",5036,49,17.53,29.1,11.97360073,0.05022962,11.85,16.84
"06037208502",4364,47.69,12.31,55.4,12.20870236,0.04791979,11.07,9.42
"06037541801",6180,60.14,16.56,61.4,12.07668896,0.0438112,18.45,6.63
"06037404801",7911,66.86,14.78,39.9,11.95086878,0.05763123,13.05,11.96
"06037433403",4882,46.06,10.27,66.1,12.00572463,0.05605125,18.87,6.92
"06037533803",6324,54.25,23.93,47.7,12.02269432,0.04632538,14.33,9.52
"06037900300",5613,146.66,22.35,52.4,6.708034531,0.06236471,18.23,5.95
"06037239801",3705,80.63,22.96,47.8,12.11505815,0.04435661,14.82,6.4
"06037540101",6743,62.82,17.57,27.8,12.03460272,0.04490202,14.74,9.89
"06037600304",3910,125.58,24.53,56.9,12.08622848,0.04259906,15.68,5.19
"06037238100",5163,136.1,19.22,41.3,12.01125306,0.0438112,14.08,14.43
"06037310601",6383,39.68,10.85,24.7,11.52179538,0.06133785,13.76,12.86
"06037302506",3262,51.82,19.32,42.8,11.80374462,0.05219839,8.71,18.98
"06037132001",3463,72,18.15,20,13.41191039,0.06236471,9.76,11.15
"06037302301",3985,36.16,11.98,42.8,11.83417117,0.05334987,10.94,17.94
"06037530400",3744,36.26,8.91,49.7,12.21984068,0.05022962,16.85,16.75
"06037576200",5324,75.83,14.78,54.8,11.64728179,0.03975537,8.21,7.98
"06037572302",3610,79.55,21.11,28.7,11.66595061,0.03975537,12.94,7.17
"06037602105",4116,77.65,19.79,40.8,12.05869981,0.04259906,13.68,7.99
"06037543502",4218,58.78,13.1,32.7,12.06111984,0.04050375,9.84,19.61
"06037572400",1425,79.55,21.11,33.1,11.66595061,0.04050375,11.23,11.72
"06037407001",6284,42.57,14.31,34.2,12.0150862,0.05679963,11.11,10.63
"06037221601",3141,44.97,13.53,51.3,12.10569353,0.04588368,9.65,9.87
"06037231210",4040,81.31,16.43,58.4,11.99266542,0.04490202,17.72,8.94
"06037570303",4471,94.42,20.48,42,12.47113428,0.04192559,19.55,5.37
"06037554403",5848,60.83,16.85,44.1,11.889552,0.04320513,14.26,10.91
"06037900602",5542,154.39,23.63,67.5,6.736203058,0.06236471,17.72,6.5
"06037532101",6747,56.92,17.67,46.9,12.07970385,0.05022962,15.03,8.34
"06037237710",4410,80.94,17.08,71.4,12.03324822,0.0438112,18.75,3.7
"06037123204",3129,54.18,14.94,51.8,11.5211534,0.06236471,12.21,3.99
"06037533202",3124,49.56,19.98,45.2,12.0654342,0.04588368,13.38,7.81
"06037572700",5268,76.7,20.22,35.2,11.6858254,0.03975537,12.91,14.86
"06037403000",6950,74.95,17.48,48.5,12.54493086,0.05605125,14.62,13.76
"06037542700",6129,115.45,18.72,38.6,12.11109845,0.04259906,16.33,6.15
"06037302202",5510,59.54,23.34,51.9,11.78597488,0.05334987,9.49,17.8
"06037190520",3979,43.46,21.11,53.7,11.99265418,0.04978792,10.73,14.6
"06037123410",4181,49.57,13.58,43.8,11.59401635,0.06236471,10.17,8.16
"06037402501",5591,74.1,17.27,68.3,12.55391098,0.05679963,17.51,7.76
"06037531201",5530,39.92,11.44,49.2,12.17215849,0.04863521,14.7,7.97
"06037232400",7361,128.19,21.61,46.1,11.95360692,0.04435661,11.82,10.6
"06037900701",5012,137.04,18.89,60.9,7.620826731,0.06236471,14.41,10.12
"06037534803",4589,53.05,20.98,49,12.06379023,0.04539285,12.84,10.44
"06037104704",4321,81.71,13.36,60.7,11.37171568,0.06718273,19.02,9.53
"06037235202",4331,131.73,15.49,41.2,11.93412511,0.0438112,7.92,16.9
"06037209200",4545,79.97,12.37,49.9,12.35408718,0.04756207,7.02,5.94
"06037104821",3551,81.71,13.36,38.1,11.44575547,0.06718273,11.26,8.17
"06037127603",3068,77.98,19.65,59.6,12.32883267,0.06236471,17.54,5.93
"06037221402",2851,37.01,8.1,48.1,12.02272051,0.04588368,11.08,19.5
"06037297120",3053,103.61,14.57,41.6,11.67101336,0.03809217,11.66,14.15
"06037224320",2972,48.18,9.5,64.1,12.18410918,0.04632538,15.01,14.13
"06037236202",5764,86.99,12.14,63.8,11.91185817,0.04490202,8.38,7.29
"06037910101",1863,96.61,19.3,60.3,6.85885423,0.06236471,22.71,7.19
"06037535605",4440,52.53,18.39,45.5,12.06007558,0.04490202,11.4,9.08
"06037405001",6029,66.86,14.78,32.4,11.8354872,0.060311,10.27,13.34
"06037603005",5928,76.29,14.44,41.9,12.07532049,0.04259906,16.06,7.66
"06037104610",3386,81.71,13.36,55.1,11.40197774,0.06718273,15.45,9.75
"06037237500",2922,125.58,24.53,65.3,11.97286678,0.0438112,11.64,9.07
"06037542800",2980,101.48,16.07,43.2,12.11682636,0.04259906,16.88,13.49
"06037502402",3874,60.9,21.31,24.5,12.13665654,0.04863521,10.02,16.47
"06037207502",2888,47.79,8.69,53.2,12.52185449,0.04756207,2.15,49.58
"06037405202",4850,66.86,14.78,33.1,11.92341677,0.05846283,11.24,13.26
"06037552602",4416,47.46,18.21,39.7,11.94672827,0.04588368,14.11,13.02
"06037221500",3875,55.36,11.99,53.6,12.05421442,0.04588368,12.57,10.99
"06037131800",6157,77.11,20.52,40.2,14.60341571,0.06236471,15.1,11.61
"06037432601",7210,73.28,15.5,36,12.03686392,0.05763123,8.25,13.91
"06037530802",3165,56.8,16.64,29.7,12.13544749,0.05022962,12.64,10.02
"06037134720",5074,79.11,20.17,37.7,12.54060138,0.06133785,11.59,10.03
"06037231220",4653,71.2,14.89,60.8,12.00727367,0.04539285,17.92,10.38
"06037115403",3583,46.93,13.12,48.7,12.58335026,0.06350576,13.54,11.11
"06037128601",4369,63.43,19.24,45.1,11.73546463,0.060311,12.68,6.89
"06037296600",5358,103.61,14.57,55.7,11.65417914,0.03809217,17.88,12.34
"06037218210",3721,57.36,10.34,51.9,12.00354413,0.04632538,12.12,8.73
"06037404301",5503,71.92,17.02,58,11.61864871,0.06133785,15.94,11.34
"06037106520",5920,63.98,13.45,34.7,10.92897449,0.06718273,16,13.14
"06037119340",4264,93.94,20.82,74.5,11.6143557,0.06464682,23.71,3.35
"06037402904",3705,74.9,17.47,36.3,12.67092751,0.05605125,17.27,7.4
"06037134001",3864,68.26,14.76,49.8,11.84082938,0.060311,11.39,8.7
"06037980010",95,25.03,7.88,56.8,12.56881211,0.04939042,4.21,48.42
"06037553602",4752,49.06,14.78,38.5,12.04803982,0.04435661,12.44,6.97
"06037191120",3900,39.77,11.84,52.8,12.00979423,0.04939042,8.05,18.62
"06037482402",7566,41.17,11.45,46.3,11.96826937,0.05400087,8.74,16.18
"06037433601",5066,37.84,10.34,36.2,11.96177798,0.05530288,10.8,18.44
"06037139504",3998,68.54,13.11,37.4,12.66717011,0.060311,8.95,17.38
"06037221110",3705,54.24,14.33,69.4,12.18410918,0.04676708,10.55,9.8
"06037127605",4329,77.98,19.65,65.4,12.32883267,0.06236471,18.83,2.43
"06037203200",5695,51.52,12.59,54.3,12.28025039,0.04939042,20.12,7.99
"06037237300",5311,142.48,19.97,43.4,11.95656498,0.0438112,8.81,12.5
"06037121221",2420,74.78,15.13,29.2,11.43570021,0.06464682,11.28,12.4
"06037530301",2211,72.44,16.96,46.2,12.23170295,0.05022962,17.1,13.16
"06037570304",5094,94.42,20.48,54.2,12.95638339,0.04192559,15.88,6.54
"06037530302",6849,67,15.84,45.8,12.23883919,0.05022962,11.27,10.12
"06037301701",2962,26.01,13.61,21.8,11.80183487,0.05605125,8.41,19.31
"06037237720",3707,76.3,16.56,72,12.03324822,0.0438112,25.11,4.32
"06037408139",4536,61.59,15.44,37.1,12.16911396,0.05334987,12.7,12.99
"06037602003",4760,90.81,21.8,41.8,11.99554293,0.04259906,14.71,9.35
"06037533107",3503,60.74,24.24,64.7,12.0654342,0.04588368,12.5,7.17
"06037533203",1931,54.4,21.82,64.9,12.05709531,0.04588368,18.69,8.7
"06037132300",7912,77.64,20.66,44.4,13.91010057,0.06236471,10.52,8.71
"06037402102",4858,79.24,17.12,28.2,12.83671121,0.05938691,15.21,10.31
"06037554105",4478,61.64,17.57,48.7,11.81723127,0.04435661,14.05,8.04
"06037602508",6922,77.65,19.79,41.2,12.09709798,0.04259906,16.08,7.31
"06037191410",4646,70,18.14,53.3,12.08445864,0.04863521,9.62,8.37
"06037530102",4862,57.34,17.79,39.8,12.12832194,0.05022962,7.08,21.82
"06037540202",7116,56.87,16.06,70.3,12.02885778,0.04435661,18.34,9.18
"06037191203",2383,37.29,11.6,55.3,12.01277774,0.04899293,6.59,16.37
"06037407701",4903,73.09,18.24,49.8,12.16555191,0.05334987,10.12,12.71
"06037201501",5367,59.95,12.66,41.5,11.9405062,0.05219839,13.71,13.42
"06037132900",3885,59.9,14.44,25.5,13.67637814,0.06133785,10.06,17.12
"06037603900",7666,61.84,14.37,49.1,12.02658065,0.04259906,16.49,10.98
"06037139302",5000,48.22,11.29,42.5,13.04237213,0.060311,10.5,11.72
"06037302104",4288,43.46,17.54,38,11.73900128,0.05462941,10.59,16.14
"06037132002",3354,69.66,17.46,26.5,13.10021891,0.06236471,13.18,13.18
"06037104620",3528,81.71,13.36,46.4,11.40197774,0.06718273,13.55,9.98
"06037552200",5686,57.55,22.22,47.5,11.91520206,0.04632538,17.43,6.65
"06037407102",5710,51.18,15.14,27.8,12.0514888,0.05605125,13.06,10.33
"06037204200",3657,69.81,14.88,63.6,12.28627082,0.04863521,15.5,6.75
"06037218120",4638,68.9,12.59,59.2,12.05102217,0.04632538,17.34,9.01
"06037125320",5106,62.98,15.03,43,11.56009788,0.05846283,2.86,14.85
"06037232300",6006,88.18,16.55,55.2,11.96219866,0.04490202,9.77,8.57
"06037602301",6311,77.65,19.79,20.4,12.02408342,0.04259906,11.66,11.95
"06037221810",2892,48.36,15.22,66.9,12.10569353,0.04588368,5.26,6.57
"06037231500",5396,128.19,21.61,45,11.95605462,0.04490202,12.49,13.25
"06037600912",5659,85.25,15.78,47.7,11.91526102,0.0438112,11.45,8.46
"06037502401",4957,60.9,21.31,30.2,12.14765766,0.04863521,16.32,14.34
"06037115404",2800,54.95,14.86,27,12.62052222,0.06350576,7.93,10.54
"06037531604",3775,72.44,16.96,55.8,12.19393725,0.04939042,15.15,9.48
"06037601900",4847,96.16,23.04,54.7,11.99554293,0.04259906,18.42,7.01
"06037433304",5063,58.77,12.52,62.2,12.05877043,0.05763123,11.16,13.35
"06037220000",4711,95.03,16.16,47.7,11.9612643,0.04539285,6.75,23.37
"06037573100",7547,103.05,20.71,39.2,11.60296908,0.03975537,13.82,7.62
"06037570603",5172,84.91,17.32,46,11.93730018,0.04259906,19.3,5.39
"06037552301",4482,49.88,19.2,18.9,11.92234367,0.04676708,12.38,12.81
"06037119342",2911,72.43,15.54,46.1,11.66547916,0.06591477,16.9,6.87
"06037900804",3359,158.01,21.59,57.4,7.089534607,0.06236471,17.36,8.31
"06037191301",2224,70,18.14,48.1,12.03217459,0.04899293,9.85,12.68
"06037575202",4175,110.89,23.98,63.5,11.65311866,0.03975537,17.77,9.2
"06037134903",6919,86.35,18.41,34,11.93699275,0.060311,13.82,3.15
"06037404803",1719,54.7,12.08,38.6,11.99457613,0.05679963,10.76,12.8
"06037600602",2542,91.63,21.81,61.3,11.98293327,0.04259906,17.55,6.37
"06037197500",3914,55.72,14.06,19.7,12.37542981,0.04863521,7.46,8.99
"06037134305",4183,69.12,15.55,74.9,11.50949454,0.060311,18.67,2.58
"06037190201",2632,47.74,11.13,52.6,11.97058361,0.05067132,2.39,13.34
"06037603500",3042,84.53,18.6,22.3,12.04354267,0.04192559,10.22,15.91
"06037212203",2914,34.81,11.03,64.2,12.12928682,0.04716458,6.97,18.7
"06037603301",3617,75.51,14.37,34.4,11.96424403,0.04125212,10.23,19.1
"06037208301",2148,35.25,7.06,68.8,12.33647073,0.04756207,15.13,2.65
"06037575902",5208,82.02,15.81,41.5,11.73964651,0.03975537,9.95,10.06
"06037197420",3564,47.56,11.9,42.3,12.25375816,0.04939042,8.08,10.77
"06037900806",4634,158.01,21.59,67.4,7.32047241,0.06236471,19.62,17.59
"06037576301",4165,120.09,26.09,57.7,11.70472748,0.03975537,12.63,12.51
"06037402903",4363,74.95,17.48,49.1,12.67648041,0.05605125,16.43,11.67
"06037500700",7150,57.61,20.1,30.1,12.10709178,0.04981739,10.78,13.86
"06037543802",6478,67.35,18.5,21.7,11.98352182,0.03975537,10.62,14.33
"06037123420",4408,52.18,14.4,49.3,11.56904887,0.06133785,13.93,10.59
"06037601100",6869,84.93,16.96,62.4,12.02230894,0.04259906,16.01,10.87
"06037208801",3027,74.85,19.42,58.5,12.20870236,0.04756207,9.65,19.03
"06037133000",4778,64.81,17.27,34.2,13.28667479,0.06133785,11.05,14.4
"06037407702",6744,73.09,18.24,32.5,12.14946851,0.05462941,14.32,12.54
"06037531603",3409,72.44,16.96,51.8,12.15059385,0.04978792,17.75,8.98
"06037211202",2239,56.78,14.58,45.3,12.10279177,0.04791979,10.54,10.32
"06037570602",6177,89.18,19.38,31.9,12.0198097,0.04192559,17.26,11.61
"06037552100",6624,57.55,22.22,44,11.90058683,0.04588368,14.82,16.38
"06037224420",2637,39.69,10.92,74.7,12.11034605,0.04588368,10.05,8.08
"06037301801",5258,34.91,16.19,33.3,11.78171348,0.05462941,11.07,13.33
"06037293201",6289,56.9,11.95,33,11.89552128,0.04050375,12.48,13.83
"06037482301",4941,40.35,10.94,51.7,11.91454322,0.05462941,8.62,16.27
"06037533503",2141,41.09,16.31,50.2,12.05058662,0.04676708,17.89,7.19
"06037501803",4427,78.72,20.76,54.2,11.9768033,0.05022962,14.75,6.46
"06037208620",4446,44.33,11.39,44.8,12.19449024,0.04791979,13.97,11.76
"06037192700",3449,49.08,12.62,51,12.16076534,0.0482775,10.21,9.68
"06037102105",1905,31.7,7.37,40.8,11.56388147,0.06236471,5.14,10.24
"06037571703",3557,94.42,20.48,39.1,12.31736907,0.04125212,13.3,15.49
"06037127804",4352,109.64,20.84,41.2,11.89473641,0.06236471,10.98,7.7
"06037294510",5082,76.33,21.61,59.2,11.74873865,0.03975537,19.46,6.59
"06037302002",3949,38.67,16.81,36.3,11.76431624,0.05395594,11.24,18.89
"06037122120",5011,62.85,13.16,42.3,11.49943551,0.06236471,12.01,10.4
"06037601002",5167,96.5,19.19,39.4,12.02230894,0.04320513,10.8,12.7
"06037570601",5610,94.42,20.48,43.7,12.2095544,0.04192559,14.33,7.25
"06037208904",3978,52.07,9.38,82.3,12.23163332,0.04756207,15.13,13.35
"06037551900",5203,57.55,22.22,25.9,11.96563578,0.04539285,11.99,13.49
"06037131010",6686,72.56,19.4,42.8,13.17311521,0.06236471,12.64,7.31
"06037405203",3638,55.68,12.3,28.9,11.95803873,0.05763123,16.55,13.61
"06037701801",7001,50.21,10.11,34.8,11.77169218,0.04716458,9.56,12.33
"06037533804",4207,54.25,23.93,55.5,12.02269432,0.04676708,9.34,9.13
"06037534802",3136,60.74,24.24,49.8,12.06379023,0.04539285,12.12,12.4
"06037222200",4016,62.18,14.72,56.5,12.05421442,0.04588368,14.19,7.74
"06037407602",3993,73.09,18.24,41.6,12.12966122,0.05462941,7.46,13.97
"06037604100",7302,66.79,15.45,37.9,12.00914658,0.04192559,12.83,9.11
"06037104201",4569,58.65,9.52,51.8,11.16285509,0.06718273,13.9,10.72
"06037432602",4852,63.91,13.59,39.3,11.94431824,0.05846283,9.65,12.57
"06037320300",6734,76.96,12.44,42.8,11.23027109,0.06718273,13.23,11.27
"06037602200",7200,56.41,14.89,25.8,11.9746039,0.04259906,13.28,10.44
"06037900201",1129,147.68,22.74,34.5,6.53795223,0.06236471,7.44,24.09
"06037501400",3669,53.32,18.61,38,11.9465996,0.05067132,11.42,7.85
"06037294520",3710,76.33,21.61,41.7,11.72966207,0.03975537,17.84,7.2
"06037213310",3015,54.24,14.33,49.5,12.1093104,0.04676708,11.08,11.04
"06037232600",6833,79.44,15.29,49.7,11.97005427,0.04435661,14.83,9.03
"06037503104",2542,47.68,18.6,44.6,11.95022379,0.04756207,13.1,9.6
"06037311802",4068,39.05,12.94,33.9,11.78538706,0.05763123,10.13,6.98
"06037534501",5226,60.74,24.24,45.2,12.05709531,0.04588368,12.46,8.42
"06037601211",2880,99.47,19.81,51.4,11.91789577,0.0438112,16.67,10.03
"06037550100",7329,49.03,18.87,32.1,11.9261271,0.04716458,12.73,13.17
"06037551401",4582,38.02,15.58,32.2,12.01107836,0.04588368,11.79,11.02
"06037501804",2175,78.72,20.76,45.6,11.87584315,0.05022962,20.09,11.22
"06037603704",6609,75.9,17.75,36.7,12.04384673,0.04192559,17.76,6.66
"06037121102",2479,57.99,11.88,44.7,11.35398379,0.06591477,8.63,17.63
"06037201601",2323,63.37,13.34,35.4,11.98109779,0.05116215,7.28,15.02
"06037530901",3684,56.8,16.64,45.7,12.19566675,0.04939042,12.76,9.36
"06037900501",7225,154.42,23.64,50.1,7.35997026,0.06236471,17.11,9.15
"06037195600",2948,55.72,14.06,39.5,12.22276714,0.04863521,8.04,11.47
"06037119320",4906,89.05,19.65,44.1,11.66547916,0.06591477,12.82,7.68
"06037603802",4040,67.69,15.63,39.4,12.03026306,0.04192559,15.72,11.73
"06037224410",3194,45.99,14.02,66.3,12.17492801,0.04632538,5.79,13.59
"06037432202",4471,35.75,9.96,38.6,11.82809251,0.05605125,11.23,19.91
"06037553502",4066,56.27,16.71,28.6,11.94880378,0.04435661,13.5,9.59
"06037119900",5245,84.63,18.53,30.7,11.63126039,0.06464682,9.57,12.95
"06037208401",4765,41.87,10.62,70.4,12.33647073,0.04791979,14.35,14.46
"06037404901",5700,66.86,14.78,28.7,11.89983237,0.05938691,10.79,13.95
"06037277400",909,29.57,9.29,47.9,12.06540746,0.04320513,19.25,4.18
"06037535804",5328,52.53,18.39,58,12.03324185,0.04490202,13.87,6.7
"06037542103",3685,94.25,24.32,52.1,12.09480796,0.0438112,11.04,8.36
"06037603400",4113,67.23,14.65,35.9,12.03767529,0.04192559,11.5,17.38
"06037211921",2521,52.8,15.82,63.9,12.12349272,0.04756207,12.77,7.3
"06037301502",6750,34.08,13.46,45.3,11.76570581,0.05763123,7.54,16.96
"06037432901",3727,41.18,11.45,28.7,11.91096563,0.05605125,8.29,15.03
"06037600202",7767,98.17,17.57,66.9,12.06489236,0.04259906,19.18,13.2
"06037553902",5415,53.18,15.42,41.6,12.01505311,0.0438112,11.91,8.37
"06037553901",6773,49.73,14.64,27.1,11.96818163,0.0438112,14.22,11.25
"06037119400",5499,79.78,13.11,35.2,11.57359089,0.06591477,11.84,11.35
"06037530202",4348,48.18,14.44,31.5,12.12462656,0.05022962,11.11,15.62
"06037199120",4511,49.2,8.28,62.6,12.44209355,0.05022962,10.84,14.85
"06037404201",3519,71.92,17.02,48.4,11.66566111,0.06133785,16.14,10
"06037502004",4251,57.77,16.64,36.8,12.0239404,0.04939042,8.42,12
"06037131100",3197,63.41,16.14,26.4,12.72007499,0.06350576,10.76,15.83
"06037534403",2795,48.64,21.32,47.5,12.03327676,0.04588368,12.56,7.87
"06037432402",6938,45.12,9.98,47.3,11.9501425,0.05763123,13.03,15.96
"06037402301",5464,78.05,15.97,50,12.57041626,0.05763123,17.44,7.74
"06037600302",3086,95.58,14.52,42.7,12.09306944,0.04259906,9.95,18.5
"06037234600",4908,129.15,15.28,27.4,11.92245429,0.0438112,12.86,14.43
"06037530006",4430,57.34,17.79,41.7,12.10008748,0.05116215,13.02,10.38
"06037191204",2033,36.9,11.52,51.3,12.01277774,0.04899293,13.33,12.99
"06037217200",4156,68.9,12.59,32.2,12.01083645,0.04676708,11.55,10.47
"06037554002",5856,61.63,17.57,42.7,11.93490195,0.04435661,13.97,9.51
"06037190510",4051,46.56,12.06,50.8,12.00004387,0.04978792,9.21,7.68
"06037554301",3499,51.79,14.82,32.1,12.01505311,0.0438112,13.26,8.43
"06037602106",5403,77.65,19.79,50.7,11.95518491,0.04259906,16.16,10.73
"06037234700",3690,137.44,16.12,34.8,11.95162029,0.0438112,7.99,16.42
"06037433902",3284,47.95,10.6,32.7,12.10966426,0.05605125,11.42,17.81
"06037238400",4694,122.94,17.75,30.9,12.05245233,0.04320513,16.38,22.84
"06037127805",3627,60.39,12.17,49.7,11.85390933,0.06236471,9.98,14.45
"06037192510",3840,49.01,12.6,50.9,12.01439591,0.04791979,12.37,12.29
"06037211320",3337,27.4,7.6,63.5,12.12349272,0.04756207,16.48,7.49
"06037125310",4313,53.69,12.98,38.1,11.54950171,0.05846283,7.7,9.46
"06037124300",2988,47.83,11.77,49,11.51474422,0.05938691,8.17,15.23
"06037221710",2833,48.36,15.22,56.1,12.10569353,0.04588368,6.85,15.85
"06037128102",4625,76.93,17.36,54.7,11.74227149,0.06236471,11.09,6.53
"06037404600",1394,48.55,10.81,27.1,11.70431647,0.06037951,13.2,15.49
"06037213320",2469,54.24,14.33,56.7,12.1093104,0.04676708,11.42,16.12
"06037603200",3394,58.82,14.99,19.5,12.05567624,0.04125212,9.28,23.48
"06037211310",3873,56.78,14.58,59.6,12.08514397,0.04756207,12.6,8.75
"06037213202",3942,54.24,14.33,58.8,12.08158891,0.04676708,11.21,12.94
"06037203720",4072,67.4,14.43,66.5,12.41048715,0.04899293,16.55,8.03
"06037535502",5411,44.91,15.96,52.9,12.05649412,0.04539285,8.54,7.71
"06037128220",2912,63.43,19.24,55,11.66422752,0.06133785,9.75,11.64
"06037117303",3754,80.2,14.57,21.6,12.28930733,0.06464682,10.18,14.73
"06037294410",5079,50.63,11.48,54.3,11.76222237,0.03975537,15.53,8.05
"06037121801",3127,79.39,21.48,52.4,11.49489892,0.06350576,7.16,10.49
"06037134800",6399,75.02,19.21,28.1,12.53052604,0.06133785,9.1,12.55
"06037119202",4759,72.7,12.15,39.3,11.47638507,0.06718273,12.69,12.1
"06037502602",4477,60.9,21.31,32.6,12.14502544,0.04791979,9.25,13.29
"06037222001",3142,89.86,18.08,30.4,12.0125659,0.04588368,10.98,11.2
"06037207101",3717,30.75,10.73,53.3,12.87564539,0.0482775,11.33,17.59
"06037213201",3932,54.24,14.33,67.4,12.08158891,0.04676708,11.06,15.51
"06037294610",4334,76.33,21.61,47.4,11.68401519,0.03975537,22.08,11.65
"06037407801",5727,52.58,13.24,21,12.07222178,0.05462941,12.5,12.83
"06037551800",7267,47.51,19.04,14.1,12.06353217,0.04539285,9.27,9.15
"06037188100",3918,45.8,9.99,27.8,11.89731689,0.0534139,7.94,10.44
"06037544002",3187,79.55,21.11,26.2,11.81058961,0.04050375,10.42,13.12
"06037552002",3409,57.55,22.22,32.1,11.89997956,0.04632538,10.62,10.3
"06037500404",4551,60.9,21.31,25.6,11.90846846,0.05219839,8.2,16.83
"06037124203",2384,51.12,13.01,45.2,11.55022293,0.060311,8.6,11.37
"06037131702",3770,83.59,22.29,27,13.58372945,0.06236471,8.99,11.7
"06037575201",4772,128.01,27.87,55.1,11.75572268,0.03975537,14.82,9.77
"06037218701",2324,42.89,8.01,53.2,11.98834506,0.04588368,10.89,13.17
"06037221602",3030,41.84,12.76,60.4,12.07444266,0.04632538,14.62,10.17
"06037199300",4202,44.64,7.7,36,11.8291691,0.051214,6.35,14.73
"06037530204",3904,57.34,17.79,29.9,12.14306243,0.05022962,11.04,7.53
"06037900607",3651,151.71,23.12,64.3,7.282014992,0.06236471,16.84,9.15
"06037203900",3353,49.83,14.49,49.7,12.23190845,0.04863521,13.39,10.77
"06037572100",1113,97.81,19.77,20.1,11.53907188,0.04050375,9.25,14.65
"06037132502",3922,83.59,22.29,47.5,13.2969311,0.06133785,7.85,15.86
"06037199202",3155,52.37,8.72,34.8,12.16478122,0.05070407,9.38,12.27
"06037571704",4076,94.42,20.48,47.6,12.14582489,0.04192559,13.08,7.95
"06037221304",3656,68.9,12.59,53.6,12.05102217,0.04632538,10.86,12.28
"06037195804",2533,55.72,14.06,32.3,12.22276714,0.04863521,10.5,13.3
"06037222600",5549,38.44,11.22,65.3,12.03443249,0.04539285,6.9,9.5
"06037209510",3076,34,8.9,68.6,12.17561826,0.04676708,13.26,10.44
"06037601212",6774,99.47,19.81,58.4,12.04203201,0.04320513,17.05,8.84
"06037575101",4339,93.13,17.55,63.5,11.65311866,0.04050375,21.83,6.36
"06037113233",7345,50.82,12.04,45.8,11.18494089,0.06133785,9.93,10.59
"06037481500",4489,35.51,10.13,27.7,11.83580366,0.05462941,5.52,27.13
"06037404903",2738,66.86,14.78,41.3,11.87892599,0.05846283,12.89,9.46
"06037500403",3829,53.1,18.97,22.3,11.96047611,0.05168937,8.88,16.32
"06037195803",2634,55.72,14.06,34.7,12.22276714,0.04863521,8.09,9.3
"06037571600",2309,79.48,17.34,78.4,12.14582489,0.04192559,18.19,8.06
"06037117201",5191,80.81,14.58,43.5,11.85326141,0.06591477,15.45,12.21
"06037543503",5696,58.78,13.1,21.8,12.00487891,0.04050375,9.83,24.96
"06037602505",4590,77.65,19.79,57.7,12.06312607,0.04259906,22.27,4.73
"06037191302",1947,47.59,14.15,47.5,12.03217459,0.04939042,7.76,9.35
"06037221302",4373,48.43,9.79,60.3,12.02272051,0.04632538,9.79,10.18
"06037554404",4206,60.35,16.42,39.4,11.7740438,0.0438112,18.33,10.49
"06037218600",3148,63,10.82,40.9,11.98834506,0.04588368,9.21,11.09
"06037406702",6375,62.46,13.66,25.6,12.04200811,0.05679963,11.06,15.12
"06037201602",2960,62.2,13.11,38,11.96906139,0.05168937,10,16.05
"06037602402",6869,77.5,19.75,28,12.01849263,0.04259906,14.95,10.83
"06037219020",5411,89.86,18.08,48,11.98833627,0.04539285,17.3,13.12
"06037550202",5710,57.55,22.22,34.8,11.97767043,0.04632538,13.85,11.05
"06037224700",6238,48.36,15.22,86.3,12.11034605,0.04588368,0.19,0.46
"06037406200",5811,36.78,9.21,40.1,12.10201885,0.05763123,11.62,20.03
"06037701902",4659,65.51,11.67,38.4,11.7063039,0.04716458,4.38,21.08
"06037236204",3109,105.63,14.4,67,11.91626655,0.04490202,12.77,5.08
"06037406411",2002,45.89,14.16,25.9,12.11239463,0.05679963,12.59,15.38
"06037531701",5375,72.44,16.96,52.5,12.23883919,0.04939042,15.27,11.14
"06037206031",4131,85.61,8.78,26.7,12.35063461,0.04753555,4.99,4.12
"06037213402",4857,54.24,14.33,58.7,12.17561826,0.04676708,14.62,9.02
"06037219010",3027,89.86,18.08,45,12.00024046,0.04539285,12.32,10.01
"06037701802",4645,50.53,10.07,32.9,11.71046441,0.04716458,3.88,10.2
"06037533104",4415,60.74,24.24,64.3,12.07802241,0.04588368,17.71,12.57
"06037554101",3548,61.64,17.57,47,11.91361716,0.04435661,17.9,8.43
"06037401704",7108,67.95,15.17,36.7,12.76241295,0.06133785,13.65,15.12
"06037123901",4696,67.61,19.2,33,11.49534692,0.06133785,10.63,8.56
"06037702803",3063,34.22,11.92,40.7,11.63317139,0.04539285,16,14.59
"06037127806",3293,56.93,13.55,54.4,11.85390933,0.06236471,8.32,9.29
"06037501001",3046,60.7,22.6,31.8,12.00941574,0.05022962,11.62,13.33
"06037573004",4577,85.4,17.37,41.6,11.66444496,0.03975537,18.44,7.28
"06037211922",3269,43.86,12.93,42,12.12349272,0.04756207,16.64,4.56
"06037533502",2143,52.82,21.04,42.1,12.05058662,0.04676708,16.61,8.96
"06037201401",4693,63.37,13.34,54.5,12.11019063,0.05116215,10.53,12.21
"06037139303",4260,59.55,13.44,42.2,13.04237213,0.060311,9.6,12.35
"06037222002",5243,89.86,18.08,44.4,12.004739,0.04539285,10.91,7.84
"06037552700",6819,56.71,21.89,27.4,11.91971836,0.04588368,12.95,10.72
"06037221120",3197,35.37,9.75,64.9,12.18410918,0.04632538,15.45,8.76
"06037238000",6174,137.3,19.44,34.2,12.02803671,0.04320513,9.8,19.19
"06037552302",4107,54.01,20.83,25.8,11.94041032,0.04676708,9.13,17.99
"06037900606",3532,142.59,21.21,67.7,7.079346855,0.06236471,18.94,8.24
"06037407101",4883,52.64,15.67,34.7,12.04055776,0.05605125,13.5,11.94
"06037127712",3560,55.53,12.77,45.5,12.12103103,0.06236471,15.06,7.39
"06037576401",5021,84.76,18.16,58.4,11.66802231,0.03975537,17.11,5.97
"06037404401",3715,71.92,17.02,29.3,11.35888804,0.06133785,12.25,10.23
"06037530005",3971,42.27,13.03,16.1,12.07038029,0.05168937,7.38,33.39
"06037576901",5357,70.58,13.48,59.1,11.60712094,0.03975537,15.1,6.25
"06037131701",5587,62.01,16.4,29,13.04879399,0.06236471,11.47,12.64
"06037603101",4139,87.73,16.4,34.8,12.06226955,0.04192559,9.95,14.69
"06037432401",3705,45.69,10.1,46,12.02474883,0.05846283,6.5,17.06
"06037132501",4566,83.59,22.29,31.8,14.1439342,0.06133785,13.67,17.94
"06037601801",2834,47.4,12.32,50.7,11.99377914,0.04259906,16.13,7.87
"06037117510",3687,78.05,14.19,68.3,11.77397672,0.06464682,22.32,6.81
"06037211201",2562,56.78,14.58,59.6,12.10279177,0.04756207,9.91,9.52
"06037910002",7723,90.14,17.7,50.4,8.016552177,0.06350576,13.12,13.96
"06037555001",5321,46.99,14.61,30.6,11.72757889,0.04320513,11.52,13.27
"06037481300",3299,36.47,10.12,29.7,11.89021324,0.05530288,6.61,17.1
"06037534002",4628,36.38,15.43,48.4,12.18882021,0.04716458,15.58,11.02
"06037551101",3964,40.76,16.66,48.8,12.05025593,0.04539285,18.29,7.34
"06037115104",4377,48.83,14.36,37.5,12.10876877,0.06464682,4.62,11.01
"06037910402",3583,113.05,21.28,68.5,8.006411157,0.06236471,18.06,8.6
"06037221820",2363,48.36,15.22,71.6,12.05189368,0.04588368,0.93,3.26
"06037113421",6879,39.33,9.56,36.9,11.55470265,0.06236471,11.03,9.75
"06037190100",4453,49.78,11.53,40,11.92094307,0.05022962,1.93,7.3
"06037237402",3335,96.6,15.88,35.9,11.95669453,0.0438112,8.49,16.52
"06037554104",2414,61.64,17.57,38.5,11.91361716,0.04490202,12.39,8.91
"06037131400",6367,64.32,17.25,30.5,13.92093494,0.06350576,10.46,14.89
"06037123520",2816,51.63,15.16,49.6,11.57827864,0.06236471,13.1,10.69
"06037552601",5260,57.55,22.22,37.4,11.9351668,0.04539285,15.76,7
"06037551700",6262,50.47,20.48,37.4,11.97632268,0.04490202,11.61,11.02
"06037212800",3543,68.9,12.59,29.8,12.0118796,0.04632538,8.47,17.75
"06037134101",5579,70.21,17.96,42.8,12.21868346,0.06236471,17.94,12.15
"06037119800",6054,76.99,12.76,22.6,11.51448362,0.06591477,7.28,10.67
"06037533106",1655,60.74,24.24,65.7,12.0654342,0.04588368,14.86,7.31
"06037234800",3317,132.38,15.43,23.4,11.95162029,0.0438112,3.8,15.13
"06037104204",3679,48.36,9.31,48.5,10.9466938,0.06718273,8.94,10.63
"06037573402",6384,44.28,13.1,32.9,11.67319958,0.04050375,9.38,11.76
"06037543306",7863,50.37,12.73,20.3,12.06280112,0.04050375,11.76,14.93
"06037132101",4645,70.82,18.08,32.9,12.59506202,0.06236471,12.66,8.87
"06037234502",3017,137.55,16.03,49.2,11.93136639,0.04490202,14.12,16.04
"06037191201",4414,36.75,16.09,46.1,12.01277774,0.04939042,5.01,22.43
"06037404503",2638,71.92,17.02,32.1,11.73121178,0.060311,12.21,12.62
"06037104203",5441,81.71,13.36,48.7,11.16595012,0.06718273,14.1,7.39
"06037212204",3584,30.5,8.87,59.3,12.12928682,0.04716458,15.93,10.1
"06037554203",3730,61.64,17.57,34.4,11.83423059,0.0438112,15.92,11.9
"06037402200",6782,59.21,12.41,22.3,12.63136586,0.05852448,11.44,19.86
"06037405002",3169,66.86,14.78,49.7,11.77532346,0.060311,9.34,13.63
"06037277200",2196,26.3,11.75,36.2,11.97162189,0.04320513,7.83,8.2
"06037221220",3376,36.24,9.96,55.9,12.07444266,0.04632538,10.63,10.28
"06037551300",5449,46.57,19.31,39.5,12.11822591,0.04632538,11.27,15.71
"06037405101",5617,66.86,14.78,29.5,11.85730833,0.05938691,11.41,13.9
"06037231400",4745,95.26,16.5,41.5,11.98149623,0.04490202,14.44,10.96
"06037543702",6637,67.35,18.5,31.3,11.93567842,0.03975537,10.05,12.23
"06037121210",2926,51.46,9.74,27.1,11.30064758,0.06591477,10.05,19.51
"06037201301",4498,59.26,12.54,43.9,12.07626386,0.05168937,14.98,14.18
"06037301802",4516,35.47,15.95,29.5,11.81164905,0.05395594,7.71,13.6
"06037221303",2806,41.65,10.25,64.2,12.08158891,0.04632538,13.76,8.98
"06037134104",4618,84.14,21.42,37.4,12.21868346,0.06236471,12.52,11.09
"06037293304",4832,58.61,12.38,32.3,11.84918524,0.03975537,14.67,8.61
"06037293307",2284,49.04,10.48,42.3,11.75842764,0.03975537,10.25,9.11
"06037218300",5290,53.46,9.42,40.7,11.85097115,0.04632538,11.76,11.29
"06037218220",3859,68.9,12.59,45,12.00885913,0.04632538,8.68,12.98
"06037302103",5430,51.08,20.13,43.6,11.78597488,0.05395594,9.06,18.8
"06037601001",2381,99.47,19.81,27.4,11.94355273,0.04320513,13.02,28.48
"06037535503",2240,52.53,18.39,53.1,12.06007558,0.04490202,9.91,10.31
"06037910403",2278,90.38,17.51,84.8,7.689188195,0.06236471,27.96,1.76
"06037302201",4019,38.38,15.32,56.8,11.76431624,0.05334987,7.66,24.78
"06037535803",4246,52.53,18.39,42.3,12.05058449,0.04490202,16.77,10.41
"06037576001",5174,80.31,15.52,15,11.73964651,0.03975537,3.9,9.18
"06037294200",4874,74.29,21.03,27.3,11.74873865,0.03975537,13.01,13.89
"06037311801",2873,32.25,10.37,25.1,11.80990068,0.05763123,12.63,9.36
"06037572002",4723,52.75,12.96,19.9,10.79314841,0.04125212,8.45,24.39
"06037231300",5754,65.75,11.65,47.5,11.98149623,0.04490202,10.18,9.23
"06037601802",3945,60.4,16.48,32,11.96153339,0.04259906,14.73,6.31
"06037402706",3834,73.22,16.19,33.3,12.94273197,0.05938691,11.89,9.94
"06037480902",4109,33.33,8.64,54.2,11.91810723,0.05334987,10.98,10.71
"06037115202",5684,59.88,16.57,26,12.41477456,0.06464682,9.2,10.36
"06037113401",6550,61.35,16.09,22.4,12.12804813,0.06350576,9.6,15.97
"06037211122",3163,33.16,8.97,56.5,12.12349272,0.04791979,11.51,7.15
"06037109100",2797,59.85,13.45,27.2,11.11249892,0.06718273,11.66,25.13
"06037407802",3476,62.45,15.65,23.2,12.07652502,0.05462941,10.7,13.03
"06037190401",2977,43.46,21.11,38.4,11.99265418,0.05022962,2.92,9.57
"06037293302",5082,49.91,10.69,27.8,11.88962253,0.03975537,14.74,13.5
"06037430101",5382,51.82,11.44,36.1,11.80206026,0.06236471,9.74,23.63
"06037115401",6373,44.47,11.77,35.1,12.64622444,0.06464682,13.51,9.57
"06037302004",4151,40.56,17.71,44.6,11.74227874,0.05462941,8.99,17.97
"06037572201",5592,71.55,15.18,42.3,11.46157855,0.04050375,12.16,19.69
"06037481001",4369,32.92,9.34,38.1,11.80787374,0.05462941,5.97,30.58
"06037301900",8192,35.22,15.69,27.7,11.75637121,0.05462941,10.91,19.87
"06037481603",3486,39.56,11.33,42.6,11.86866931,0.05462941,13.28,13.31
"06037212900",4067,68.9,12.59,47.5,12.05102217,0.04632538,13.2,10.38
"06037186404",2631,65.4,11.07,39.5,12.05494302,0.05116215,12.77,9.54
"06037404501",2789,71.92,17.02,41.5,11.73121178,0.060311,14.88,5.38
"06037910501",5218,125.16,23.3,78,7.790454775,0.06236471,26.47,9.33
"06037408211",6381,29.61,10.07,35.3,12.17440042,0.05219839,15.44,16.13
"06037106407",3119,63.98,13.45,68.8,10.98471997,0.06718273,15.68,13.5
"06037310702",6567,27.72,9.45,39.7,11.76906719,0.05938691,3.58,23.47
"06037530003",3080,53.02,16.41,17.1,12.00891284,0.05219839,8.54,24.48
"06037128101",3735,61.77,15.3,42.3,11.63653858,0.06236471,11.94,11.27
"06037186302",5096,65.4,11.07,29.6,11.88924998,0.05219839,10.38,14.7
"06037119201",4547,73.91,12.37,34.9,11.54686613,0.06718273,11.39,10.75
"06037320202",6151,76.51,12.32,34.9,11.10562647,0.06718273,15.02,12.01
"06037197300",4052,55.72,14.06,24,12.35660149,0.04939042,4.27,11.55
"06037503103",5204,47.14,18.43,34.3,11.80803464,0.04791979,14.49,13.12
"06037573003",1843,88.32,17.92,40.8,11.64459056,0.03975537,14.11,12.75
"06037218110",3195,63.71,11.71,51.8,12.00885913,0.04632538,13.15,13.99
"06037191000",4454,53.18,12.08,30,11.97617641,0.05022962,4.42,4.69
"06037236203",3118,60.07,9.04,63.1,11.91626655,0.04490202,14.34,13.57
"06037310701",2181,21.83,7.56,52.6,11.75527544,0.05938691,6.97,32.6
"06037117404",5324,75.02,13.8,26.5,12.13614247,0.06464682,10.11,11.27
"06037125501",3052,59.61,14.27,38.2,11.54284994,0.05763123,5.37,7.54
"06037601303",5084,93.43,18.08,35.3,11.87102583,0.0438112,12.88,11.31
"06037134303",5942,56.97,13.9,26.1,11.0936932,0.05938691,7.02,16
"06037134304",3042,58.61,13.1,27.7,11.18491889,0.060311,10.88,17.88
"06037405302",5433,53.05,11.61,37.1,11.99285095,0.05763123,12.33,13.49
"06037406901",4773,41.82,13.53,28.8,12.01253125,0.05679963,15.32,12.07
"06037211804",3221,52.8,15.82,44.4,12.08514397,0.04756207,6.21,15.4
"06037600400",4147,139.63,19.73,22.5,12.11332221,0.04259906,15.24,20.21
"06037900703",4349,158.01,21.59,50.5,7.36594733,0.06236471,11.2,13.57
"06037603801",4748,50.53,12.09,41.7,12.02658065,0.04259906,12.03,9.98
"06037123800",6018,40.88,14.46,32.5,11.49534692,0.06037951,9.39,13.19
"06037224310",2422,45.55,11.24,70.1,12.18410918,0.04676708,17.8,7.84
"06037550800",7403,38.85,16.04,24.8,12.11827006,0.04632538,12.39,15.4
"06037221900",4248,48.36,15.22,85.4,12.05189368,0.04588368,4.57,5.53
"06037294301",2471,76.33,21.61,25,11.78762745,0.03975537,10.68,18.05
"06037502801",6468,53.28,19.74,23.8,12.11093891,0.04716458,11.83,13.23
"06037535701",5237,35.3,12.89,48,12.05649412,0.04539285,14.99,7.43
"06037219500",2084,89.62,14.9,21.9,11.91626655,0.04490202,11.8,20.35
"06037553100",6770,61.64,17.57,30.6,11.86178203,0.04435661,17.28,11.29
"06037407501",4257,60.96,15.06,38.9,12.08391482,0.05605125,12.64,11.35
"06037407302",3503,73.09,18.24,32.4,12.08566864,0.05605125,13.16,13.99
"06037183810",4163,47.69,12.3,42,11.82898336,0.0527438,14.2,6.17
"06037554001",3756,61.64,17.57,28.7,11.92933171,0.04435661,8.07,11.47
"06037408631",5214,46.16,12.41,25.1,12.0653127,0.05334987,10.18,13.14
"06037212701",2276,42.74,8.74,43.7,12.06166379,0.04676708,7.73,24.47
"06037211120",5635,35.92,10.66,45.1,12.12928682,0.04756207,8.13,10.03
"06037552900",7156,56.91,21.95,39.8,11.9499108,0.04539285,13.86,11.61
"06037502802",3221,33.33,12.52,43.5,11.97258964,0.04753555,11.58,22.14
"06037189201",3216,43.46,21.11,41.7,11.99265418,0.04978792,6.5,12.06
"06037213401",4859,54.24,14.33,59,12.17561826,0.04676708,12.55,7.53
"06037540201",2587,31.32,9.61,67.9,12.05144249,0.04490202,21.99,4.48
"06037119341",2890,58.49,12.12,45.4,11.6143557,0.06591477,11.18,14.98
"06037402502",6839,74.95,17.48,52.3,12.50761355,0.05605125,13.79,9.14
"06037106648",4546,52.02,10.48,40.9,11.15277668,0.06718273,13.48,9.33
"06037237900",4405,125.13,17.65,35.1,12.02165432,0.0438112,15.89,11.85
"06037134103",4659,84.14,21.42,27.7,11.8586098,0.06133785,9.87,17.56
"06037222100",4331,54.58,13.54,42.7,12.03443249,0.04588368,13.41,9.21
"06037124102",3551,53.25,12.98,47.2,11.54609441,0.05938691,9.38,9.43
"06037123510",4795,38.08,9.42,44,11.59401635,0.06236471,8.91,15.7
"06037575102",4151,93.2,17.56,58.4,11.65311866,0.03975537,15.3,7.52
"06037502005",4930,49.72,18.07,38.6,11.95834844,0.04939042,13.89,13.12
"06037910502",4537,125.16,23.3,59.2,7.517740005,0.06236471,18.98,9.3
"06037197200",3909,59.14,9.64,35.9,12.25891972,0.05022962,9.93,15.81
"06037552001",4188,57.55,22.22,26.6,11.96563578,0.04588368,14.35,11.75
"06037117101",5224,80.14,14.51,20.8,11.70934701,0.06591477,11.5,5.19
"06037555212",5110,47.02,17.18,47.3,11.68002345,0.0438112,19.06,8.88
"06037408302",3836,40.19,14.63,24.8,12.03229985,0.05535282,10.79,15.75
"06037481604",3701,39.56,11.33,33,11.83922597,0.05395594,8.02,18.48
"06037104105",6054,77.15,12.71,42.9,11.13779234,0.06718273,11.12,9.4
"06037320100",7601,80.64,12.91,31.4,11.08053704,0.06718273,10.58,10.68
"06037431200",6399,41.61,9.25,29.7,11.92162832,0.06133785,11.49,11.31
"06037553400",3495,38.22,14.78,25.8,11.92158918,0.04490202,11.13,14.28
"06037192520",5269,40.82,10.51,51.8,12.04695849,0.04791979,16.49,8.75
"06037190700",2685,60.77,13.63,40.4,11.90677464,0.05022962,3.72,18.29
"06037500300",2973,56.32,21.16,10.5,11.9650108,0.05278424,9.42,23.28
"06037432201",4491,38.43,10.67,34.8,11.77856947,0.05605125,11.47,20.31
"06037408138",5432,54.57,13.73,38.9,12.1202248,0.05334987,13.51,13.55
"06037212303",3837,34.81,11.03,62.1,12.12928682,0.04716458,14.28,5.11
"06037550700",6104,33.83,12.83,15.7,12.17478332,0.04753555,16.74,17.22
"06037482522",4478,35.93,10.76,20.3,12.02366434,0.0527438,8.15,19.96
"06037221210",3165,41.85,10.1,50.7,12.05908901,0.04632538,11.03,13.68
"06037113321",6180,54.03,17.22,26.6,10.9951147,0.06236471,7.1,8.22
"06037187200",2963,29.07,5.65,36,12.06757527,0.05022962,8.88,11.68
"06037601202",4000,99.35,19.79,30,12.04203201,0.04259906,12.53,10.08
"06037431100",6758,46.9,10.87,32.2,11.8926537,0.06133785,11.26,7.3
"06037192420",4280,56.78,14.58,48.2,12.01439591,0.04791979,15.21,9.77
"06037482303",6156,31.35,8.71,49.9,11.90909207,0.05462941,15.01,13.74
"06037188300",3800,45.8,9.99,13.1,11.96632968,0.05116215,11.47,15.79
"06037603006",1898,85.71,16.05,38.5,12.05073573,0.04192559,10.64,14.07
"06037190902",3518,43.77,11.14,38.9,11.8825333,0.04939042,8.87,10.03
"06037199110",2705,41.97,8.35,40.8,12.29318207,0.05116215,13.09,16.41
"06037576501",2986,82.02,15.81,60.1,11.62534541,0.03975537,9.78,13.97
"06037235100",4401,132.05,15.53,18.4,11.91305485,0.0438112,9.73,16.75
"06037191420",3096,48.32,12.5,40.6,12.08445864,0.04863521,8.59,6.52
"06037183620",3111,47.69,12.3,45.5,11.64363901,0.05334987,12.34,12.47
"06037480903",3248,36.6,9.43,46.4,11.96491784,0.0527438,10.34,18.47
"06037123700",4435,56.06,16.35,33.3,11.54238267,0.06133785,7.55,16.66
"06037500800",5362,57.45,20.14,28.4,12.08826952,0.04939042,11.86,13.33
"06037408630",2510,46.16,12.41,28.6,12.10811905,0.05395594,11.91,13.86
"06037900102",710,129.41,20.29,62.7,6.489228665,0.06350576,10.7,26.48
"06037503105",4228,47.09,17.95,22.9,11.85366807,0.04791979,16.01,8.87
"06037482503",4293,41.18,11.45,37.9,11.97713098,0.05395594,10.16,13.42
"06037576402",5015,111.73,24.22,54.7,11.66802231,0.03975537,15.35,6.16
"06037301206",5281,30.96,16.84,36.8,11.80183487,0.05605125,8.63,17.59
"06037106114",6324,44.68,7.8,48.8,11.03348841,0.0685917,18.15,7.91
"06037402703",4661,63.93,14.34,28.6,12.96365923,0.05938691,9.25,10.94
"06037482401",3670,41.18,11.45,47.9,11.93764971,0.05462941,11.25,16.95
"06037212202",3424,29.98,8.27,56,12.17561826,0.04716458,12.79,8.79
"06037191820",3176,46.36,12.28,30.5,11.90037867,0.04863521,8.19,8.66
"06037604001",4207,67.69,15.63,35.8,11.99658497,0.04192559,9.79,9.46
"06037481103",4926,37.59,10.21,29.6,11.77450378,0.05605125,6.25,18.29
"06037482502",3310,38.68,10.76,39.3,11.97713098,0.05334987,8.16,14.74
"06037504101",4826,28.45,12.07,35.2,11.94009075,0.04716458,9.8,19.27
"06037543604",5226,67.35,18.5,17.5,11.94113985,0.03975537,9.99,19.36
"06037211703",4841,52.8,15.82,34.4,12.02897507,0.04756207,9.05,9.61
"06037576403",5140,82.09,17.52,62.4,11.65311866,0.03975537,20.93,5.72
"06037234501",2845,129.72,15.33,30.4,11.92925429,0.04435661,10.4,20.14
"06037461600",6058,55.76,11.87,40.3,11.45244565,0.05763123,10.66,11.26
"06037269700",3546,34.49,11.8,21.9,11.74486853,0.04632538,8.35,10.72
"06037550901",4141,52.31,21.72,35.9,12.17044162,0.04632538,13.09,10.41
"06037235201",2682,123.34,14.56,39.9,11.93780554,0.0438112,6.49,12.79
"06037576903",3644,93.2,17.56,53.3,11.61841941,0.03975537,7.96,7.93
"06037302003",3665,32.7,13.94,35.3,11.76431624,0.05395594,8.29,17.16
"06037570701",7372,123.15,13.18,14.4,11.81301379,0.04259906,14.11,12.87
"06037501200",4864,48.48,18.13,19.3,11.99522609,0.05116215,12.99,13.53
"06037183820",3445,45.42,11.56,48.5,11.82898336,0.05219839,12.1,2.82
"06037502003",2634,65.83,17.85,38,11.87584315,0.04978792,9.98,9.34
"06037602507",5122,54.38,13.4,45.9,12.06541253,0.04259906,17.77,7.54
"06037555102",5987,41.48,13.63,42.2,11.69661028,0.0438112,9.3,12.24
"06037106510",5618,63.98,13.45,27.7,10.59569518,0.06718273,13.51,11.23
"06037531800",4960,66.24,15.68,53.9,12.18849049,0.04978792,11.55,16.53
"06037403318",6367,71.97,16.88,24.8,12.46525139,0.05462941,9.27,13.49
"06037104108",6001,54.48,9.52,52.4,11.19241127,0.06718273,14.81,9.85
"06037211910",4371,36.18,10.44,46.1,12.08514397,0.04756207,11.85,6.02
"06037701100",1101,13.61,7.6,83.9,11.65549655,0.04943242,2.82,19.44
"06037134201",4735,51.81,11.87,21.8,11.59347741,0.06133785,15.14,10.37
"06037204120",2971,41.63,11.82,54.7,12.23190845,0.0482775,14.91,12.92
"06037123602",3659,63.43,19.24,36.6,11.64810526,0.06133785,7.6,16.4
"06037113422",6306,60.84,15.03,33.1,11.77891599,0.06236471,12.29,14.24
"06037543322",7959,91.64,16.34,10.6,12.1614803,0.04125212,6.99,20.63
"06037575103",5171,93.2,17.56,42.5,11.61841941,0.04050375,10.02,6.73
"06037602403",5199,77.65,19.79,38.5,12.05874567,0.04259906,14.18,10.6
"06037553000",5033,49,18.48,27.3,11.95549388,0.04539285,14.15,12.54
"06037408504",5193,46.16,12.41,29.6,11.99756511,0.05334987,12.63,13.71
"06037401703",4107,64.64,14.56,29.3,12.72321352,0.06133785,9.3,14.24
"06037211410",2736,42.42,11.17,34.1,12.04695849,0.04756207,10.09,9.47
"06037296902",4219,103.61,14.57,37.2,11.65229752,0.03809217,12.44,12.42
"06037234300",3805,122.21,16.18,23.6,11.92169725,0.04490202,7.07,14.01
"06037603702",4777,62.79,14.12,21.9,11.94495667,0.04192559,8.94,20.6
"06037237800",3796,109.41,19.26,36.8,12.02644658,0.0438112,11.25,13.7
"06037481401",6267,32.15,8.78,50.7,11.82784269,0.05462941,8.27,12.22
"06037600201",5063,112.94,21.38,61.4,12.06489236,0.04320513,20.23,4.7
"06037535902",7209,50.93,17.74,29.2,12.04764057,0.04490202,12.12,12.66
"06037217100",6219,68.9,12.59,32.2,11.9334593,0.04716458,8.41,12.37
"06037201200",2893,63.37,13.34,43.3,11.92907459,0.05219839,15.21,11.51
"06037701701",3305,59.22,11.46,29.5,11.73422356,0.04791979,8.68,16.61
"06037554405",3015,60.78,17.36,29.9,11.82252124,0.0438112,16.32,13.6
"06037500500",2703,60.59,21.19,34.7,11.92860167,0.05219839,7.21,19.24
"06037577000",7288,75.32,14.4,36.5,11.56132589,0.04050375,10.07,5.74
"06037404202",4252,56.36,13.54,41.5,11.8670759,0.06133785,6.91,6.98
"06037131300",5102,62.36,16.74,30.9,13.328001,0.06350576,11.92,13.15
"06037551202",7840,40.17,16.37,31.1,12.05174502,0.04539285,12.54,9.2
"06037572202",3614,99.74,20.11,13.3,11.60296908,0.04050375,10.35,14.64
"06037481202",6188,40.13,10.92,30.3,11.73873693,0.05679963,9.65,16.42
"06037269601",3393,22.8,7.88,35.1,11.70222472,0.04676708,11.41,7.78
"06037602506",4297,51.1,12.5,52.3,12.06541253,0.04259906,17.92,5
"06037212102",2291,28.1,8.51,68,12.10099038,0.04756207,11.13,27.11
"06037554801",2744,28.9,12.37,48.1,11.91444789,0.04435661,10.97,9.95
"06037406800",4866,56.32,12.38,16.1,12.02138466,0.05679963,8.98,16.54
"06037191110",3478,30.68,11.5,60.2,12.00979423,0.04939042,4.4,21.25
"06037197600",2166,26.46,7.56,25.2,12.53587816,0.04863521,7.53,9.37
"06037500900",6363,59.16,20.72,36.9,12.01105817,0.05022962,11.44,14.49
"06037554201",4356,61.64,17.57,23.3,11.825893,0.0438112,10.42,8.59
"06037600802",2485,89.27,15.36,17.6,11.85656601,0.0438112,3.02,18.39
"06037920336",6881,36.13,10.21,57,9.600230462,0.06591477,18.82,4.62
"06037201120",4144,52.98,11.3,33.8,11.86386022,0.05334987,17.08,11.61
"06037201504",2302,63.37,13.34,46.2,11.96568323,0.05219839,13.47,15.99
"06037480803",3699,29.52,8.2,33.9,11.77094099,0.05334987,9.54,14.73
"06037406500",6655,50.29,12.74,23.4,12.07764139,0.05679963,11.5,11.71
"06037554204",4313,61.64,17.57,51.3,11.9481473,0.0438112,14.38,13.73
"06037481402",6598,39.44,10.7,39.3,11.86900191,0.05605125,6.06,21.26
"06037551000",7281,37.69,15.45,26.2,12.15364791,0.04676708,14.06,16.32
"06037131600",5336,68.17,18.13,29.7,12.83145517,0.06236471,8.86,12.78
"06037543701",3057,67.35,18.5,28.8,11.97138796,0.03975537,11.09,12.86
"06037406701",3082,57.86,12.75,29.3,12.06869466,0.05679963,8.6,13.5
"06037462201",3941,25.65,10.01,43.1,11.25833982,0.05846283,11.75,23.22
"06037208501",2267,41.95,10.67,38.6,12.21911535,0.0482775,7.81,14.47
"06037503902",4939,37.42,16.37,18.5,11.98892325,0.04673761,13.04,13.53
"06037535802",6600,48.54,16.77,48.7,12.03324185,0.04490202,14.06,13.17
"06037408133",5203,36.54,9.58,28.7,12.1202248,0.05334987,14.4,11.59
"06037481002",5646,37.65,10.77,39.7,11.67006296,0.05462941,11.19,14.9
"06037551501",4596,41.57,16.89,25.5,11.98289749,0.04539285,8.9,12.55
"06037430901",4517,48.78,11.32,28.8,11.87799737,0.06236471,10.96,12.91
"06037550201",2911,47.04,18.03,30.6,12.04217149,0.04716458,17.66,10.58
"06037134904",4043,52.95,13.02,35.5,11.93699275,0.060311,7.89,10.49
"06037139401",2706,59.55,13.44,31.4,12.60171498,0.060311,10.46,18.96
"06037910404",4284,97.14,18.63,41.7,7.845839415,0.06236471,16.25,11.25
"06037213100",3014,49.52,9.67,50.1,12.08158891,0.04676708,13.34,14.3
"06037191710",2937,25.4,6.64,56,11.8825333,0.04863521,10.15,12.97
"06037204110",3286,50.57,14.34,44.6,12.28627082,0.04863521,11.96,10.35
"06037430102",4684,57.14,12.48,28.8,11.7782415,0.06133785,6.49,15.56
"06037552800",6198,57.55,22.22,33,11.90299857,0.04539285,15.8,10.91
"06037131900",4597,76.01,19.17,20.5,13.29586683,0.06236471,8.31,12.53
"06037573401",1642,34.55,10.23,28.8,11.57476591,0.04050375,12.55,14.43
"06037201503",3364,63.37,13.34,50.7,11.96568323,0.05219839,13.73,11.09
"06037124105",2538,37.89,10.1,45.8,11.52811451,0.060311,14.34,6.82
"06037600501",2712,73.51,16.39,24.3,12.11332221,0.04259906,14.97,19.76
"06037113234",4823,63.53,14.4,38.4,11.32230518,0.06133785,16.86,14.82
"06037128500",4108,52.33,16.43,24.9,11.73546463,0.05938691,9.52,14.09
"06037109603",4297,51.73,11.15,40.7,11.66569556,0.06718273,10.29,14.68
"06037432902",3312,36.48,9.96,28.3,11.93236969,0.05605125,5.13,24.37
"06037113237",4194,50.4,15.81,25.6,10.45905335,0.06133785,10.75,22.03
"06037400302",3154,33.36,11.25,19.6,12.43020498,0.06133785,15.25,19.47
"06037296901",4466,103.61,14.57,50.5,11.66349226,0.03809217,18.23,5.58
"06037550601",5960,31.59,11.65,27.5,12.15528894,0.04791979,15.57,8.14
"06037603703",2491,63.53,15.98,10.7,12.06312607,0.04259906,10.2,16.1
"06037401500",6213,35.1,11.26,31,12.48617746,0.060311,10.03,12.86
"06037604002",4856,65.36,15.15,40.8,11.91372433,0.04192559,9.02,10.81
"06037553300",3214,53.47,15.61,45.1,11.93805962,0.04435661,6.47,16.46
"06037554802",6378,30.97,13.32,29.2,11.89366117,0.04435661,10.21,16.89
"06037212306",3413,29.06,8.04,55.6,12.10099038,0.04676708,16.67,9.46
"06037117302",5229,58.87,11.45,18.3,11.99828813,0.06591477,11.23,18.67
"06037481201",3910,27.26,9.3,33.8,11.77876176,0.05763123,9.13,12.1
"06037480901",5407,21.08,5.75,43,11.85129966,0.05334987,8.05,14.22
"06037106649",2661,52.6,10.62,28.1,11.17287637,0.06718273,13.9,13.19
"06037602504",4961,77.65,19.79,43.4,12.06541253,0.04259906,14.53,4.6
"06037107010",3141,63.98,13.45,44.1,10.88563321,0.06718273,11.24,8.47
"06037183103",4355,42.89,11.13,37.5,11.49946691,0.05462941,12.35,9.16
"06037551402",4677,48.68,20.2,21.5,12.06771641,0.04588368,14.18,9.88
"06037406102",6167,74.1,14.21,34.4,12.11454487,0.05763123,15.4,8.08
"06037123104",4416,41.36,11.48,46.3,11.51474422,0.060311,14.65,13.63
"06037600601",2653,85.19,19.56,26.7,12.10856935,0.04259906,12.48,22.96
"06037532102",3936,57.34,17.79,23.6,12.2207944,0.04939042,12.17,13.24
"06037134002",3665,55.74,13.58,41.4,11.84082938,0.060311,13.51,13.86
"06037106113",3697,63.98,13.45,24.2,10.92587915,0.0685917,9.66,14.61
"06037402803",3270,74.95,17.48,53.8,12.6367597,0.05679963,15.9,5.6
"06037271200",2770,31.87,12.85,31.2,11.77486462,0.04716458,6.64,8.38
"06037125200",3907,42.48,10.74,29.8,11.5294955,0.05763123,15.87,8.96
"06037183520",3758,47.69,12.3,46.3,11.77745707,0.0527438,12.45,7.85
"06037701702",3437,61.96,11.44,30.6,11.72139398,0.04756207,8.29,13.85
"06037602404",5457,77.65,19.79,43,12.05874567,0.04259906,15.08,9.03
"06037480303",4103,39.56,11.33,44.5,11.67590961,0.05395594,11.97,12.36
"06037482304",3216,35.94,9.99,65.8,11.97713098,0.05395594,14.65,11.63
"06037481606",5013,30.58,8.32,42.7,11.964271,0.05334987,9.77,16.98
"06037900805",4916,138.98,19.27,32.2,7.524445823,0.06236471,11.07,18.63
"06037553503",2906,34.98,11.41,42.8,12.01081735,0.04490202,11.05,7.4
"06037275200",3751,35.21,12.29,33.5,11.66867744,0.04490202,7.62,13.6
"06037275102",4338,42.6,12.59,43.3,11.7957642,0.04490202,12.54,6.89
"06037554700",4328,39.36,14.84,26.6,11.9351668,0.04539285,10.42,14.95
"06037461901",5051,34.19,10.37,50.1,11.31532488,0.05763123,7.42,9.09
"06037501600",7769,51.14,14.97,27.9,11.8738352,0.05168937,8.04,15.63
"06037310400",3247,40.67,11.09,22.3,11.54798796,0.06133785,11.24,17.74
"06037183610",3215,47.69,12.3,44.1,11.77745707,0.05334987,13.53,9.98
"06037553200",7637,50.6,14.92,23.9,12.00051037,0.04539285,14.17,10.49
"06037190402",2372,43.46,21.11,45.3,11.99265418,0.05022962,5.27,14.71
"06037480304",4506,39.56,11.33,38.5,11.67590961,0.05462941,6.84,14.91
"06037111302",5163,51.75,14.37,28.9,11.82283365,0.06591477,6.35,18.42
"06037190202",3225,34.99,8.61,47.1,11.98642408,0.05067132,2.51,16.34
"06037501002",5013,57.32,21.35,13.4,12.02689931,0.05022962,12.23,10.63
"06037543601",3781,67.35,18.5,26.1,11.94368667,0.03975537,10.69,13.78
"06037236000",4181,67.94,9.9,16.7,11.7210889,0.04486563,4.19,24.04
"06037702400",4367,42.3,12.97,17.3,11.75041597,0.04588368,8.36,12.92
"06037301204",5284,30.96,16.84,29.3,11.77362275,0.05530288,9.35,17.24
"06037106405",4758,63.98,13.45,43.9,10.80754528,0.06718273,16.69,9.67
"06037104103",3431,63.98,13.45,26.9,11.24668191,0.06718273,10.03,12.8
"06037212305",3025,27,7.52,65.4,12.10099038,0.04676708,15.83,6.25
"06037920337",6943,49.57,13.41,48.4,9.850480338,0.06718273,12.26,5.4
"06037430002",6522,46.71,10.51,21.7,11.59110318,0.06236471,10.03,18.61
"06037543304",5872,89.45,15.75,21.3,12.14632002,0.04125212,7.58,20.84
"06037187101",3438,45.8,9.99,23.2,11.96632968,0.05116215,7.18,22.48
"06037195903",2008,38.99,9.88,34,12.16076534,0.0482775,6.47,9.81
"06037550400",1226,34.65,14.09,16.1,12.1687175,0.04716458,10.52,18.35
"06037139502",2917,54.24,11.41,16.5,12.34764355,0.05938691,11.83,23.59
"06037543321",5446,39.69,9.71,20,12.14345371,0.04125212,10.28,26.09
"06037534700",4435,56.81,22.6,36.5,12.05709531,0.04539285,9.04,14.09
"06037135114",5106,30.88,8.34,31,11.68696862,0.05938691,10.48,14.1
"06037700102",4506,27.26,13.36,34.7,11.79372492,0.04978792,2.86,16.16
"06037134901",3140,42.02,12.52,30.8,12.76048166,0.060311,9.01,16.59
"06037117202",2633,80.35,14.5,10.4,11.76122625,0.06591477,13.29,21.34
"06037203710",3270,68.42,14.62,48.2,12.41048715,0.04899293,16.54,9.69
"06037571400",4844,142.13,14.5,26.5,11.72749499,0.04192559,14.16,15.15
"06037211420",3573,40.06,10.61,46.6,12.04695849,0.04756207,11,8.51
"06037134905",4552,38.86,15.38,27.9,12.04220557,0.05938691,5.05,8.55
"06037482101",4750,39.59,10.18,33.9,12.04780528,0.05219839,8.42,22.36
"06037109400",3903,66.44,14.99,18.5,11.34325331,0.06718273,7.58,13.84
"06037543703",3370,51.05,14.1,23.2,11.78762745,0.03975537,9.79,15.13
"06037102107",4349,43.21,9.5,27.9,11.14147063,0.06473142,6.28,16.19
"06037408303",4183,38.09,14.07,18.3,12.0734786,0.05462941,7.32,20.51
"06037910601",6726,116.62,21.82,54.3,7.662319503,0.06236471,15.83,7.06
"06037270300",2542,33.72,7.35,18,11.73778552,0.04632538,11.64,13.49
"06037197410",4331,35.69,8.61,18.4,12.11289442,0.05022962,10.78,11.96
"06037408141",5366,44.95,11.38,47.8,12.21273735,0.05219839,12.43,12.09
"06037502901",5816,59.3,23.28,19.1,11.87983491,0.04863521,10.47,10.8
"06037143604",3720,26.16,12.45,21.5,11.53404464,0.05530288,6.8,3.9
"06037554511",4140,38.96,11.47,14.5,11.92103135,0.04632538,8.79,20.05
"06037297601",2816,103.61,14.57,40.7,11.55914703,0.03809217,18.22,11.33
"06037234000",5417,78.95,11.21,34.2,11.96275337,0.04490202,12.72,18.94
"06037402002",4125,30.53,10.76,37.2,13.12312452,0.06133785,11.61,22.74
"06037503201",4144,54.86,20.75,16.4,11.94497052,0.04863521,13.92,16.75
"06037404902",3968,66.86,14.78,33.2,11.885902,0.05846283,10.71,15.02
"06037211802",4682,22.94,7.06,50.3,12.08514397,0.04716458,14.03,15.23
"06037195901",2237,42.51,10.91,25,12.08445864,0.04863521,5.23,11.76
"06037115301",4524,77.33,20.88,21,11.9625185,0.06464682,9.99,21.6
"06037207501",2193,30.75,10.73,24.9,12.54205752,0.04756207,5.24,9.67
"06037236400",4282,132.42,17.65,21.8,11.88815827,0.04435661,6.61,20.48
"06037139301",4445,46.6,12.34,16.1,12.61681879,0.05938691,11.81,18.11
"06037405702",4957,57.17,15.51,17.1,11.91045218,0.05938691,11.86,11.9
"06037900803",8751,154.07,21.11,43.8,7.448292093,0.06236471,16.89,9.8
"06037297201",4505,103.61,14.57,36.7,11.67101336,0.03809217,21.09,8.52
"06037302102",5946,48.43,17.63,18.4,11.77220627,0.05334987,8.54,18.9
"06037216900",4886,60.96,11.44,15.8,11.73440042,0.04716458,7,14.55
"06037311600",6707,30.68,9.65,24,11.71245026,0.05605125,7.86,11.08
"06037408402",6646,43.99,11.98,25.1,12.0075054,0.05400087,8.85,19.35
"06037910201",4063,63.61,13.88,36,7.196020751,0.06236471,12.63,14.94
"06037212410",4318,34.81,11.03,51.3,12.10099038,0.04676708,10.61,8.22
"06037195902",1864,55.72,14.06,33.6,12.08445864,0.04863521,6.49,7.08
"06037234200",2424,70.35,11.23,19.7,11.93784179,0.04490202,3.84,23.18
"06037407400",1977,41.97,9.69,32.1,12.03825198,0.05679963,12.14,14.11
"06037601301",1921,85.79,16.44,20,11.87102583,0.0438112,11.45,16.5
"06037550500",8316,34.41,12.8,16.5,12.15532851,0.04716458,9.56,13.06
"06037407900",6082,50.12,12.69,23.3,12.14364495,0.05462941,11.92,14.7
"06037128801",3419,38.98,11.41,22.8,11.91664471,0.060311,6.58,14.77
"06037650901",5366,58.83,12.42,18.8,11.93539635,0.04050375,13.75,16.46
"06037460900",6731,53.64,11.43,30.8,11.44429789,0.05846283,14.96,12.67
"06037222500",5120,48.34,10.76,39.6,12.03443249,0.04539285,12.13,8.75
"06037481605",2831,29.79,7.94,37.4,11.964271,0.05334987,7.74,19.85
"06037900704",2910,146.06,20.07,49.8,7.370326308,0.06236471,19.31,5.84
"06037106406",5839,63.98,13.45,24.1,10.76509567,0.06718273,13.29,15.48
"06037207710",4667,53.58,8.32,26.1,12.33660886,0.04716458,2.98,10.82
"06037407301",4949,62.46,15.46,24.7,12.10490826,0.05605125,7.44,15.15
"06037501504",3369,56.37,16.86,52.1,11.94985769,0.05116215,12.91,19.47
"06037650003",3202,35.45,14.45,27.9,12.01245967,0.04125212,9.9,13.46
"06037267300",4235,23.45,10.5,31.1,11.61811053,0.0482775,4.6,12.11
"06037600704",3373,100.97,17.84,24.5,12.04526539,0.04320513,6.97,23.33
"06037106112",5611,63.74,13.39,24.3,10.94114862,0.0685917,11.82,12.32
"06037408006",3344,25.89,7.39,32.5,12.01014347,0.05462941,11.93,14.23
"06037222700",4071,17.21,7.96,86.1,12.00727367,0.04588368,0,0
"06037576601",4293,59.25,12.02,26.5,11.64728179,0.03975537,5.1,12.72
"06037402705",3254,87.89,19.04,22.7,12.85876857,0.05938691,9.96,13.21
"06037462002",4043,38.39,8.59,69,11.37715041,0.05846283,12.47,7.69
"06037503106",4091,47.73,18.18,27.5,11.9373529,0.04791979,12.2,13.18
"06037128910",4657,37.87,15.57,17.4,11.77575945,0.05938691,12.09,11.02
"06037109604",3195,66.44,14.99,22.1,11.4990414,0.06718273,11.83,10.95
"06037503202",5028,36.54,14.07,21.7,11.86416615,0.04863521,11.79,14.78
"06037102103",1763,74.78,15.13,9.8,11.29546441,0.06350576,7.77,15.09
"06037190301",5569,31.69,8.72,44.4,12.00004387,0.05022962,2.73,18.1
"06037195300",3089,38.86,17.67,29.4,12.03217459,0.04939042,6.7,9.42
"06037650300",6824,31.54,12.77,27.5,11.97526256,0.04125212,13.01,16.05
"06037910712",2904,79.34,18.67,30.9,8.480696039,0.06236471,13.71,12.88
"06037603004",1549,87.73,16.4,36.5,12.06831914,0.04192559,9.17,22.79
"06037124600",2691,36.87,16.87,26.3,11.61984123,0.05938691,2.97,17.5
"06037203800",4829,53.21,15.31,58.9,12.28627082,0.04939042,18.08,11.1
"06037482701",4323,34.52,9.07,27.9,12.17805962,0.05116215,10.76,19.85
"06037920036",3145,58.84,15.29,27.4,10.13942579,0.06718273,11.86,13.77
"06037702801",4679,41.08,12.58,30,11.64969136,0.04539285,10.6,16.46
"06037125600",2811,31.66,8.31,20.7,11.66912326,0.05763123,12.81,17.72
"06037137104",2754,36.41,14.38,22,12.06378259,0.05938691,11.04,23.57
"06037543603",4301,55.74,11.54,17.5,11.93215537,0.03975537,5.93,31.92
"06037910401",6359,51.5,15.94,39.3,7.60981225,0.06236471,15.8,13.02
"06037124902",2706,41.76,18.42,44,11.51704216,0.05938691,9.39,21.47
"06037481101",4513,28.17,8.05,35.8,11.60331677,0.05605125,8.71,18.44
"06037185202",3627,65.4,11.07,28,12.14526757,0.05116215,11.58,15.03
"06037188201",3473,29.5,11.4,18.1,12.00322844,0.05067132,8.58,8.32
"06037403721",4897,44.37,10.94,25.2,12.0285424,0.05846283,9.76,15.07
"06037403722",5628,53.81,12.3,41.6,12.12221394,0.05846283,15.88,9.83
"06037212610",4447,39.18,12.09,50,12.09098712,0.04676708,10.55,12.62
"06037481102",4000,31.51,9.13,39.5,11.71669083,0.05605125,15.9,12.43
"06037134302",4112,59.24,13.52,20.7,10.96490305,0.060311,9.97,12.79
"06037406902",3584,33.48,9.89,33.1,12.0131878,0.05679963,12.64,17.38
"06037900505",3427,154.47,23.65,55.1,7.143374122,0.06236471,15.79,13.66
"06037402001",3294,31.04,9.5,31.5,13.02878399,0.060311,16.06,9.81
"06037125402",4889,42.26,10.69,26.4,11.53361756,0.05763123,7.92,5.54
"06037139503",5946,44.05,8.77,29.9,12.66717011,0.060311,9.03,18.79
"06037408623",3268,46.16,12.41,27.8,12.10056244,0.0527438,8.78,26.32
"06037431001",7669,42.43,9.9,28.6,11.95381392,0.06236471,13.51,10.17
"06037554900",7636,28.86,12.11,24.1,11.87789848,0.04435661,8.6,16.04
"06037296300",5027,38.4,7.5,22.6,11.627812,0.03809217,12.21,15.62
"06037189902",5371,25.93,11.93,31,11.92094307,0.05022962,0.73,8.23
"06037555103",4873,48.36,15.1,23.5,11.83685846,0.0438112,11,13.28
"06037187300",3597,45.8,9.99,11.9,12.09359499,0.05022962,8.73,11.04
"06037406101",3105,62.76,12.35,21.7,12.0394072,0.05846283,13.56,13.95
"06037139600",5060,51.56,10.66,17.6,12.45084001,0.05938691,12.19,21.05
"06037400602",4250,71.92,17.02,24,11.3276164,0.06236471,13.39,12.28
"06037463102",3878,24.87,8.54,18,11.54013275,0.05938691,14.05,17.64
"06037602302",4819,53.68,14.06,7.6,12.02450845,0.04259906,18.88,11.04
"06037910706",6301,64.53,14.77,44.2,8.286463193,0.06236471,15.24,4.89
"06037125401",4966,62.98,15.03,27.5,11.53361756,0.05763123,2.34,5.56
"06037650200",5930,34.71,13.94,15.8,12.08683988,0.04125212,11.52,16.81
"06037603600",4258,61.97,14.32,24,12.03560833,0.04125212,10.03,16.42
"06037310800",5314,30.7,9.55,30.7,11.74756081,0.05852448,10.59,15.53
"06037124903",3499,41.76,18.42,30.1,11.54776039,0.05846283,6.14,17.03
"06037113303",4191,52.13,16.53,17.4,11.47080701,0.06350576,10.02,20.62
"06037703200",5688,121.03,14.36,18.6,11.90810602,0.04435661,7.77,22.4
"06037900504",7261,142.85,22.01,34.9,7.235243743,0.06236471,17.49,8.39
"06037183101",3323,46.58,12.02,34.2,11.4298025,0.05462941,12.49,17.51
"06037570702",2296,138.46,14.25,16.1,11.93730018,0.04259906,7.4,16.38
"06037554512",6455,38.96,11.47,18.3,11.91379251,0.04539285,9.45,24.68
"06037503501",6444,43.87,16.78,37.6,11.92594018,0.04863521,10.85,11.13
"06037481901",5775,35.99,9.23,18.3,11.99214768,0.05219839,8.48,19.88
"06037482800",4524,25.5,7.07,24.6,12.08534153,0.05168937,13.04,20.69
"06037311000",3641,32.95,10.41,15.1,11.51076389,0.05938691,13.4,12.58
"06037401603",2951,41.89,14.35,18.4,12.44397051,0.06133785,9.83,35.75
"06037650101",6018,32.43,12.64,15.3,12.04138066,0.04125212,8.36,21.27
"06037555002",3625,29.29,9.68,22.8,11.7071006,0.04320513,14.4,9.88
"06037212420",3517,27.02,8.12,54.4,12.10099038,0.04676708,14.36,10.41
"06037401102",3896,40.68,12.96,25,12.06299327,0.06236471,17.99,11.73
"06037920023",2615,58.78,15.28,23,10.04799129,0.06591477,9.25,10.75
"06037900605",7539,154.47,23.65,58.6,6.576280043,0.06236471,24.14,8.99
"06037201110",2147,60.12,12.71,31,11.62234049,0.0527438,7.5,15.65
"06037576502",4658,66.27,13.2,48,11.62534541,0.03975537,10.52,4.12
"06037404000",4614,45.21,11.52,27.6,11.91993499,0.060311,11.68,11.18
"06037141101",4674,31.83,17.1,17.8,11.59809285,0.05763123,17.16,8.69
"06037188202",2426,43.46,21.11,7.8,11.94592608,0.05067132,8.12,20.94
"06037600702",4306,81.62,14.93,18.8,12.02566379,0.04259906,11.43,11.1
"06037123601",4803,42.99,12.78,37.4,11.5711356,0.06037951,8.47,15.53
"06037119700",4913,51.3,10.53,26.3,11.50038668,0.06350576,11.46,15.69
"06037406300",5829,39.97,12.33,24.8,12.12639133,0.05605125,9.13,17.86
"06037543602",7864,49.6,11.14,20.1,11.93305662,0.03975537,11.98,20.73
"06037117102",2861,50.27,9.57,34.3,11.66569556,0.06718273,10.66,12.65
"06037137201",6029,33.36,13.14,15.6,11.1165408,0.05763123,9.16,10.63
"06037408137",4277,47.46,12.85,27.4,12.2089097,0.05219839,11.29,13.26
"06037134306",4305,40.68,8.91,29,11.32227028,0.060311,14.31,12.06
"06037102104",3721,32.58,8.04,28.4,11.46432553,0.06350576,9.03,19.75
"06037554600",4173,31.74,12.01,23.9,11.92696003,0.04490202,8.91,14.31
"06037910504",4254,125.16,23.3,56.3,7.855947434,0.06236471,15.04,8.2
"06037404100",6277,59.89,14.4,39.3,11.84062011,0.060311,13.02,9.97
"06037900705",3980,150.27,20.7,38.3,7.510487603,0.06236471,16.96,17.54
"06037143200",4085,32.94,9.72,21,11.48698965,0.05605125,5.24,9.57
"06037139001",5639,56.96,11.44,17.4,12.92719681,0.060311,14.86,14.47
"06037113301",3509,50.67,14.34,22.1,11.94831277,0.06350576,11.77,21.46
"06037554521",5949,28.55,9.19,19.1,11.78434659,0.04435661,9.85,24.22
"06037555104",4210,28.81,9.67,35.1,11.69434748,0.0438112,15.01,11.4
"06037207900",7162,56.18,9.57,34.4,12.29595775,0.04676708,1.98,4.97
"06037111100",3179,52.54,13.58,20.6,11.41925994,0.06718273,9.22,13.9
"06037301000",5230,27.65,12.39,27.8,11.60600632,0.05605125,11.45,16.2
"06037430902",4539,35.24,8.29,23.3,11.89789047,0.06133785,10.49,14.1
"06037115201",6647,47.29,13.1,35.9,11.93986769,0.06464682,6.51,10.58
"06037208710",4858,49,13.03,25.7,12.20870236,0.04756207,9.55,12.14
"06037195500",5548,45.42,11.2,11.3,12.17613597,0.04939042,6.98,13.52
"06037462301",5265,20.64,6.63,45.5,11.15848897,0.05846283,14.61,10.43
"06037600911",3146,84.01,15.44,25.7,11.89394323,0.0438112,4.35,8.2
"06037482102",2943,32.73,8.46,25,12.07312152,0.05219839,10.81,21.71
"06037462202",2775,29.35,12.23,42.1,11.13912936,0.05763123,8.65,11.6
"06037310900",6071,32.39,9.99,14.7,11.70635152,0.05938691,9.9,15.15
"06037189903",2089,27.24,13.36,23.7,11.7676418,0.05067132,0.96,13.36
"06037910001",6345,92.21,17.28,48.1,7.239347731,0.06350576,15.49,11.6
"06037910707",5420,125.16,23.3,40.9,8.172211265,0.06236471,20.5,9.35
"06037702600",6389,48.78,14.01,8.1,11.68123003,0.04490202,7.51,21.4
"06037554406",4766,31.04,9.17,32.5,11.8090865,0.0438112,9.34,21.76
"06037404504",5073,56.11,13.5,44.9,11.76378914,0.060311,14.09,9.36
"06037480802",3162,30.09,7.52,37.4,11.82774897,0.05278424,6.96,23.02
"06037650602",7315,27.55,10.88,19.2,11.88148532,0.04125212,13.89,14.85
"06037431400",4202,22.3,5.89,29.6,11.97531239,0.05938691,9.95,20.16
"06037267600",2916,25.99,11.19,33.3,11.78789933,0.04753555,8.26,15.91
"06037480804",4892,31.42,9.09,32.6,11.71806688,0.05334987,14.62,11.61
"06037275500",5449,44.64,12.9,53.8,11.66867744,0.04490202,13.47,14.72
"06037920035",6895,56.88,14.78,32.6,10.26891771,0.06718273,11.34,10.36
"06037910711",7655,69.75,15.77,36.8,8.04000145,0.06236471,14.55,10.86
"06037910714",3870,79.73,18.78,50.5,8.805468694,0.06236471,17.86,6.25
"06037920312",5826,49.57,13.41,25.6,9.834015442,0.06591477,14.32,18.14
"06037571900",5413,53.01,13.04,14.1,11.59019633,0.04125212,9.31,14.37
"06037404302",2176,71.92,17.02,26.9,11.6022037,0.060311,15.3,11.63
"06037109601",4945,52.76,11.39,19.9,11.39127667,0.06718273,10.17,13.69
"06037910208",6210,51.51,15.95,32.4,7.693213732,0.06236471,14.59,10.5
"06037211500",4175,44.3,11.62,25.5,11.95832752,0.04791979,7.62,14.71
"06037103200",6349,46.53,11.42,26.6,11.18869203,0.06591477,9.67,23.03
"06037183701",3720,47.69,12.3,35.8,11.68192709,0.05334987,10.67,11.53
"06037101220",3702,30.87,16.86,42.6,11.2582362,0.06464682,8.1,16.1
"06037482002",6760,38.51,9.86,32.4,12.135676,0.05116215,11.26,19.26
"06037183220",4155,47.69,12.3,34.6,11.55230672,0.05395594,11.46,14.75
"06037600703",1783,93.35,17.23,18,12.02199197,0.04320513,7.74,23.5
"06037267403",3000,19.89,9.02,28.7,11.65656905,0.04863521,2.83,8.23
"06037270200",3226,29.52,9.78,26,11.74486853,0.04632538,7.28,14.07
"06037211803",3701,45.85,13.57,29.5,12.08514397,0.04756207,10.83,4.7
"06037301203",4711,30.96,16.84,23.5,11.77362275,0.05605125,6.58,24.37
"06037106408",3667,63.98,13.45,44.1,10.86166993,0.06718273,18.68,4.69
"06037189101",2521,43.46,21.11,17,11.9949196,0.04978792,8.53,12.73
"06037407502",4170,63.97,15.85,33.9,12.09913498,0.05530288,9.04,7.96
"06037109300",2962,52.54,13.58,20.4,11.40346339,0.06718273,8.17,16.85
"06037311100",4183,35.09,11.03,16.6,11.47660575,0.05938691,12.19,18.93
"06037216200",5778,49.26,11.24,28.2,11.98031852,0.04716458,9.21,10.23
"06037571504",4512,51.48,10.81,27.3,11.7349837,0.04192559,11.06,11.92
"06037270100",4202,34.5,11.8,19,11.74226684,0.04588368,5.5,6.31
"06037910205",1225,62.35,14.17,42.4,7.977328026,0.06236471,14.37,14.45
"06037297602",3687,103.61,14.57,29.5,11.55914703,0.03809217,9.25,19.04
"06037137103",5382,38.86,15.38,15,11.56304345,0.05846283,10.74,18
"06037900104",5822,110.17,16.89,51.9,7.410784666,0.06350576,16.61,9.65
"06037461000",6249,38.56,8.93,33.7,11.38721662,0.05938691,10.34,14.1
"06037272301",3045,35.21,12.29,17.5,11.76013155,0.04539285,7.72,17.64
"06037501900",4153,58.56,22.81,25.9,11.87620582,0.04978792,13.89,12.93
"06037189202",2396,43.46,21.11,13,11.92720438,0.05022962,9.06,18.57
"06037214503",3422,31.63,12.33,18.6,11.85554635,0.04791979,12.3,11.72
"06037703100",6068,130.09,15.36,16.5,11.87615491,0.04435661,7.76,22.78
"06037900608",3445,154.47,23.65,50.7,7.054248982,0.06236471,13.85,10.39
"06037910602",4433,125.16,23.3,64,7.800967181,0.06236471,15.66,8.5
"06037104124",3875,63.98,13.45,22.9,10.91960855,0.06718273,13.03,14.17
"06037211704",2796,29.89,8.91,38.8,12.02897507,0.04716458,5.87,19.24
"06037501300",7154,52.37,19.63,25.9,11.96654299,0.05116215,13.42,12.23
"06037137501",4915,35.23,13,15.5,12.01491957,0.05938691,14.38,13.37
"06037191901",3060,40.28,10.1,31.7,11.89127311,0.04939042,3.82,7.58
"06037125100",5892,32.79,12.77,22,11.53704074,0.05763123,11.97,15.04
"06037106646",3161,52.54,13.58,16.8,11.20058307,0.06718273,9.24,22.08
"06037482521",5842,35.23,9.8,34.3,12.00161681,0.05334987,8.59,19.58
"06037408212",5042,24.82,8.7,20,12.23579771,0.05116215,13.03,19.71
"06037700101",5200,26.25,12.3,32.7,11.79372492,0.05022962,4.29,21.17
"06037107020",5317,59.2,12.26,29,11.0285217,0.06718273,17.53,7.13
"06037403801",6224,46.73,12.88,32.1,12.13753758,0.05938691,12.77,10.44
"06037128602",3472,60.47,18.49,19.1,11.67692826,0.05938691,8.35,16.39
"06037571503",3878,55.73,10.47,15.7,11.84295139,0.04192559,11.73,12.48
"06037920038",1710,42.06,10.97,25.4,10.31080399,0.06718273,13.27,10.35
"06037670100",6642,31.84,8.97,31.7,11.69864079,0.03975537,15.88,19.96
"06037406602",5198,45.41,10.27,27.7,12.07784169,0.05605125,10.08,13.7
"06037650902",6769,61.84,12.95,13.7,11.93383509,0.04050375,15.85,12.37
"06037405900",3951,52.24,14.17,48.2,11.92861991,0.05938691,10.78,15.62
"06037401312",5401,39.19,11.93,16.9,12.31930079,0.05938691,8,25.74
"06037405500",6596,54.71,12.24,37.3,12.02349439,0.05763123,15.72,13.33
"06037401203",5224,55.22,15.03,24.7,12.1740827,0.060311,10.47,17.34
"06037111205",3869,46.48,13.05,20.2,11.70425543,0.06464682,11.61,16.83
"06037141302",6037,44.02,18.35,12.9,11.80268144,0.05763123,8.75,11.28
"06037910715",6653,113.1,21.22,44.9,8.370674158,0.06236471,11.59,6.19
"06037275603",2537,38.44,11.24,14.9,11.77801801,0.04435661,11.31,19.94
"06037408136",4224,42.16,11.58,21.6,12.22935789,0.05219839,9.64,15.44
"06037571502",4739,48.45,11.61,32.6,11.83702161,0.04125212,11.23,16.21
"06037267700",3276,22.23,9.87,22.5,11.77429518,0.04791979,4.91,14.87
"06037181300",4059,34.82,8.29,21.1,11.72684954,0.05334987,10.99,18.06
"06037183702",2775,35.47,9.3,34.8,11.68192709,0.05334987,12.29,10.34
"06037123902",2668,34.41,13.33,35.9,11.52942462,0.05938691,11.13,11.09
"06037481714",2739,36.6,9.43,50.7,12.00233411,0.0527438,5.48,24.79
"06037189102",3356,43.46,21.11,17.7,11.92720438,0.05022962,6.62,13.95
"06037480102",4487,21.62,10.22,25.7,11.68274338,0.05763123,9.65,18.65
"06037461700",1526,50.78,10.92,12.2,11.25188699,0.05763123,10.55,33.22
"06037135111",3313,58.57,13.2,11.4,11.31242478,0.05938691,12.38,11.47
"06037211121",2253,24.47,6.48,41.9,12.19449024,0.04791979,8.52,11.01
"06037139200",5662,40.11,8.09,25.2,13.05253739,0.060311,10.99,15.98
"06037117301",3910,86.23,15.46,25.5,11.87764253,0.06591477,10.82,15.4
"06037406000",5206,43.24,10.95,23.2,11.94555799,0.05938691,10.93,14.81
"06037501700",3425,46.84,16.34,16.8,11.93784847,0.05022962,16.76,13.93
"06037650102",2211,35.45,14.45,13.8,12.06983746,0.04125212,8.77,14.97
"06037403901",3174,51.35,13.82,28.3,12.01688922,0.06133785,8.25,14.74
"06037573403",3519,46.41,14.58,20.3,11.6385894,0.04125212,11.45,14.41
"06037403312",5096,24.24,8.89,26.6,12.36111436,0.05278424,11.42,16.27
"06037400603",5201,67.67,15.99,21.5,11.21433037,0.06350576,11.44,11.34
"06037401602",6294,39.16,12.61,24.9,12.624991,0.06133785,14.81,11.01
"06037131200",3417,50.62,14.07,20.6,13.09110197,0.06350576,8.57,16.36
"06037300400",5986,28.6,11.18,17.6,11.36185219,0.06244084,10.57,14.37
"06037405301",3469,37.91,8.72,32.9,11.92035712,0.05846283,13.06,13.14
"06037403303",2741,26.46,10.71,27.2,12.29942209,0.05168937,10.11,17.88
"06037405800",5825,46.29,12.28,22.2,11.86013466,0.060311,11.45,12.03
"06037124500",2925,63.43,19.24,29.5,11.64810526,0.05938691,16.21,10.77
"06037214501",2702,31.63,12.33,17.6,11.72613579,0.04791979,13.84,9.99
"06037401101",5582,49.98,14.95,22.2,12.06089359,0.06133785,13.47,14.91
"06037212620",4087,29.04,6.62,45.3,12.09098712,0.04676708,10.74,10.74
"06037900609",4978,154.47,23.65,61.3,6.767426942,0.06236471,18.82,5.54
"06037125502",3488,29.66,7.94,25.3,11.54803852,0.05679963,5.28,13.62
"06037408724",5542,28.38,9.84,60.2,12.09228064,0.05116215,22.07,4.67
"06037462302",3213,24.72,8.36,36,11.15848897,0.05846283,10.21,10.74
"06037461502",6423,39.91,9.3,46,11.40891526,0.05938691,12.16,17.86
"06037650001",5805,34.69,13.35,21.7,12.03290345,0.04125212,8.66,19.48
"06037192001",2370,26.2,11.81,22.7,11.89127311,0.04901945,6.5,18.48
"06037481902",3443,33.62,8.66,33.5,12.02633308,0.05219839,10.57,19.34
"06037206020",8947,30.75,10.73,19,12.8734267,0.04863521,0.07,0.83
"06037550602",4328,36.14,13.8,23.1,12.149672,0.04716458,8.73,15.53
"06037310202",5104,33.76,11.97,27.8,11.75007252,0.05938691,9.62,15.75
"06037920030",5088,45.04,12.23,19.4,9.99523899,0.06591477,12.97,11.75
"06037181000",6458,38.84,11,20.2,11.54586553,0.05535282,13.21,19.62
"06037702802",2293,29.98,9.81,21.9,11.76013155,0.04539285,10.12,16.18
"06037111201",3628,50.06,13.09,14,11.26083916,0.06718273,9.48,17.14
"06037269903",3421,36.86,12.21,24.3,11.69483322,0.04588368,5.29,7.34
"06037186100",4985,46.54,8.81,16.6,11.80853912,0.05334987,10.81,15.51
"06037575002",4843,80.19,15.52,22.2,11.58771109,0.04125212,11.85,14.6
"06037650401",4758,26.89,10.25,13.4,11.97486672,0.04125212,11.03,14.82
"06037910603",6928,125.16,23.3,44.3,7.848584062,0.06236471,13.77,10.88
"06037189800",3833,27.24,13.36,29.4,11.74297298,0.05022962,6.21,15.94
"06037501802",3311,55.62,15.7,23.7,11.94722225,0.05022962,13.38,14.01
"06037183402",3006,34.78,9.76,37.5,11.74162162,0.05334987,8.48,12.04
"06037267502",3632,23.21,9.69,26.2,11.67808355,0.04791979,9.77,9.22
"06037901009",5388,60.26,13.9,29.9,7.562171366,0.06236471,11.14,13.53
"06037403902",5140,50.28,13.69,19.3,12.01590576,0.060311,13.93,15.31
"06037501503",5280,56.32,21.16,35.6,11.94985769,0.05116215,11.72,9.47
"06037406412",2123,45.89,14.16,20.1,12.13729695,0.05679963,9.51,21.48
"06037137402",5365,30.76,11.37,18.2,10.8917272,0.05763123,11.54,24.53
"06037275101",1161,48.78,14.01,15.7,11.7957642,0.04490202,7.24,16.19
"06037106020",5420,55.74,11.89,30.3,10.75629213,0.0685917,7.95,14.54
"06037141303",3477,44.02,18.35,17.9,11.80268144,0.05846283,6.96,15.24
"06037702002",6443,32.98,11.47,23.7,11.69229641,0.04676708,7.87,13.88
"06037401800",7927,32.39,11.94,19.7,12.95667922,0.06350576,9.17,19.99
"06037119310",4087,44.49,8.92,49.8,11.66547916,0.06718273,9.69,15.24
"06037124000",5219,40.05,17.42,18.2,11.54776039,0.05846283,13.83,16.54
"06037269800",3046,33.03,11.34,23.4,11.81592791,0.04632538,5.68,7.49
"06037462100",5748,38.2,10.39,41.1,11.39637285,0.05846283,11.88,11.33
"06037192410",3700,52.31,13.45,29.4,11.92386634,0.04791979,5.59,13.81
"06037910505",3217,125.16,23.3,39.4,8.177589066,0.06236471,15.95,8.05
"06037460302",4221,39.01,9.23,23.6,11.4315396,0.060311,13.53,18.03
"06037405400",4950,43.76,11.45,18.2,11.94098068,0.05938691,9.92,15.92
"06037900506",4188,154.47,23.65,39.4,7.186038709,0.06236471,16.6,8.62
"06037431502",4273,18.11,5.25,35.7,11.90510187,0.05938691,11.87,15.38
"06037111301",7552,27.86,8.22,35.8,11.6206873,0.06591477,11.32,13.14
"06037300902",1981,32.12,13.39,7.8,11.44387729,0.05605125,10.75,22.77
"06037651002",4702,55.5,11.8,13.7,11.94688827,0.04050375,9.19,18.61
"06037504001",5860,37.42,16.37,28.1,12.02293829,0.04791979,9.16,10.38
"06037101400",3458,24.28,11.1,27.1,11.1423019,0.06350576,7.84,19.09
"06037432101",4103,26.46,8.13,21,11.86093342,0.05763123,11.46,19.62
"06037482600",6262,22.19,6.16,27.8,12.01942238,0.05219839,5.49,24.08
"06037143603",2392,25.83,8.08,18.9,11.53404464,0.05530288,6.77,13.21
"06037650604",5567,27.55,10.88,29.7,11.91888586,0.04125212,13.1,12.48
"06037293301",3108,49.6,10.25,10.8,11.90141921,0.03975537,7.56,22.27
"06037128702",5810,24.51,12.08,19.3,11.66487781,0.05938691,7.04,17.42
"06037212702",3632,29.47,7.35,27.2,12.03992694,0.04716458,8.67,20.15
"06037910606",3121,98.34,18.66,54.3,8.595270016,0.06236471,16.24,8.33
"06037183401",2531,39.16,10.18,44.9,11.7845552,0.05334987,8.06,14.18
"06037216700",3835,33.97,9.7,27.2,11.70222472,0.04716458,8.74,14.34
"06037405600",5553,39.22,10.54,14.2,12.00446076,0.05763123,13.43,16.95
"06037702502",3757,40.36,11.23,13.5,11.7027382,0.04539285,10.75,27.63
"06037620002",3493,22.71,9.11,15.2,11.88115235,0.04259906,12.37,10.28
"06037267501",5993,23.45,10.5,35.2,11.67808355,0.04791979,11.61,7.12
"06037106642",2961,52.54,13.58,11.6,11.09275671,0.06718273,11.38,21.82
"06037214502",5285,31.63,12.33,27.8,11.85554635,0.04791979,11.3,5.51
"06037670001",3406,41.85,10.66,22.7,11.88687679,0.03975537,8.6,20.96
"06037211701",2596,38.95,11.74,15.1,12.02897507,0.04716458,8.47,17.6
"06037576503",4469,55.94,11.19,33.7,11.62534541,0.03975537,7.7,7.74
"06037408134",2760,50.04,13.47,22.9,12.12231808,0.05334987,8.19,20.62
"06037214000",4277,31.63,12.33,12.8,11.83730224,0.0482775,18.45,15.76
"06037930401",5067,29.71,11.65,12.7,10.9435221,0.05763123,10.2,21.06
"06037408003",4577,37.22,9.87,18.1,12.14687818,0.05530288,11.71,16.54
"06037135113",3485,38.86,15.38,15.2,11.3408212,0.05938691,13.63,12.71
"06037195201",3128,32.14,13.97,24.2,12.00420537,0.05022962,8.22,12.44
"06037900507",7333,154.47,23.65,50.2,6.653511485,0.06236471,14.62,8.81
"06037431900",4400,24.77,8.81,33.5,11.73708443,0.05846283,11.5,15.48
"06037400604",3501,71.86,17.01,28.2,11.58116255,0.06350576,15.14,11.65
"06037408505",2653,46.16,12.41,19.7,11.95710458,0.05334987,10.4,21
"06037462001",4460,27.49,7.46,58.3,11.37715041,0.05846283,16.3,7.24
"06037550902",5803,33,13.44,31.9,12.15631505,0.04676708,10.72,7.93
"06037301300",1894,27.67,14.74,10.3,11.73519514,0.05763123,13.94,25.24
"06037554103",1396,61.64,17.57,21.3,11.91361716,0.04490202,11.82,9.96
"06037183510",2577,47.69,12.3,24.4,11.77745707,0.05334987,8.5,13.54
"06037551502",4898,40.23,16.35,18.3,11.97387911,0.04539285,11.19,12.07
"06037267800",2666,31.13,12.56,18.1,11.79089062,0.04716458,10.88,18.08
"06037482201",4076,24.19,6.52,58.1,12.02766948,0.0527438,8.83,19.85
"06037297500",4707,90.77,13.01,7.3,11.55914703,0.03809217,4.97,21.69
"06037408004",2493,41.98,11.15,19,12.13677863,0.05462941,13.6,11.63
"06037910716",5770,116.3,21.77,36.5,8.713974453,0.06236471,17.56,10.1
"06037109800",5534,60.17,11.4,28.2,11.62009789,0.06718273,17.06,16.01
"06037910713",5787,79.73,18.78,37.7,8.176058732,0.06236471,14.19,8.78
"06037480302",4672,34.22,9.98,31.4,11.62302761,0.05530288,7.36,16.55
"06037106403",3667,58.22,11.95,40.6,10.98471997,0.06718273,11.84,11.86
"06037311700",6200,33.7,10.48,13.1,11.80566464,0.05685511,7.55,19.53
"06037212501",1940,24.73,6.96,53.9,12.09098712,0.04676708,8.35,10.57
"06037600801",3199,86.03,14.8,16.5,12.02244997,0.0438112,12.69,20.94
"06037980015",671,30.38,7.36,18.8,11.71232149,0.03892377,11.48,4.92
"06037101210",6347,30.87,16.86,54.3,11.32755877,0.06464682,14.16,9.83
"06037181400",4943,40.13,11.36,32,11.66426642,0.05462941,8.52,16
"06037408625",4214,46.16,12.41,21.6,11.97581289,0.05334987,13.46,18.7
"06037273200",3229,32.8,9.15,22.4,11.68337511,0.04632538,7.09,10.78
"06037503601",4151,30.71,13.05,19,11.92786647,0.04863521,9.4,19.39
"06037216800",3203,30.53,8.91,21.4,11.7011911,0.04716458,13.8,12.33
"06037137502",4549,35.02,12.95,23.9,11.56367733,0.05846283,11.74,18.64
"06037408624",2958,46.16,12.41,19.3,12.05731862,0.05334987,9.33,21.26
"06037115101",5083,62.08,17.54,6.9,12.10821715,0.06464682,9.72,22.15
"06037301501",1790,34.64,13.6,17.7,11.76570581,0.05763123,7.54,22.4
"06037212502",2810,28.23,8.05,45.7,12.09098712,0.04676708,4.27,13.67
"06037503401",6492,38.5,16.3,14.1,11.94992005,0.04939042,13.99,17.9
"06037920037",10318,42.71,11.14,43.3,10.31515413,0.06718273,19.66,5.87
"06037403500",1835,21.1,6.35,20.8,12.17170059,0.05605125,8.01,29.65
"06037103102",4734,37.69,12.43,23,11.23485105,0.06464682,6.84,17.17
"06037401601",5368,38.09,12.98,24.6,12.63237406,0.06236471,10.1,28.33
"06037139402",2899,47.39,11.22,13.6,12.57915137,0.05938691,14.49,23.32
"06037700802",4092,32.35,8.71,22.3,11.70232612,0.04863521,6.52,21.29
"06037141304",2995,30.14,13.13,21,11.80268144,0.05763123,11.95,12.79
"06037911001",3926,51.72,12.98,38.7,8.595110887,0.06604873,7.9,26.24
"06037702102",6065,31.56,11.16,27.7,11.66972548,0.04676708,6.28,17.3
"06037702700",3435,43.84,12.63,10,11.76395685,0.04539285,11.99,12.93
"06037189904",2435,26.71,11.62,34,11.7676418,0.05067132,3.74,8.5
"06037189500",4180,22.71,7.47,30,11.97058361,0.05116215,3.28,11.51
"06037111202",5169,45.24,12.15,15.3,11.45456864,0.06591477,9.52,14.84
"06037574800",2961,26.39,10.24,21.4,11.5027302,0.04125212,4.8,18.03
"06037901008",2744,58.02,11.92,31.2,7.519026611,0.06236471,11.37,10.02
"06037269907",2692,34.49,11.8,18.2,11.80798017,0.04632538,5.57,6.43
"06037551201",3272,42.47,17.28,25.3,12.0635633,0.04539285,7.12,16.14
"06037271801",3071,34.49,11.8,29,11.66040963,0.04588368,5.44,11.1
"06037403600",6690,31.94,8.28,25.3,12.16655034,0.05763123,9.21,22.69
"06037503802",4900,37.42,16.37,16.7,11.96607247,0.04756207,10.57,14.35
"06037554522",4944,31.69,9.58,8.7,11.74318761,0.0438112,7.4,25.79
"06037503702",5516,41.88,15.89,22.6,11.91305039,0.04863521,10.15,15.74
"06037670002",3939,54.89,14.54,18.7,11.84918524,0.03975537,13.25,17.87
"06037401311",6120,40.67,12.36,25.7,12.35028538,0.06037951,14.4,15.46
"06037301100",7114,20.6,13.56,25.8,11.71897407,0.05605125,8.34,17.98
"06037113101",3719,54.03,17.22,24.3,10.78997184,0.06350576,6.8,23.02
"06037183300",3487,47.69,12.3,34.6,11.70185673,0.05334987,7.54,13.48
"06037571300",4484,103.58,11.46,18.6,11.66104793,0.04192559,10.12,16.35
"06037577602",3259,17.66,8.53,13.7,11.48846564,0.04125212,9.33,31.11
"06037403323",5494,27.84,10.36,15.2,12.24062072,0.05168937,8.77,16.4
"06037431501",4480,25.25,7.74,39.8,11.85364089,0.05846283,11.34,21.83
"06037482001",2650,31.7,8.15,12,12.01896111,0.05070407,7.02,33.47
"06037403403",4898,26.46,10.71,14.2,12.22400423,0.05334987,7.47,24.68
"06037462800",2827,26.37,8.66,17.8,11.34519887,0.05938691,13.8,12.52
"06037272202",3359,35.21,12.29,33.6,11.67264265,0.04588368,9.44,9.2
"06037574201",3100,23.8,12.66,16.6,11.6427648,0.04125212,17.68,13.94
"06037482202",5087,22.16,6.17,42.2,11.99862755,0.05334987,12.29,15.2
"06037275302",5059,22.93,8.21,21.9,11.65999433,0.04490202,7.35,22.4
"06037111400",8735,43.33,10.21,35.2,11.62562194,0.06591477,7.64,16.29
"06037113102",3021,36.52,12.53,11.2,11.09057903,0.06350576,4.97,23.24
"06037700502",4387,22.83,10.1,21.8,11.70551642,0.05022962,1.64,14.61
"06037702201",4110,33.5,11.93,17.4,11.69101747,0.04676708,7.27,13.92
"06037920313",4821,45.2,12.43,23.6,9.888472175,0.06464682,13.57,15.06
"06037701602",3987,46.4,9.76,20.7,11.69434868,0.04791979,9.61,11.91
"06037800204",4495,23.62,9,6.5,10.56399928,0.05535282,9.88,25.98
"06037576904",3157,53.57,10.55,31.7,11.60712094,0.03975537,9.6,7.06
"06037480101",3731,24.78,9.15,24.8,11.71494516,0.05763123,9.57,18.28
"06037408135",3882,43.29,11.53,23.8,12.15935651,0.0527438,11.67,15.53
"06037141201",4583,31.31,16.65,20.8,11.73555866,0.05763123,10.89,8.88
"06037212101",3187,23.34,7.19,43,12.12928682,0.04756207,8.66,10.98
"06037503801",3851,33.05,13.7,17.6,11.96890619,0.04791979,9.95,13.76
"06037503502",4655,54.86,20.75,20.1,11.9269475,0.04863521,9.95,13.45
"06037195202",3304,40.2,19.07,15.9,12.0137843,0.04978792,9.5,9.96
"06037269602",2865,24.87,8.57,38.5,11.72153182,0.04676708,7.64,7.5
"06037503402",4129,46.15,20.04,13.1,11.93821092,0.04939042,11.94,13.8
"06037124700",5539,22.95,10.52,19.9,11.59357465,0.05846283,6.73,16.48
"06037271100",2445,30.51,12.26,17.2,11.78318303,0.04716458,11.41,19.47
"06037703001",6503,39.43,9.37,7.4,11.69361957,0.04435661,12.64,13.12
"06037651101",5036,27.26,10.48,12.7,11.89781113,0.04050375,12.75,21.49
"06037141102",3074,33.43,17.99,20.8,11.63355936,0.05763123,12.62,13.53
"06037310201",5732,34.96,12.31,22.2,11.75666562,0.060311,8.46,16.84
"06037920041",1668,52.57,13.72,28.2,10.28609285,0.06718273,20.5,4.08
"06037189600",3939,22.29,7.88,26.7,11.78493345,0.05116215,3.78,9.39
"06037572001",5957,46.68,11.68,19,11.42948394,0.04125212,12.64,14.64
"06037574902",5549,26.3,10.31,51.1,11.55937137,0.04125212,6.94,6.29
"06037403319",4046,27.84,10.36,20.8,12.35178857,0.05278424,8.3,17.8
"06037461902",1801,33.74,8.5,50.3,11.2362251,0.05763123,2.11,15.05
"06037504002",5461,37.42,16.37,12.8,11.97039347,0.04716458,10.29,11.94
"06037192002",2597,25.11,10.71,20.2,11.76734525,0.04939042,5.93,11.86
"06037401201",3377,48.79,13.39,11.8,12.14675541,0.06133785,17.32,13.56
"06037920106",3381,29.51,10.46,27.7,8.73436651,0.05948454,12.39,9.97
"06037405701",3862,52.36,14.06,17.7,11.85243866,0.05938691,11.96,8.21
"06037300502",5874,22.29,10.75,23.5,11.43450312,0.060311,9.09,14.13
"06037574202",2251,25.99,11.47,23.6,11.64556074,0.04125212,7.69,23.5
"06037403316",6757,27.36,9.59,19.3,12.36302468,0.05400087,10.6,16.49
"06037293306",2436,39.67,8.59,16.7,11.75842764,0.03975537,11.9,16.5
"06037432000",7601,22.34,7.96,24.1,11.79728341,0.05763123,10.88,21.62
"06037401701",4488,33.93,9.73,20.9,12.71399453,0.06236471,9.05,25.58
"06037265305",3990,11.78,10.55,70.8,11.70850449,0.04939042,1.6,0.35
"06037143500",5482,23.9,11.48,15.9,11.55932918,0.05679963,11.78,11.29
"06037703002",6721,55.46,8.95,12.6,11.7994331,0.04435661,5.58,25.78
"06037124400",4858,31.42,12.2,25.8,11.51704216,0.05938691,13.22,13.71
"06037215101",3015,31.63,12.33,19.1,11.72613579,0.04756207,6.63,5.37
"06037481712",5329,22.49,6.29,43.2,11.975764,0.05334987,6.51,19.22
"06037295103",5188,49.77,9.22,6.9,11.74135383,0.03809217,10.47,21.68
"06037185204",1921,65.4,11.07,22.5,12.01395483,0.05116215,7.6,23.95
"06037106010",3093,63.98,13.45,18.8,10.84104549,0.0685917,10.31,15.91
"06037406402",2043,45.89,14.16,12.3,12.13729695,0.05605125,10.62,24.33
"06037403702",3786,47.7,13.23,15.6,12.17423833,0.05846283,10.83,19.26
"06037920332",2438,46.47,12.71,14.2,9.696435756,0.06591477,5.37,10.54
"06037186202",2007,37.61,7.18,30.1,11.83627425,0.0527438,9.72,12.06
"06037403317",4710,43.59,10.78,16.2,12.37523949,0.05462941,5.77,17.75
"06037271901",3245,27.64,9.62,16.7,11.65149211,0.04588368,4.22,13.44
"06037214902",2550,26.58,12.64,14.1,11.70232612,0.04863521,8.82,19.02
"06037651221",3697,23.8,9.71,15.2,11.8831003,0.04125212,15.9,13.31
"06037403322",3703,25.96,9.71,19.5,12.17047827,0.05116215,9.42,17.2
"06037214800",2813,27.51,13.3,16.1,11.68771731,0.04863521,8.46,14.33
"06037101110",4283,30.87,16.86,32.5,11.30213066,0.06464682,12.65,16.97
"06037920328",2036,32.41,11.9,15.5,9.860296332,0.06350576,8.55,8.94
"06037900900",4018,65.33,12.95,35,6.732983022,0.06236471,15.18,16.87
"06037217002",4639,31.16,11.15,29,11.69991328,0.04716458,11.51,9.44
"06037181500",3956,36.19,10.05,18.1,11.57992001,0.05462941,10.49,16.63
"06037192300",2463,37.07,9.81,16.6,11.84738147,0.04863521,6.74,16.85
"06037272302",4457,35.21,12.29,32.3,11.63317139,0.04539285,7.52,11.44
"06037463101",2373,18.82,6.51,18.8,11.69107527,0.05938691,9.36,16.98
"06037216401",3772,29.1,10.4,28.5,11.69760185,0.04756207,8.67,12.75
"06037901010",5723,60.67,14.26,41.3,7.465678351,0.06236471,18.59,12.35
"06037463200",3563,25.91,8.8,18.7,11.44145003,0.05938691,8.17,22.9
"06037311400",2300,35.08,10.98,9.7,11.51300398,0.05763123,8.48,17.74
"06037265303",5156,18.77,12.33,79.5,11.54279044,0.04978792,1.78,0.25
"06037128802",4670,44.83,12.33,11.1,11.78721362,0.060311,14.22,14.3
"06037431002",3165,28.74,6.9,31.4,11.86061314,0.06236471,10.62,21.96
"06037183221",3522,37.5,9.77,50.2,11.55230672,0.05395594,9.03,12.04
"06037311500",5828,33.25,10.5,18.1,11.65548553,0.05763123,15.56,10.09
"06037430801",6978,22.22,5.91,23.7,11.87707855,0.06133785,10.75,8.67
"06037503302",6784,36.74,14.09,31.5,11.9353244,0.04939042,12.78,9.27
"06037113213",5248,54.03,17.22,15.5,10.67168543,0.06133785,9.79,14.94
"06037310602",2853,34.8,9.72,17.2,11.75487101,0.060311,13.99,12.58
"06037554519",3498,29.71,8.92,14.9,11.87303838,0.04435661,3.97,31.7
"06037400800",6967,46.19,12.12,27.9,11.76915454,0.06236471,5.24,8.35
"06037195400",4451,42.99,11.02,18.5,12.13679062,0.04939042,5.14,13.64
"06037273300",2915,31.11,8.75,34.2,11.68337511,0.04632538,5.59,10.29
"06037401002",3678,40.41,14.54,23.3,12.01772896,0.06236471,14.49,17.35
"06037702300",6839,31.01,11.1,20.4,11.75472373,0.04676708,13,17.27
"06037401202",4706,35.9,10.15,21.7,12.24965821,0.060311,10.24,14.64
"06037183222",3493,30.14,8.23,19.2,11.56320221,0.05462941,10.33,20.58
"06037311300",3896,36.17,11.44,15.1,11.52470974,0.05938691,12.63,14.94
"06037214400",2916,31.63,12.33,21,11.83730224,0.04863521,8.68,4.49
"06037461300",6840,31.29,8.25,21.5,11.53976318,0.060311,10.72,19.87
"06037143100",4389,31.21,9.17,18,11.58951435,0.05605125,8.25,12.14
"06037189905",2432,27.24,13.36,28.4,11.7676418,0.05067132,2.55,19.24
"06037570800",5300,115.64,12.55,13.6,11.71457463,0.04320513,11.66,10.47
"06037432102",5951,27.77,9.05,18.5,11.83990675,0.05763123,12.03,16.4
"06037267402",4872,18.63,8.5,15.7,11.68630169,0.0482775,4.99,12.5
"06037113212",3494,54.03,17.22,16.4,10.6125987,0.06236471,10.1,18.35
"06037272201",2390,35.21,12.29,27.8,11.63317139,0.04588368,4.06,8.7
"06037461400",3119,43.23,11.51,29.1,11.46988813,0.05938691,12.18,15.93
"06037214901",3250,24.21,11.28,18.5,11.67533374,0.04899293,2.92,14.55
"06037113231",2303,53.09,12.47,14.5,10.08304904,0.05938691,11.94,20.36
"06037135202",4708,38.66,13.37,15.8,10.79494027,0.05763123,14.55,13.38
"06037570003",4119,127.45,13.38,10.4,11.84858192,0.04320513,12.84,14.57
"06037265510",4663,16.08,10.16,46.8,11.74779166,0.04863521,6.24,8.17
"06037554513",2758,34.57,10.57,12.6,11.91939602,0.04539285,12.44,20.85
"06037700801",4610,15.67,8.64,19.8,11.80254647,0.04901945,4.62,34.86
"06037920034",3790,39.71,10.69,22.8,9.996792372,0.06718273,13.32,9.84
"06037481711",4246,17.76,4.93,45.9,12.00233411,0.05334987,6.62,23.67
"06037670003",5707,40.01,10.84,18.1,11.91367104,0.03975537,11.99,13.95
"06037109200",2846,48.91,12.55,9.5,11.35818212,0.06718273,13.25,9.98
"06037403401",5136,22.55,8.22,15.1,12.26873959,0.05278424,11.84,22.29
"06037651001",5444,52.35,11.03,24.7,11.9316356,0.04050375,10.56,17.96
"06037574400",5474,23.8,12.66,11.5,11.59699651,0.04192559,12.48,17.35
"06037113232",4315,63.4,14.45,14.3,10.91904895,0.060311,11.87,24.06
"06037191902",2788,37.5,11.19,18.1,11.89127311,0.04863521,6.92,8.21
"06037108202",7487,24.41,12.47,10.2,10.51287274,0.06350576,14.57,21.08
"06037408704",3311,28.38,9.84,36.5,12.12767476,0.05116215,9.21,28.27
"06037408628",5177,41.15,11.18,25.4,11.97278589,0.05219839,8.04,24.07
"06037650605",3064,27.55,10.88,16.3,11.95522956,0.04125212,12.89,10.54
"06037109700",4616,46.18,11.33,20,11.47001272,0.06718273,10.57,14.02
"06037910605",4715,96.08,18.27,56.7,8.085020981,0.06236471,18.6,7.66
"06037143300",6643,27.61,10.74,17.2,11.55263667,0.05685511,9.11,15.88
"06037571000",5628,32.57,14.05,9.4,11.71684505,0.04320513,10.29,15.9
"06037216402",2521,20.98,6.64,22.4,11.699038,0.04791979,5.87,21.42
"06037650004",4125,35.45,14.45,21.5,12.01245967,0.04125212,12.63,10.88
"06037276100",5739,32.04,10.01,19,11.87271814,0.0438112,10.47,9.08
"06037920042",6990,39.65,10.52,20.1,10.07294539,0.06718273,13.63,10.76
"06037503701",4840,45.28,17.31,26.7,11.92158802,0.04863521,11.96,14.05
"06037576602",4423,46.01,9.96,31.6,11.64728179,0.03975537,5.22,12.16
"06037183104",2146,36.14,9.41,22.6,11.49946691,0.05462941,8.76,19.43
"06037461100",5419,38.88,9.05,21.6,11.39128065,0.05938691,13.38,16.13
"06037920029",5632,47.26,12.73,14.9,10.05476144,0.06591477,12.8,9.18
"06037274100",4838,26.62,9.54,25.8,11.70131556,0.04539285,12.65,13.02
"06037460401",985,30.67,7.08,32.5,11.04783104,0.06037951,15.53,16.14
"06037570901",5752,31.38,13.51,12.7,11.74987106,0.04320513,13.2,13.96
"06037301400",4190,30.76,12.13,16.1,11.70423764,0.05852448,10.91,16.87
"06037401303",2074,46.53,14.32,7.9,12.314841,0.05763123,5.01,18.8
"06037571102",4073,33.59,14.74,19,11.62150813,0.04259906,13.23,11.74
"06037503301",3374,34.4,14.56,13.1,11.93946958,0.04939042,12.92,11.03
"06037277100",3100,26.79,11.17,7.3,11.89041869,0.0438112,8.87,16.23
"06037650800",6423,23.87,8.63,19.6,11.8979039,0.04125212,13.73,17.89
"06037214700",2414,21.29,9.93,17.6,11.71968263,0.04791979,7.25,24.77
"06037401902",6223,31.93,11.11,11.5,12.92486339,0.06133785,6.67,27.88
"06037108101",2327,29,15.55,14.7,11.03665977,0.06591477,9.28,26.43
"06037609900",2057,63.42,9.72,34.5,11.63003614,0.03809217,13.03,24.55
"06037403405",1698,22.59,8.11,17.6,12.17536434,0.05535282,6.54,18.08
"06037267404",3475,13.1,6.2,30.6,11.65656905,0.04863521,4.2,8.29
"06037570002",2679,98.79,11.27,23.9,11.7740438,0.04320513,12.13,13.14
"06037554516",3885,27.72,8.86,5.7,11.86959561,0.04435661,6.8,25.33
"06037651102",3534,25.49,10.41,15.7,11.87909496,0.04125212,10.38,26.4
"06037800328",2733,19.77,8.86,15.5,10.04262342,0.05334987,8.01,8.34
"06037215102",3059,31.63,12.33,19.5,11.85554635,0.04791979,4.77,5.56
"06037403321",6303,25.42,8.88,17.3,12.38754597,0.05334987,9.69,15.5
"06037480011",5466,17.77,8.55,33.2,11.70184498,0.05938691,13.92,12.07
"06037271300",4395,23.71,9.34,16,11.72305579,0.04676708,9.24,18.54
"06037651402",6236,30.47,12.49,17.4,11.90931561,0.04050375,12.38,15.43
"06037400900",4424,38.8,12.82,20.6,11.94310557,0.06236471,11.03,16.05
"06037189702",2201,22.21,7.94,19.3,11.78433174,0.05168937,5.13,18.13
"06037264301",5552,14.14,7.88,17.5,11.75489665,0.04863521,4.61,10.36
"06037554518",5511,31.92,9.58,15.7,11.92472965,0.04539285,10.07,19.69
"06037910206",3776,50.39,15.65,22.1,7.395298982,0.06350576,17.98,8.32
"06037460301",4845,42.66,9.98,28,11.29530355,0.06133785,11.06,16.16
"06037554517",4510,38.96,11.47,17,11.88944363,0.04490202,7.21,21.64
"06037463601",5988,19.88,7.94,27.1,10.90332114,0.05763123,7.95,13.36
"06037265201",2567,13.44,10.97,29.6,11.71588806,0.04939042,5.65,12.58
"06037271702",3918,24.88,9.09,33.7,11.73728992,0.04632538,15.19,6.71
"06037297202",3786,103.61,14.57,20.2,11.67734924,0.03809217,13.34,13.79
"06037701402",5577,24.34,11.31,24.9,11.74617518,0.04791979,3.86,26.47
"06037300800",7280,20.22,9.11,16.2,11.36531231,0.05771908,10.07,14.49
"06037900508",4016,154.47,23.65,44.3,6.660219172,0.06236471,16.26,7.42
"06037408005",5161,38.73,11.93,16.6,12.06056612,0.05530288,10.42,13.85
"06037480400",5538,28.98,8.39,23.6,11.39242682,0.05462941,10.91,20.73
"06037103400",6416,38.54,11.99,19,11.14626422,0.06464682,8.54,19.03
"06037463900",3290,23.85,7.02,14.3,11.21810429,0.05605125,4.86,34.95
"06037575001",3688,27.2,9.48,14,11.6560084,0.04125212,6.45,9.14
"06037461501",3971,39.09,10.33,32.1,11.35864584,0.05938691,13.09,14.1
"06037431300",2689,33.22,7.85,16,11.95304076,0.06133785,13.2,15.14
"06037700200",7446,27.21,13.35,20.9,11.7451443,0.05022962,4.78,9.63
"06037267200",7004,21.05,9.35,18.1,11.77107454,0.04791979,7.18,16.26
"06037216100",2151,45.2,9.31,11.4,12.01976856,0.04716458,5.86,19.25
"06037301205",2106,30.96,16.84,7.5,11.76547567,0.05679963,9.54,20.51
"06037901102",5337,60.67,14.26,25.7,7.243753752,0.06236471,12.31,13.12
"06037189300",3117,26.69,11.44,10.5,11.90145406,0.05070407,14.73,22.71
"06037265304",2878,10.35,10.19,84,11.54279044,0.04978792,1.01,1.81
"06037139801",3488,59.55,13.44,9.5,11.96890818,0.05938691,7.71,26.78
"06037910202",5823,45.11,12.9,15.5,6.980416541,0.06236471,11.63,14.68
"06037463700",3138,26.48,7.75,13.4,11.30302493,0.05605125,7.07,22.82
"06037650701",2529,26.09,10.32,11.4,11.87394388,0.04125212,13.92,24.04
"06037480202",2553,19.55,9.39,14.4,11.55081434,0.05679963,16.73,17.94
"06037106645",3650,52.54,13.58,10.7,11.22167655,0.06718273,10.47,21.4
"06037920322",2854,24.89,8.38,17,9.850586503,0.06464682,12.61,19.38
"06037482702",2373,35.41,9.13,17.5,12.09716625,0.05116215,7.59,24.4
"06037920326",6324,20.96,11.59,18.5,9.704437269,0.06259362,12.62,13.31
"06037108102",3552,29,15.55,22.1,10.87528753,0.06464682,8.36,24.27
"06037269905",2459,36.55,12.15,24,11.69483322,0.04588368,3.82,4.68
"06037701502",3530,59.14,11.14,12.8,11.72139398,0.04791979,5.27,23.6
"06037181600",4631,28.65,7.92,16.3,11.59256118,0.05334987,7.67,9.16
"06037408705",5625,25.99,9.07,19.6,12.17657329,0.05116215,10.68,18.79
"06037273902",4221,28.57,8.12,13.2,11.71620563,0.04539285,8.93,19.43
"06037271701",5694,30.71,10.74,18.2,11.77449393,0.04632538,10.96,13.91
"06037300600",9609,19.31,8.4,18.2,11.42099762,0.06037951,7.75,16
"06037576801",4070,33.69,8.51,41.2,11.60712094,0.03975537,8.4,10
"06037189701",3228,20.89,9.16,18.7,11.57819697,0.0534139,3.84,14.99
"06037134422",4924,41.39,12.07,8.9,10.69531607,0.05938691,13.55,16.39
"06037651222",6459,30.7,12.58,16.6,11.84978232,0.04125212,13.49,8.62
"06037503703",7622,27.88,11.32,18.8,11.94186195,0.0482775,8.07,30.46
"06037701000",5936,31.1,10.47,14.9,11.7922658,0.0482775,12.8,20.33
"06037194500",2019,24.21,11.52,11.5,11.72971837,0.04863521,8.92,18.42
"06037901101",5519,60.67,14.26,28.3,7.066875013,0.06236471,12.27,11.43
"06037901209",1634,45.88,12.3,35,5.78980373,0.0571344,10.77,22.95
"06037113322",4572,48.93,15.34,13.2,11.37082616,0.06350576,11.2,20.58
"06037901011",5314,58.68,12.5,22.3,7.516040087,0.06236471,12.82,11.91
"06037910709",2039,76.92,17.02,31.3,8.201203979,0.06236471,15.99,11.48
"06037271600",4811,21.68,7.87,29.2,11.78676393,0.04632538,14.88,9.06
"06037265202",3981,14.71,11.3,33.9,11.74779166,0.04939042,8.47,18.74
"06037403404",2645,26.46,10.71,15.2,12.21273895,0.05334987,5.41,25.1
"06037311200",3171,34.83,10.87,14.3,11.53890555,0.05938691,8.33,16.52
"06037403402",3745,26.46,10.71,24.3,12.32124981,0.0527438,12.84,13.94
"06037702901",9852,27.53,10.07,19,11.69453379,0.04490202,6.28,10.37
"06037267901",2428,14.99,5.57,18.7,11.7669605,0.0482775,4.53,51.57
"06037571101",4402,34.4,15.1,9.9,11.6438093,0.04259906,10.27,14.49
"06037920115",3957,18.52,7.64,13.7,9.895990017,0.06464682,16.38,13.27
"06037503901",2942,35.39,15.13,18.5,12.01645709,0.04716458,13.73,16.49
"06037700902",7352,33.03,10.72,18.8,11.71558023,0.0482775,10.47,15.91
"06037265700",4636,16.21,10.28,20.9,11.65891195,0.04863521,10.22,28.77
"06037571200",8175,27.84,10.41,22.5,11.63961067,0.04259906,8.16,16.86
"06037101300",3884,22.91,11.89,17,11.01194549,0.06350576,7.8,24.2
"06037570001",4764,28.05,11.44,18.6,11.74267889,0.0438112,13.12,12.91
"06037211000",5124,29.96,9.38,17.3,11.97046367,0.04753555,13.56,14.13
"06037462700",5413,23.31,7.7,26.6,11.24230672,0.05846283,13.34,14.37
"06037577603",8457,25.2,7.65,12,11.53224567,0.04050375,8.14,22.45
"06037113211",4109,38.78,12.18,19.9,10.27739389,0.06133785,10.46,26.89
"06037700400",5162,21.13,9.92,18.8,11.6943512,0.04939042,3.86,14.37
"06037269906",3158,34.49,11.8,19.5,11.69483322,0.04588368,6.65,6.97
"06037403802",6687,36.66,10.36,32,12.23742986,0.05938691,13.8,11.6
"06037103101",2428,34.3,11.63,20.3,11.24459686,0.06591477,12.89,15.16
"06037185100",6070,35.17,6.8,18.1,11.90127195,0.05219839,8.9,11.48
"06037106641",2372,52.54,13.58,16.1,10.95076564,0.06718273,11.72,20.74
"06037273100",2742,28.97,8.2,15.4,11.64254863,0.04632538,11.05,12.8
"06037106643",4577,51.44,13.37,4.7,10.94210448,0.06718273,9.92,20.38
"06037103300",3781,41.71,10.8,9.6,11.14759703,0.06591477,9.92,19.04
"06037576802",4061,37.16,9.61,35,11.58107322,0.03975537,8.47,9.51
"06037403406",2955,26.46,10.71,27.2,12.11003917,0.05462941,10.63,13.5
"06037269904",3927,32.13,11.06,19,11.80798017,0.04632538,7.56,6.57
"06037620101",5632,18.91,7.58,16.5,11.93026042,0.04320513,16.28,8.27
"06037408626",4037,28.38,9.84,21.1,12.07486245,0.05219839,8,19.64
"06037275311",5462,32.14,11.06,16.3,11.64347745,0.04490202,9.81,20.25
"06037276500",5674,18.11,7.58,31.2,11.65400614,0.0438112,2.98,5.48
"06037275602",12100,26.75,9.17,12.9,11.65962976,0.04435661,16.87,8.39
"06037430802",4586,21.41,5.62,34.5,11.84691327,0.060311,9.86,19.58
"06037278001",2508,26.3,11.75,18.7,11.90155949,0.0438112,13.64,12
"06037620601",5278,29.39,11.34,12.4,11.93838377,0.04192559,17.66,10.33
"06037400304",7788,33.63,10.55,19.9,12.40710799,0.06037951,12.72,14.02
"06037920013",7174,27.23,10.4,13.2,9.905727034,0.06464682,15.03,15.24
"06037621204",3052,18.58,8.52,9,11.89517547,0.04259906,5.28,21.66
"06037111206",4379,27.4,13.37,8.2,11.36662201,0.06591477,7.4,20.62
"06037480600",8038,20.42,6.75,17.9,11.3985122,0.05462941,14.87,11.64
"06037271802",5644,34.49,11.8,19.2,11.66040963,0.04588368,5.72,9.92
"06037554514",4700,30.53,9.68,20.9,11.89070824,0.04490202,7.81,18.13
"06037920031",4343,29.04,8.03,21.7,9.939752588,0.06718273,9.37,33.43
"06037464000",5623,20.98,7.14,18.5,10.81196096,0.05605125,10.42,18.12
"06037134423",3539,55.21,12.82,15.6,10.67639216,0.05938691,9.24,24.19
"06037920303",1608,31.71,9.92,15.4,9.922892997,0.06259362,11.26,7.77
"06037430400",4642,19.82,5.29,13.7,11.79500895,0.06350576,7.93,21.63
"06037135102",3726,40.43,13.82,14.5,11.07405896,0.05938691,9.45,16.48
"06037650603",3849,23.61,9.41,18.3,11.85289322,0.04125212,7.59,21.56
"06037910705",11613,79.73,18.78,32.7,7.804999738,0.06236471,11.43,8.59
"06037573902",2031,25.18,10.95,5.1,11.62611756,0.04259906,6.89,26.05
"06037900103",5939,135.82,20.79,59.8,6.737595691,0.06350576,14.33,12.8
"06037430803",5397,23.46,6.43,15.9,11.91047843,0.05938691,9.69,24.81
"06037186201",3201,26.16,6.02,30.4,11.74162162,0.0527438,10.15,16.12
"06037910207",6033,51.51,15.95,23.3,7.567773362,0.06236471,13.49,10.53
"06037141202",2674,27.64,14.32,17.1,11.64698253,0.05763123,10.1,11.14
"06037500202",4988,36.71,14.69,5.2,11.85755128,0.05070407,9.98,22.13
"06037701601",4194,22.14,11.98,7.5,11.69434868,0.04863521,10.85,21.67
"06037265602",3044,18.77,12.33,15.7,11.65326691,0.04899293,7.16,31.34
"06037463602",6057,16.62,5.88,27.3,11.08381171,0.05679963,10.71,12.2
"06037141400",5099,22.06,10.22,14.4,11.9420043,0.05938691,12.14,21.2
"06037400207",4608,34.88,11.79,8.3,12.30622172,0.06473142,8.31,20.1
"06037262704",3561,12.64,8.33,12.1,11.36879135,0.05022962,5.17,19.46
"06037297300",2193,55.88,10.14,19.5,11.60767179,0.03809217,20.66,17.28
"06037273502",2861,34.71,9.61,20.7,11.68337511,0.04588368,7.44,9.75
"06037300200",5352,24.88,9.78,18.7,11.3464301,0.06133785,9.94,15.64
"06037273600",2375,34.71,9.61,12.1,11.63925882,0.04588368,7.33,15.37
"06037701302",4868,24.3,13.52,12.5,11.74617518,0.0482775,5.79,12.72
"06037920017",4309,30.9,13.62,13.6,9.82382783,0.06464682,12.09,12.56
"06037920043",7130,40.07,10.52,8.2,10.05170787,0.06718273,19.14,9.57
"06037408723",2975,28.38,9.84,34.4,12.09228064,0.05116215,8.03,17.78
"06037106111",4191,54.8,11.71,19.3,10.85587997,0.0685917,11.45,14.72
"06037700901",3600,32.83,8.69,12.9,11.699038,0.04791979,7.03,13.28
"06037430724",4723,18.19,7.51,26.2,11.76789157,0.05938691,12.56,14.25
"06037920102",5466,27.24,9.36,25.3,7.211912338,0.06051699,13.87,10.3
"06037462400",3944,35.6,9.63,23.4,11.36217641,0.05938691,10.32,17.09
"06037300501",3264,22.81,9.51,10.2,11.4121755,0.06133785,13.6,18.11
"06037700300",6223,18.53,8.56,19.3,11.7451443,0.05022962,2.33,16.73
"06037296402",3312,39.55,8.43,19.8,11.60245628,0.03809217,13.35,15.88
"06037194402",3579,17.8,8.23,24.6,11.71336866,0.04939042,4.02,15.54
"06037214100",3668,31.27,11.2,10.1,11.89088295,0.04791979,11.45,14.01
"06037111204",6114,34.83,15.02,8.8,11.40771727,0.06464682,7.85,24.04
"06037273402",2641,33.16,9.24,27.5,11.66972548,0.04632538,4.35,17.27
"06037501501",2272,56.32,21.16,20.6,11.88524703,0.05278424,7.92,21.43
"06037310300",2881,39.31,10.77,9.9,11.75446657,0.06133785,13.85,19.54
"06037800327",5827,14.79,8.91,14.8,9.913488285,0.05219839,9.47,11.55
"06037274202",4284,26.81,9.7,22.6,11.64839617,0.04539285,6.98,22.83
"06037599000",3684,40.32,9.97,29.3,7.981629537,0.03809217,6.32,14.44
"06037400403",3906,41.32,12.83,15.6,12.15593043,0.06244084,8.24,16.85
"06037216300",4367,29.55,8.39,14.9,11.82297189,0.04753555,6.96,13.05
"06037431800",5655,15.22,5.97,23.9,11.77607393,0.05938691,9.3,23.7
"06037265410",1495,15.21,8.62,16.6,11.54047452,0.05022962,16.99,16.19
"06037463000",2665,21.05,7.03,11.4,11.64658844,0.060311,14.45,16.7
"06037108103",3099,26.14,12.81,8.6,10.94379099,0.06591477,8.87,25.56
"06037901004",12463,60.67,14.26,17.3,7.168119235,0.06236471,14.64,10.69
"06037702501",4965,35.85,10.92,6.2,11.68561304,0.04539285,11.7,13.78
"06037195100",4978,33.65,8.4,7.3,12.00322844,0.05022962,9.8,15.35
"06037297400",3356,34.49,9.62,9.7,11.46491729,0.03809217,4.05,33.52
"06037217001",2724,27.66,9.6,24.5,11.68010796,0.04716458,20.56,12.19
"06037702202",3969,33.5,11.93,12.3,11.69101747,0.04676708,10.38,19.63
"06037430701",5846,19,7.63,21.4,11.74239688,0.06133785,12.97,16.27
"06037920330",3225,32.41,11.9,15.5,9.957793429,0.06350576,8.09,34.08
"06037400206",5365,32.39,11.94,8.7,12.88984549,0.06350576,8.57,22.11
"06037401304",5449,39.48,11.99,10.8,12.33417442,0.05852448,6.7,21.44
"06037400402",4305,32.65,11.17,19.7,12.16620773,0.06350576,13.1,15.68
"06037430302",5339,48.33,11.22,18.9,11.87333886,0.06236471,9.76,17.48
"06037920112",4211,20.63,9.02,12.3,9.876284052,0.06464682,12.85,19.95
"06037700700",3575,18.87,10.95,7.7,11.62334721,0.05027629,9.73,17.29
"06037920033",598,32.96,9.23,34.8,9.930625459,0.06591477,6.02,16.72
"06037106603",3156,45.13,11.74,10.1,10.37209684,0.06591477,9.03,23.19
"06037910807",6424,40.87,11.07,16.3,10.03642942,0.06718273,13.45,10.51
"06037463400",5787,22.54,7.61,20.4,11.03330382,0.05763123,8.81,14.93
"06037297000",5597,62.23,10.8,16.1,11.58733944,0.03809217,10.85,17.37
"06037272100",4578,34.75,12.11,21.7,11.68678342,0.04588368,12.06,13.83
"06037920039",2191,52.57,13.72,9.7,10.31364147,0.06718273,8.85,13.97
"06037267902",3365,22.17,8.95,14.5,11.76246181,0.04791979,14.29,18.07
"06037481713",2736,25.04,6.45,41,11.964271,0.05334987,11.7,17.4
"06037800410",4031,5.94,4.18,13.1,9.974034972,0.05070407,4.74,7.72
"06037408629",3012,40.76,11.09,16.3,11.88787151,0.05219839,7.74,21.48
"06037403703",4542,37.39,10.64,24.6,12.20797458,0.05938691,8.48,24.35
"06037300701",5835,17.98,7.69,12,11.2573555,0.05948454,10.78,18.71
"06037430721",3963,17.71,6.96,17.3,11.83355229,0.06133785,12.39,19.66
"06037264103",2658,15.21,8.62,17,11.75489665,0.04939042,10.42,14.6
"06037620521",3958,28.1,9.02,17.6,12.06356922,0.04192559,17.46,8.29
"06037670416",4513,13.39,7.78,19,11.17290669,0.04050375,7.71,27.37
"06037430600",4553,17.31,4.98,17,11.77067294,0.06133785,12.63,20.69
"06037480704",4619,23.61,7.8,19,11.52562554,0.05462941,13.77,10.95
"06037310100",5644,27.78,8.42,13.4,11.41365521,0.06037951,10.86,16.87
"06037800329",6953,17.56,8.65,14.7,10.03635006,0.05225601,13.85,15.85
"06037275400",4069,23.7,8.39,11.8,11.67530401,0.04490202,6.98,12.73
"06037137401",4299,33.41,12.38,11.3,11.17770393,0.05763123,14,14.54
"06037201302",4341,32.28,7.74,32.4,11.80022725,0.05219839,10.23,16.59
"06037573601",6402,29.77,12.26,13,11.67288803,0.04192559,12.93,13.86
"06037620501",5726,25.78,9.84,15,11.99655082,0.04259906,14.63,12.92
"06037481800",2558,29.79,7.67,16,11.96491784,0.05219839,7.54,27.52
"06037462500",6146,31,8.71,16.2,11.56011948,0.05938691,14.07,20.39
"06037214600",2383,20.88,9.71,18.2,11.71898001,0.04863521,6.67,16.41
"06037920334",6217,30.6,11.05,19.2,9.953790794,0.06464682,10.54,18.56
"06037920040",3979,32.98,8.59,14.3,10.12600908,0.06718273,13.97,9.42
"06037134424",2916,59.15,13.71,9.9,10.2593901,0.05763123,6.86,22.7
"06037571800",3222,37.21,8.97,12.5,11.72819116,0.04125212,7.48,26.26
"06037570902",3583,34.4,15.1,18.1,11.67212819,0.04320513,10.63,13.06
"06037577100",7185,32.48,8.75,20.7,11.5700298,0.03975537,12.37,9.78
"06037403325",5348,25.31,9.41,15,12.06400634,0.04981739,14.19,16.14
"06037651401",2521,21.23,8.71,17.9,11.8333474,0.03975537,10.59,24.43
"06037503602",4212,30.79,13.09,11.1,11.90288337,0.0482775,8.24,18.3
"06037920114",6518,23.95,9.47,10.7,9.79582903,0.06350576,16.86,5.11
"06037265520",5059,14.36,7.64,14.4,11.78930596,0.04863521,10.87,15.56
"06037271902",4207,35.21,12.29,22.9,11.63080991,0.04588368,7.87,13.83
"06037700600",5021,16.23,9.16,15.8,11.60694985,0.05076979,7.97,26.91
"06037403304",4863,22.01,8.81,13.1,12.17233228,0.05116215,8.12,22.89
"06037650501",3044,26.42,10.43,NA,11.95004069,0.04125212,12.06,21.94
"06037277000",5566,24.93,11.05,7.1,11.85384693,0.0438112,12.47,19.3
"06037143800",5770,22.29,10.6,9.9,11.44967872,0.05535282,12.36,15.84
"06037920314",2920,24.8,9.88,17.4,9.79516754,0.06591477,10.1,12.12
"06037143602",4769,18.88,8.54,13.2,11.4411813,0.05605125,7.74,17.17
"06037135203",7515,39.46,13.28,16.9,10.39558293,0.05763123,13.72,17.86
"06037406601",5550,36.32,9.56,22.2,12.09070866,0.05605125,12.2,14.5
"06037139703",2861,41.28,8.47,17.1,11.88097157,0.05852448,13.25,22.75
"06037267100",6649,19.12,8.4,15.7,11.816624,0.04791979,10.6,15.88
"06037461200",4535,35.23,8.38,16.2,11.56015307,0.060311,7.96,21.57
"06037901007",2094,55.82,12.84,15.6,7.182323796,0.06236471,20.68,11.75
"06037910210",7239,51.51,15.95,16.3,7.290853268,0.06236471,12.43,7.94
"06037186203",3416,39.39,8.59,23.4,11.7845552,0.05219839,13.44,13.58
"06037920104",2933,29.34,10.49,5.6,7.997537218,0.05864821,10.36,12.1
"06037620102",3355,22.71,9.11,15.7,11.87096327,0.04320513,12.07,11.65
"06037460100",6196,36.14,8.66,5.4,11.463617,0.06133785,8.05,21.87
"06037800203",5533,19.96,7.12,9,10.36908275,0.05535282,9.99,14.75
"06037431700",6000,15.78,6.01,25,11.82561257,0.05938691,5.17,24.97
"06037480012",4975,17.41,7.94,16.6,11.66234707,0.05846283,14.17,16.84
"06037408722",4313,28.38,9.84,19.9,12.07967244,0.05070407,7.91,15.7
"06037920339",7420,15.49,7.48,7.5,9.567104301,0.06144634,12.9,6.29
"06037555202",3661,21.45,8.29,12.3,11.66766832,0.04320513,11.66,16.39
"06037920116",5481,29.55,10.63,15.5,8.795164145,0.06133785,15.64,11.88
"06037137302",4449,35.65,14.07,10.5,10.52350498,0.05679963,9.58,23.06
"06037113235",1824,39.9,11.01,20.9,9.859399641,0.05938691,13.05,14.09
"06037194101",3277,15.98,7.15,25.8,11.55801526,0.05168937,4.67,11.14
"06037403408",6512,25.43,10.06,15.9,12.14347718,0.05334987,7.77,23.42
"06037920026",386,21.93,11.1,49.9,9.828545598,0.06591477,2.33,20.21
"06037700501",3526,21.76,9.69,22,11.63231397,0.05022962,2.35,11.91
"06037408703",6545,20.31,7.2,13,11.9948863,0.04981739,7,17.1
"06037400501",2049,39.62,14.12,12.1,11.85026356,0.06473142,9.71,22.99
"06037141600",4178,18.74,8.47,9.7,11.57294261,0.05685511,10.44,20.75
"06037276604",4624,18.48,7.9,15.3,11.83676342,0.0438112,7.48,10.12
"06037135201",2788,38.39,13.28,14.6,10.96486927,0.05846283,10.4,17.32
"06037651304",4852,18.34,8.35,14,11.84477252,0.04192559,8.55,19.39
"06037500100",4840,47.28,15.01,12.8,11.85946236,0.05116215,11.71,20.14
"06037910805",4722,37.13,10.43,19.4,9.841317579,0.06473142,9.83,15.33
"06037462900",3797,27.41,9.21,10.8,11.53026546,0.05938691,13.62,16.25
"06037920119",1974,29.55,10.63,12.2,8.835842535,0.060311,13.48,4.2
"06037701304",6212,12.16,6.45,13.4,11.54136076,0.04863521,10.69,24.84
"06037920118",6035,27.08,9.75,8.4,9.153485627,0.06133785,12.34,9
"06037271400",3743,31.7,11.02,11,11.68678342,0.04632538,16.22,23.83
"06037400204",5637,39.86,13.68,5.8,12.50459127,0.06350576,6.3,22.39
"06037108201",5460,27.07,14.53,5.4,10.85003603,0.06464682,9.49,18.57
"06037701202",3381,24.3,13.52,8.2,11.7361215,0.0482775,13.07,18.31
"06037920329",7152,26.35,9.88,15.6,9.96832983,0.06464682,10.36,14.74
"06037574300",6052,23.8,12.66,8.2,11.60395303,0.04125212,8.66,16.23
"06037143400",7056,24.35,11.73,15.9,11.55415206,0.05763123,12.5,16.88
"06037430723",4365,18.84,7.73,23.2,11.81607431,0.05938691,12.05,10.49
"06037269100",4274,25.35,8.97,12.2,11.68010796,0.04791979,16.92,16.35
"06037194401",2391,16.75,8.03,18.8,11.72971837,0.04939042,3.3,13.43
"06037276603",5489,21.64,7.63,19.2,11.76854658,0.0438112,4.34,13.97
"06037276000",5657,26.3,11.75,6.3,11.88623299,0.0438112,9.03,18.05
"06037273800",2872,31.65,9.08,12.8,11.67264265,0.04588368,7.45,12.78
"06037408503",6673,40.55,11.19,11.7,11.92721209,0.05219839,10.7,22.21
"06037901205",10783,57.76,13.66,26.9,6.705407097,0.06236471,11.86,12.24
"06037574000",5165,22.1,9.44,7.7,11.58982961,0.04259906,11.31,16.46
"06037463300",1970,27.28,9.23,16.9,11.24475504,0.05846283,9.95,20.05
"06037264000",3069,15.21,8.62,8.5,11.35496193,0.04939042,13.59,26.75
"06037651201",5018,25.75,10.56,5.7,11.83292092,0.04125212,9.47,17.64
"06037296401",3229,22.24,6.91,13.5,11.60855194,0.03809217,7.06,23.69
"06037139701",5320,26.99,12.15,6.2,12.09810952,0.05938691,9.77,19.98
"06037101122",3405,26.78,13.25,13.1,11.09143346,0.06591477,5.37,19.97
"06037621201",6724,16.47,7.25,9.9,11.89517547,0.04192559,12.97,12.66
"06037554515",3793,30.05,9.24,8.7,11.72204658,0.0438112,6.12,24.68
"06037701501",5267,23.39,9.1,18.3,11.72139398,0.04791979,12.51,18.15
"06037621301",6973,20.23,9.24,10.8,11.84983331,0.04192559,13.55,12.71
"06037137301",2271,38.86,15.38,6.8,10.81493911,0.05763123,5.42,18.14
"06037143901",4069,23.02,11.06,10.8,11.42938279,0.05470056,11.87,22.36
"06037910209",5134,51.51,15.95,15.1,7.347414606,0.06236471,20.24,9.17
"06037574100",5014,24.7,10.39,10.6,11.65093923,0.04192559,11.75,15.22
"06037500201",7267,35.33,13.57,11,11.83019265,0.05070407,8.86,20.68
"06037463500",5982,23.69,8.06,13.4,10.4842992,0.05763123,10.2,9.36
"06037194102",3189,19.95,9.72,20.6,11.55141434,0.05225601,8.94,21.89
"06037910302",5517,48.08,14.72,11.8,7.18345099,0.06236471,14.23,14.19
"06037910301",3874,45.35,11.59,11.5,7.177851274,0.06236471,9.27,19.13
"06037480201",3787,16.66,7.38,14.8,11.39019113,0.05605125,9.14,21.84
"06037920028",7091,28.86,10.1,9.7,9.998216457,0.06591477,21.28,7.59
"06037269300",3840,31.87,12.85,7.4,11.70761895,0.04716458,14.19,19.17
"06037800324",6966,18.37,10.79,9.5,9.574791665,0.05116215,13.26,16.32
"06037910810",2599,35.14,10.32,7.2,9.99279126,0.06718273,13.58,9.08
"06037300901",6540,22.23,9.18,6.5,11.32292402,0.05685511,14.45,18.88
"06037138000",4780,33.07,11.7,13.6,11.36947068,0.05763123,11.21,22.74
"06037800202",6065,22.65,8.48,14.4,10.34173224,0.0534139,12.02,17.3
"06037480002",3623,19.25,9.56,14.1,11.56606477,0.05763123,9.85,22.61
"06037139702",6447,17.69,6.93,9.7,11.74829092,0.05763123,11.76,24.03
"06037920107",6295,21.43,9.14,5.7,9.525795551,0.06244084,19.83,6.37
"06037920108",5386,19.26,8.06,12.7,9.609631058,0.06350576,20.33,4.2
"06037573700",5009,29.73,12.24,10.3,11.58573049,0.04259906,16.03,15.25
"06037273700",2895,29.45,8.35,18.5,11.63925882,0.04588368,8.84,10.43
"06037460800",3103,19.78,5.32,8.3,11.24037378,0.05685511,9.51,30.04
"06037300301",6024,24.32,9.62,11.5,11.111859,0.06350576,9.38,19.79
"06037920044",2399,30.9,13.62,7.1,10.00715869,0.06464682,14.55,10.75
"06037577300",5431,19.39,9.69,9.9,11.55531683,0.03975537,5.86,12.76
"06037701201",4088,12.24,6.48,8.9,11.52951802,0.04901945,12.55,24.9
"06037576700",3935,17.3,7.25,27,11.58107322,0.03975537,6.68,23.07
"06037143700",3811,13.69,6.24,12.4,11.57869279,0.0534139,10.05,12.49
"06037620702",7375,27.72,10.73,4.8,11.90461047,0.04192559,15.57,12.54
"06037403324",7193,25.95,9.75,16.2,12.18680632,0.05070407,11.54,17.56
"06037403407",2314,23.85,9.36,13.5,12.01790487,0.05462941,6.53,14.39
"06037651302",6204,19.66,8.41,13.1,11.76502063,0.04125212,12.77,20.31
"06037620201",1529,12,7.25,9.5,11.87723876,0.04320513,8.76,9.29
"06037400404",4268,40.39,14.53,13,11.98142036,0.06473142,6.12,21.46
"06037265601",3615,15.2,9.45,17.3,11.78930596,0.04863521,11.4,14.05
"06037276601",4115,18.05,7.15,14,11.64915206,0.04435661,9.02,18.47
"06037264102",2998,15.21,8.62,12.4,11.54047452,0.04939042,6,15.71
"06037194200",3524,16.23,7.6,7.9,11.58761166,0.05168937,9.73,13.02
"06037670403",2733,9.34,5.34,8.5,11.59155268,0.04125212,8.85,25.76
"06037577200",5848,18.92,9.14,19,11.53298805,0.03975537,3.49,10.7
"06037670202",2637,9.22,4.97,10.1,11.66727825,0.04050375,12.67,22.41
"06037460200",5861,45.18,10.51,7,11.39134301,0.06133785,10.75,20.05
"06037620400",5279,12.44,7.52,6.3,11.88129463,0.04259906,10.61,19.44
"06037276400",4071,24.02,10.59,11.8,11.79594785,0.0438112,10.83,24.61
"06037800504",2334,13.77,7.26,16,10.47789549,0.05027629,3.94,30.55
"06037480703",3612,23.57,7.75,9.3,11.51304733,0.05462941,15.09,12.49
"06037430301",4319,39.06,9.27,7.8,11.55529716,0.06350576,9.68,21.51
"06037401001",3062,40.41,14.54,11.9,12.04140706,0.06236471,11.27,16.46
"06037408706",1835,20.03,7.16,12.6,12.10177321,0.05022962,8.01,22.4
"06037901210",1631,34.55,10.16,33.1,6.035526115,0.06350576,10.3,17.29
"06037574901",3697,23.8,12.66,13.2,11.57897764,0.04125212,9.74,10.6
"06037430003",4971,30.47,7.12,9.5,11.41693551,0.06473142,9.64,19.47
"06037577400",2947,19.39,9.69,26.6,11.55531683,0.03975537,8.38,14.18
"06037403320",4992,24.85,9.39,14.3,12.34599271,0.05219839,9.13,17.05
"06037460000",4421,21.74,7.13,9.9,11.53077517,0.06133785,9.32,25.13
"06037400205",2846,28.35,10.64,3.5,12.68205587,0.06473142,5.27,23.19
"06037574500",6631,20.78,11.02,10,11.55366286,0.04192559,12.88,17.54
"06037431600",4190,16.34,6.31,12.4,11.77591979,0.05938691,6.3,26.83
"06037430502",6902,20.44,6.86,11.7,11.73101532,0.06133785,10.43,19.73
"06037901213",3853,34.24,10.61,12.9,6.731369745,0.06350576,12.02,18.12
"06037621004",4086,15.75,8.04,8.3,11.90701301,0.04259906,6.98,15.17
"06037620001",4251,22.13,8.89,11.4,11.85637687,0.04320513,15.03,12.73
"06037920018",2024,26.24,11.71,11.4,9.764286878,0.06464682,11.17,11.51
"06037910804",2964,32.59,9.54,26.9,8.752683429,0.06350576,7.29,15.72
"06037620602",5040,22.62,8.76,4.5,11.96320524,0.04125212,10.93,15.3
"06037265100",2454,14.63,10.02,16.2,11.66564816,0.04981739,7.09,46.78
"06037910809",2070,35.16,9.29,6.9,10.12468543,0.06718273,12.95,19.42
"06037574602",1291,14.2,7.44,16.1,11.50739377,0.04125212,6.35,35.48
"06037264302",5882,12.81,7.04,15.4,11.6359773,0.04901945,9.28,17.63
"06037621324",3740,20.4,9.33,10.5,11.85025599,0.04192559,7.27,14.12
"06037910813",4080,20.94,10.72,13.6,9.340705171,0.06473142,9.61,18.24
"06037403305",2294,15.38,6.01,12.5,12.10414328,0.05022962,10.59,14.65
"06037920020",6501,22.57,10.42,21.2,9.588613344,0.06464682,10.2,14.03
"06037573800",4309,28.72,11.85,6.8,11.66333946,0.04259906,12.02,14.76
"06037430200",1026,16.82,6.32,15.9,11.58348102,0.06350576,7.5,35.58
"06037408627",3076,28.33,9.82,17.3,12.00875256,0.05168937,9.53,24.67
"06037278102",3088,19.89,6.95,8.3,11.76854658,0.04435661,4.92,18.85
"06037139802",4126,42.56,10.2,12.9,11.74846744,0.05763123,11.42,25.42
"06037134421",4234,37.54,10.49,8,10.43018258,0.05846283,6.21,18.26
"06037621104",7132,14.07,7.11,11.8,11.9049452,0.04259906,11.68,7.29
"06037300702",5430,14.43,8.61,11.7,11.41309053,0.05864821,10.22,19.98
"06037462600",2152,39.42,10.57,7.6,11.41728243,0.05938691,10.83,21.14
"06037189400",3164,20.89,9.16,9,11.7381295,0.05168937,10.18,13.91
"06037670407",6269,11.67,6.74,14.3,11.53576985,0.04125212,10.62,16.35
"06037800332",6543,17.25,10.37,12.7,9.536805374,0.05168937,7.03,18.83
"06037577501",3370,19.39,9.69,13.7,11.49358879,0.04050375,3.23,33.86
"06037670701",7185,15.06,6.56,12.5,11.59614426,0.03892377,11.54,23.26
"06037460700",5139,17.21,6.55,7,11.23565364,0.05938691,10.24,18.95
"06037920109",5696,18.68,8.54,15.7,9.684342786,0.06350576,14.61,13.69
"06037620800",7844,12.41,7.23,8.6,11.93465078,0.04259906,14.78,17.2
"06037670602",6862,11.82,6.59,8.5,11.29044264,0.03969989,6.5,29.67
"06037800331",732,18.96,7.33,9.9,9.449712535,0.05067132,14.62,14.62
"06037108104",1836,26.58,13.23,NA,10.70323464,0.06591477,11.6,18.46
"06037800102",7213,13.91,6.03,10.8,10.63554196,0.05352109,8.85,18.11
"06037430501",4030,18.23,6.1,7.1,11.66666192,0.06350576,10.05,28.31
"06037620522",5024,28,10.86,12.3,12.06356922,0.04259906,16.98,9.77
"06037650502",4259,17.13,6.85,15.5,11.86370411,0.04125212,11.06,18.85
"06037480500",5108,21.1,7.02,14.8,11.37911949,0.05462941,10.36,16.58
"06037920331",3482,29.44,10.82,7.7,9.887963537,0.06464682,13.18,14.24
"06037261101",3389,14.73,7.89,9.1,11.35614273,0.05225601,9.06,19.27
"06037464200",6073,10.59,5.29,10.3,11.35077304,0.05763123,9.85,19.81
"06037271500",3187,28.13,9.98,10.4,11.59513461,0.04632538,11.23,23.41
"06037910808",3445,32.81,9.62,12.5,9.992603026,0.06718273,12.51,11.9
"06037577504",1378,19.39,9.69,13.3,11.49358879,0.03975537,4.64,24.24
"06037300100",6014,26.19,10.2,7.7,11.11453417,0.06350576,11.71,19.54
"06037621326",3017,20.4,9.33,8.9,11.84477252,0.04192559,4.84,18.83
"06037269000",4813,20.3,7.6,8.7,11.76824477,0.04712258,9.1,21.09
"06037141500",2982,20.79,9.24,6.2,11.6681151,0.05685511,12.51,23.44
"06037464100",7121,10.66,5.06,11.8,10.96820491,0.05685511,9.41,21.42
"06037620305",5845,13.27,8.45,8.1,11.82131805,0.04320513,13.5,16.34
"06037670324",5091,12.2,6.51,11.6,11.54202908,0.04192559,11.1,25.12
"06037620701",7211,22.51,8.97,10.1,11.9317044,0.04192559,14.23,12.7
"06037920012",1111,22.22,10.7,19.1,8.261776749,0.06350576,11.07,18
"06037460501",5614,18.17,7.2,9.3,11.1492377,0.06133785,11.22,21.2
"06037262200",4405,8.53,4.57,3.2,11.4065172,0.05352109,13.46,26.13
"06037262100",2678,11.32,7.31,9.5,11.39244405,0.05235247,7.51,37.38
"06037920015",6578,22.24,11.96,5.2,9.376598108,0.06464682,13.42,7.75
"06037621400",4305,17.8,8.03,10.8,11.88367418,0.04125212,10.78,16.33
"06037269500",3797,26.53,9.22,5.5,11.72153182,0.04716458,17.59,15.67
"06037920338",5711,21,11.66,8.4,9.910647406,0.06350576,12.64,9.49
"06037141700",3161,12.02,6.68,3.7,11.47297029,0.05605125,10.5,19.93
"06037621102",3069,12.93,6.02,11.1,11.9049452,0.04259906,14.76,11.21
"06037670413",4433,14.34,8.35,7.6,11.58973137,0.04125212,11.21,27.16
"06037480702",4284,19.07,5.65,9.1,11.60964227,0.05334987,12.79,19.47
"06037920111",2738,17.94,7.92,8.6,9.760544925,0.06464682,14.43,15.52
"06037800406",2529,14.25,7.7,13.2,9.280883734,0.0482775,7.51,28.15
"06037800101",5738,16.22,6.15,11.3,10.83831792,0.05535282,9.03,21.49
"06037262501",3785,11.69,7.62,6.5,11.35479283,0.05022962,15.11,20.98
"06037261200",4182,9.36,5.65,13.7,11.34895585,0.05286538,13.53,22.07
"06037650702",4731,22.04,8.79,5.8,11.85393375,0.04125212,11.44,16.97
"06037460502",4277,18.17,7.2,4.7,11.30721329,0.060311,12.06,15.71
"06037920045",4282,24.51,11,7.6,9.68763411,0.06464682,10.49,10
"06037460600",4416,17.27,6.85,9.8,11.14216519,0.06133785,10.71,17.21
"06037463800",4066,23.17,6.68,10.1,11.34982652,0.05535282,15.94,23.29
"06037262302",2845,15.21,8.62,8.8,11.47355111,0.051214,11.53,21.86
"06037262301",2748,11.25,6.47,11.6,11.36946734,0.05352109,9.13,26.67
"06037670328",4730,11.9,6.45,7.4,11.52390363,0.04192559,4.78,26.07
"06037621002",879,14.32,7.38,8.9,11.90701301,0.04259906,5.57,18.89
"06037577604",1367,18.08,9,7.8,11.49358879,0.04050375,3.73,30.58
"06037920110",3088,26.16,11.43,2.7,9.803298353,0.06350576,8.06,6.06
"06037262303",3038,15.21,8.62,8.6,11.42938126,0.05070407,10.53,28.44
"06037194300",3262,12.8,6.13,7.4,11.50092642,0.05168937,8.49,16.34
"06037670326",3613,12.61,6.81,11.2,11.54448189,0.04192559,9.66,31.03
"06037261102",3520,13.11,7.51,9.5,11.32775522,0.05286538,10.06,29.83
"06037143902",2766,15.32,7.71,9,11.4048767,0.05535282,7.48,18.08
"06037137504",2155,28.25,9.06,6.8,11.6497582,0.05763123,6.26,25.24
"06037265420",1838,11.93,6.97,9.5,11.46050297,0.05022962,14.42,23.29
"06037800325",3573,16.99,9.38,5,9.408842934,0.05022962,9.04,28.63
"06037621001",4373,12.77,6.38,6.7,11.90424581,0.04259906,11.09,17.47
"06037800506",3270,11.79,6.24,12.5,10.77799813,0.05076979,6.24,27.77
"06037262601",3539,12.66,8.34,3.3,11.09276516,0.05219839,12.21,23.62
"06037670405",2864,9.66,5.5,9.9,11.30663061,0.04050375,7.89,34.74
"06037670500",1513,8.46,4.71,7.5,11.28187771,0.03969989,4.82,32.91
"06037670411",4356,9.65,5.52,8.9,11.60915835,0.04125212,8.91,22.89
"06037670201",3820,13.09,6.09,8.4,11.58424268,0.04050375,10.6,22.17
"06037800330",882,8.64,4.61,13.6,9.821299418,0.05070407,13.72,18.93
"06037800408",7274,14.25,7.7,10.6,9.867044703,0.04939042,4.52,22.08
"06037620301",4819,13.27,8.45,5.8,11.83029203,0.04259906,13.3,15.38
"06037620303",4502,13.27,8.45,3.5,11.86076093,0.04259906,15.73,17.13
"06037262706",3571,10.75,6.93,9.7,11.39613833,0.04981739,12.99,20.36
"06037920032",3558,18.27,8.04,10.9,9.88794156,0.06591477,12.93,8.63
"06037620901",2785,12.59,7.96,13,11.94760607,0.04259906,12.78,19.57
"06037920016",3563,16.94,8.67,4.9,9.640486676,0.06464682,9.68,11.28
"06037670406",1759,8.35,4.66,6.3,11.33542538,0.04125212,8.53,27.4
"06037262604",5523,12.1,7.93,10.6,11.24903635,0.05116215,14.01,27.65
"06037800326",4741,12.13,6.79,9.5,9.401515514,0.04987653,8.69,26.91
"06037670702",5649,13.41,6.99,3.9,11.40400736,0.03892377,7.97,26.45
"06037620904",2897,12.51,7.91,6.6,11.87910662,0.04259906,12.6,16.6
"06037262802",3424,8.83,5.08,7.2,11.33956819,0.04981739,11.42,26.69
"06037262400",3059,10.27,6.15,7.7,11.33070843,0.05298778,12.52,22.98
"06037115103",3381,16.46,6.49,86.3,11.91777546,0.06464682,0,0.12
"06037265301",11977,4.28,7,NA,11.7322535,0.04981739,0,0
"06037320000",0,NA,NA,NA,11.6343367,0.05462941,NA,NA
"06037401901",3945,32.28,11.88,NA,13.1458121,0.06133785,0.48,0
"06037402404",1862,38.82,8.97,NA,12.22929541,0.05535282,0,0
"06037403200",399,62.76,13.19,92.2,12.3211573,0.05462941,0,37.59
"06037504102",9,31.6,11.92,NA,11.95328099,0.04673761,0,0
"06037532400",45,109.89,20.16,4.4,12.18145711,0.04673761,15.56,11.11
"06037550000",1982,48.8,18.77,74.2,11.91621477,0.04716458,2.47,12.92
"06037551600",31,50.47,20.48,NA,12.01522104,0.04490202,0,61.29
"06037574601",2276,23.8,12.66,NA,11.50048427,0.04125212,0,0
"06037574700",133,23.8,12.66,NA,11.50167576,0.04125212,0,66.17
"06037575500",93,105.77,23.31,84.9,11.70731307,0.03975537,0,25.81
"06037599100",483,40.02,9.94,27,6.65308471,0.04042468,0,14.7
"06037901003",4895,60.67,14.26,NA,7.135657052,0.06236471,0,2.17
"06037910811",179,25.67,5.91,NA,9.386662423,0.06604873,2.79,15.08
"06037910812",363,107.67,20.37,18.2,8.378934678,0.06350576,7.16,19.83
"06037920011",172,22.27,11.98,NA,8.887633717,0.06591477,2.91,19.77
"06037920200",5393,29.55,10.63,NA,8.966877132,0.06133785,0,0.28
"06037930101",90,14.83,5.11,NA,11.01289795,0.06362631,0,35.56
"06037930200",461,31.56,7.57,34.7,10.20564245,0.06727674,6.29,9.54
"06037930301",796,23.43,7.07,NA,10.66986992,0.06727674,2.39,19.22
"06037980001",0,NA,NA,NA,11.50704213,0.06133785,NA,NA
"06037980002",0,NA,NA,NA,11.82071647,0.03975537,NA,NA
"06037980003",0,48.53,11.32,NA,6.463688923,0.06236471,NA,NA
"06037980004",0,69.91,11.74,NA,7.008507512,0.06236471,NA,NA
"06037980005",0,NA,NA,NA,12.05702425,0.04125212,NA,NA
"06037980006",0,NA,NA,NA,11.59486818,0.04255413,NA,NA
"06037980007",0,NA,NA,NA,11.50464038,0.04125212,NA,NA
"06037980008",68,77.98,19.65,NA,12.44156978,0.06350576,51.47,0
"06037980009",5,19.71,9.33,NA,11.68980073,0.05352109,0,0
"06037980013",0,10.26,4.83,NA,11.87156031,0.04259906,NA,NA
"06037980014",9,76.44,21.59,NA,11.73199819,0.03969989,0,0
"06037980018",0,13.39,6.23,NA,11.66903283,0.04192559,NA,NA
"06037980019",138,7.45,3.87,7.2,11.08887827,0.05298778,13.77,42.75
"06037980020",0,NA,NA,NA,11.14405162,0.06350576,NA,NA
"06037980021",33,25.15,5.03,NA,11.14059986,0.06718273,0,0
"06037980022",0,20.33,4.67,NA,10.85492594,0.06718273,NA,NA
"06037980023",0,32.34,8.79,NA,10.2803094,0.05938691,NA,NA
"06037980024",223,44.79,11.36,3.6,12.2323268,0.06037951,18.39,11.21
"06037980025",0,NA,NA,NA,12.11934441,0.04125212,NA,NA
"06037980026",26,25.42,10.22,NA,10.86280505,0.06591477,0,0
"06037980028",0,24.48,9.88,NA,11.96866046,0.04320513,NA,NA
"06037980030",0,NA,NA,NA,11.88582151,0.04320513,NA,NA
"06037980031",1175,101.63,14.35,NA,11.75446846,0.03809217,1.7,9.7
"06037980033",16,39.36,8.8,NA,11.79278699,0.03892377,0,100
