"GEOID","net3_popcentroid","net1_popcentroid","walk3_popcentroid_min","walk1_popcentroid_min","net3_popcentroid_open","net3_popcentroid_merged","net3_popcentroid_pna2016","net_snap_m","net_component","net3_parks"
"06037920336",0.574389937763461,0.323352247872425,11.4877987552692,6.4670449574485,0.574389937763461,0.574389937763461,0.562183100691959,22.3565542805338,1,"740 1428 1396"
"06037920044",1.09586763302314,0.990284861409369,21.9173526604629,19.8056972281874,1.09586763302314,1.09586763302314,0.73093943867812,30.3716771452413,1,"34 187 785"
"06037573003",0.231559567127973,0.163695269625388,4.63119134255945,3.27390539250775,0.231559567127973,0.231559567127973,0.231559567127973,11.6219384121897,1,"296 1220 1212"
"06037571704",0.32731970293486,0.264928442893502,6.54639405869721,5.29856885787004,0.334036725522946,0.32731970293486,0.355498886502824,22.344958348924,1,"134 1188 1666"
"06037570403",0.697397821721149,0.475558985524537,13.947956434423,9.51117971049073,0.697397821721149,0.697397821721149,0.86377990038177,25.0063074678667,1,"1887 277 959"
"06037553503",0.457273895450569,0.0140274546647578,9.14547790901137,0.280549093295156,0.457273895450569,0.457273895450569,0.457273895450569,18.4776351875197,1,"102 433 810"
"06037552302",0.518551658315438,0.0763348295951642,10.3710331663088,1.52669659190328,0.835990937922532,0.518551658315438,0.4974144744691,14.8074867275022,1,"1890 533 748"
"06037503104",1.19895187107293,0.765029105026644,23.9790374214587,15.3005821005329,1.2759751799491,1.19895187107293,1.19894255050505,37.0421215392237,1,"113 405 1793"
"06037550602",1.17321032669212,0.846305699713672,23.4642065338424,16.9261139942734,1.18715700310188,1.17321032669212,1.06441506601448,22.5515059979508,1,"314 407 1992"
"06037550601",1.24338612502983,0.724157793486042,24.8677225005965,14.4831558697208,1.24338612502983,1.24338612502983,1.24338612502983,8.28083375598267,1,"314 877 1041"
"06037550202",0.652026540006363,0.37666651753758,13.0405308001273,7.53333035075161,0.652026540006363,0.652026540006363,0.645388431559691,4.75051410788833,1,"1591 1059 572"
"06037550201",0.760709953869403,0.378625700906705,15.2141990773881,7.5725140181341,0.760709953869403,0.760709953869403,0.555914708104669,5.78926930956731,1,"611 570 478"
"06037544002",0.905981567644954,0.626189925833134,18.1196313528991,12.5237985166627,0.905981567644954,0.905981567644954,0.970268631193828,35.9896018772319,1,"324 989 1980"
"06037544001",0.866931495068798,0.279072093971208,17.338629901376,5.58144187942416,0.866931495068798,0.866931495068798,0.995532962499006,25.9511588657199,1,"324 989 1980"
"06037543905",1.22512278294759,0.754554029467907,24.5024556589517,15.0910805893581,1.22512278294759,1.22512278294759,1.20441061699674,11.5635226037965,1,"2039 530 230"
"06037139504",1.22008408394973,1.15570443609322,24.4016816789947,23.1140887218643,1.22008408394973,1.28895438141255,1.2249693042631,1.90151597552933,1,"933 140 2185"
"06037139503",1.37021917004693,1.21526100075559,27.4043834009385,24.3052200151117,1.37021917004693,1.37021917004693,1.37495153304701,15.4718058924042,1,"2287 2128 2185"
"06037139401",0.838310516583154,0.252625914658395,16.7662103316631,5.0525182931679,0.838310516583154,0.838310516583154,0.83691802374135,50.8409331375465,1,"2287 2390 2339"
"06037137103",0.610771221068957,0.247404532530025,12.2154244213791,4.94809065060049,0.610771221068957,0.610771221068957,0.610778056152072,5.9910227095671,1,"2432 2152 2456"
"06037134905",1.31680796647578,1.05868105265251,26.3361593295156,21.1736210530502,1.31680796647578,1.31680796647578,1.31680796647578,168.003297873724,1,"2238 2432 2152"
"06037134522",1.16156272369363,0.802087682931679,23.2312544738726,16.0417536586336,1.16156272369363,1.16156272369363,0.701176379941144,31.3358472284389,1,"2253 2238 2369"
"06037301206",0.613024934383202,0.466753534359341,12.260498687664,9.33507068718683,0.613024934383202,0.613024934383202,0.613024934383202,17.5553858322267,1,"398 1315 804"
"06037301205",0.770220039966595,0.615783822476736,15.4044007993319,12.3156764495347,0.770220039966595,0.770220039966595,0.769977705201623,24.9822776195644,1,"1315 804 1317"
"06037300301",0.400476218881731,0.148932732840213,8.00952437763461,2.97865465680426,0.400476218881731,0.400476218881731,0.400476218881731,6.75568359666755,1,"336 1326 738"
"06037501002",0.350522945995387,0.264257362005886,7.01045891990774,5.28514724011771,0.504598768193748,0.350522945995387,0.350667104111986,40.4988575320137,1,"1868 1799 694"
"06037501001",0.300911427264774,0.0295698122961903,6.01822854529547,0.591396245923805,0.495004175614412,0.300911427264774,0.300664121530263,32.0691229413885,1,"1823 1615 1130"
"06037500404",0.475549664956653,0.402255825976298,9.51099329913306,8.04511651952597,0.591309253956892,0.475549664956653,0.475549664956653,6.08086537585849,1,"1090 1889 817"
"06037481606",0.865952214069832,0.44977270241788,17.3190442813966,8.99545404835759,0.867538574723614,0.865952214069832,0.777414275630319,6.82725115840474,1,"719 1597 1977"
"06037500403",0.229746405989024,0.131088194941541,4.59492811978048,2.62176389883083,0.415615927980593,0.305920300445399,0.229746405989024,18.6841614693867,1,"912 755 1090"
"06037433101",0.71741405193669,0.428598236300008,14.3482810387338,8.57196472600016,0.71741405193669,0.71741405193669,0.71351743319017,1.53721758654764,1,"381 1491 871"
"06037911001",1.31903620357114,0,26.3807240714229,0,1.31944195895968,1.31903620357114,1.31903620357114,77.5072064364816,1,"1165 1166 1182"
"06037910813",2.23859845999364,0.720762621291657,44.7719691998727,14.4152524258331,2.23859845999364,6.25487030740476,2.23859535313768,79.1531288971435,1,"65 1909 177"
"06037910716",1.82267308915931,1.69231997633819,36.4534617831862,33.8463995267637,1.82267308915931,1.82267308915931,1.82267308915931,27.1415316152342,1,"777 1381 536"
"06037910715",0.93164544062674,0.717046821562077,18.6329088125348,14.3409364312416,0.93164544062674,0.93164544062674,0.93164544062674,29.6928358275105,1,"536 777 1381"
"06037910714",0.469829321760916,0.285110579217371,9.39658643521832,5.70221158434741,0.469829321760916,0.469829321760916,0.847950469259524,30.2421744290224,1,"1363 2495 323"
"06037910711",1.63026239262706,1.59522451383918,32.6052478525412,31.9044902767836,1.63026239262706,1.63026239262706,1.63026239262706,37.7455697732572,1,"323 777 1378"
"06037910606",1.00721598365545,0.385399889644476,20.144319673109,7.70799779288953,1.00721598365545,1.00721598365545,1.00721598365545,13.15114267571,1,"777 536 1378"
"06037910605",1.12913522528434,0.77348472421061,22.5827045056868,15.4696944842122,1.12913522528434,1.12913522528434,1.12913522528434,1.55105285294253,1,"1378 777 536"
"06037135114",0.850293660025451,0.547564100652191,17.005873200509,10.9512820130438,0.850293660025451,0.850293660025451,0.850300495108566,53.8152852194311,1,"2432 2456 2369"
"06037135113",0.729628345462499,0.317597729261115,14.59256690925,6.3519545852223,0.729628345462499,0.729628345462499,0.729634559174421,10.4676334553574,1,"2456 2432 2369"
"06037134903",1.38793011313927,0.544548586256263,27.7586022627853,10.8909717251253,1.38793011313927,1.38793011313927,1.28193537242504,41.8157612416154,1,"2238 2369 2432"
"06037134521",1.060803035274,0.67389694185954,21.21606070548,13.4779388371908,1.060803035274,1.060803035274,0.83867588284419,11.9846637594893,1,"2238 2253 2355"
"06037131701",1.30594515529309,1.08481530362682,26.1189031058618,21.6963060725364,1.30594515529309,1.30594515529309,1.26248645410801,29.1720225564988,1,"2355 2255 1708"
"06037128801",0.401899780283146,0.269460724369681,8.03799560566293,5.38921448739362,0.40532229280999,0.401899780283146,0.404308836395451,35.1787665133466,1,"2279 2371 63"
"06037127712",1.36631012387656,1.30656341962936,27.3262024775312,26.1312683925873,1.44960741768074,1.36631012387656,1.36631074524775,37.7213403589542,1,"2000 2163 1193"
"06037127606",0.684730548596198,0.616929009584029,13.694610971924,12.3385801916806,0.889771857353058,0.684730548596198,0.684730548596198,11.8507681521859,1,"2000 569 2001"
"06037127604",1.03936013680108,0.756664206036745,20.7872027360216,15.1332841207349,1.34953434442854,1.03936013680108,1.03936013680108,11.3027425051316,1,"2000 569 2001"
"06037124903",0.949757168138074,0.775808031098385,18.9951433627615,15.5161606219677,1.12614021613776,0.949757168138074,1.12564995426708,36.4880189361227,1,"1805 2403 2301"
"06037124204",0.7210633649487,0.651276544977332,14.421267298974,13.0255308995466,0.7210633649487,0.7210633649487,0.724728212240515,3.47133839584606,1,"2395 2301 2446"
"06037124203",0.60050430485962,0.383868831026803,12.0100860971924,7.67737662053607,0.60050430485962,0.60050430485962,0.596523801002147,0.270737268079298,1,"2395 2446 2425"
"06037124105",0.732472982780561,0.288205007754712,14.6494596556112,5.76410015509425,0.732472982780561,0.732472982780561,0.731738522031337,46.748734112662,1,"2395 2408 2425"
"06037124103",0.834933364153344,0.742665955818023,16.6986672830669,14.8533191163605,0.834933364153344,0.834933364153344,0.834203253002466,9.40038200863908,1,"2425 2395 2408"
"06037122121",1.2501603137676,0.353137054601129,25.0032062753519,7.06274109202259,1.2501603137676,1.2501603137676,1.25015782828283,57.9265218045746,1,"2385 2158 2418"
"06037121222",0.735347445915851,0.323525610435059,14.706948918317,6.47051220870118,0.735347445915851,0.735347445915851,0.990990739083751,14.4512944341327,1,"2092 2373 378"
"06037121221",0.629304238248628,0.433609594965402,12.5860847649726,8.67219189930804,0.629304238248628,0.629304238248628,0.629304238248628,8.73522854570107,1,"378 1139 2373"
"06037121101",0.974584054123916,0.586340769903762,19.4916810824783,11.7268153980752,0.974584054123916,0.974584054123916,0.974581568639147,20.4650613856209,1,"2385 2418 2158"
"06037120108",0.468493373697606,0.153866420106578,9.36986747395212,3.07732840213155,0.468493373697606,0.468493373697606,0.455232069712877,5.2570605048442,1,"2367 2398 2300"
"06037481605",0.820225508033087,0.662052364193112,16.4045101606617,13.2410472838622,0.820225508033087,0.820225508033087,0.667425982263581,1.09813195721959,1,"1597 719 148"
"06037124902",0.916543013799411,0.752336355682812,18.3308602759882,15.0467271136562,1.0914770241788,0.916543013799411,1.0874586166786,15.5112806646015,1,"1805 2403 2301"
"06037124104",0.757621739043983,0.573315586972083,15.1524347808797,11.4663117394417,0.757621739043983,0.757621739043983,0.756887278294759,1.55366955467793,1,"2395 2425 2408"
"06037123902",0.633883743935417,0.564776082677165,12.6776748787083,11.2955216535433,0.798942301956574,0.633883743935417,0.795647170524139,24.5994021286325,1,"2408 1805 2301"
"06037121102",1.46010299848883,1.14469498130915,29.2020599697765,22.8938996261831,1.73043426389883,1.46010299848883,1.46009927026167,82.8726756345201,1,"1182 2385 2379"
"06037106645",0.69853679511652,0.0194439473474907,13.9707359023304,0.388878946949813,1.10177500894775,0.796670568877754,0.796670568877754,25.1436523251269,1,"1938 1939 2411"
"06037104204",0.858108024139028,0.240056818181818,17.1621604827806,4.80113636363636,0.858108024139028,0.858108024139028,0.718747514515231,103.748022697376,1,"2230 1702 1893"
"06037297602",0.290660045335242,0.180459864391951,5.81320090670484,3.60919728783902,0.290660045335242,0.290660045335242,0.290660666706434,37.0100282987411,1,"2101 2272 462"
"06037297601",0.198408171279726,0.0655378837588483,3.96816342559453,1.31075767517697,0.198408171279726,0.203037386661895,0.198667283066889,4.91067237096138,1,"205 2272 2330"
"06037910505",1.14518213632387,0.531635250139187,22.9036427264774,10.6327050027837,1.18250169012964,1.14518213632387,1.14518213632387,11.5099535259364,1,"1381 1775 696"
"06037910504",0.911375069593573,0.874089691203372,18.2275013918715,17.4817938240674,0.989327328402131,0.952837926509186,0.911375069593573,5.38280285654459,1,"1775 696 1382"
"06037910002",1.32696738546886,0.351717842798059,26.5393477093772,7.03435685596119,1.32696738546886,1.32696738546886,1.32696738546886,66.5903840627717,1,"1454 374 517"
"06037901011",1.13656868885707,0.940222848564384,22.7313737771415,18.8044569712877,1.13656868885707,1.13656868885707,1.13634561659906,0.36560599472912,1,"836 856 1748"
"06037901010",0.798842261194623,0.0717354400302235,15.9768452238925,1.43470880060447,0.798842261194623,0.798842261194623,0.798731657122405,1.72685760052459,1,"836 856 1170"
"06037901009",1.82497340531297,1.4865118955301,36.4994681062594,29.7302379106021,1.82497340531297,1.82497340531297,1.82474536208542,8.90094346852228,1,"856 836 1748"
"06037900609",1.55904144794401,1.44357825300247,31.1808289588801,28.8715650600493,1.55904144794401,1.55904144794401,1.5646132834248,14.7084142041635,1,"1003 315 347"
"06037502802",0.506252858307484,0.0722909458760837,10.1250571661497,1.44581891752167,0.506252858307484,0.506252858307484,0.506252858307484,2.58269053990298,1,"611 570 478"
"06037460401",0.665725289310427,0.0459590988626422,13.3145057862085,0.919181977252843,0.665725289310427,0.665725289310427,0.665725289310427,25.6268041752753,1,"57 59 247"
"06037577504",0.32079841227233,0.0643659776902887,6.41596824544659,1.28731955380577,0.32079841227233,0.405443460192476,0.32079841227233,10.5253375412931,1,"807 99 1647"
"06037120107",0.6241835182534,0.283399944325141,12.483670365068,5.66799888650282,0.6241835182534,0.6241835182534,0.642321343354808,38.6908446333279,1,"2367 2300 2098"
"06037120106",0.697236265211167,0.504901375964368,13.9447253042233,10.0980275192874,0.697236265211167,0.697236265211167,0.699834839537103,36.8059418968614,1,"2367 2098 2300"
"06037120104",0.714576249701742,0.61397128270898,14.2915249940348,12.2794256541796,0.714576249701742,0.714576249701742,0.701305003777937,22.1727688080216,1,"2320 2367 2398"
"06037120103",0.642743254394337,0.49725602481508,12.8548650878867,9.9451204963016,0.642743254394337,0.642743254394337,0.629472629841724,37.0283339376518,1,"2398 2367 2320"
"06037119342",1.07929566332618,0.681035875487155,21.5859132665235,13.6207175097431,1.07929566332618,1.07929566332618,0.734568246440786,41.8348105889206,1,"2398 2167 2320"
"06037119341",0.830066163604549,0.481763376879026,16.601323272091,9.63526753758053,0.830066163604549,0.830066163604549,0.674636373578303,62.8821244664652,1,"2398 2367 2320"
"06037117408",0.761364257734829,0.62939371570031,15.2272851546966,12.5878743140062,0.761364257734829,0.761364257734829,0.777622434979718,41.9126155737536,1,"2300 1193 2367"
"06037117407",0.772422800843076,0.37002592360614,15.4484560168615,7.4005184721228,0.772422800843076,0.772422800843076,0.77053818201702,76.226236699726,1,"2300 2367 1193"
"06037117201",1.10603637258411,0.798653985723375,22.1207274516822,15.9730797144675,1.16464969577666,1.10603637258411,1.1498219150163,34.9779030536814,1,"2300 2367 1278"
"06037117102",1.12825225682017,1.04877950270421,22.5650451364034,20.9755900540841,1.12825225682017,1.12825225682017,1.03873814423765,3.91038788861022,1,"2167 2367 2398"
"06037117101",0.798435263063708,0.642908539131472,15.9687052612742,12.8581707826294,0.798435263063708,0.798435263063708,0.78361058915931,38.7839191798299,1,"2367 2300 2398"
"06037405702",1.43089482422652,1.36703961365625,28.6178964845303,27.3407922731249,1.43089482422652,1.43089482422652,1.4308960669689,7.28464873684017,1,"496 776 343"
"06037405701",1.23567055893581,1.13374828501551,24.7134111787163,22.6749657003102,1.23567055893581,1.23567055893581,1.234759628768,11.1832668927148,1,"1148 776 514"
"06037405302",0.976020042949177,0.798941059214189,19.5204008589835,15.9788211842838,0.976020042949177,0.976020042949177,0.916902166348525,21.1988641728007,1,"311 762 488"
"06037405301",0.956717768233516,0.814050942495824,19.1343553646703,16.2810188499165,0.956717768233516,0.956717768233516,0.955806216694504,0.582424472410349,1,"488 311 1148"
"06037576903",0.263447093971208,0.218669843116201,5.26894187942416,4.37339686232403,0.263447093971208,0.263447093971208,0.263447093971208,16.5786723932813,1,"2509 763 890"
"06037576302",0.422103664598743,0.334055366658713,8.44207329197487,6.68110733317426,0.422103664598743,0.422103664598743,0.512986036546568,25.6781860372094,1,"1907 1219 800"
"06037576301",0.429443301121451,0.318631069553806,8.58886602242901,6.37262139107612,0.429443301121451,0.429443301121451,0.421622723295952,18.1245658222075,1,"1227 87 800"
"06037576001",0.149416780998966,0.034512198759246,2.98833561997932,0.69024397518492,0.149416780998966,0.149416780998966,0.0662356836077309,6.76193109183148,1,"1052 1237 1222"
"06037408003",0.807700528911159,0.611242220432673,16.1540105782232,12.2248444086535,0.84129496241947,0.807700528911159,0.807700528911159,60.3175808706244,1,"1634 1633 1627"
"06037401304",0.524487617314881,0.251286859739124,10.4897523462976,5.02573719478247,0.524487617314881,0.524487617314881,0.524486995943689,16.6898232378925,1,"567 1049 1384"
"06037401303",1.24422746162412,1.12212243000875,24.8845492324823,22.442448600175,1.24422746162412,1.24422746162412,1.23144896305575,75.2328772245963,1,"1859 1049 1384"
"06037400501",1.0901640668496,0.877922930088284,21.803281336992,17.5584586017657,1.20352454167661,1.0901640668496,1.0901640668496,99.494375850618,1,"1546 380 28"
"06037400403",0.263249497932077,0.0184106070548,5.26498995864153,0.368212141095999,0.263249497932077,0.70005045534081,0.385348315835521,115.985620264095,1,"505 2493 2488"
"06037302506",0.435269277419868,0.100854758212042,8.70538554839736,2.01709516424083,0.435269277419868,0.435269277419868,0.435269277419868,14.7939669024001,1,"778 94 1320"
"06037404504",0.570103097908216,0.280649755428299,11.4020619581643,5.61299510856597,0.758018795235823,0.570103097908216,0.570096262825101,33.9440241607972,1,"1772 424 496"
"06037404202",0.511676186073332,0.0233138471327448,10.2335237214666,0.466276942654895,0.963004180585381,0.511676186073332,0.499433930843872,25.559366279253,1,"1774 298 1820"
"06037404201",0.561490893183807,0.320009270858188,11.2298178636761,6.40018541716376,0.811633808558021,0.561490893183807,0.552446835480792,5.87991380946972,1,"1820 951 1774"
"06037650901",0.495669042790106,0.311477223017577,9.91338085580212,6.22954446035155,0.495669042790106,0.495669042790106,0.316195294480235,9.47871750560919,1,"1287 352 447"
"06037650401",0.533316059214189,0.255112642169729,10.6663211842838,5.10225284339458,0.594591336594289,0.533316059214189,0.464395430684801,24.4071586858527,1,"447 1628 1301"
"06037650004",0.596254747275909,0.456244283385031,11.9250949455182,9.12488566770063,0.742148353614889,0.596254747275909,0.596254747275909,1.39532913272887,1,"2004 693 316"
"06037650003",0.392024327924918,0.274044579654816,7.84048655849837,5.48089159309632,0.531169221745009,0.392024327924918,0.392024327924918,13.4443631516464,1,"2004 693 764"
"06037621326",0.410185765131631,0.131741877435775,8.20371530263263,2.6348375487155,0.410185765131631,0.410185765131631,0.410185765131631,21.2695667779898,1,"863 709 708"
"06037621324",0.31655196154458,0.194008241867494,6.33103923089159,3.88016483734988,0.31655196154458,0.351353719279408,0.275390469657202,8.29015347794883,1,"1046 863 862"
"06037302505",0.525125144158117,0.353155695736897,10.5025028831623,7.06311391473793,0.525125144158117,0.525125144158117,0.525125144158117,41.3769266143233,1,"1320 778 1126"
"06037433503",0.537601034955858,0.467144998210451,10.7520206991172,9.34289996420902,0.937847346496461,0.537601034955858,0.559434154537501,6.1159095232131,1,"682 1602 1952"
"06037406702",0.668670588761632,0.226202104708502,13.3734117752326,4.52404209417005,0.668670588761632,0.668670588761632,0.543175355921419,2.45225719810439,1,"1624 762 1062"
"06037900608",1.16725448381452,1.13108446671439,23.3450896762905,22.6216893342878,1.16725448381452,1.16725448381452,1.17994723315836,6.34828967407446,1,"347 1175 315"
"06037900507",1.82622484689414,1.71113447466794,36.5244969378828,34.2226894933588,2.03402007277499,1.82622484689414,1.82622484689414,7.87298654846506,1,"1003 950 1567"
"06037900506",2.06123426688141,1.86089798079217,41.2246853376283,37.2179596158435,2.06123426688141,2.06123426688141,2.06123426688141,16.3096857935267,1,"347 1003 950"
"06037900505",1.86682089099658,1.3846536228426,37.3364178199316,27.693072456852,1.86682089099658,1.86682089099658,1.86682089099658,27.4290297021315,1,"347 1175 315"
"06037900104",2.47173630994989,1.27835627435775,49.4347261989979,25.567125487155,2.47173630994989,2.47173630994989,2.89213679611071,16.5864077380363,1,"2489 2490 4"
"06037621204",0.311272170524139,0.132467638988308,6.22544341048278,2.64935277976617,0.311272170524139,0.311272170524139,0.311272170524139,22.3451289787197,1,"295 1932 862"
"06037621104",0.10226527081842,0.0132967221426867,2.04530541636841,0.265934442853734,0.10226527081842,0.10226527081842,0.10226527081842,2.03847944825718,1,"960 481 1565"
"06037621004",0.216493801200986,0.193032689095681,4.32987602401972,3.86065378191362,0.216493801200986,0.216493801200986,0.216493801200986,4.3963650276131,1,"1033 480 481"
"06037620904",0.234235191481747,0.171717171717172,4.68470382963493,3.43434343434343,0.244743199713672,0.234235191481747,0.234235191481747,6.0716741882821,1,"1048 657 1780"
"06037620305",0.15363092042472,0.083568211643999,3.07261840849439,1.67136423287998,0.191904279010578,0.15363092042472,0.15363092042472,12.8772214075228,1,"200 1781 657"
"06037543306",0.5498606885787,0.458161834884276,10.997213771574,9.16323669768552,0.5498606885787,0.5498606885787,0.549988069673109,10.6099948911472,1,"322 1524 400"
"06037542106",0.297956807245685,0.0819855792173706,5.9591361449137,1.63971158434741,0.532068967231369,0.297956807245685,0.298925524934383,10.4862178944173,1,"1866 1206 2054"
"06037542105",0.47859003420027,0.409822262984172,9.57180068400541,8.19644525968345,0.814654293923487,0.47859003420027,0.47859003420027,34.3076340120416,1,"1206 547 1866"
"06037900103",1.68086127018214,1.00341567744373,33.6172254036427,20.0683135488746,1.68086127018214,1.68086127018214,2.06483014197089,42.6031856317469,1,"2490 4 2489"
"06037800506",0.849191347530422,0,16.9838269506084,0,0.849191347530422,0.849191347530422,0.849191347530422,115.281614297595,1,"52 583 1009"
"06037800504",0.724945070786606,0.611774735544421,14.4989014157321,12.2354947108884,0.724945070786606,0.724945070786606,0.724945070786606,170.422217735352,1,"222 12 650"
"06037800410",0.214484286765291,0,4.28968573530581,0,0.214484286765291,1.01527516801877,1.05305577924918,3.69327858107396,1,"2038 1441 267"
"06037800408",1.05731465740078,0.795961584347411,21.1462931480156,15.9192316869482,1.05731465740078,1.05731465740078,1.05843001869085,27.5310504543903,1,"1120 82 1692"
"06037800406",0.361516866499642,0,7.23033732999284,0,0.62590533782709,1.3485768114213,0.361516866499642,98.3212028301986,1,"86 82 1498"
"06037800332",0.764722769028871,0.316597943012805,15.2944553805774,6.3319588602561,0.764722769028871,0.764722769028871,0.764722769028871,5.32611358095238,1,"1923 975 722"
"06037800330",0.644435248150799,0,12.888704963016,0,0.644435248150799,1.72315924998012,0.456248011612185,47.195859030484,1,"11 1484 267"
"06037800329",0.438103972798855,0.308271569036825,8.76207945597709,6.1654313807365,0.438103972798855,0.461223952119621,0.438103351427662,34.0264609819763,1,"801 267 1711"
"06037573601",0.418728997653702,0.362360067207508,8.37457995307405,7.24720134415016,0.418728997653702,0.418728997653702,0.418728997653702,1.88903992727064,1,"1073 468 1241"
"06037571504",0.346533742941223,0.0639633291577189,6.93067485882446,1.27926658315438,0.346533742941223,0.346533742941223,0.346533742941223,21.5314257506104,1,"249 1247 171"
"06037571503",0.41738124353774,0.316156769466317,8.34762487075479,6.32313538932633,0.41738124353774,0.41738124353774,0.41738124353774,20.748973209145,1,"1225 518 251"
"06037570404",0.779820224886662,0.347490654577269,15.5964044977332,6.94981309154538,0.812245237811183,0.779820224886662,0.837515782828283,15.6919713398645,1,"277 1887 547"
"06037267404",0.757819335083115,0.550880358705162,15.1563867016623,11.0176071741032,1.01839631551738,0.757819335083115,0.693067485882446,9.47229282192543,1,"2127 2380 2444"
"06037113237",1.01645266642806,0.92217760777062,20.3290533285612,18.4435521554124,1.16058406406586,1.16744648751292,1.01618734092897,10.2019957229747,1,"16 2042 2140"
"06037102107",0.965547452875209,0.876991494671121,19.3109490575042,17.5398298934224,1.17664526664281,1.83960296866301,0.947981910641851,232.079075541409,1,"1711 1442 1182"
"06037102104",0.632885200429492,0.00144530939314404,12.6577040085898,0.0289061878628808,0.632885200429492,0.790522722301758,0.632846054044381,46.4880300470537,1,"2418 1 2158"
"06037111205",0.734069285373419,0,14.6813857074684,0,1.07018511890559,0.734069285373419,0.65705529706514,82.6031959293882,1,"2303 1683 2331"
"06037108202",0.970665066014475,0.758912948381452,19.4133013202895,15.178258967629,0.970665066014475,1.00470999363716,0.970661337787322,205.022093833581,1,"2124 603 2290"
"06037106649",0.550022866459874,0,11.0004573291975,0,0.550022866459874,0.550022866459874,0.694417104111986,60.4315174035514,1,"2132 582 2302"
"06037106646",0.834531336991967,0.70403033782709,16.6906267398393,14.0806067565418,0.928598236300008,0.834531336991967,0.834531336991967,58.6298542809505,1,"2411 438 1938"
"06037106406",1.08646131591506,0.985583566968902,21.7292263183011,19.711671339378,1.08646131591506,1.08646131591506,1.1920869621411,4.97298476603755,1,"2378 2389 55"
"06037104203",0.738938350035791,0.228736677801638,14.7787670007158,4.57473355603277,0.738938350035791,0.738938350035791,0.480739978525412,1.1031202164053,1,"2230 1702 2157"
"06037265602",0.855819514038018,0.621004583233914,17.1163902807604,12.4200916646783,0.855819514038018,0.855819514038018,0.855816407182057,40.1041694735403,1,"2443 2444 502"
"06037293306",0.580581901694106,0.421495963572735,11.6116380338821,8.4299192714547,0.759971143521832,0.580581901694106,0.472852913982343,9.19678852265737,1,"306 33 1935"
"06037276604",0.777882168138074,0.605969264495347,15.5576433627615,12.1193852899069,1.20151316312734,0.969759728187386,0.744232432593653,12.3755523918299,1,"2441 1997 143"
"06037276603",0.622337424441263,0.493159324544659,12.4467484888253,9.86318649089318,0.718411974071423,0.622337424441263,0.628224916487712,53.6460652004294,1,"2400 143 1689"
"06037269907",0.640448530581405,0.206997385270023,12.8089706116281,4.13994770540046,0.640448530581405,0.640448530581405,0.621514107611549,4.730703351917,1,"2454 2288 2318"
"06037269906",0.676553303706355,0.48906013878947,13.5310660741271,9.78120277578939,0.731508614690209,0.676553303706355,0.657617016622922,8.10030473741202,1,"2454 2288 1330"
"06037267901",0.515029726397837,0.443060650799332,10.3005945279567,8.86121301598664,0.894353227153424,0.515029726397837,0.515029726397837,8.65442904868289,1,"1756 853 898"
"06037434004",0.468228669569713,0.235738909766961,9.36457339139426,4.71477819533922,0.468228669569713,0.844295563906784,0.468465411993955,41.5295960176395,1,"1601 912 64"
"06037434003",0.701407530024656,0.488259191322676,14.0281506004931,9.76518382645351,0.701407530024656,1.03337633221984,0.701636194623399,5.04084083492922,1,"912 1601 726"
"06037433504",1.04101671239959,1.01485139286566,20.8203342479917,20.2970278573133,1.04567264674302,1.04101671239959,1.04122176489302,49.7142457957375,1,"682 64 1602"
"06037433307",0.607724638113418,0.188284170444604,12.1544927622684,3.76568340889207,0.637662302155412,0.607724638113418,0.607724638113418,8.7157973645623,1,"912 1116 335"
"06037104108",0.408361419311222,0.00999351288475304,8.16722838622445,0.199870257695061,0.589212747554283,0.589212747554283,0.408361419311222,8.01144284492233,1,"1702 1149 2230"
"06037402904",0.775571288674143,0.474435546408972,15.5114257734829,9.48871092817943,0.775571288674143,0.775571288674143,0.780063802394019,9.34729394163615,1,"815 1954 835"
"06037402903",0.95268631193828,0.685512854927225,19.0537262387656,13.7102570985445,0.95268631193828,0.95268631193828,0.95268631193828,8.61261520946363,1,"1076 815 680"
"06037402804",0.832280730533683,0.176712374731568,16.6456146106737,3.53424749463135,0.832280730533683,0.832280730533683,0.852332378907182,55.5847759567871,1,"1076 1005 412"
"06037402803",0.467221426867096,0.238904174620218,9.34442853734192,4.77808349240436,0.467221426867096,0.467221426867096,0.516285517577348,12.273378450016,1,"1076 1005 1955"
"06037402706",1.03306564662372,0.366930873697606,20.6613129324743,7.33861747395212,1.03306564662372,1.03306564662372,1.03332848663803,31.4373103144902,1,"716 412 854"
"06037402705",0.811030457130359,0.762204351586733,16.2206091426072,15.2440870317347,0.811030457130359,0.811030457130359,0.811030457130359,37.8322182269045,1,"716 832 412"
"06037402405",0.836675688976378,0.373940562117235,16.7335137795276,7.4788112423447,0.8614802055993,0.836675688976378,0.836675688976378,6.69259323710741,1,"531 1859 1577"
"06037604002",0.508276042909409,0.0796417670802513,10.1655208581882,1.59283534160503,0.774651659309632,0.508276042909409,0.508276042909409,29.5483527353726,1,"1099 1147 297"
"06037604001",0.335414305456136,0.209100726755746,6.70828610912272,4.18201453511493,0.549569886860733,0.335414305456136,0.335414305456136,3.08402430001968,1,"1147 1099 1572"
"06037603802",0.443010941103953,0.206353644714865,8.86021882207906,4.1270728942973,0.660126113497176,0.443010941103953,0.443010941103953,51.1149605718434,1,"1569 109 1688"
"06037433306",0.780499383599777,0.141404199475066,15.6099876719955,2.82808398950131,0.780499383599777,0.780499383599777,0.780499383599777,47.7757991028085,1,"1116 912 574"
"06037433305",0.718974315000398,0.0905493169887855,14.379486300008,1.81098633977571,0.718974315000398,0.718974315000398,0.718974315000398,2.85366385218328,1,"1116 912 726"
"06037433304",0.857469254553408,0.450354927225006,17.1493850910682,9.00709854450012,0.857469254553408,0.857469254553408,0.857469254553408,26.5086536878423,1,"1116 912 574"
"06037431502",0.633806072536387,0.354937788316233,12.6761214507277,7.09875576632466,1.25087799749463,0.633806072536387,0.633806072536387,32.8938836523695,1,"1996 1961 167"
"06037431501",0.826147175495109,0.763938598584268,16.5229435099022,15.2787719716854,1.24141451423686,0.826147175495109,0.826147175495109,25.2729296452278,1,"1961 1996 613"
"06037430301",0.52713403722262,0.456889266682574,10.5426807444524,9.13778533365148,0.52713403722262,0.65844406167979,0.527139008192158,10.8142553725479,1,"1825 41 1712"
"06037430003",0.516946656525889,0.390662282271534,10.3389331305178,7.81324564543069,0.516946656525889,0.516946656525889,0.477377117633023,21.1060190981808,1,"1927 900 365"
"06037603801",0.560846531257456,0.204687748548477,11.2169306251491,4.09375497096954,0.65914683249821,0.560846531257456,0.446414191123837,26.2234923160173,1,"1688 1569 1573"
"06037603006",0.503164022110873,0.471266553328561,10.0632804422175,9.42533106657122,0.503164022110873,0.503164022110873,0.503164022110873,45.576170575348,1,"2502 464 683"
"06037603005",0.792110947069116,0.229747027360216,15.8422189413823,4.59494054720433,0.792110947069116,0.792110947069116,0.753119283385031,27.7884894193092,1,"157 1001 2352"
"06037602802",0.51426978942973,0.489228530382566,10.2853957885946,9.78457060765132,0.676309104827806,0.51426978942973,0.51426978942973,13.9186374416468,1,"1038 470 1986"
"06037602801",0.745844890837509,0.519912461226438,14.9168978167502,10.3982492245288,0.816167954147777,0.745844890837509,0.745844890837509,35.3796579421742,1,"1038 470 1986"
"06037602509",0.500512009862404,0.462834546249901,10.0102401972481,9.25669092499801,0.508898656844031,0.500512009862404,0.508929725403643,38.3203205210246,1,"2030 1118 1771"
"06037602508",0.186142303944961,0.0348172920146345,3.72284607889923,0.696345840292691,0.186142303944961,0.186142303944961,0.186131119263501,4.29152802345072,1,"2030 1118 467"
"06037602302",0.34182809890241,0.217835341605027,6.8365619780482,4.35670683210053,0.34182809890241,0.34182809890241,0.270749448222381,14.2009795973358,1,"426 497 1700"
"06037600304",0.64298558915931,0.582692078262944,12.8597117831862,11.6538415652589,0.711459451801479,0.64298558915931,0.71958885110952,26.0950488541532,1,"2270 2486 1576"
"06037800327",0.516135767120019,0.287080325896763,10.3227153424004,5.74160651793526,0.741367911397439,0.516135767120019,0.516135767120019,48.8510414992559,1,"1403 253 757"
"06037702102",0.394132019008987,0.268290061043506,7.88264038017975,5.36580122087012,0.394132019008987,0.394132019008987,0.394132019008987,26.067470904483,1,"756 768 506"
"06037702002",0.144077338344071,0.0480288863039847,2.88154676688141,0.960577726079694,0.144077338344071,0.144077338344071,0.144077338344071,3.49585583524662,1,"506 626 537"
"06037701902",0.322665632705003,0.295008400938519,6.45331265410006,5.90016801877038,0.322665632705003,0.322665632705003,0.322665632705003,6.13926864514282,1,"772 1141 1618"
"06037554406",0.737181112304144,0.359655859778891,14.7436222460829,7.19311719557782,0.737181112304144,0.742954893422413,0.737181112304144,18.4988155049641,1,"912 1448 1449"
"06037554405",0.879626108526207,0.875198217410324,17.5925221705241,17.5039643482065,0.879626108526207,0.887045280561521,0.879626108526207,14.9006316028824,1,"1448 912 1449"
"06037554302",0.52990286725523,0.405705057464408,10.5980573451046,8.11410114928816,0.52990286725523,0.52990286725523,0.52990286725523,31.0246868090473,1,"276 849 773"
"06037554301",0.857771240952835,0.779456722739203,17.1554248190567,15.5891344547841,0.857771240952835,0.857771240952835,0.857771240952835,2.01917508478083,1,"773 1460 1448"
"06037536104",0.673089780680824,0.476667511731488,13.4617956136165,9.53335023462976,0.673089780680824,0.673089780680824,0.663834456772449,20.3174882833449,1,"958 1020 1699"
"06037535002",0.795734783862244,0.492575235623956,15.9146956772449,9.85150471247912,0.795734783862244,0.795734783862244,0.795734783862244,14.8767842557826,1,"1451 271 1154"
"06037535001",0.907548044420584,0.879227809591983,18.1509608884117,17.5845561918397,1.01446614272648,0.907548044420584,0.900943490018293,35.4332178424144,1,"1875 1451 1684"
"06037533806",0.614388222778971,0.301736608208065,12.2877644555794,6.0347321641613,0.614388222778971,0.614388222778971,0.614388222778971,10.8204230472573,1,"837 1042 675"
"06037533805",0.489797706394655,0.0974825767517697,9.79595412789311,1.94965153503539,0.489797706394655,0.489797706394655,0.489797706394655,16.2318437738297,1,"1042 837 1538"
"06037533001",0.48004528553249,0.209652504374453,9.6009057106498,4.19305008748906,0.48004528553249,0.48004528553249,0.481076761711604,18.5788597121736,1,"1154 1875 2106"
"06037102103",0.951205584387179,0.600597510538455,19.0241116877436,12.0119502107691,0.951205584387179,0.951205584387179,0.951202477531218,3.65488592538222,1,"2418 2158 2385"
"06037295103",0.520272856517935,0.362645276584745,10.4054571303587,7.2529055316949,0.593014296508391,0.520272856517935,0.520272856517935,32.202508383494,1,"337 306 2196"
"06037275602",0.78083616678597,0.34262531814205,15.6167233357194,6.85250636284101,1.15742190606856,1.06232725880856,0.709582910800923,25.153374047706,1,"143 2065 2119"
"06037275101",0.449044455380577,0.13677001312336,8.98088910761155,2.73540026246719,0.449044455380577,0.449044455380577,0.599171463652271,12.2210824785943,1,"2065 293 348"
"06037554204",0.258432628449853,0.210760409210212,5.16865256899706,4.21520818420425,0.258432628449853,0.258432628449853,0.258432628449853,43.9895129034497,1,"1448 1460 1461"
"06037554203",0.329942510737294,0.279378429968981,6.59885021474588,5.58756859937962,0.329942510737294,0.329942510737294,0.329942510737294,0.250020055448639,1,"1461 1459 1448"
"06037554105",0.385552746957767,0.217725358904001,7.71105493915533,4.35450717808001,0.385552746957767,0.385552746957767,0.385552746957767,18.133530300932,1,"1448 1449 1459"
"06037554104",0.700359898194544,0.523092017617116,14.0071979638909,10.4618403523423,0.700359898194544,0.700359898194544,0.700359898194544,28.8984926792501,1,"1465 1448 1449"
"06037553504",0.408842360614014,0.274460898353615,8.17684721228028,5.4892179670723,0.408842360614014,0.408842360614014,0.409903662610356,12.6766197694789,1,"810 790 102"
"06037241201",0.469760349558578,0.164902593851905,9.39520699117156,3.2980518770381,0.469760349558578,0.469760349558578,0.404792884554203,39.6928014017632,1,"2076 2270 2086"
"06037239801",0.546791114889048,0.235349310029428,10.935822297781,4.70698620058856,0.787435750218723,0.546791114889048,0.696503047204327,14.9193573706002,1,"1684 1135 2208"
"06037234901",0.527847371351308,0.14611295036984,10.5569474270262,2.9222590073968,0.527847371351308,0.527847371351308,0.524375770500278,24.093537604973,1,"2079 1133 2410"
"06037214901",0.647200971327448,0.558770530104192,12.944019426549,11.1754106020838,0.647200971327448,0.647200971327448,0.520956986200589,39.1454791766299,1,"163 1079 1472"
"06037214503",0.47214952179273,0.181265782828283,9.44299043585461,3.62531565656566,0.47214952179273,0.47214952179273,0.461003986717569,12.1490767834285,1,"460 2319 2134"
"06037212501",0.693588194941541,0.311667983973594,13.8717638988308,6.23335967947188,0.693588194941541,0.693588194941541,0.629845452557067,7.36742460165962,1,"2366 2153 2193"
"06037212102",0.787261766284896,0.75942060864551,15.7452353256979,15.1884121729102,0.787261766284896,0.787261766284896,0.576107407738805,39.7280752737219,1,"2370 2366 2250"
"06037212101",0.635740401057822,0.550770376004136,12.7148080211564,11.0154075200827,0.635740401057822,0.635740401057822,0.484017090193271,56.0833708691738,1,"2370 2250 2307"
"06037211922",0.646922597033325,0.347619899785254,12.9384519406665,6.95239799570508,0.646922597033325,0.646922597033325,0.531237572576155,0.872276852668497,1,"2370 2462 2307"
"06037211804",0.95206680485962,0.774074405472043,19.0413360971924,15.4814881094409,1.08548452040086,0.95206680485962,0.981415409011373,16.4567110922489,1,"2217 2370 2366"
"06037211803",0.80228527897081,0.708206573610117,16.0457055794162,14.1641314722023,0.948811441183488,0.80228527897081,0.779135473832816,18.5493986084659,1,"2217 2370 2366"
"06037211202",0.596205658951722,0.36918148015589,11.9241131790344,7.38362960311779,0.661089238845144,0.596205658951722,0.876659061083274,4.7539736748626,1,"2462 2217 2370"
"06037265201",0.983027867255229,0.835063230732522,19.6605573451046,16.7012646146504,0.983027867255229,0.983027867255229,0.983024760399268,24.06730899706,1,"502 2443 2444"
"06037234502",0.370602556072536,0.213854216376362,7.41205112145073,4.27708432752724,0.410278970810467,0.370602556072536,0.410050306211724,8.18233478428421,1,"2100 1815 971"
"06037234501",0.484212822118826,0.32701958064901,9.68425644237652,6.5403916129802,0.595986936292054,0.484212822118826,0.619905377594846,7.86468190619779,1,"2100 1815 2410"
"06037219901",0.777748573331743,0.628676653344468,15.5549714666349,12.5735330668894,0.777748573331743,0.777748573331743,0.799644451403802,8.87525831099731,1,"2442 2337 2428"
"06037214902",0.508151147299769,0.383819121331424,10.1630229459954,7.67638242662849,0.585163271494472,0.508151147299769,0.503587175892786,0.616234559605914,1,"1146 1760 1471"
"06037214502",0.632659021315517,0.343196979638909,12.6531804263103,6.86393959277818,0.632659021315517,0.632659021315517,0.626037689891036,1.19777967037939,1,"2319 460 2134"
"06037212701",0.586371217092182,0.369637566610992,11.7274243418436,7.39275133221984,0.586371217092182,0.586371217092182,0.583300400660145,46.5359139270188,1,"2153 2215 2245"
"06037211703",1.03181358367136,0.865676946631671,20.6362716734272,17.3135389326334,1.09265017298974,1.03181358367136,1.05758681798298,8.0978488629667,1,"2346 2217 2153"
"06037208301",0.262436123041438,0.199166865505448,5.24872246082876,3.98333731010896,0.355964914897001,0.262436123041438,0.345502266762109,2.01336344288293,1,"2405 1817 2347"
"06037207502",0.379912560645828,0.276409518412471,7.59825121291657,5.52819036824942,0.379912560645828,0.379912560645828,0.370781510975901,11.3271971795001,1,"2326 1267 1266"
"06037207301",0.291099976139346,0.158357691084069,5.82199952278692,3.16715382168138,0.291099976139346,0.291099976139346,0.291099354768154,5.4446356736474,1,"2326 2375 1266"
"06037207102",0.201014823431162,0.0275037530820011,4.02029646862324,0.550075061640022,0.201014823431162,0.201014823431162,0.214794972361409,19.6571893923615,1,"2311 2093 2052"
"06037207101",0.37450290304621,0.36123849220552,7.4900580609242,7.22476984411039,0.37450290304621,0.37450290304621,0.429903115803706,25.1627255057964,1,"2311 1252 2093"
"06037402304",0.5955830450171,0.33428775948461,11.911660900342,6.6857551896922,0.5955830450171,0.5955830450171,0.587139231885787,23.2153472924741,1,"459 551 699"
"06037211121",0.519981433428776,0.455681942456057,10.3996286685755,9.11363884912113,0.519981433428776,0.519981433428776,0.519969627376123,17.7750890592006,1,"2370 2307 2277"
"06037189201",0.664355787202736,0.248275073570349,13.2871157440547,4.96550147140698,0.664355787202736,0.664355787202736,0.664330932355046,34.9682710676765,1,"2113 1038 32"
"06037185204",0.726904875526923,0.0160748727431798,14.5380975105385,0.321497454863597,0.726904875526923,0.726904875526923,0.588400615406029,1.70078192850767,1,"360 1693 2203"
"06037185203",0.577201021037143,0.202730429292929,11.5440204207429,4.05460858585859,0.577201021037143,0.577201021037143,0.57205668893661,7.64401691710426,1,"1693 360 1197"
"06037208501",0.490985146743021,0.0328873130915454,9.81970293486041,0.657746261830908,0.490985146743021,0.490985146743021,0.490985146743021,12.91781192849,1,"2251 2405 2175"
"06037207501",0.484518536745407,0.440260130835918,9.69037073490814,8.80520261671836,0.510819315199236,0.486504439075797,0.484518536745407,12.4351250390474,1,"2430 1266 267"
"06037207302",0.216900799331902,0.109975244571701,4.33801598663803,2.19950489143402,0.216900799331902,0.216900799331902,0.21689769247594,14.5036332620322,1,"2375 2360 2326"
"06037190801",0.565520485365466,0.367342221426867,11.3104097073093,7.34684442853734,0.592397274914499,0.565520485365466,0.63753119283385,9.84793056644051,1,"2225 1809 2159"
"06037190402",0.644662048635966,0.40377259305655,12.8932409727193,8.075451861131,0.659957100532888,0.644662048635966,0.659914225920624,2.36863981001163,1,"32 2246 1809"
"06037190401",0.726879399308041,0.573376481348922,14.5375879861608,11.4675296269784,0.726879399308041,0.726879399308041,0.726854544460352,63.7502367977309,1,"32 2113 2246"
"06037190201",0.339513491211326,0.245975378787879,6.79026982422652,4.91950757575758,0.473533315437843,0.339513491211326,0.339579977928895,46.4420168295098,1,"2194 2505 2365"
"06037189904",0.487900660144755,0.447374209615844,9.75801320289509,8.94748419231687,0.487900660144755,0.487900660144755,0.479140569076593,9.73218496385571,1,"1273 1729 2434"
"06037408631",0.890614436689732,0.228343349836952,17.8122887337946,4.56686699673904,0.890614436689732,0.890614436689732,0.890614436689732,0.978148834905417,1,"968 999 809"
"06037402303",0.531525267438161,0.282178949932395,10.6305053487632,5.6435789986479,0.531525267438161,0.531525267438161,0.693389356160026,25.8504511879444,1,"2475 409 699"
"06037402002",0.352225503062117,0,7.04451006124234,0,0.352225503062117,0.352225503062117,0.352580927384077,35.1650350460004,1,"174 270 1087"
"06037402001",0.421812862880776,0.232289056907659,8.43625725761552,4.64578113815319,0.421812862880776,0.421812862880776,0.422150267438161,1.96692960081909,1,"1087 854 1478"
"06037400404",0.70908519247594,0.624174819056709,14.1817038495188,12.4834963811342,0.70908519247594,0.70908519247594,0.709085813847133,12.3203671407668,1,"1548 227 1103"
"06037400207",0.173285512606379,0.0159642686709616,3.46571025212757,0.319285373419232,0.173285512606379,0.173285512606379,0.173285512606379,18.3537965456122,1,"706 752 677"
"06037531504",0.831233720074763,0.769501113497177,16.6246744014953,15.3900222699435,0.831233720074763,0.831233720074763,0.831220671279726,31.6498949238559,1,"133 160 1852"
"06037531503",1.06327236439195,0.798111528672552,21.265447287839,15.962230573451,1.06327236439195,1.06327236439195,1.0632686361648,35.0881426126326,1,"1858 160 1852"
"06037206031",0.405907003101885,0.0269010230255309,8.1181400620377,0.538020460510618,0.405907003101885,0.405907003101885,0.698858044022906,13.8809890037421,1,"1675 2083 2360"
"06037186301",0.376410512606379,0.248157634415016,7.52821025212758,4.96315268830033,0.420882048834805,0.376410512606379,0.420887641175535,31.027325495482,1,"1274 2241 1803"
"06037183104",0.609367543545693,0.335949927423845,12.1873508709139,6.71899854847689,0.609367543545693,0.609367543545693,0.617264550027837,23.5543728424685,1,"2198 2104 1348"
"06037311801",0.608378941978844,0.509474667939235,12.1675788395769,10.1894933587847,0.608378941978844,0.608378941978844,0.608378941978844,7.8295224878702,1,"32 1435 1437"
"06037980028",1.36036173745327,0.946624835958005,27.2072347490655,18.9324967191601,1.36036173745327,1.36036173745327,1.35552311997932,7.05188529507888,1,"223 948 131"
"06037980026",0.227637472162571,0,4.55274944325141,0,0.528079764177205,0.600861593295156,0.39768750497097,462.151982981205,1,"1705 65 2404"
"06037408505",0.861155849836952,0.345762621291657,17.223116996739,6.91525242583313,0.861155849836952,0.861155849836952,0.672110499681858,38.4418063637872,1,"661 637 2050"
"06037408504",0.960749224528752,0.370238432553885,19.214984490575,7.4047686510777,0.960749224528752,0.960749224528752,0.92580765827567,15.0787011193656,1,"661 968 637"
"06037406701",0.920642820925793,0.848530829953074,18.4128564185159,16.9706165990615,0.920642820925793,0.920642820925793,0.920642820925793,10.6129352876287,1,"762 1062 1624"
"06037408141",0.694431395649407,0.476139967589279,13.8886279129881,9.52279935178557,0.694431395649407,0.694431395649407,0.694431395649407,5.27288273910771,1,"1113 980 402"
"06037408140",0.830801245724966,0.0586866449932395,16.6160249144993,1.17373289986479,0.830801245724966,0.830801245724966,0.830801245724966,4.56307778597578,1,"980 1113 402"
"06037408005",0.615192277101726,0.249318977173308,12.3038455420345,4.98637954346616,0.615192277101726,0.615192277101726,0.615192277101726,60.0487172850106,1,"408 1625 1634"
"06037407802",0.782874264296508,0.368396688340094,15.6574852859302,7.36793376680188,1.13997877396007,0.782874264296508,0.633093981150084,31.0225329435303,1,"1525 1880 1634"
"06037183103",0.356722366380339,0.20681594488189,7.13444732760678,4.1363188976378,0.356722366380339,0.356722366380339,0.365775123280045,31.6294544178076,1,"2104 1348 2103"
"06037127805",1.22346247912193,0.989224802155412,24.4692495824386,19.7844960431082,1.25973937206713,1.22346247912193,0.981908156366818,25.5173223545797,1,"2413 2163 2000"
"06037127605",0.386692963095522,0.274818186789151,7.73385926191044,5.49636373578303,0.613726462459238,0.386692963095522,0.386692963095522,25.6335958557999,1,"2000 569 2001"
"06037125401",0.731094781476179,0.298999468106259,14.6218956295236,5.97998936212519,0.794815775868925,0.731094781476179,0.798471302592858,20.9134067582978,1,"2301 2409 1805"
"06037122122",1.00599996023224,0,20.1199992046449,0,1.00599996023224,1.00599996023224,1.00599747474747,86.1177927487273,1,"2385 2158 2418"
"06037120105",0.641707428616877,0.495354007595641,12.8341485723375,9.90708015191283,0.641707428616877,0.641707428616877,0.628436804064265,14.7234917382983,1,"2320 2398 2367"
"06037115103",1.56321084864392,0.991546866300803,31.2642169728784,19.8309373260161,1.75587195776664,1.56321084864392,1.43567379006601,151.591442633636,1,"2303 1683 2414"
"06037113235",0.77917524158912,0.366619566730295,15.5835048317824,7.3323913346059,0.983492652907023,0.77917524158912,0.825628951920783,96.7208530765062,1,"2141 2042 267"
"06037320202",0.649571502425833,0.582050201821363,12.9914300485167,11.6410040364273,0.649571502425833,0.649571502425833,0.649571502425833,19.2893019399288,1,"822 587 1152"
"06037980025",1.51812664041995,1.18987985166627,30.362532808399,23.7975970333254,1.51812664041995,1.51812664041995,1.51776003141653,47.5130638875033,1,"322 400 522"
"06037980024",0.229924739521196,0,4.59849479042392,0,0.294275804302871,0.232011925355921,0.229924739521196,100.613306965385,1,"140 139 933"
"06037980023",0.326985405233437,0,6.53970810466873,0,0.625429367493836,0.326985405233437,0.373143342877595,187.46470313077,1,"2042 2141 267"
"06037980022",1.70036176230812,1.60193718682892,34.0072352461624,32.0387437365784,1.70036176230812,1.70036176230812,1.70036921876243,486.4894273023,1,"438 2411 2121"
"06037980021",0.440708760836714,0,8.81417521673427,0,1.6386801081683,0.652556569633341,0.440708760836714,294.513493623995,1,"1702 1701 1149"
"06037980020",0.362453272886344,0,7.24906545772687,0,0.362453272886344,1.80563695518174,0.64834305157878,344.197439736972,1,"44 1439 1"
"06037407801",0.440016553328561,0.0143437326016066,8.80033106657122,0.286874652032132,0.541716997733238,0.440016553328561,0.440016553328561,43.0812809886075,1,"1880 1634 1525"
"06037407602",0.985346824544659,0.664938633381055,19.7069364908932,13.2987726676211,1.27128134196294,0.985346824544659,0.598798019565736,8.84020158948338,1,"561 1525 103"
"06037407601",1.12203916626899,0.908514897995705,22.4407833253798,18.1702979599141,1.19453454326732,1.12203916626899,1.0191866996739,28.5113256974405,1,"561 103 1525"
"06037407502",1.19579903364352,0.960040239998409,23.9159806728704,19.2008047999682,1.2641045046926,1.19579903364352,1.19579903364352,1.77862482789347,1,"1062 1634 1525"
"06037407501",1.1223504732363,1.05208022647737,22.447009464726,21.0416045295474,1.1223504732363,1.1223504732363,1.1223504732363,3.22413785939541,1,"103 1062 561"
"06037406902",1.41140800226676,1.3213769088523,28.2281600453352,26.4275381770461,1.41140800226676,1.41140800226676,1.41140800226676,76.1383477782263,1,"762 988 103"
"06037406901",1.37379081165991,0.979423292969061,27.4758162331981,19.5884658593812,1.37379081165991,1.37379081165991,1.37379081165991,31.8775673841572,1,"988 150 762"
"06037701402",0.379678925077547,0.233501973474907,7.59357850155094,4.67003946949813,0.379678925077547,0.379678925077547,0.379678925077547,17.7952249849005,1,"772 864 436"
"06037320201",0.517031784379225,0.306735539449614,10.3406356875845,6.13471078899228,0.517031784379225,0.517031784379225,0.517034891235187,24.4389246338133,1,"587 1152 2053"
"06037310602",0.390204953074048,0.0138845392905432,7.80409906148095,0.277690785810865,0.390204953074048,0.390204953074048,0.390204953074048,9.04998612998413,1,"1423 1430 1501"
"06037310601",0.558224344826215,0.198113641334606,11.1644868965243,3.96227282669212,0.558224344826215,0.558224344826215,0.558224344826215,14.5317482232236,1,"1430 1423 1"
"06037310501",0.357472982780561,0.0993808657440547,7.14945965561123,1.98761731488109,0.357472982780561,0.357472982780561,0.357472982780561,42.4543869181575,1,"880 1422 1050"
"06037310202",0.56616049769347,0.153905566491689,11.3232099538694,3.07811132983377,0.778599230493916,0.56616049769347,0.56616049769347,32.2693702071907,1,"1443 1 774"
"06037310201",0.515662903642726,0.454965501471407,10.3132580728545,9.09931002942814,0.515662903642726,0.536491266006522,0.515662903642726,15.9814963610101,1,"1 774 2"
"06037302504",0.437203605941303,0.288394525968345,8.74407211882606,5.7678905193669,0.437203605941303,0.437203605941303,0.437203605941303,39.3190205437567,1,"778 1126 94"
"06037302503",0.435387337946393,0.349356632267557,8.70774675892786,6.98713264535115,0.435387337946393,0.435387337946393,0.435387337946393,38.4322990656567,1,"1319 1126 1109"
"06037302401",0.514988094527957,0.438067311898513,10.2997618905591,8.76134623797025,0.514988094527957,0.514988094527957,0.515662903642726,9.57079095532077,1,"2144 1126 770"
"06037980015",0.314454212399586,0,6.28908424799173,0,0.794391379344627,0.314454212399586,0.31354701045892,135.844299982107,1,"33 306 307"
"06037430902",0.954520599697765,0.829414345223892,19.0904119939553,16.5882869044779,0.954520599697765,0.954520599697765,0.930464835361489,8.12944154877799,1,"1742 215 186"
"06037430901",0.704585222301758,0.307113954505687,14.0917044460352,6.14227909011374,0.704585222301758,0.704585222301758,0.704585222301758,10.925980125451,1,"1389 186 711"
"06037408724",0.985791726318301,0.472700056669053,19.715834526366,9.45400113338105,0.985791726318301,0.985791726318301,0.978040742066333,28.3103485681708,1,"1861 1840 1878"
"06037408723",0.755125690964766,0.0898353614889048,15.1025138192953,1.7967072297781,0.755125690964766,0.755125690964766,0.747373463970413,14.7200574999926,1,"1861 1840 1878"
"06037408630",1.11278259961823,0.371327696253877,22.2556519923646,7.42655392507755,1.11278259961823,1.11278259961823,1.05332731846019,13.8557975651238,1,"968 661 999"
"06037408139",0.802710918237493,0.403816710411199,16.0542183647499,8.07633420822397,0.977917089199077,0.802710918237493,0.802710918237493,77.9562882065852,1,"1113 1525 938"
"06037408138",0.575973812932474,0.282534374254355,11.5194762586495,5.65068748508709,0.856125850035791,0.575973812932474,0.575973812932474,2.87145290467588,1,"1525 1113 423"
"06037701304",0.544994109401098,0.351409021315517,10.899882188022,7.02818042631035,0.544994109401098,0.544994109401098,0.544994109401098,2.92593601118718,1,"436 772 864"
"06037700802",0.242560944086535,0.0837751282510141,4.85121888173069,1.67550256502028,0.384375869919669,0.242560944086535,0.242560944086535,44.3003533896266,1,"1146 1760 1471"
"06037700801",0.4638591873459,0.350151987393621,9.277183746918,7.00303974787242,0.4638591873459,0.4638591873459,0.2954501958562,22.1786558434084,1,"163 1467 1475"
"06037700502",0.53888478783902,0.425477710172592,10.7776957567804,8.50955420345184,0.53888478783902,0.53888478783902,0.53888478783902,18.7195572837818,1,"1156 1079 550"
"06037700501",0.486036546568043,0.388770828362364,9.72073093136085,7.77541656724728,0.486036546568043,0.486036546568043,0.486036546568043,3.33357634277935,1,"1079 1469 163"
"06037700101",0.38504260120894,0.116206976258649,7.7008520241788,2.32413952517299,0.38504260120894,0.38504260120894,0.385171846416925,12.1463173147175,1,"827 2329 1831"
"06037670602",0.361454729380418,0.240386766284896,7.22909458760837,4.80773532569792,0.605569722818739,0.361454729380418,0.361454729380418,14.3044788390017,1,"1392 1500 1391"
"06037670416",0.978145132426628,0.323515668495983,19.5629026485326,6.47031336991967,1.50574146981627,0.978145132426628,0.978145132426628,27.4221051928302,1,"1982 1395 392"
"06037302004",0.426159354370476,0.214413450449376,8.52318708740953,4.28826900898751,0.426159354370476,0.426159354370476,0.426159354370476,2.65283793359662,1,"1106 818 1309"
"06037302003",0.297936923367534,0.172053954903364,5.95873846735067,3.44107909806729,0.297936923367534,0.297936923367534,0.297936923367534,3.33203779976141,1,"1106 1309 818"
"06037301802",0.423271221068957,0.406248135886423,8.46542442137915,8.12496271772847,0.423271221068957,0.423271221068957,0.423271221068957,5.53802117031178,1,"1311 1310 463"
"06037301801",0.399672785930168,0.190540369243617,7.99345571860336,3.81080738487234,0.399672785930168,0.399672785930168,0.399672785930168,11.2343595266222,1,"1311 705 398"
"06037503106",0.973280417362602,0.620002932872027,19.465608347252,12.4000586574405,1.20655807583711,0.973280417362602,0.973280417362602,39.9566110173221,1,"1793 410 405"
"06037503105",1.05301973972003,0.894156252485485,21.0603947944007,17.8831250497097,1.23735509623797,1.05301973972003,1.05301041915215,4.91189485796691,1,"1793 405 113"
"06037503103",1.22355692754315,0.772501714984491,24.471138550863,15.4500342996898,1.22355692754315,1.22355692754315,1.22355817028553,14.0517282218923,1,"113 95 405"
"06037502801",0.606288649288157,0.538865525332061,12.1257729857631,10.7773105066412,0.606288649288157,0.606288649288157,0.70233337310109,92.0338698939732,1,"570 1904 573"
"06037502005",0.53143330450171,0.332350945478406,10.6286660900342,6.64701890956812,0.690428522429015,0.53143330450171,0.53143330450171,23.0091925740619,1,"1791 1089 548"
"06037502004",0.471373429173626,0.448248478883321,9.42746858347252,8.96496957766643,0.598364302473554,0.471373429173626,0.471373429173626,4.84501363809612,1,"1114 1786 1089"
"06037408137",0.789504294917681,0.457017269148175,15.7900858983536,9.14034538296349,0.789504294917681,0.789504294917681,0.789504294917681,24.9995318529649,1,"402 1113 1068"
"06037408136",0.524806380736499,0.430075235623956,10.49612761473,8.60150471247912,0.524806380736499,0.524806380736499,0.525605464089716,8.7101119295068,1,"402 1928 204"
"06037408006",0.722827437763461,0.15704162689891,14.4565487552692,3.14083253797821,0.722827437763461,0.722827437763461,0.722827437763461,214.656560641101,1,"1113 423 938"
"06037408004",0.255951493279249,0.00214124512844985,5.11902986558498,0.042824902568997,0.255951493279249,0.255951493279249,0.255951493279249,24.7383602767662,1,"1633 1634 1880"
"06037404503",0.593973693629205,0.359442729459954,11.8794738725841,7.18885458919908,0.773922169529945,0.593973693629205,0.593973693629205,12.6847913147798,1,"1034 1772 424"
"06037402406",0.698713885906307,0.538561674819057,13.9742777181261,10.7712334963811,0.698713885906307,0.698713885906307,0.698713885906307,13.3753321295936,1,"531 551 1859"
"06037670328",0.278770728942973,0.0347657182056788,5.57541457885946,0.695314364113577,0.278770728942973,0.278770728942973,0.461308458601766,33.677263700899,1,"56 1838 2033"
"06037670326",1.0154329963016,0.162318932434582,20.308659926032,3.24637864869164,1.0154329963016,1.04566519028871,1.0154329963016,16.5992690178031,1,"56 442 1395"
"06037670324",0.406413420623558,0,8.12826841247117,0,0.715825827169331,0.406413420623558,0.434022185437048,225.624383424412,1,"783 56 1837"
"06037651402",0.716935596118667,0.291738745724966,14.3387119223733,5.83477491449932,0.716935596118667,0.716935596118667,0.669736861727511,32.1782842106418,1,"303 56 1071"
"06037651401",0.488431932514117,0.16683692237334,9.76863865028235,3.33673844746679,0.488431932514117,0.488431932514117,0.30998096118667,5.06179975760591,1,"110 609 303"
"06037651304",0.294562256422493,0.047498235305814,5.89124512844985,0.949964706116281,0.294562256422493,0.294562256422493,0.294562256422493,7.75718124561144,1,"879 353 1283"
"06037552002",0.719537277300565,0.024958616678597,14.3907455460113,0.49917233357194,0.719537277300565,0.719537277300565,0.751143944364909,33.0644325674267,1,"1059 1956 748"
"06037552001",0.519260642845781,0.373785219319176,10.3852128569156,7.47570438638352,0.519260642845781,0.519260642845781,0.711210903324584,14.5763917588402,1,"1059 1956 737"
"06037502003",0.311704644873936,0.00813188479280999,6.23409289747872,0.1626376958562,0.311704644873936,0.311704644873936,0.311704644873936,3.26424040981976,1,"1089 548 590"
"06037501804",0.238181519923646,0.151592822914181,4.76363039847292,3.03185645828362,0.238181519923646,0.238181519923646,0.238181519923646,15.5141796056973,1,"399 1612 590"
"06037501803",0.222432867056391,0.144139475463294,4.44865734112781,2.88278950926589,0.222432867056391,0.222432867056391,0.222432867056391,8.35793946843702,1,"1612 1089 1617"
"06037108201",0.780325399665951,0.351463080609242,15.606507993319,7.02926161218484,0.780325399665951,0.780325399665951,0.780326642408335,7.5960998972793,1,"603 2447 2316"
"06037104822",1.30408290582995,1.13718384633739,26.0816581165991,22.7436769267478,1.30408290582995,1.30408290582995,1.30408290582995,53.204988074958,1,"191 2095 2373"
"06037104403",0.857290299650044,0.626511174739521,17.1458059930009,12.5302234947904,0.857290299650044,0.857290299650044,0.887467812972242,47.0878086419779,1,"2344 2166 1190"
"06037278001",0.720846506402609,0.438414037023781,14.4169301280522,8.76828074047562,1.22328476696095,1.0324343334924,0.71776139843315,5.4457553642562,1,"1997 223 2441"
"06037265202",0.792816203372306,0.441750178954903,15.8563240674461,8.83500357909807,0.792816203372306,0.792816203372306,0.792813096516345,19.2775983297808,1,"2443 2444 502"
"06037264102",0.23895202020202,0.218731980235425,4.7790404040404,4.3746396047085,0.23895202020202,0.23895202020202,0.709195796548159,27.7627613665717,1,"149 2114 2423"
"06037920118",1.73445639962618,0.641251342161775,34.6891279925237,12.8250268432355,1.73445639962618,1.73445639962618,2.28320545514197,43.7621095902865,1,"465 1749 235"
"06037920114",0.250664867175694,0,5.01329734351388,0,0.250664867175694,0.250664867175694,0.250664867175694,20.5848677106182,1,"1424 1031 194"
"06037900201",8.19886425773483,7.03165699813091,163.977285154697,140.633139962618,8.28192108088762,8.19886425773483,7.90261249304064,59.2700662448894,1,"1003 950 1567"
"06037800203",1.07331310148731,0.472237756502028,21.4662620297463,9.44475513004056,1.07331310148731,1.07331310148731,1.07331310148731,36.0221016192906,1,"1026 416 83"
"06037700102",0.46524235961982,0.347801340173387,9.3048471923964,6.95602680346775,0.534020694146186,0.46524235961982,0.497134236061401,8.85120477539532,1,"2329 827 1812"
"06037920337",0.899811351706037,0.786422915175376,17.9962270341207,15.7284583035075,0.899811351706037,0.899811351706037,0.900236990972719,70.8065016612961,1,"290 1101 1544"
"06037551502",0.559685809870357,0.243342629046369,11.1937161974071,4.86685258092738,0.796342484888253,0.559685809870357,0.559685809870357,45.6796353674867,1,"120 1873 198"
"06037551501",0.551522235146743,0.137570339218961,11.0304447029349,2.75140678437923,0.988447466793923,0.551522235146743,0.551522235146743,10.1398301063968,1,"1873 120 998"
"06037551402",0.970699241430048,0.911074325936531,19.413984828601,18.2214865187306,1.02598077228983,0.970699241430048,0.970699241430048,30.5388159360084,1,"1873 120 407"
"06037551401",0.613564905949256,0.37560273005647,12.2712981189851,7.5120546011294,0.88851420205997,0.613564905949256,0.613564905949256,25.793790080264,1,"998 1873 1568"
"06037551102",0.756412550703889,0.684879056311143,15.1282510140778,13.6975811262229,0.756412550703889,0.756412550703889,0.756412550703889,38.3405208740737,1,"873 912 512"
"06037551101",0.462202611747395,0.126852307524059,9.2440522349479,2.53704615048119,0.543599752445717,0.462202611747395,0.462202611747395,36.5616101021655,1,"512 1486 1764"
"06037550902",1.11070162749543,0.829720681221665,22.2140325499085,16.5944136244333,1.31688563787481,1.11070162749543,0.896057648333731,15.5518072420089,1,"407 1992 314"
"06037550901",1.19213977869244,0.912932847172512,23.8427955738487,18.2586569434502,1.29802142984968,1.19213977869244,0.808455494909727,8.18297895443829,1,"407 1992 873"
"06037262704",0.492212976218882,0.378951299411437,9.84425952437763,7.57902598822875,0.492212976218882,0.492212976218882,0.370603177443729,55.0662422306306,1,"107 2314 2393"
"06037240401",0.405963547880379,0.311434969776505,8.11927095760757,6.2286993955301,0.405963547880379,0.405963547880379,0.320870491330629,7.86914317897412,1,"2086 2088 1953"
"06037237102",0.627988795434662,0.422936301996341,12.5597759086932,8.45872603992683,0.627988795434662,0.627988795434662,0.660707095561918,32.0455386004586,1,"2226 2419 2082"
"06037211704",1.01752142487871,0.929640897160582,20.3504284975742,18.5928179432116,1.01752142487871,1.01752142487871,0.957447879384395,16.0677114877469,1,"2153 2215 2346"
"06037211122",0.778345711047483,0.737950369840134,15.5669142209497,14.7590073968027,0.778345711047483,0.778345711047483,0.79227871729102,20.3499041170462,1,"2370 2277 2462"
"06037207103",0.331182146265808,0.0290789290543228,6.62364292531615,0.581578581086455,0.331182146265808,0.331182146265808,0.202299819056709,27.933541668054,1,"2093 2311 9"
"06037194101",0.528763893859858,0,10.5752778771972,0,0.528763893859858,0.528763893859858,0.526799118150004,45.0648413048893,1,"1729 2434 1273"
"06037192001",0.427976865107771,0.200692331782391,8.55953730215541,4.01384663564782,0.427976865107771,0.427976865107771,0.42809057603595,2.08128960446736,1,"2329 827 1831"
"06037190202",0.292614879106021,0.023607755706673,5.85229758212042,0.472155114133461,0.447468658037064,0.292614879106021,0.205594950489143,10.9325751812767,1,"2505 2365 2194"
"06037189903",0.432390464686232,0.390580882645351,8.64780929372465,7.81161765290702,0.432390464686232,0.432390464686232,0.42363037361807,99.5946816321055,1,"1729 2434 1273"
"06037143604",0.669120461504812,0.591190572059174,13.3824092300962,11.8238114411835,0.669120461504812,0.669120461504812,0.670736647975821,31.7194175790868,1,"2438 2439 2455"
"06037141101",1.28128417541557,1.21788194444444,25.6256835083115,24.3576388888889,1.28128417541557,1.28128417541557,1.28128417541557,18.0832869070401,1,"1611 973 321"
"06037534803",0.754805684800763,0.140603873379464,15.0961136960153,2.81207746758928,1.0679028225165,0.754805684800763,0.754854151753758,5.34487721952486,1,"1205 882 1451"
"06037533902",0.337685417163764,0.0129313558816512,6.75370834327527,0.258627117633023,0.337685417163764,0.337685417163764,0.299882436570429,3.41689269515168,1,"301 156 155"
"06037534802",0.714030685794957,0.348477392030542,14.2806137158991,6.96954784061083,0.974891011492881,0.714030685794957,0.767274119144198,9.12518233361085,1,"1205 882 907"
"06037534406",0.364097421061004,0.215741942058379,7.28194842122007,4.31483884116758,0.364097421061004,0.364097421061004,0.364097421061004,14.1715326198246,1,"1531 260 292"
"06037534405",0.582163912749543,0.0587146066968902,11.6432782549909,1.1742921339378,0.582163912749543,0.582163912749543,0.582163912749543,35.5100189633098,1,"260 837 1531"
"06037533703",0.341024665950847,0.225847923128927,6.82049331901694,4.51695846257854,0.341024665950847,0.341024665950847,0.341024665950847,33.7425591471561,1,"1538 691 1534"
"06037533403",0.481258202099738,0.28490490535274,9.62516404199475,5.6980981070548,0.481258202099738,0.481258202099738,0.481258202099738,27.94668517378,1,"1536 1534 691"
"06037533402",0.382915647617911,0.306757908812535,7.65831295235823,6.1351581762507,0.434277568997057,0.382915647617911,0.382915647617911,13.0945577520148,1,"826 1305 395"
"06037533300",0.418353068082399,0.116421349319971,8.36706136164798,2.32842698639943,0.426778861449137,0.418353068082399,0.209742603197328,43.1520847821055,1,"1537 826 1305"
"06037310100",0.565166925157083,0.388945433667382,11.3033385031417,7.77890867334765,0.618479952079854,0.565166925157083,0.565166925157083,72.7390117782917,1,"1421 1501 1426"
"06037113422",1.09053440408017,0.678083740952835,21.8106880816034,13.5616748190567,1.09053440408017,1.09053440408017,1.09054248190567,33.0161482797521,1,"2453 2321 2253"
"06037503602",0.489263948540523,0.286595656366818,9.78527897081047,5.73191312733636,0.522545832339139,0.489263948540523,0.423848474906546,28.9258392115258,1,"749 288 1755"
"06037502302",0.4927318211644,0.288853719279408,9.854636423288,5.77707438558816,1.26895554959039,0.4927318211644,0.48228657142289,33.9617777209209,1,"1752 1821 1822"
"06037502700",0.180093255388531,0,3.60186510777062,0,0.180093255388531,0.180093255388531,0.349605802115645,4.74199773825447,1,"636 923 1901"
"06037502402",0.974266533444683,0.244140469657202,19.4853306688937,4.88280939314404,1.02938899327925,0.974266533444683,0.933024884673507,22.9986706437174,1,"912 877 1822"
"06037543321",1.03684855444206,0.386666865505448,20.7369710888412,7.73333731010896,1.05708661417323,1.03684855444206,1.03684855444206,23.6063213578278,1,"969 1884 1987"
"06037541500",0.74034327030144,0.5858734987672,14.8068654060288,11.717469975344,0.74034327030144,0.74034327030144,0.74034327030144,27.0921398632679,1,"710 379 1662"
"06037550300",0.580647145669291,0.157577870237811,11.6129429133858,3.15155740475622,0.580647145669291,0.580647145669291,0.580719224727591,94.047245437154,1,"572 183 1095"
"06037542401",0.817824529746282,0.785210619979321,16.3564905949256,15.7042123995864,0.817824529746282,0.817824529746282,0.817824529746282,7.98147784628286,1,"959 1107 642"
"06037543702",0.792567033524219,0.00553268909568122,15.8513406704844,0.110653781913624,0.792567033524219,0.792567033524219,0.79115652091784,0.295871454988271,1,"2039 1047 230"
"06037541100",0.761366121848405,0.0589519704923248,15.2273224369681,1.1790394098465,0.761366121848405,0.761366121848405,0.761366121848405,20.0248992978972,1,"899 1017 367"
"06037405500",0.888798790066014,0.409973877555078,17.7759758013203,8.19947755110157,0.888798790066014,0.888798790066014,0.888798790066014,24.6078325273906,1,"311 776 1624"
"06037405101",0.820522523462976,0.679282987353854,16.4104504692595,13.5856597470771,0.929927349280204,0.922820105583393,0.943166905273205,2.52228625447346,1,"721 1959 1958"
"06037206020",0.686754354569315,0.630936580370635,13.7350870913863,12.6187316074127,0.686754354569315,0.686754354569315,0.739912660065219,79.3855389356318,1,"2180 2052 2090"
"06037206010",0.266370645430685,0,5.3274129086137,0,0.266370645430685,0.266370645430685,0.266361946233993,109.417352520907,1,"9 2183 2168"
"06037207710",0.313858938797423,0.2083600522946,6.27717877594846,4.16720104589199,0.313858938797423,0.313858938797423,0.313856453312654,45.9442389705518,1,"2205 1266 2326"
"06037207400",0.332706369800366,0.311845696134574,6.65412739600732,6.23691392269148,0.332706369800366,0.332706369800366,0.346774834963811,51.8241697511247,1,"2180 2145 2052"
"06037206300",0.331478540324505,0.215005617195578,6.6295708064901,4.30011234391156,0.331478540324505,0.331478540324505,0.329762313091545,28.4566880065415,1,"2360 2083 2375"
"06037208000",0.163748086176728,0.113809104827806,3.27496172353456,2.27618209655611,0.215876158235902,0.163748086176728,0.132425385747236,18.8957877764212,1,"267 2504 1129"
"06037208610",0.539756571621729,0.388117767239322,10.7951314324346,7.76235534478645,0.539756571621729,0.539756571621729,0.540420196055039,29.6461272723339,1,"2307 2370 2250"
"06037208620",0.484185481786368,0.301495516185477,9.68370963572735,6.02991032370954,0.484185481786368,0.484185481786368,0.484900680028633,12.464380947062,1,"2307 2250 2251"
"06037208710",0.291480876680188,0.167375029825817,5.82961753360375,3.34750059651634,0.291480876680188,0.291480876680188,0.292220929770142,1.55699415408432,1,"2307 2250 2276"
"06037208902",0.406718513878947,0.256421249900581,8.13437027757894,5.12842499801161,0.406718513878947,0.406718513878947,0.4067222421061,15.3277252678281,1,"2276 2228 2406"
"06037602600",0.607276629483815,0.172507555873698,12.1455325896763,3.45015111747395,0.754762188817307,0.607276629483815,0.607276629483815,32.3586798289558,1,"897 1986 498"
"06037219800",0.680685422134733,0.521822556271375,13.6137084426947,10.4364511254275,0.680685422134733,0.680685422134733,0.692572874413426,23.0373034463295,1,"2337 2428 2110"
"06037219010",0.728957264574883,0.330588115406029,14.5791452914977,6.61176230812058,0.728957264574883,0.728957264574883,0.658032092579337,17.8673368035044,1,"2265 2118 1297"
"06037218900",0.64267738904796,0.415708512288237,12.8535477809592,8.31417024576473,0.64267738904796,0.64267738904796,0.571710585182534,46.938207269802,1,"2118 2265 1297"
"06037220100",0.522377440746043,0,10.4475488149209,0,0.522377440746043,0.522377440746043,0.559877192197566,28.0970470793032,1,"2110 2337 1921"
"06037219700",0.413778533365148,0.216867245287521,8.27557066730295,4.33734490575042,0.413778533365148,0.413778533365148,0.412092131949415,16.9468201221401,1,"2428 2337 2202"
"06037221220",0.587522617911397,0.348702949773324,11.7504523582279,6.97405899546648,0.587522617911397,0.587522617911397,0.587517025570667,6.03380639516871,1,"2299 2298 2327"
"06037219020",0.895527618706753,0.378876113497176,17.910552374135,7.57752226994353,0.895527618706753,0.895527618706753,0.903215223097113,29.3863960317613,1,"2265 2165 2118"
"06037221110",0.562787694862006,0.467815457726875,11.2557538972401,9.3563091545375,0.562787694862006,0.562787694862006,0.562795772687505,55.2535185364117,1,"2327 2094 2397"
"06037221120",0.611180083313449,0.48698848723455,12.223601666269,9.739769744691,0.611180083313449,0.611180083313449,0.611176355086296,37.9652959680887,1,"2327 2094 2397"
"06037221302",0.751829938161139,0.670975875884833,15.0365987632228,13.4195175176967,0.751829938161139,0.751829938161139,0.751824967191601,4.03727882047018,1,"1297 2298 2299"
"06037221500",0.516215302632625,0.407395187107293,10.3243060526525,8.14790374214587,0.571797577149447,0.516215302632625,0.516215302632625,2.25675757522831,1,"2273 1575 2298"
"06037221900",0.670124597351467,0.547669112383679,13.4024919470293,10.9533822476736,0.681544778493597,0.670124597351467,0.573485842678756,32.888748104974,1,"2342 2227 1575"
"06037221820",0.538463498170683,0.27962262884753,10.7692699634137,5.59245257695061,0.538463498170683,0.538463498170683,0.45050592042472,17.1246782249967,1,"2227 2359 2342"
"06037221810",0.428085605066412,0.205002162371749,8.56171210132824,4.10004324743498,0.499427095760757,0.428085605066412,0.42808498369522,7.22227138005471,1,"2342 1575 2227"
"06037222100",0.430230578422015,0.338335992802036,8.60461156844031,6.76671985604072,0.430230578422015,0.430230578422015,0.447000144158117,2.41297331318548,1,"2273 2165 2342"
"06037222200",0.239352804621013,0.0887920792571383,4.78705609242027,1.77584158514277,0.364769744691004,0.239352804621013,0.239352804621013,2.74541295015123,1,"2273 1575 2342"
"06037222600",0.5811106885787,0.567359122723296,11.622213771574,11.3471824544659,0.5811106885787,0.5811106885787,0.581134922055198,14.080445022081,1,"2342 2165 2349"
"06037536103",0.408782708979559,0.0325262964288555,8.17565417959119,0.65052592857711,0.408782708979559,0.408782708979559,0.566684313608526,3.96194636044111,1,"958 1020 1699"
"06037533002",0.497149770341207,0.332855498886503,9.94299540682415,6.65710997773006,0.497149770341207,0.497149770341207,0.497149770341207,19.3929681635944,1,"1451 1154 1304"
"06037480304",0.608620655372624,0.455584387178875,12.1724131074525,9.11168774357751,0.608620655372624,0.608620655372624,0.608620655372624,16.7849880601884,1,"972 201 607"
"06037125501",1.14779810904319,0.95859617334765,22.9559621808638,19.171923466953,1.14779810904319,1.14779810904319,1.1055889853257,30.9021528720301,1,"2301 2446 1427"
"06037125402",0.627583661417323,0.384751799490973,12.5516732283465,7.69503598981945,0.627583661417323,0.627583661417323,0.627576204963016,4.60998861032362,1,"2301 2409 2455"
"06037123901",0.820830102203134,0.586418441302792,16.4166020440627,11.7283688260558,0.820830102203134,0.820830102203134,0.820073272090989,19.8591173199067,1,"2408 2395 2425"
"06037121802",0.981263794440468,0.933709635727352,19.6252758888094,18.674192714547,0.981263794440468,0.981263794440468,0.98207530521753,49.396317021066,1,"2234 2382 378"
"06037121801",1.04423106557703,1.03360437544739,20.8846213115406,20.6720875089477,1.04423106557703,1.17647873916329,1.04504257635409,49.0171432438572,1,"2234 2382 2383"
"06037119202",0.725250785413187,0.273536919390758,14.5050157082637,5.47073838781516,0.725250785413187,0.725250785413187,0.755420842281078,19.0263984034806,1,"2166 2344 2167"
"06037119201",1.16062258907977,1.03237965282749,23.2124517815955,20.6475930565497,1.16062258907977,1.16062258907977,1.0023456762507,34.2674890979776,1,"2166 2398 2167"
"06037119002",1.19708092241311,1.11750129245208,23.9416184482621,22.3500258490416,1.19708092241311,1.19708092241311,1.22725408613696,10.1659546059462,1,"2166 191 2095"
"06037119001",0.67426355086296,0.335941228227153,13.4852710172592,6.71882456454307,0.67426355086296,0.67426355086296,0.67426355086296,31.5627915871762,1,"191 1139 2373"
"06037117202",1.31600950449376,0.832326090630717,26.3201900898751,16.6465218126143,1.71080266245128,1.31600950449376,1.43383639545057,33.0540884428315,1,"1278 2300 2367"
"06037115404",1.65824957249662,0.967545782629444,33.1649914499324,19.3509156525889,1.65824957249662,1.65824957249662,1.23503738169092,9.73726425295633,1,"2414 2453 2303"
"06037115403",1.75717310904319,1.29155792670803,35.1434621808638,25.8311585341605,1.75717310904319,1.75717310904319,1.65327425336038,1.76386725451195,1,"2414 2340 2161"
"06037900803",0.925907077666428,0.742579585222302,18.5181415533286,14.851591704446,0.925907077666428,0.925907077666428,0.925907077666428,2.34828880767213,1,"674 1163 1143"
"06037900805",1.21323719478247,0.913180152907023,24.2647438956494,18.2636030581405,1.21323719478247,1.21323719478247,1.21323719478247,6.54906891386892,1,"1143 523 1175"
"06037901007",1.05727054004613,0.502038718881731,21.1454108009226,10.0407743776346,1.05727054004613,1.05727054004613,1.05704746778812,84.559675493798,1,"1170 836 856"
"06037901101",1.52824069931599,0.125985494710888,30.5648139863199,2.51970989421777,1.52824069931599,1.52824069931599,1.60861195617593,4.4113041500623,1,"422 124 836"
"06037900501",1.05324281197805,0.594162590471646,21.064856239561,11.8832518094329,1.05324281197805,1.05324281197805,1.05324281197805,10.1715165326969,1,"347 1175 315"
"06037901004",2.28309050147141,1.53191673128927,45.6618100294281,30.6383346257854,2.28309050147141,2.28309050147141,2.40096150978287,18.3083028353434,1,"836 856 422"
"06037901102",1.51459414519208,1.14453777439752,30.2918829038416,22.8907554879504,1.51459414519208,1.51459414519208,1.59496043108248,41.763711632778,1,"836 422 856"
"06037920015",0.720307777578939,0.539178075041756,14.4061555515788,10.7835615008351,0.720307777578939,0.720307777578939,1.53533365147538,34.3883019992082,1,"1966 1162 1164"
"06037104401",0.578313275471248,0.245209849479042,11.566265509425,4.90419698958085,0.578313275471248,0.578313275471248,0.57830830450171,10.0168662897558,1,"2344 2177 799"
"06037104620",0.910592141891354,0.623102953750099,18.2118428378271,12.462059075002,0.910592141891354,0.910592141891354,0.910587792293009,5.92700260345159,1,"2095 2157 2344"
"06037104320",0.825776216893343,0.392232487274318,16.5155243378669,7.84464974548636,0.825776216893343,0.825776216893343,0.574325315159469,3.59618239613615,1,"2157 2230 2053"
"06037530902",0.746542069315199,0.310653284816671,14.930841386304,6.21306569633341,0.746542069315199,0.746542069315199,0.728685103992683,13.0081042172284,1,"258 1858 1060"
"06037530801",0.97626548457011,0.714113328163525,19.5253096914022,14.2822665632705,0.97626548457011,0.97626548457011,0.959183369124314,22.7395423350502,1,"1060 258 2218"
"06037530901",0.92665210172592,0.809520525133222,18.5330420345184,16.1904105026644,0.92665210172592,0.92665210172592,0.908795136403404,13.9066694683844,1,"258 1858 1060"
"06037531000",0.653494218762427,0.289325340014316,13.0698843752485,5.78650680028633,0.653494218762427,0.653494218762427,0.622279015549193,30.8377155244767,1,"1858 258 1852"
"06037531101",0.951879150759564,0.6999951533047,19.0375830151913,13.999903066094,0.951879150759564,0.951879150759564,0.975276883003261,44.5126704265889,1,"1858 2188 1881"
"06037531102",0.85783648492802,0.303720646424879,17.1567296985604,6.07441292849757,0.85783648492802,0.85783648492802,0.84852710172592,2.87285477272436,1,"1858 258 1852"
"06037531201",0.964568171876243,0.563906784379225,19.2913634375249,11.2781356875845,0.964568171876243,0.964568171876243,0.98796590411994,18.7095583709105,1,"1881 1858 1202"
"06037531202",0.83729271057027,0.370314239839338,16.7458542114054,7.40628479678676,0.83729271057027,0.83729271057027,0.860690442813966,27.0344299648912,1,"1881 1202 1858"
"06037482301",0.482894272448898,0.373646653543307,9.65788544897797,7.47293307086614,0.68640017298974,0.482894272448898,0.782331185874493,41.8084892357333,1,"1977 2479 414"
"06037481103",0.548972127773801,0.411017781158037,10.979442555476,8.22035562316074,0.548972127773801,0.548972127773801,0.558154129881492,16.022664984332,1,"952 1540 1608"
"06037482401",0.486933806569633,0.147471889167263,9.73867613139267,2.94943778334526,0.486933806569633,0.486933806569633,0.486734346416925,54.2710367463369,1,"1117 1603 414"
"06037482303",0.336021385110952,0.137060814841327,6.72042770221904,2.74121629682653,0.446662739600732,0.336021385110952,0.764575504056311,0.673855544158367,1,"2479 414 1977"
"06037482522",0.467853361369602,0.21924150461306,9.35706722739203,4.38483009226119,0.467853361369602,0.467853361369602,0.467853361369602,2.81960266869408,1,"833 1584 1605"
"06037530005",1.00529035433071,0.501233421816591,20.1058070866142,10.0246684363318,1.01319295315358,1.00529035433071,1.00529035433071,42.3318153339398,1,"93 991 2003"
"06037403312",1.10802041080092,0.75540468663008,22.1604082160185,15.1080937326016,1.42758975085501,1.10802041080092,1.10802041080092,194.226283701936,1,"1856 954 985"
"06037408704",1.22537505965163,0.656137531814205,24.5075011930327,13.1227506362841,1.22537505965163,1.22537505965163,1.22667993915533,81.2265042186503,1,"1861 1846 1840"
"06037403324",1.29318156963334,0.890392607174103,25.8636313926668,17.8078521434821,1.29318156963334,1.29318156963334,1.29300820707071,27.8965757662732,1,"798 662 976"
"06037408211",1.27369723315836,0.962996102759882,25.4739446631671,19.2599220551976,1.27369723315836,1.27369723315836,1.27500273403325,6.69176950740739,1,"1861 1840 1846"
"06037403325",0.847573918317029,0.373540399069434,16.9514783663406,7.47080798138869,0.847573918317029,0.847573918317029,1.32567866161616,4.07075224927629,1,"1758 476 887"
"06037408212",1.047195006164,0.0751970989421777,20.94390012328,1.50394197884355,1.047195006164,1.047195006164,1.04765792770222,25.504341747635,1,"1846 1839 1928"
"06037408503",1.07773602163366,0.894228331543784,21.5547204326732,17.8845666308757,1.07773602163366,1.26197009464726,1.07773664300485,10.0441277695008,1,"2027 2045 2044"
"06037407001",0.935395415771892,0.275799331901694,18.7079083154378,5.51598663803388,0.935395415771892,0.935395415771892,0.935395415771892,38.4081995728218,1,"988 150 1066"
"06037408302",0.962799749463135,0.560641478764018,19.2559949892627,11.2128295752804,1.06918968225563,0.962799749463135,0.962799749463135,121.020710023623,1,"913 335 908"
"06037401202",0.557741539409846,0.323048397359421,11.1548307881969,6.46096794718842,0.557741539409846,0.557741539409846,0.557741539409846,4.56321900274148,1,"620 638 1547"
"06037403802",0.859857805416368,0.770915354330709,17.1971561083274,15.4183070866142,0.859857805416368,0.859857805416368,0.859857805416368,4.94656286465076,1,"248 1362 425"
"06037401603",0.333790041159628,0.0198173914340253,6.67580082319256,0.396347828680506,0.333790041159628,0.333790041159628,0.333291080092261,5.65825709668456,1,"806 552 1744"
"06037403901",0.723180376600652,0.483069499125109,14.463607532013,9.66138998250219,0.723180376600652,0.723180376600652,0.722377565020282,16.0395325990452,1,"298 169 302"
"06037404901",1.22506250994194,1.12025645231846,24.5012501988388,22.4051290463692,1.29677744472282,1.38985139286566,1.22506250994194,33.426775742691,1,"912 721 1959"
"06037405900",0.694351860136801,0.606591878429969,13.887037202736,12.1318375685994,0.786434721228028,0.694351860136801,0.694334461743418,23.0572600482278,1,"496 1773 343"
"06037405002",0.863394650242583,0.379339035035393,17.2678930048517,7.58678070070787,0.939342986956176,0.939342986956176,0.938431435417164,18.3874059649018,1,"1958 1959 1148"
"06037405102",0.934996495466476,0.225805048516663,18.6999299093295,4.51610097033325,0.968328088960471,0.934996495466476,0.934996495466476,0.0321486704664979,1,"721 488 1959"
"06037183820",0.177892358625626,0.0511848305893581,3.55784717251253,1.02369661178716,0.177892358625626,0.177892358625626,0.172346620734908,9.58149606042779,1,"126 2186 2247"
"06037185100",0.375992951165195,0.319963910761155,7.5198590233039,6.3992782152231,0.531702358227949,0.375992951165195,0.375992951165195,26.0535288560922,1,"1182 2289 2457"
"06037185202",0.523778011413346,0.32584208223972,10.4755602282669,6.5168416447944,0.523778011413346,0.523778011413346,0.523778011413346,14.638156030813,1,"2207 2220 126"
"06037185310",0.569797383281635,0.314803423009624,11.3959476656327,6.29606846019248,0.569797383281635,0.569797383281635,0.371991320687187,31.9741728589767,1,"1197 631 360"
"06037186100",1.05206842042472,0.956024939354172,21.0413684084944,19.1204987870834,1.05206842042472,1.05206842042472,1.05206779905353,26.9515401550791,1,"1109 2203 94"
"06037183220",0.557597381293247,0.451150903722262,11.1519476258649,9.02301807444524,0.557597381293247,0.557597381293247,0.558256656128211,41.2075062253319,1,"2198 2222 2221"
"06037533202",0.414383748906387,0.244252937842997,8.28767497812773,4.88505875685994,0.414383748906387,0.490655820011135,0.414383748906387,20.5382569649053,1,"907 2507 882"
"06037533502",0.33707895888014,0.19770664320369,6.7415791776028,3.95413286407381,0.501975339020122,0.33707895888014,0.33707895888014,10.4767542372498,1,"395 1305 369"
"06037533201",0.614661626103555,0.475349583432753,12.2932325220711,9.50699166865505,0.614661626103555,0.623628633778732,0.614661626103555,12.5086880012368,1,"907 882 2507"
"06037533503",0.463921324465124,0.404651833293566,9.27842648930247,8.09303666587131,0.576192535592142,0.463921324465124,0.463921324465124,40.3744860448734,1,"395 1305 1413"
"06037533702",0.526380313966436,0.506603311659906,10.5276062793287,10.1320662331981,0.526380313966436,0.526380313966436,0.526380313966436,25.6738674452675,1,"1534 1413 691"
"06037533803",0.58382670205997,0.500118060526525,11.6765340411994,10.0023612105305,0.58382670205997,0.58382670205997,0.567536213513084,41.0220199574628,1,"1412 1042 1413"
"06037534202",0.377897453869403,0.239962369760598,7.55794907738805,4.79924739521196,0.41217104609083,0.41217104609083,0.377897453869403,8.99676881716885,1,"1393 1390 2011"
"06037534804",0.804516001550942,0.408284369283385,16.0903200310188,8.1656873856677,1.09147453869403,0.804516001550942,0.805356095402847,24.0533849662368,1,"1205 1696 1451"
"06037531602",0.828586678795832,0.39852635608049,16.5717335759166,7.9705271216098,0.828586678795832,0.828586678795832,0.55966157639386,39.4362300617496,1,"1207 133 1202"
"06037533901",0.655908867215462,0.515318664002227,13.1181773443092,10.3063732800445,0.655908867215462,0.655908867215462,0.581766235186511,11.3310469852966,1,"301 156 675"
"06037534001",0.329503201304382,0.00144095979479838,6.59006402608765,0.0288191958959675,0.329503201304382,0.329503201304382,0.329503201304382,9.65025782811424,1,"156 155 301"
"06037502500",1.38487234550227,1.36183128032291,27.6974469100453,27.2366256064583,1.38487234550227,1.38487234550227,1.38487234550227,94.4551428893915,1,"877 912 314"
"06037530400",0.415585480792174,0.087738855086296,8.31170961584347,1.75477710172592,0.415585480792174,0.415585480792174,0.41558734490575,25.9452757799993,1,"1852 160 978"
"06037501200",0.260888908772767,0.0984077984570111,5.21777817545534,1.96815596914022,0.394045648413267,0.394045648413267,0.260888908772767,5.21124987669341,1,"1089 1800 455"
"06037501501",0.385051921776823,0,7.70103843553647,0,0.385051921776823,0.385051921776823,0.381657370953631,81.9757462662887,1,"2043 2047 503"
"06037501400",0.12016200389724,0.00219157619502108,2.4032400779448,0.0438315239004215,0.270040463692038,0.128259091903285,0.12016200389724,4.04069292652455,1,"1787 1089 1616"
"06037501300",0.158842360614014,0.0671814105623161,3.17684721228028,1.34362821124632,0.315147662650123,0.158842360614014,0.158842360614014,20.1255790144508,1,"1788 775 1089"
"06037500201",1.67894123319812,1.27089547045256,33.5788246639625,25.4179094090511,1.76277974131075,1.67894123319812,1.67894123319812,53.6454476570855,1,"733 1796 564"
"06037500202",0.515201846218086,0.409048655849837,10.3040369243617,8.18097311699674,0.608928234112781,0.515201846218086,0.515201846218086,0.769229415626009,1,"1784 796 564"
"06037501503",0.2838274477054,0.148551832299372,5.67654895410801,2.97103664598743,0.2893346605822,0.2838274477054,0.279469150163048,7.1764151474122,1,"196 2043 1613"
"06037501504",0.339886313926668,0.307699286168774,6.79772627853336,6.15398572337549,0.339886313926668,0.339886313926668,0.339886313926668,4.04577971565147,1,"1617 238 1612"
"06037406411",1.03116797900262,0.728188007038893,20.6233595800525,14.5637601407779,1.03116797900262,1.03116797900262,1.03116797900262,28.0737934422476,1,"281 686 1122"
"06037406500",0.958379936172751,0.420329028473713,19.167598723455,8.40658056947427,0.958379936172751,0.958379936172751,0.958379936172751,21.5342499806212,1,"214 776 1624"
"06037406412",0.780016578183409,0.361359038216814,15.6003315636682,7.22718076433628,0.780016578183409,0.780016578183409,0.780016578183409,0.438158465979098,1,"281 686 214"
"06037189702",0.23086735961982,0.06122246082876,4.6173471923964,1.2244492165752,0.23086735961982,0.410262193788276,0.36635424123121,4.55917357366633,1,"267 1918 1273"
"06037406601",0.856031401614571,0.391704321760916,17.1206280322914,7.83408643521832,0.856031401614571,0.856031401614571,0.856031401614571,10.1983993556189,1,"214 1062 1634"
"06037406402",1.06934937465203,0.872483446671439,21.3869874930406,17.4496689334288,1.06934937465203,1.06934937465203,1.06934937465203,19.7685771105524,1,"281 214 1625"
"06037406800",1.2290678686471,0.533100443410483,24.581357372942,10.6620088682097,1.2290678686471,1.2290678686471,0.964730349757417,52.8129697334326,1,"762 1624 1062"
"06037400604",0.297628101884992,0.189410095044938,5.95256203769983,3.78820190089875,0.297628101884992,0.362008992483894,0.305815910085103,5.01440455296433,1,"820 1941 1971"
"06037404501",0.63407885448978,0.21660875487155,12.6815770897956,4.332175097431,0.63407885448978,0.63407885448978,0.599518188777539,28.0447292768167,1,"1034 1115 514"
"06037408134",0.408417342718524,0.0274571502425833,8.16834685437048,0.549143004851666,0.408417342718524,0.408417342718524,0.408417342718524,8.17987848985199,1,"1113 938 423"
"06037602900",0.855543003857472,0.705792546528275,17.1108600771495,14.1158509305655,0.869935824783266,0.855543003857472,0.608850562713752,21.0984315183807,1,"470 1038 1986"
"06037602301",0.340035443012805,0.280977218046608,6.8007088602561,5.61954436093216,0.340035443012805,0.340035443012805,0.338383217012646,10.2828841081291,1,"1700 426 848"
"06037603704",0.643486414340253,0.215310710450966,12.8697282868051,4.30621420901933,0.643486414340253,0.643486414340253,0.643645485365466,12.3109806486641,1,"184 1001 526"
"06037620001",0.253695294480235,0.155619929611071,5.07390588960471,3.11239859222143,0.253695294480235,0.253695294480235,0.238561799093295,15.2512910748957,1,"986 1074 1512"
"06037600302",0.701452890121689,0.548207219836157,14.0290578024338,10.9641443967231,0.88543965740078,0.701452890121689,0.77984756521912,5.52957452199264,1,"2486 1576 1872"
"06037603703",0.533211047482701,0.345933498369522,10.664220949654,6.91866996739044,0.533211047482701,0.533211047482701,0.535252251849201,20.8063709217344,1,"184 526 1688"
"06037603900",0.5080125815239,0.0683949485007556,10.160251630478,1.36789897001511,0.918765658554044,0.5080125815239,0.326631223653861,24.5272695894924,1,"1573 1688 1569"
"06037603600",0.690587593454227,0.468791010498688,13.8117518690845,9.37582020997375,0.723244999204645,0.690587593454227,0.690587593454227,21.3248982831102,1,"397 1001 2004"
"06037106114",0.956083969617434,0.812407415692357,19.1216793923487,16.2481483138471,0.956083969617434,0.956083969617434,0.956290886224449,19.1549011502212,1,"1893 822 2389"
"06037222500",0.46400645231846,0.110402747951961,9.2801290463692,2.20805495903921,0.46400645231846,0.46400645231846,0.468806544778494,6.99098813730925,1,"2165 2349 2273"
"06037187300",0.56682412212678,0.403845914857234,11.3364824425356,8.07691829714467,0.56682412212678,0.747521971685358,0.558971232999284,15.7736654299888,1,"945 1671 2399"
"06037222700",0.705845363079615,0.205861518730613,14.1169072615923,4.11723037461226,0.705845363079615,0.705845363079615,0.473638327169331,0.809984399185048,1,"2189 2227 2359"
"06037224010",0.532267806012885,0.127561913425595,10.6453561202577,2.55123826851189,0.532267806012885,0.532267806012885,0.526575424520799,39.2293618032586,1,"1299 2205 1574"
"06037224020",0.578751963532967,0.505417735425117,11.5750392706593,10.1083547085023,0.578751963532967,0.578751963532967,0.576979191521514,23.6032145450316,1,"2402 2313 1299"
"06037224410",0.285097530422334,0.126536650958403,5.70195060844667,2.53073301916806,0.285097530422334,0.285097530422334,0.285054034438877,25.194750199683,1,"2227 2359 1574"
"06037181300",1.20485862562634,1.02054936669848,24.0971725125268,20.4109873339696,1.20485862562634,1.20485862562634,1.07596573510698,31.5429206850727,1,"2459 229 1109"
"06037224320",0.263048173665792,0.216050763540921,5.26096347331583,4.32101527081842,0.263048173665792,0.263048173665792,0.26305314463533,27.637375030679,1,"2397 2094 2327"
"06037187200",0.382790752008272,0.279035433070866,7.65581504016543,5.58070866141732,0.382790752008272,0.382790752008272,0.383204585222302,19.7660414621686,1,"361 2184 1978"
"06037224310",0.274280079336674,0.0891518531774437,5.48560158673348,1.78303706354887,0.274280079336674,0.274280079336674,0.274288157162173,21.9627880606391,1,"2094 2327 2397"
"06037115104",1.52437577050028,1.20836564463533,30.4875154100056,24.1673128927066,1.61217241310745,1.52437577050028,1.43135339616639,84.0829737911924,1,"2161 2303 1683"
"06037113102",1.03255736498847,0.884180137994114,20.6511472997693,17.6836027598823,1.03255736498847,1.31087946393064,1.03256233595801,79.553074247167,1,"2285 2331 2308"
"06037113101",1.04802515807683,0.57936090730136,20.9605031615366,11.5872181460272,1.04802515807683,1.04802515807683,1.04782631929532,15.8851749832145,1,"2285 2331 267"
"06037111206",0.889242449097272,0.71526162212678,17.7848489819454,14.3052324425356,0.949687574564543,0.889242449097272,0.930400212757496,18.3073404906071,1,"2343 2303 1683"
"06037109604",0.906845273602163,0.783016558299531,18.1369054720433,15.6603311659906,0.906845273602163,0.906845273602163,0.906818554640897,30.7034607393646,1,"2099 2167 2121"
"06037109603",1.19181977252843,0.921423263143243,23.8363954505687,18.4284652628649,1.19181977252843,1.19181977252843,1.19180361687744,40.3990643682981,1,"2167 2099 2121"
"06037106648",0.464935402250855,0.329020395888014,9.2987080450171,6.58040791776028,0.464935402250855,0.464935402250855,0.573141603038257,23.3255483520871,1,"2132 582 2302"
"06037106408",1.27203879344627,0.531969547840611,25.4407758689255,10.6393909568122,1.27203879344627,1.27203879344627,1.2918642627058,94.2075521850074,1,"2389 55 2302"
"06037106407",1.14199760896365,0.539136443171876,22.839952179273,10.7827288634375,1.14199760896365,1.14199760896365,1.14199015250935,29.5584932589193,1,"2389 1843 822"
"06037106405",1.08629292432196,0.630067282072695,21.7258584864392,12.6013456414539,1.08629292432196,1.08629292432196,1.09411660900342,19.6364382903351,1,"2389 55 2378"
"06037104821",1.05320242285055,0.651643153980752,21.0640484570111,13.032863079615,1.05320242285055,1.05320242285055,1.05320242285055,7.17691349938191,1,"2095 2348 191"
"06037104704",0.475821204167661,0.361588945557942,9.51642408335322,7.23177891115883,0.63027419867971,0.583025754593176,0.475821204167661,5.30425684918396,1,"1149 1702 2348"
"06037104703",0.493710480792174,0.163019217768233,9.87420961584347,3.26038435536467,0.734598693629205,0.656555093255389,0.493710480792174,30.7413233063928,1,"2348 1149 1702"
"06037104404",0.840588463373896,0.526948247236141,16.8117692674779,10.5389649447228,0.840588463373896,0.840588463373896,0.840584113775551,3.62090493793593,1,"2344 2177 799"
"06037104124",0.583312828083989,0.0118427135528513,11.6662565616798,0.236854271057027,0.583312828083989,0.583312828083989,0.583311585341605,8.27806780099888,1,"2242 1702 2252"
"06037900102",1.16727001809433,0.419901525093454,23.3454003618866,8.39803050186908,1.77138635369442,1.49321151972481,0.974426225841088,630.689436125464,1,"14 1182 177"
"06037910201",1.05299364212996,0.687347764057902,21.0598728425992,13.746955281158,1.05299364212996,1.5276876789549,1.05299364212996,88.0557848845234,1,"1366 1368 1373"
"06037910302",1.10616748190567,0.474392671796707,22.1233496381134,9.48785343593415,1.56239374552613,1.10616748190567,0.752218295156287,27.3479828124522,1,"124 1182 1370"
"06037910402",0.661508664399905,0.633363034876322,13.2301732879981,12.6672606975264,0.661508664399905,0.661508664399905,0.661508043028712,5.55024813145355,1,"1368 1375 1373"
"06037910403",0.611140936928338,0.532675425514992,12.2228187385668,10.6535085102998,0.611140936928338,0.611140936928338,0.611140315557146,113.53825670905,1,"1375 1373 1379"
"06037910501",0.376262004891434,0.341592599220552,7.52524009782868,6.83185198441104,0.376262004891434,0.376262004891434,0.35184584526366,12.0826829603506,1,"696 1379 1375"
"06037910601",1.32144525968345,0.826417471963732,26.428905193669,16.5283494392746,1.40979989362125,1.40979989362125,1.32144525968345,17.7087181805015,1,"1378 1382 1775"
"06037910502",0.641236429253161,0.514310799928418,12.8247285850632,10.2862159985684,0.749186003738169,0.749186003738169,0.641236429253161,0.190580508798063,1,"1382 1775 696"
"06037910401",1.58297480215541,1.12039315398075,31.6594960431082,22.407863079615,1.58297480215541,1.58297480215541,1.58297480215541,3.55782286329994,1,"660 805 1366"
"06037910603",1.06651467927305,0.908953586057425,21.3302935854609,18.1790717211485,1.10383423307882,1.06651467927305,1.06651467927305,26.0151067712571,1,"1381 1378 1775"
"06037531301",0.798869601527082,0.463322944006999,15.9773920305416,9.26645888013998,0.798869601527082,0.798869601527082,0.801192287043665,8.4515361513844,1,"1881 1202 1858"
"06037531603",0.592852739998409,0.423751541000557,11.8570547999682,8.47503082001113,0.592852739998409,0.592852739998409,0.592839691203372,41.3434807054084,1,"160 133 1852"
"06037531701",0.734146335401257,0.431843036665871,14.6829267080251,8.63686073331743,0.734146335401257,0.734146335401257,0.617815706275352,25.8863933575319,1,"133 1207 160"
"06037531604",0.604540732124394,0.51613328163525,12.0908146424879,10.322665632705,0.604540732124394,0.604540732124394,0.578290284737135,27.1648875615349,1,"1207 133 160"
"06037531800",0.591347157599618,0.525104638908773,11.8269431519924,10.5020927781755,0.703498444086535,0.591347157599618,0.591347157599618,5.77239136184775,1,"1306 129 2003"
"06037531702",0.64148870595721,0.191564388968424,12.8297741191442,3.83128777936849,0.64148870595721,0.64148870595721,0.362796269784459,15.1937612018098,1,"1207 133 195"
"06037531902",0.710475199832975,0.309759753042233,14.2095039966595,6.19519506084467,0.710475199832975,0.710475199832975,0.710475199832975,23.8223112192006,1,"1306 129 713"
"06037531901",0.800885951045892,0.300354057305337,16.0177190209178,6.00708114610674,0.815297413107453,0.800885951045892,0.792065586972083,21.1458973662292,1,"1306 129 2003"
"06037106643",1.4858321154458,1.41197531416527,29.7166423089159,28.2395062833055,1.4858321154458,1.5243422164559,1.5600107870039,13.1200682312788,1,"267 2460 2089"
"06037482600",0.728575742662849,0.399525520957608,14.571514853257,7.99051041915215,0.728575742662849,0.728575742662849,0.728575742662849,140.829113078888,1,"1598 415 557"
"06037134306",1.10191792432196,0.363304551419709,22.0383584864392,7.26609102839418,1.10191792432196,1.10191792432196,0.751526087648135,1.43166665353766,1,"2253 2321 2138"
"06037482800",0.440906978247037,0.17895987433389,8.81813956494075,3.5791974866778,0.440906978247037,0.440906978247037,0.440906978247037,32.2688216985301,1,"419 557 341"
"06037431001",0.419959312614332,0.147896285691561,8.39918625228665,2.95792571383123,0.419959312614332,0.419959312614332,0.306380115127655,10.6495298067087,1,"711 1389 896"
"06037460100",0.577313489222938,0.555893581484133,11.5462697844588,11.1178716296827,0.667102247872425,0.577313489222938,0.666404448023542,14.7770486555015,1,"1994 1950 65"
"06037432401",0.511288450449376,0.326180729539489,10.2257690089875,6.52361459078979,0.753206275351945,0.753206275351945,0.753206275351945,2.0745540951824,1,"574 803 1961"
"06037408629",1.41697113855086,1.26145373518651,28.3394227710173,25.2290747037302,1.41697113855086,1.41697113855086,1.34839661377555,22.3051208922428,1,"2045 999 2048"
"06037404703",0.792808746917999,0.312780238407699,15.85617493836,6.25560476815398,0.792808746917999,0.792808746917999,0.792808746917999,13.9101427176102,1,"1066 147 988"
"06037121900",1.2230964914897,0.80508455619184,24.461929829794,16.1016911238368,1.2230964914897,1.2230964914897,1.22390800226676,21.953588626417,1,"2385 2234 2382"
"06037122410",1.19440094846099,1.06618659528354,23.8880189692198,21.3237319056709,1.19440094846099,1.19445873598187,1.19475015907103,19.8796505940866,1,"2408 2383 2234"
"06037123010",1.49229686132983,1.15786494372862,29.8459372265967,23.1572988745725,1.49229686132983,1.49229686132983,1.49227200648214,8.45418341703916,1,"2385 2425 2408"
"06037122420",1.52226497256025,1.43575332557862,30.445299451205,28.7150665115724,1.52226497256025,1.52226497256025,1.52247064642488,1.33116160069687,1,"2408 2385 2425"
"06037123020",1.45703528891275,1.05044229201463,29.140705778255,21.0088458402927,1.45703528891275,1.45703528891275,1.45701105543625,6.23646711709042,1,"2385 2425 2158"
"06037123205",0.981011517736419,0.826951229817864,19.6202303547284,16.5390245963573,0.981011517736419,0.981011517736419,0.981240803706355,13.1793117621398,1,"2425 2395 2408"
"06037123203",1.20398062813171,0.69570396385111,24.0796125626342,13.9140792770222,1.20398062813171,1.20398062813171,1.20397876401813,43.0369635649463,1,"2408 2395 2383"
"06037123204",1.10805520758769,0.4601210182534,22.1611041517538,9.202420365068,1.10805520758769,1.10805520758769,1.10805334347411,0.921566507542306,1,"2408 2383 2395"
"06037123520",0.401928363357989,0.135544669132268,8.03856726715979,2.71089338264535,0.401928363357989,0.401928363357989,0.482387854927225,34.5981758388443,1,"2243 267 2195"
"06037123304",0.710519938558816,0.249672537381691,14.2103987711763,4.99345074763382,0.710519938558816,0.710519938558816,0.719353351427662,8.42509459235726,1,"2408 2383 267"
"06037123303",0.696232129364511,0.535305068400541,13.9246425872902,10.7061013680108,0.696232129364511,0.696232129364511,0.775728495585779,17.4173413791708,1,"2408 267 2195"
"06037123410",0.527971024218564,0.36118008331345,10.5594204843713,7.22360166626899,0.527971024218564,0.527971024218564,0.710930664916885,36.7080441397549,1,"267 2195 2243"
"06037123301",1.03614391951006,0.106038236697686,20.7228783902012,2.12076473395371,1.03614391951006,1.03614391951006,1.04496552632625,28.7803235086251,1,"2408 2383 267"
"06037900300",2.4816850841088,0.984314105623161,49.6337016821761,19.6862821124632,2.4816850841088,2.4816850841088,2.48168570548,67.7931643427922,1,"1003 950 315"
"06037301300",0.667051916805854,0.479025615406029,13.3410383361171,9.58051230812058,0.667051916805854,0.667051916805854,0.527358352223018,36.1628822087293,1,"1317 24 1315"
"06037301203",0.87165329475861,0.542222793883719,17.4330658951722,10.8444558776744,0.87165329475861,0.87165329475861,0.87165329475861,20.4927128268164,1,"1315 398 1311"
"06037700400",0.579715088880935,0.354883107651316,11.5943017776187,7.09766215302633,0.579715088880935,0.579715088880935,0.579715088880935,12.7384231879062,1,"1079 163 1156"
"06037127220",1.14240336435218,1.01446924958244,22.8480672870437,20.2893849916488,1.14240336435218,1.14240336435218,1.27397312196771,25.6834644130135,1,"2209 2413 2098"
"06037702400",0.55453464268671,0.426238268511891,11.0906928537342,8.52476537023781,0.55453464268671,0.55453464268671,0.667033897041279,35.2045949072898,1,"1682 734 2288"
"06037702801",0.190299898592221,0.0326468424401495,3.80599797184443,0.65293684880299,0.334076493279249,0.190299898592221,0.190299898592221,6.86596606086627,1,"1331 994 293"
"06037186401",0.161900749622206,0.0533279398313847,3.23801499244413,1.06655879662769,0.354427021196214,0.161900749622206,0.354432613536944,0.752694390020627,1,"1803 1274 2241"
"06037187102",0.54492824405472,0.176629732363,10.8985648810944,3.53259464726,0.546317008669371,0.54492824405472,0.54621137556669,10.0987063161805,1,"2204 1693 1803"
"06037189300",0.893062017815955,0.16074375646226,17.8612403563191,3.21487512924521,0.894943529786049,0.893062017815955,0.918116325658156,34.1717920459609,1,"32 1038 1809"
"06037123420",0.58758164817466,0.420790707269546,11.7516329634932,8.41581414539092,0.58758164817466,0.58758164817466,0.761590436848803,36.850469262496,1,"267 2195 2243"
"06037189902",0.435579341644794,0.233156491092023,8.71158683289589,4.66312982184045,0.435579341644794,0.435579341644794,0.43593352322437,32.3504086519948,1,"827 1831 2329"
"06037190301",0.560327064940746,0.507365112741589,11.2065412988149,10.1473022548318,0.648330624154935,0.560327064940746,0.545201026008113,48.7687250528964,1,"2133 1809 32"
"06037190520",0.68149258331345,0.583659553209258,13.629851666269,11.6731910641852,0.685010165632705,0.68149258331345,0.684985310785015,28.8565901124162,1,"2246 2113 1809"
"06037199700",0.438121371192237,0.33062166945041,8.76242742384475,6.61243338900819,0.438121371192237,0.537935332657281,0.43807476835282,38.7773105876556,1,"2087 2168 9"
"06037190902",0.428237219637318,0.358362786327845,8.56474439274636,7.16725572655691,0.508395346178319,0.428237219637318,0.500802190209178,12.2657327071717,1,"1809 2364 2133"
"06037191110",0.56361660403245,0.379122797860495,11.272332080649,7.58245595720989,0.56361660403245,0.56361660403245,0.56363027419868,25.2615709161878,1,"2246 2266 2113"
"06037191201",0.605257794480235,0.183959426946632,12.1051558896047,3.67918853893263,0.605257794480235,0.605257794480235,0.605271464646465,1.70894758505319,1,"2113 1125 2246"
"06037191204",0.694855792173706,0.614898368527798,13.8971158434741,12.297967370556,0.694855792173706,0.694855792173706,0.700028707349081,33.7754028177607,1,"2113 2246 2264"
"06037535804",0.468675435456932,0.21925268929452,9.37350870913863,4.3850537858904,0.468675435456932,0.468675435456932,0.989812619303269,25.0890524385716,1,"1699 1698 1696"
"06037535803",0.349242299968186,0.228860330668894,6.98484599936372,4.57720661337787,0.349242299968186,0.349242299968186,0.847724911516742,8.73908608496739,1,"1698 1696 1699"
"06037535502",0.788364078779925,0.713784622802831,15.7672815755985,14.2756924560566,0.85451463453432,0.788364078779925,0.99706153563191,29.3117078130216,1,"1205 2470 1698"
"06037535701",0.582542949176807,0.330588736777221,11.6508589835361,6.61177473554442,0.582542949176807,0.582542949176807,0.921953914141414,7.63052084696302,1,"2470 1699 1698"
"06037535603",0.497454863596596,0.302381591505607,9.94909727193192,6.04763183011215,0.497454863596596,0.497454863596596,0.643091843633182,48.2871494269057,1,"1696 964 1698"
"06037535501",0.778044346019248,0.522535890400064,15.560886920385,10.4507178080013,0.97217996898115,0.778044346019248,0.799844532927702,49.4101630083613,1,"1205 1696 964"
"06037535503",0.416669152151436,0.222143308080808,8.33338304302871,4.44286616161616,0.416669152151436,0.416669152151436,0.70426086653941,5.6960450047072,1,"1696 1698 964"
"06037535604",0.423090402052016,0.183713363954506,8.46180804104032,3.67426727909011,0.423090402052016,0.423090402052016,0.503843180823988,28.5516047832829,1,"1696 964 1698"
"06037535606",0.560940979678677,0.388180525729738,11.2188195935735,7.76361051459477,0.560940979678677,0.560940979678677,0.560940979678677,1.85858399069535,1,"1696 964 2239"
"06037535902",0.770453675534876,0.696910666706434,15.4090735106975,13.9382133341287,0.770453675534876,0.770453675534876,0.952818042631035,27.6208524161007,1,"958 1699 645"
"06037535702",0.363019963413664,0.180399591386304,7.26039926827328,3.60799182772608,0.363019963413664,0.363019963413664,1.03206088940587,4.50762329617595,1,"1699 1698 1696"
"06037535901",0.559227237930486,0.244290220114531,11.1845447586097,4.88580440229062,0.559227237930486,0.559227237930486,0.942391434025292,29.8025864531665,1,"1699 958 1698"
"06037551800",0.71224548635966,0.554452621689334,14.2449097271932,11.0890524337867,0.811159702338344,0.71224548635966,0.71224548635966,53.5705301052764,1,"512 1764 912"
"06037501700",0.359012119223733,0.277009762984172,7.18024238447467,5.54019525968345,0.609845377992524,0.359012119223733,0.359012119223733,41.3187614064581,1,"703 1797 1790"
"06037190100",0.606698754275034,0.493996311540603,12.1339750855007,9.87992623081206,0.610231870874095,0.606698754275034,0.60375096933906,55.741550322672,1,"1273 2159 2505"
"06037407200",0.636364879106021,0.584390285731329,12.7272975821204,11.6878057146266,0.636364879106021,0.636364879106021,0.939957523065299,7.92533468258863,1,"103 1917 561"
"06037407701",1.23341125328084,0.261399675892786,24.6682250656168,5.22799351785572,1.77033872186431,1.23341125328084,0.921992439155333,36.2332521375942,1,"1525 1113 37"
"06037407702",0.976541994750656,0.578459297701424,19.5308398950131,11.5691859540285,1.33394476258649,0.976541994750656,0.37012037202736,2.14013420041693,1,"1525 561 968"
"06037402101",0.72943137079456,0.604806678994671,14.5886274158912,12.0961335798934,0.72943137079456,0.72943137079456,0.72943137079456,21.42922164404,1,"832 1087 780"
"06037408135",0.494127420862165,0.0219698212439354,9.8825484172433,0.439396424878708,0.494127420862165,0.494127420862165,0.494127420862165,13.2863840082913,1,"1113 938 423"
"06037408133",0.205054978923089,0.016580668893661,4.10109957846178,0.33161337787322,0.283174386582359,0.205054978923089,0.205054978923089,1.85137567246704,1,"1113 423 1525"
"06037408202",0.804125780442217,0.255405929372465,16.0825156088443,5.1081185874493,0.804125780442217,0.804125780442217,0.80922288833214,64.0585280958704,1,"1851 1176 1917"
"06037407002",0.823995367056391,0.115708636562475,16.4799073411278,2.3141727312495,0.823995367056391,0.823995367056391,0.823995367056391,1.23544891362002,1,"150 988 908"
"06037407102",1.05806092420266,0.954536755348763,21.1612184840531,19.0907351069753,1.05806092420266,1.05806092420266,1.05805968146027,24.5682011329649,1,"150 103 1851"
"06037407302",0.632391831702855,0.0717068569553806,12.6478366340571,1.43413713910761,0.632391831702855,0.632391831702855,0.99097396206156,38.1943119693155,1,"103 1917 561"
"06037408301",0.854486051459477,0.766142602203134,17.0897210291895,15.3228520440627,0.930914086733477,0.854486051459477,0.854486051459477,22.0238998548033,1,"908 150 335"
"06037407301",1.06563606040722,0.461112726676211,21.3127212081444,9.22225453352422,1.06563606040722,1.06563606040722,1.23539218464169,25.2733619359885,1,"103 1917 561"
"06037604100",0.303195587767438,0.252297830668894,6.06391175534876,5.04595661337787,0.47100806291259,0.303195587767438,0.303195587767438,14.3305042031833,1,"2004 1572 1570"
"06037601502",0.454764177205122,0.279136716575201,9.09528354410244,5.58273433150402,0.454764177205122,0.454764177205122,0.672743055555555,31.6172976651273,1,"595 1937 948"
"06037603101",0.621087225602482,0.240139460550386,12.4217445120496,4.80278921100771,0.621087225602482,0.621087225602482,0.613582304342639,31.8824870956663,1,"683 2502 2352"
"06037603102",0.39461047482701,0.117270142368568,7.8922094965402,2.34540284737135,0.665224464129484,0.665224464129484,0.665254911317903,2.77189884394144,1,"1830 1894 683"
"06037603200",0.603221561083274,0.19878410085103,12.0644312216655,3.9756820170206,0.603221561083274,0.603221561083274,0.603527275709854,12.5931591400536,1,"888 1830 454"
"06037603301",0.109915592937246,0.0807279239242822,2.19831185874493,1.61455847848564,0.109915592937246,0.109915592937246,0.109915592937246,26.6735290082597,1,"2503 2502 464"
"06037603302",0.716680212558657,0.68603915632705,14.3336042511731,13.720783126541,0.716680212558657,0.716680212558657,0.71698654855643,1.44358572475569,1,"2503 1830 2502"
"06037603702",0.618675062634216,0.453679263103476,12.3735012526843,9.07358526206951,0.841105444205838,0.618675062634216,0.624192838821284,61.8281619118708,1,"2004 184 109"
"06037224420",0.260286178716297,0.124702984570111,5.20572357432594,2.49405969140221,0.260286178716297,0.260286178716297,0.260242061361648,8.55101770124078,1,"1574 2359 2227"
"06037224600",0.673875193867812,0.502797413107452,13.4775038773562,10.055948262149,0.703128106855961,0.673875193867812,0.636318897637795,4.01937980701083,1,"2402 2313 1804"
"06037224700",0.443424152946791,0.379768402529229,8.86848305893581,7.59536805058459,0.443424152946791,0.443424152946791,0.311764917879583,26.5006362501939,1,"2359 2227 2313"
"06037226410",0.517077765847451,0,10.341555316949,0,0.517077765847451,0.517077765847451,0.547071353296747,15.8702645744383,1,"2402 2137 2313"
"06037226420",0.597156356875845,0.353128355404438,11.9431271375169,7.06256710808876,0.597156356875845,0.597156356875845,0.627057360017498,17.3106528960117,1,"2402 2137 2107"
"06037226700",0.61334929014555,0.593229290940905,12.266985802911,11.8645858188181,0.662756377753917,0.61334929014555,0.65941340073968,22.5933720169028,1,"2107 2402 1804"
"06037227010",0.544524352779766,0.101761338781516,10.8904870555953,2.03522677563032,0.544524352779766,0.544524352779766,0.544007371947825,8.47715702815366,1,"2137 1128 2353"
"06037650102",0.686992339735942,0.329277022190408,13.7398467947188,6.58554044380816,0.743338279448024,0.686992339735942,0.686992339735942,166.115673841604,1,"693 316 2004"
"06037650200",0.799044828203293,0.619421950807285,15.9808965640659,12.3884390161457,0.799044828203293,0.799044828203293,0.663793446273761,40.0576111981861,1,"693 273 811"
"06037650602",0.654075822198362,0.243655178756065,13.0815164439672,4.87310357512129,0.654075822198362,0.654075822198362,0.654075822198362,15.7922055215014,1,"1051 789 563"
"06037650502",0.382860345581802,0.0147177980593335,7.65720691163605,0.29435596118667,0.382860345581802,0.382860345581802,0.382814985484769,22.9455353269659,1,"368 325 563"
"06037650501",0.537266737254434,0.130180371629683,10.7453347450887,2.60360743259365,0.537266737254434,0.537266737254434,0.480480245367056,14.6294249364171,1,"563 601 391"
"06037297202",0.35505087787322,0.0731937982184045,7.10101755746441,1.46387596436809,0.515684651634455,0.35505087787322,0.515771643601368,6.68443611642112,1,"105 1806 462"
"06037297201",0.327926161218484,0.269182350075559,6.55852322436968,5.38364700151118,0.327926161218484,0.327926161218484,0.33585982860097,23.3297278341492,1,"462 105 88"
"06037296902",0.389426996341366,0.154212523860654,7.78853992682733,3.08425047721308,0.56973773164718,0.389426996341366,0.56967373041438,41.9312297798145,1,"2335 1806 2097"
"06037296901",0.42939297005488,0.316681828123757,8.58785940109759,6.33363656247514,0.534029393342878,0.42939297005488,0.533990246957767,40.799746795426,1,"2335 1806 105"
"06037296402",0.315492523661815,0.207042123995864,6.3098504732363,4.14084247991728,0.315492523661815,0.315492523661815,0.316959581046687,31.1547810509584,1,"2323 2338 2111"
"06037296401",0.554454485802911,0.532287689891036,11.0890897160582,10.6457537978207,0.554454485802911,0.554454485802911,0.661074947307723,36.1870298292735,1,"1732 1733 1736"
"06037294701",0.442027931877833,0.429028225165036,8.84055863755667,8.58056450330072,0.442027931877833,0.442027931877833,0.44513478783902,85.0456286286867,1,"332 2451 6"
"06037294421",0.586327721108725,0.463956742623081,11.7265544221745,9.27913485246163,0.586327721108725,0.586327721108725,0.586327721108725,27.3297146542978,1,"33 2213 1178"
"06037294302",0.728093558617673,0.380592340730136,14.5618711723535,7.61184681460272,0.728093558617673,0.728093558617673,0.728093558617673,16.7452668101271,1,"33 1104 1583"
"06037102105",0.746166761115088,0.411961643999046,14.9233352223018,8.23923287998091,0.746166761115088,0.772442684721228,0.746220820408812,5.67604969466779,1,"2158 2418 1"
"06037101122",0.693720547005488,0.284294718841963,13.8744109401098,5.68589437683926,0.693720547005488,0.693720547005488,0.693730488944564,55.6080841011873,1,"65 1023 2271"
"06037201602",0.587383430764336,0.460709456772449,11.7476686152867,9.21418913544898,0.587383430764336,0.587383430764336,0.640117961107134,13.0758631720884,1,"1673 2102 2182"
"06037201601",1.08714979519605,0.809180013719876,21.7429959039211,16.1836002743975,1.08714979519605,1.08714979519605,0.897879508669371,13.5322289255611,1,"2182 1673 2105"
"06037195903",0.436753733198123,0.241705315954824,8.73507466396246,4.83410631909648,0.440022767040484,0.436753733198123,0.440023388411676,18.2697802276579,1,"2117 2277 1814"
"06037195902",0.368987612343912,0.202363198918317,7.37975224687823,4.04726397836634,0.368987612343912,0.368987612343912,0.368987612343912,14.7240531247941,1,"2117 2256 2258"
"06037195901",0.645924674898592,0.498398726437604,12.9184934979718,9.96797452875209,0.703815964765768,0.645924674898592,0.703815964765768,9.86474843154715,1,"2117 1814 2256"
"06037195804",0.673234560168615,0.452730429292929,13.4646912033723,9.05460858585859,0.673234560168615,0.673234560168615,0.673234560168615,36.4950044517746,1,"2258 2175 2117"
"06037195803",0.344434129682653,0.159766960948063,6.88868259365307,3.19533921896127,0.344434129682653,0.344434129682653,0.344434129682653,11.1825548233579,1,"2258 2117 2256"
"06037195202",0.987785706474191,0.799689811500835,19.7557141294838,15.9937962300167,1.14813240674461,0.987785706474191,1.14808580390519,27.9149417389655,1,"1807 2113 1125"
"06037195201",0.652943683886105,0.235399019724807,13.0588736777221,4.70798039449614,0.913326796508391,0.652943683886105,0.913278950926589,39.5873508597392,1,"1807 32 1038"
"06037910404",1.19700884335481,1.04018780322914,23.9401768670962,20.8037560645828,1.19700884335481,1.19700884335481,1.19700884335481,30.394471782579,1,"805 1373 1379"
"06037910602",0.961233272687505,0,19.2246654537501,0,1.04323935715422,1.04323935715422,0.961233272687505,29.7420066419959,1,"1378 1382 1775"
"06037910706",0.981835455937326,0.604123792054402,19.6367091187465,12.082475841088,0.981835455937326,0.981835455937326,0.989040254911318,10.772569382641,1,"2495 1363 323"
"06037910707",1.70781759524378,0.888925549789231,34.1563519048755,17.7785109957846,1.71863318221586,1.70781759524378,1.70781821661497,53.2785067096644,1,"1381 536 1775"
"06037269000",0.293918515867335,0.208703049192715,5.8783703173467,4.17406098385429,0.293918515867335,0.293918515867335,0.284568122166547,23.1235072484326,1,"2143 2147 2232"
"06037269500",0.788256581563668,0.627747703412073,15.7651316312734,12.5549540682415,0.788256581563668,0.788256581563668,0.784699852859302,9.67197338485371,1,"2232 2147 2341"
"06037269300",0.46492297482701,0.179858998449057,9.29845949654021,3.59717996898115,0.693080534677483,0.46492297482701,0.464914897001511,12.9135496508802,1,"853 2318 2143"
"06037269700",0.593049714666348,0.0571611787162968,11.860994293327,1.14322357432594,0.593049714666348,0.593049714666348,0.589492985961982,18.0470051044112,1,"2341 734 2232"
"06037269800",0.687281277340332,0.60659498528593,13.7456255468066,12.1318997057186,0.687281277340332,0.687281277340332,0.68525312176887,38.5803571891402,1,"2288 2232 734"
"06037270100",0.518396315517379,0.351496634653623,10.3679263103476,7.02993269307246,0.628551757734829,0.518396315517379,0.515306236578382,1.47860801882325,1,"2288 1330 2454"
"06037480802",0.596101268591426,0.30306820667303,11.9220253718285,6.06136413346059,0.596101268591426,0.596101268591426,0.762851198997853,62.4715262202815,1,"364 1673 2102"
"06037480901",0.783933702179273,0.745587643163923,15.6786740435855,14.9117528632785,0.783933702179273,0.783933702179273,0.783933702179273,1.27853028053239,1,"201 100 719"
"06037531302",0.680864377038097,0.108670365068003,13.6172875407619,2.17340730136006,0.680864377038097,0.680864377038097,0.672794007993319,23.6194308573464,1,"1202 195 1881"
"06037481001",0.751033340292691,0.4169841873459,15.0206668058538,8.339683746918,0.878214353177444,0.780555928378271,0.751033340292691,13.722682829968,1,"719 2006 106"
"06037481002",0.413664201065776,0.281917352660463,8.27328402131552,5.63834705320926,0.497997942018611,0.413664201065776,0.413664201065776,79.4083861213534,1,"2006 1110 972"
"06037481102",0.72494879901376,0.525518472122803,14.4989759802752,10.5103694424561,0.875822695458522,0.72494879901376,0.724667317863676,101.984931393048,1,"952 1945 1543"
"06037480803",0.626552185238209,0.507657157201941,12.5310437047642,10.1531431440388,0.626552185238209,0.626552185238209,0.626513038853098,42.0085330407531,1,"364 2181 100"
"06037481902",0.755985668694822,0.50187467688698,15.1197133738964,10.0374935377396,1.00012613835202,0.755985668694822,0.755985668694822,1.19931037469208,1,"441 1999 486"
"06037430502",0.196741032370954,0.0960900839099658,3.93482064741907,1.92180167819932,0.223019441461863,0.196741032370954,0.198261527678358,7.10027367968288,1,"1746 701 1801"
"06037432300",0.499702363198918,0.329556639226915,9.99404726397837,6.5911327845383,0.499702363198918,0.499702363198918,0.499702363198918,32.8683565653902,1,"1492 2062 1157"
"06037432500",0.828783653463772,0.534905526723932,16.5756730692754,10.6981105344786,0.828783653463772,0.828783653463772,0.804003370317347,17.6323590659353,1,"803 912 574"
"06037432602",0.715134241032371,0.403102133540126,14.3026848206474,8.06204267080251,0.715134241032371,0.715134241032371,0.715134241032371,3.80792710144613,1,"912 1116 574"
"06037432700",0.941211450131234,0.904413226755746,18.8242290026247,18.0882645351149,0.941211450131234,0.941211450131234,0.940967251252684,0.389697927814969,1,"1490 574 123"
"06037432801",0.730662307126382,0.571834238049789,14.6132461425276,11.4366847609958,0.730662307126382,0.730662307126382,0.730662307126382,89.012897016953,1,"1490 141 1157"
"06037432902",0.733214899984093,0.69729840233039,14.6642979996819,13.9459680466078,0.733214899984093,0.733214899984093,0.733214899984093,38.209838632483,1,"349 141 893"
"06037123510",0.300205549590392,0.183046011294043,6.00411099180784,3.66092022588086,0.300205549590392,0.300205549590392,0.401377828481667,4.95400682384779,1,"2216 2195 267"
"06037123602",0.635616748190567,0.39518524317983,12.7123349638113,7.9037048635966,0.635616748190567,0.635616748190567,0.746699897598027,49.9250940482654,1,"2407 267 2243"
"06037123700",0.612614829396325,0.603292397399189,12.2522965879265,12.0658479479838,0.612614829396325,0.612614829396325,0.717663221784777,23.7796158782092,1,"2408 2403 267"
"06037123800",0.694353102879186,0.460819439473475,13.8870620575837,9.2163887894695,0.694353102879186,0.694353102879186,0.829057056788356,50.196413820474,1,"2408 2403 267"
"06037123601",0.209146708223972,0.0126809432911795,4.18293416447944,0.25361886582359,0.209146708223972,0.209146708223972,0.476884991648771,9.77024394290188,1,"2407 267 2403"
"06037124300",0.571073679710491,0.155909488586654,11.4214735942098,3.11818977173308,0.585239700151117,0.571073679710491,0.276460470850235,2.44072995141746,1,"2446 1416 1719"
"06037124500",1.11481883301519,0.84597450886821,22.2963766603038,16.9194901773642,1.11481883301519,1.11481883301519,1.16148691640818,41.1700338302956,1,"2403 2407 267"
"06037127300",1.62369014952676,0.958045017100135,32.4738029905353,19.1609003420027,1.62369014952676,1.62369014952676,1.63814759305655,18.1299796673693,1,"1193 2300 2209"
"06037127400",1.48519023900422,1.33790848942178,29.7038047800843,26.7581697884355,1.65891941064185,1.48519023900422,1.48519023900422,4.71345791327605,1,"2000 1193 569"
"06037127920",0.59256131690925,0.435792471963732,11.851226338185,8.71584943927464,0.59256131690925,0.59256131690925,0.711429625984252,21.0799026643783,1,"2216 2209 2413"
"06037127910",0.604600383758848,0.312775888809353,12.092007675177,6.25551777618707,0.604600383758848,0.604600383758848,0.678413067684721,31.53956241658,1,"2413 2209 2216"
"06037128210",1.1441550097431,0.836742175693947,22.883100194862,16.7348435138789,1.1441550097431,1.1441550097431,0.874082234749065,37.7076555924645,1,"2413 2163 2209"
"06037128400",0.904731990177364,0.779327477531218,18.0946398035473,15.5865495506243,0.904731990177364,0.904731990177364,0.904731990177364,32.184265236257,1,"63 2163 2279"
"06037134104",1.06677814065855,0.580050007953551,21.3355628131711,11.601000159071,1.06677814065855,1.06677814065855,1.06488233715104,33.9101019105575,1,"2355 2453 2238"
"06037131400",1.52077678855484,1.12957702020202,30.4155357710968,22.5915404040404,1.52077678855484,1.52077678855484,1.54142060367454,16.86663733488,1,"2340 2339 2236"
"06037131800",0.834390907102521,0.373675857989342,16.6878181420504,7.47351715978685,0.834390907102521,0.834390907102521,1.13669855543625,33.4447611984985,1,"2340 2236 2339"
"06037132300",0.559325414578859,0.207687728664599,11.1865082915772,4.15375457329197,0.559325414578859,0.559325414578859,0.783109142607174,24.5686792522692,1,"2340 2236 2339"
"06037702802",0.523039822436968,0.42420514197089,10.4607964487394,8.4841028394178,0.634661079296906,0.523039822436968,0.498372007476338,42.8729144725857,1,"293 994 1331"
"06037702502",0.69055217529627,0.610959496540205,13.8110435059254,12.2191899308041,0.69055217529627,0.69055217529627,0.803549769347013,0.826689815956601,1,"294 2065 608"
"06037702700",0.413056500039768,0.336138202895093,8.26113000079535,6.72276405790185,0.413056500039768,0.413056500039768,0.418655054481826,167.188762516229,1,"293 1892 1043"
"06037702803",0.532868050584586,0.389032425634296,10.6573610116917,7.78064851268591,0.532868050584586,0.532868050584586,0.532868050584586,40.8190822561628,1,"1891 687 293"
"06037127210",1.38900197844588,1.19299167859699,27.7800395689175,23.8598335719399,1.38900197844588,1.38900197844588,1.49455430287123,163.525046855936,1,"1193 2209 2413"
"06037181000",1.08070306907659,0.717092803030303,21.6140613815319,14.3418560606061,1.08070306907659,1.08070306907659,0.822917288037859,55.5336328715558,1,"2459 2172 2254"
"06037191620",0.496857725880856,0.174912262387656,9.93715451761711,3.49824524775312,0.496857725880856,0.496857725880856,0.502016970890002,12.0814133022533,1,"2264 2246 2266"
"06037191720",0.48912414002227,0.437762840014316,9.7824828004454,8.75525680028633,0.48912414002227,0.48912414002227,0.489116062196771,51.5555891154329,1,"2364 2264 2266"
"06037191420",0.343298884514436,0.207073813926668,6.86597769028871,4.14147627853337,0.498719353972799,0.343298884514436,0.498719353972799,55.6786650116832,1,"1814 2117 2277"
"06037191500",0.682561341764098,0.487960933150402,13.651226835282,9.75921866300803,0.682561341764098,0.682561341764098,0.739434204247196,12.0857357892007,1,"2264 2462 1125"
"06037191810",0.73159498528593,0.285451712001909,14.6318997057186,5.70903424003818,0.73159498528593,0.73159498528593,0.737905631114293,10.631996707288,1,"2225 2159 2364"
"06037191410",0.489683995466476,0.361589566929134,9.79367990932952,7.23179133858268,0.567329918277261,0.489683995466476,0.567329918277261,18.0313352547257,1,"1125 1814 2117"
"06037191820",0.853583820488348,0.51001774636125,17.071676409767,10.200354927225,0.853583820488348,0.853583820488348,0.958882004096079,17.7708858519645,1,"2225 2080 2159"
"06037191610",0.504437833054959,0.0778435188499165,10.0887566610992,1.55687037699833,0.512659816670643,0.504437833054959,0.512665409011374,41.9553044823352,1,"2264 2266 2217"
"06037192300",0.798569479241231,0.585412441342559,15.9713895848246,11.7082488268512,0.798569479241231,0.798569479241231,1.12364106120258,41.6265031234757,1,"2080 2346 2225"
"06037194200",0.468213135289907,0.31808239879106,9.36426270579814,6.3616479758212,0.892349926429651,1.21370135906307,0.400344488188976,15.7825956087011,1,"1182 1371 267"
"06037201120",0.415411496858347,0.253919609480633,8.30822993716694,5.07839218961266,0.415411496858347,0.415411496858347,0.460364595760757,9.68997014423555,1,"2181 2211 1828"
"06037201504",0.803483282629444,0.541799018730613,16.0696656525889,10.8359803746123,0.803483282629444,0.803483282629444,0.689643730613219,20.0191250857117,1,"2182 1673 2102"
"06037104103",0.972450886820966,0.81603560208383,19.4490177364193,16.3207120416766,0.972450886820966,0.972450886820966,0.972453993676927,7.35721213343073,1,"2242 1702 2230"
"06037262301",0.623313598584268,0.277460257098544,12.4662719716854,5.54920514197089,0.623313598584268,1.39479191521514,0.593411974071423,91.308199140615,1,"492 627 36"
"06037400304",0.3648101338185,0.246415930963175,7.29620267637,4.9283186192635,0.3648101338185,0.3648101338185,0.3648101338185,6.53008639863445,1,"1383 1365 1361"
"06037920326",0.637993493000875,0.261084640698322,12.7598698600175,5.22169281396644,0.637993493000875,0.637993493000875,0.638214079774119,95.8833309206669,1,"521 1151 267"
"06037108104",0.28832368965243,0.196503047204327,5.7664737930486,3.93006094408653,0.28832368965243,0.288462876799491,0.288328039250775,18.5657575932282,1,"2332 2316 2089"
"06037460800",0.373815045136403,0.283056947427026,7.47630090272807,5.66113894854052,0.954607591664678,0.609193559611867,0.373815045136403,9.73930444825551,1,"58 1269 1263"
"06037535802",0.80464027578939,0.720881303189374,16.0928055157878,14.4176260637875,0.80464027578939,0.80464027578939,1.01797626859143,1.10571928366052,1,"1699 1698 645"
"06037482521",0.800685869521992,0.503622594050744,16.0137173904398,10.0724518810149,0.800685869521992,0.800685869521992,0.80728421021236,0.612221148484459,1,"833 1598 1942"
"06037540101",0.858541119860018,0.72101054839736,17.1708223972004,14.4202109679472,0.933494019923646,0.858541119860018,0.773344915692357,10.7301347664294,1,"645 958 1723"
"06037536102",0.321153215223097,0.0364086236379543,6.42306430446194,0.728172472759087,0.69106045693152,0.321153215223097,0.104358048993876,24.0420693144694,1,"1873 1568 998"
"06037536000",0.647678184403086,0.29831906665076,12.9535636880617,5.96638133301519,0.647678184403086,0.647678184403086,0.902597580132029,8.94926453053689,1,"1699 958 643"
"06037124201",0.640109261910443,0.264681137158991,12.8021852382089,5.29362274317983,0.640109261910443,0.640109261910443,0.636040523343673,33.9681856680302,1,"2425 2395 2446"
"06037535605",0.431542914380021,0.332306206752565,8.63085828760041,6.6461241350513,0.431542914380021,0.431542914380021,0.677741365425913,32.573936882964,1,"1696 1698 964"
"06037403305",1.07148627018214,0.514320120496302,21.4297254036427,10.286402409926,1.07148627018214,1.07148627018214,1.29560491728307,119.62991007846,1,"476 1758 887"
"06037402102",0.501244606498051,0.139942113059731,10.024892129961,2.79884226119462,0.501244606498051,0.501244606498051,0.501244606498051,38.3922890020247,1,"992 780 832"
"06037402200",0.630876928736181,0.179350095442615,12.6175385747236,3.5870019088523,0.792109704326732,0.630876928736181,0.725825553766007,135.400980443109,1,"409 2012 2475"
"06037402301",0.788511343752486,0.0205245118507914,15.7702268750497,0.410490237015827,0.788511343752486,0.788511343752486,0.780068151992364,25.7502071697142,1,"551 409 459"
"06037403721",0.637941297820727,0.255139982502187,12.7588259564145,5.10279965004374,0.637941297820727,0.637941297820727,0.637945647419073,27.6388343109519,1,"545 2466 1529"
"06037402702",1.04170270619582,0.720939712081444,20.8340541239163,14.4187942416289,1.04170270619582,1.04170270619582,1.04170270619582,18.1664952752897,1,"412 716 606"
"06037403200",1.52789397419073,1.35752952755906,30.5578794838145,27.1505905511811,1.52789397419073,1.52789397419073,1.52789397419073,30.4464787552358,1,"226 240 546"
"06037402703",0.599697765052096,0.36024989063867,11.9939553010419,7.2049978127734,0.599697765052096,0.599697765052096,0.611580867732443,7.36398558189457,1,"716 854 832"
"06037402600",0.641370645430685,0.185218324982104,12.8274129086137,3.70436649964209,0.641370645430685,0.641370645430685,0.675083139465521,8.01751805331743,1,"606 412 2475"
"06037402501",0.541858670365068,0.350642249264296,10.8371734073014,7.01284498528593,0.541858670365068,0.541858670365068,0.540563732800445,19.0339569567005,1,"1078 459 699"
"06037407101",1.2210148979957,1.07077417879583,24.4202979599141,21.4154835759166,1.2210148979957,1.2210148979957,1.2249699256343,38.4315343344184,1,"103 150 1917"
"06037189701",0.369047885349559,0.161678920106578,7.38095770699117,3.23357840213155,0.80084369780482,0.763914986478963,0.801896921975662,4.18223283974976,1,"629 1277 1265"
"06037189600",0.353744755627138,0.297905854807922,7.07489511254275,5.95811709615843,0.353744755627138,0.4098520888014,0.353633530183727,28.1959378069814,1,"2194 1860 1918"
"06037189500",0.77755905511811,0.59868803686471,15.5511811023622,11.9737607372942,0.806138401733874,0.77755905511811,0.722840486558498,16.6354749830587,1,"2194 2133 1809"
"06037701202",0.947782450489143,0.739472107889923,18.9556490097829,14.7894421577985,0.947782450489143,0.947782450489143,0.947782450489143,3.99527360435693,1,"327 864 436"
"06037700902",0.332710098027519,0.010328431957369,6.65420196055039,0.206568639147379,0.497104410244174,0.332710098027519,0.332710098027519,6.95336607708692,1,"1761 1472 1470"
"06037311600",0.77138511095204,0.747746908056947,15.4277022190408,14.9549381611389,0.77138511095204,0.77138511095204,0.77138511095204,12.5611653711126,1,"534 1427 535"
"06037700901",0.247442436172751,0.18275085997773,4.94884872345502,3.6550171995546,0.346380264256741,0.247442436172751,0.247442436172751,40.0788600178642,1,"1471 1760 556"
"06037189400",0.665822223216416,0.5142001958562,13.3164444643283,10.284003917124,0.87488628907182,1.1016265012328,0.629483193151992,36.4373501244834,1,"32 1182 1277"
"06037702501",0.4438156167979,0.282439304461942,8.876312335958,5.64878608923884,0.4438156167979,0.4438156167979,0.471392691680585,42.1377463601224,1,"225 2065 278"
"06037106112",0.554075449375646,0,11.0815089875129,0,1.07554071721148,0.554075449375646,0.902007277499404,146.137423249078,1,"1844 1843 1883"
"06037555212",0.574452074882685,0.264843936411358,11.4890414976537,5.29687872822715,0.574452074882685,0.574452074882685,0.590941402211087,4.294362592078,1,"591 261 286"
"06037555103",0.3795546508391,0.0893954306848008,7.59109301678199,1.78790861369601,0.3795546508391,0.444926628489621,0.3795546508391,10.3138572888935,1,"779 286 1660"
"06037555102",0.634050892786129,0.461366867493836,12.6810178557226,9.22733734987672,0.634050892786129,0.634050892786129,0.634050892786129,18.1239220675503,1,"179 779 286"
"06037541400",0.753984853455818,0.449772081046687,15.0796970691164,8.99544162093375,0.753984853455818,0.753984853455818,0.758279771136563,2.95397993435063,1,"379 939 1121"
"06037555001",0.7257460182534,0.564935153702378,14.514920365068,11.2987030740476,0.7257460182534,0.7257460182534,0.7257460182534,20.6742502954571,1,"451 179 779"
"06037570100",0.765757973435139,0.648785467867653,15.3151594687028,12.9757093573531,0.765757973435139,0.765757973435139,0.765758594806331,10.5342398562814,1,"849 276 1189"
"06037570002",0.910970556947427,0.432454465919033,18.2194111389485,8.64908931838066,0.910970556947427,0.910970556947427,0.910970556947427,15.6914847675343,1,"688 773 276"
"06037650603",0.610428224170842,0.329473375487155,12.2085644834168,6.5894675097431,0.610428224170842,0.610428224170842,0.610428224170842,31.3713359905468,1,"1051 977 368"
"06037650702",0.614812619303269,0.425595149327925,12.2962523860654,8.5119029865585,0.614812619303269,0.614812619303269,0.615013943569554,40.8463352139205,1,"789 504 1186"
"06037650800",0.362136994949495,0.277267010657759,7.2427398989899,5.54534021315517,0.362136994949495,0.362136994949495,0.362136994949495,3.47899098030324,1,"1300 1301 246"
"06037650701",0.775748379463931,0.676280521752963,15.5149675892786,13.5256104350593,0.775748379463931,0.775748379463931,0.775748379463931,33.9984249774093,1,"789 319 1300"
"06037670001",0.500395192078263,0.151518879742305,10.0079038415653,3.0303775948461,0.500395192078263,0.500395192078263,0.500387735623956,27.4840063450123,1,"619 982 513"
"06037651221",0.346959382207906,0.151937062554681,6.93918764415811,3.03874125109361,0.346959382207906,0.346959382207906,0.346959382207906,28.0648746327556,1,"319 558 1160"
"06037650902",0.311154731368806,0.147624746480554,6.22309462737612,2.95249492961107,0.311154731368806,0.311154731368806,0.232658151395848,8.66674544314527,1,"1015 246 352"
"06037651201",0.272271807643363,0,5.44543615286725,0,0.490396708223972,0.272271807643363,0.272271807643363,74.5138302824591,1,"1983 1302 2075"
"06037294301",0.616840153503539,0.223745203014396,12.3368030700708,4.47490406028792,0.616840153503539,0.616840153503539,0.616840153503539,37.992425359667,1,"1104 33 1178"
"06037293307",0.586799963214825,0.484695006164002,11.7359992642965,9.69390012328005,0.632160060248151,0.586799963214825,0.671263570746839,5.31580075261928,1,"1935 306 33"
"06037278102",0.22315490038177,0.181025933548079,4.46309800763541,3.62051867096158,0.2661693211644,0.22315490038177,0.223151172154617,20.9527498495999,1,"143 2162 1689"
"06037980009",2.28216776525093,0,45.6433553050187,0,2.41415384156526,2.28216776525093,2.41415384156526,317.528955436478,1,"32 1038 1807"
"06037980008",0.9059057603595,0.457062629245208,18.11811520719,9.14125258490416,1.21607996798696,0.9059057603595,0.9059057603595,121.413688682917,1,"2000 569 2001"
"06037980007",0.460431703849519,0.193265081921578,9.20863407699038,3.86530163843156,0.735442515708264,0.460431703849519,0.735442515708264,229.299813027104,1,"1824 244 912"
"06037980006",0.585590774874732,0,11.7118154974946,0,0.585590774874732,0.585590774874732,0.586239486399427,415.706847644165,1,"30 912 602"
"06037980005",1.30233126043904,0.992969184959835,26.0466252087807,19.8593836991967,1.30233126043904,1.30233126043904,1.17528819195896,75.2019590773266,1,"1630 273 555"
"06037194402",0.501368880736499,0.271394431519924,10.02737761473,5.42788863039847,0.501368880736499,0.501368880736499,0.483183831424481,20.6298022372379,1,"550 1156 2449"
"06037194401",0.645507734828601,0.361853649685835,12.910154696572,7.23707299371669,0.844506208740953,0.645507734828601,0.4250688479281,18.0853872382069,1,"1812 550 1957"
"06037194102",1.25445585281953,1.20249927920942,25.0891170563907,24.0499855841883,1.25637837528832,1.25637837528832,1.24281259941939,42.5004160390677,1,"1629 267 1182"
"06037192002",0.463765981667064,0.338752932872027,9.27531963334129,6.77505865744055,0.584646912033723,0.463765981667064,0.50319944026883,3.27777383666598,1,"1812 2329 2319"
"06037191902",0.9299596605822,0.786544082557862,18.599193211644,15.7308816511572,0.9299596605822,0.9299596605822,0.930075235623956,21.2047401459523,1,"2329 1831 2225"
"06037191901",0.492993418436332,0.382189264694186,9.85986836872664,7.64378529388372,0.492993418436332,0.492993418436332,0.520948287003897,24.9347907168838,1,"2159 1831 2225"
"06037191302",0.58119395231846,0.231746599856836,11.6238790463692,4.63493199713672,0.627243150003977,0.58119395231846,0.627245635488746,16.1181683761465,1,"1125 2113 1814"
"06037191301",0.610434437882765,0.294779114968583,12.2086887576553,5.89558229937167,0.651701562872823,0.610434437882765,0.651704048357592,50.065428437004,1,"1125 1814 2117"
"06037190802",0.35603947944007,0.108737473156764,7.1207895888014,2.17474946313529,0.35603947944007,0.35603947944007,0.383597913186988,1.4556157688082,1,"2225 2159 2365"
"06037189905",0.425107994313211,0.281980732522071,8.50215988626422,5.63961465044142,0.425107994313211,0.425107994313211,0.425040264853257,26.4082383885923,1,"2434 1729 827"
"06037189202",0.654776728903205,0.537663172075082,13.0955345780641,10.7532634415016,0.654776728903205,0.654776728903205,0.654751874055516,46.682693016037,1,"1038 2113 32"
"06037189102",0.60155131531854,0.271224175813251,12.0310263063708,5.42448351626501,0.62080077348286,0.60155131531854,0.620858561003738,25.447199666062,1,"1038 32 1807"
"06037189101",0.696994551817386,0.489859222142687,13.9398910363477,9.79718444285373,0.717003325578621,0.696994551817386,0.717003946949813,45.2138243130691,1,"2113 1038 1807"
"06037188202",0.671788008033087,0.382632302354251,13.4357601606617,7.65264604708502,0.858134743100294,0.671788008033087,0.835001093613298,34.3893498706154,1,"32 1807 1038"
"06037270200",0.530767815954824,0.489351561878629,10.6153563190965,9.78703123757258,0.530767815954824,0.574363218802195,0.568482561838861,0.450642626135973,1,"987 1682 734"
"06037270300",0.667166249105225,0.210013521037143,13.3433249821045,4.20027042074286,0.667166249105225,0.667166249105225,0.439868045613616,3.42092467123693,1,"2200 2442 987"
"06037271100",1.10303266424083,0.744625139187147,22.0606532848167,14.8925027837429,1.20150632804422,1.10303266424083,1.10930602779766,20.8712203351821,1,"2318 853 2280"
"06037141500",1.47360787998091,1.37094803845542,29.4721575996182,27.4189607691084,1.47360787998091,1.47360787998091,1.26696840451762,8.11731652003996,1,"36 936 935"
"06037271400",0.622905357710968,0.599441138749702,12.4581071542194,11.988822774994,0.688371783782709,0.622905357710968,0.646570900938519,22.935695518167,1,"2417 2416 2325"
"06037271600",0.866576692118031,0.348772543346854,17.3315338423606,6.97545086693709,0.944771285691561,0.866576692118031,0.875930192674779,14.8675161700798,1,"2280 2416 2417"
"06037271500",0.441382948580291,0.299529497733238,8.82765897160582,5.99058995466476,0.535426235783027,0.441382948580291,0.464028821681381,0.18027529160598,1,"2416 2280 2417"
"06037271300",0.908624259325539,0.837552443728625,18.1724851865108,16.7510488745725,0.948900918635171,0.908624259325539,0.908340914061879,21.8537159978912,1,"97 2416 2280"
"06037271200",1.19473462479122,0.980477759882287,23.8946924958244,19.6095551976457,1.19473462479122,1.19473462479122,1.1043717191601,8.61264451559792,1,"2380 97 1888"
"06037271701",0.913342330788197,0.601530810069196,18.2668466157639,12.0306162013839,0.913342330788197,0.913342330788197,0.907282718921498,29.3458176244952,1,"2318 2454 2280"
"06037271801",0.656193455221506,0.61835940606856,13.1238691044301,12.3671881213712,0.794003022349479,0.656193455221506,0.6550252773801,43.5195498706113,1,"1331 2280 994"
"06037271702",1.00756519426549,0.655416119860017,20.1513038853098,13.1083223972003,1.00756519426549,1.00756519426549,0.99556465242981,66.7068219042004,1,"2280 2318 994"
"06037464200",1.09732723395371,0.763516066173547,21.9465446790742,15.2703213234709,1.10342599220552,1.09732723395371,1.10342599220552,0.0867404541039253,1,"29 910 1945"
"06037139502",1.37647451383918,0.978074917481906,27.5294902767836,19.5614983496381,1.37647451383918,1.37647451383918,1.38120625546807,31.4648683035454,1,"2287 2128 2185"
"06037530204",0.637399462141096,0.344342166746202,12.7479892428219,6.88684333492404,0.655445945677245,0.637399462141096,0.637399462141096,20.7299758401834,1,"129 2003 1306"
"06037530004",0.614871649566531,0.323892219438479,12.2974329913306,6.47784438876959,0.668379787043665,0.614871649566531,0.614871649566531,42.5778416686091,1,"444 1090 1588"
"06037530202",0.426216520520162,0.150960888411676,8.52433041040324,3.01921776823352,0.61212456752565,0.426216520520162,0.426216520520162,22.8468290084782,1,"2003 129 158"
"06037530203",0.539079898393383,0.408293689851269,10.7815979678677,8.16587379702537,0.600941128807763,0.539269416607015,0.539079898393383,53.2856729850894,1,"129 2003 1589"
"06037432601",0.897266215302633,0.526685407221825,17.9453243060527,10.5337081444365,0.897266215302633,0.897266215302633,0.897266215302633,5.88749214633284,1,"574 1116 912"
"06037431300",0.914268795235823,0.822746410959994,18.2853759047165,16.4549282191999,0.914268795235823,0.914268795235823,0.891672631830112,22.0744474623537,1,"1742 215 622"
"06037432802",0.437749791219279,0.102223638948541,8.75499582438559,2.04447277897081,0.437749791219279,0.437749791219279,0.437749791219279,6.68203398814912,1,"141 1157 1490"
"06037433401",0.868588070667303,0.65092857710968,17.3717614133461,13.0185715421936,0.947425162053607,0.868588070667303,0.73478883321403,1.99523909815503,1,"123 1602 682"
"06037433901",0.711681281317108,0.154200717808001,14.2336256263422,3.08401435616003,0.775420916845622,0.711681281317108,0.711681281317108,9.61411503230623,1,"726 912 335"
"06037134303",1.09539725503062,1.01005999960232,21.9079451006124,20.2011999920465,1.27537244989263,1.09539725503062,0.911416080092261,26.9288596884436,1,"2369 1405 2253"
"06037433602",0.322000144158117,0.305878668575519,6.44000288316233,6.11757337151038,0.461488034876322,0.463255835918237,0.313476174143005,5.0463387442089,1,"1604 1988 525"
"06037434001",0.739439175216734,0.400183553050187,14.7887835043347,8.00367106100374,0.739439175216734,0.765129145788595,0.739667839815478,11.164325342037,1,"912 726 1601"
"06037433403",0.855167074286169,0.513350160065219,17.1033414857234,10.2670032013044,0.855167074286169,0.855167074286169,0.676288599578462,31.3147852097861,1,"726 123 912"
"06037133000",1.03026450528911,0.781294738725841,20.6052901057822,15.6258947745168,1.03026450528911,1.03026450528911,1.12758925375805,9.3895913721782,1,"2255 1708 2355"
"06037132700",0.475202318460192,0.32953302712161,9.50404636920385,6.5906605424322,0.475202318460192,0.475202318460192,0.525651445557942,32.1430715537962,1,"2339 2128 2340"
"06037131900",0.735078392189613,0.274102988546886,14.7015678437923,5.48205977093772,0.795923680704685,0.735078392189613,0.795918088363955,9.1464877820714,1,"2275 2236 1818"
"06037133100",0.718953188379862,0.656366196412948,14.3790637675972,13.127323928259,0.718953188379862,0.718953188379862,0.717668814125507,14.687817971696,1,"2339 1708 2255"
"06037134101",1.31807742782152,0.802920941700469,26.3615485564304,16.0584188340094,1.31807742782152,1.31807742782152,0.994969378827647,2.32256609515343,1,"2453 2355 2414"
"06037134103",1.19368575021872,0.769959064065855,23.8737150043744,15.3991812813171,1.19368575021872,1.19368575021872,1.19368015787799,16.7121740895423,1,"2453 2355 2253"
"06037131300",1.40453315139585,1.18201639922851,28.090663027917,23.6403279845701,1.40453315139585,1.40453315139585,1.5633568708741,6.64894688045679,1,"2340 2236 2275"
"06037134201",1.28922529925237,1.08036317903444,25.7845059850473,21.6072635806888,1.28922529925237,1.28922529925237,1.21326391374374,8.19314659121482,1,"2238 2253 2321"
"06037131100",1.53635580708661,1.1066217042472,30.7271161417323,22.1324340849439,1.55592402867255,1.53635580708661,1.55591408673348,13.2731058919845,1,"2275 2236 1818"
"06037131010",1.63009710788992,1.49392609659588,32.6019421577985,29.8785219319176,1.63009710788992,1.63009710788992,1.4461768273284,0.550723056737155,1,"2340 1708 2255"
"06037134304",0.812251451523105,0.3653544549829,16.2450290304621,7.307089099658,0.964642736419311,0.812251451523105,0.812147061162809,35.4656364432465,1,"2253 2138 2042"
"06037134302",0.866410786009703,0.740617916368409,17.3282157201941,14.8123583273682,0.880616574206633,0.866410786009703,0.866331871868289,3.42993472737568,1,"2138 2253 2042"
"06037134305",0.793977546130597,0.150381149089318,15.8795509226119,3.00762298178637,0.793977546130597,0.793977546130597,0.772698068281238,90.7208067310474,1,"2253 2321 2138"
"06037134422",0.813424600334049,0.372476611588324,16.268492006681,7.44953223176648,0.813424600334049,0.813424600334049,0.813411551539012,29.6691793324862,1,"2148 2391 2369"
"06037703002",0.648586629086137,0.456493453233119,12.9717325817227,9.12986906466237,0.790229435099022,0.704181952397996,0.648565502465601,13.4752531276332,1,"2064 1921 388"
"06037231300",0.508821606816193,0.329931326055834,10.1764321363239,6.59862652111668,0.508821606816193,0.508821606816193,0.534793058538137,35.7992276802038,1,"2349 2283 2165"
"06037228710",0.427781133182216,0.313300326095602,8.55562266364432,6.26600652191203,0.427781133182216,0.427781133182216,0.440288092539569,9.81434054256703,1,"2422 1192 2257"
"06037228720",0.396577736021634,0.361478962856916,7.93155472043267,7.22957925713831,0.396577736021634,0.396577736021634,0.395316352501392,6.50051348723034,1,"1279 2257 2235"
"06037229100",0.309444717847769,0.191778140658554,6.18889435695538,3.83556281317108,0.309444717847769,0.309444717847769,0.308009971764893,26.1485908323828,1,"2257 2106 2235"
"06037229300",0.255742091187465,0.0170156287282272,5.1148418237493,0.340312574564543,0.255742091187465,0.255742091187465,0.25620998369522,19.4073277003664,1,"2374 1155 2081"
"06037229410",0.208847828680506,0.0197322635806888,4.17695657361012,0.394645271613776,0.208847828680506,0.208847828680506,0.208237642169729,2.06043766647633,1,"1155 1132 2374"
"06037229420",0.392829003618866,0.290025003976776,7.85658007237732,5.80050007953551,0.392829003618866,0.392829003618866,0.391393014793605,16.1936159830148,1,"1155 1192 2374"
"06037231800",0.700811013680108,0.503751839258729,14.0162202736022,10.0750367851746,0.738530109162491,0.700811013680108,0.735554983894059,24.6586705140684,1,"2201 2107 1804"
"06037231100",0.747271559094886,0.694044281396644,14.9454311818977,13.8808856279329,0.796037391632864,0.747271559094886,0.793062266364432,1.74637469387811,1,"1804 2107 2201"
"06037231900",0.576026008112622,0.405884633738964,11.5205201622524,8.11769267477929,0.576026008112622,0.576026008112622,0.576855538654259,35.6051681634819,1,"2372 2374 2240"
"06037231210",0.613844522985763,0.317005562514913,12.2768904597153,6.34011125029826,0.613844522985763,0.613844522985763,0.572991231209735,45.7460208907754,1,"2349 2283 2189"
"06037231720",0.793036168774358,0.699933637556669,15.8607233754872,13.9986727511334,0.793036168774358,0.793036168774358,0.640419947506562,6.55641131398589,1,"2309 2240 2189"
"06037232400",0.769940422930088,0.544415612821125,15.3988084586018,10.8883122564225,0.769940422930088,0.769940422930088,0.769927995506243,47.603542361407,1,"2142 2421 2100"
"06037232300",0.59890738089557,0.211347604986877,11.9781476179114,4.22695209973753,0.59890738089557,0.59890738089557,0.598898681698878,35.857006084385,1,"2421 2240 2309"
"06037232200",0.525588687067526,0.0990795007158196,10.5117737413505,1.98159001431639,0.525588687067526,0.525588687067526,0.525591172552295,17.2445214871017,1,"2421 2309 2240"
"06037232110",0.315094846098783,0.156128211246321,6.30189692197566,3.12256422492643,0.315094846098783,0.315094846098783,0.30795901932713,33.3876690926964,1,"2240 2309 2421"
"06037125320",1.06000705877674,0.793969468305098,21.2001411755349,15.879389366102,1.06000705877674,1.06000705877674,1.05993560108964,33.2976761685671,1,"2301 2446 2409"
"06037277200",1.04970410303826,0.354622753121769,20.9940820607651,7.09245506243538,1.05114568420425,1.04970410303826,1.0448661069355,40.9755296720567,1,"223 131 1997"
"06037291110",0.450840839497336,0.310033156366818,9.01681678994671,6.20066312733636,0.450840839497336,0.450840839497336,0.390849315000398,21.4649137205301,1,"1038 470 132"
"06037703001",0.538364700151117,0,10.7672940030224,0,0.624412182852144,0.538364700151117,0.53843491509584,7.82433370617408,1,"387 388 2064"
"06037231600",0.746041244134256,0.514360509623797,14.9208248826851,10.2872101924759,0.746041244134256,0.746041244134256,0.674909155531695,33.6306884249005,1,"2421 2349 2309"
"06037291120",0.481651530064424,0.350797592062356,9.63303060128848,7.01595184124712,0.481651530064424,0.481651530064424,0.297926360057266,13.3669657784392,1,"1038 470 132"
"06037125310",0.875256004931202,0.752250606458284,17.505120098624,15.0450121291657,0.875256004931202,0.875256004931202,0.756877957726875,8.59414264321549,1,"2301 2446 1416"
"06037291130",0.906390429889446,0.528986344746679,18.1278085977889,10.5797268949336,0.906390429889446,0.906390429889446,0.592252495426708,3.80831493279205,1,"2352 157 1038"
"06037124600",1.22667061858745,0.816527728068082,24.533412371749,16.3305545613616,1.22667061858745,1.22667061858745,1.22667061858745,20.7282144223619,1,"2412 2403 973"
"06037540400",0.554843464169252,0.28876548457011,11.096869283385,5.77530969140221,0.554843464169252,0.554843464169252,0.55730657957528,9.32567188460921,1,"2231 2206 2435"
"06037535607",0.894459481627296,0.746414688220791,17.8891896325459,14.9282937644158,0.894459481627296,0.894459481627296,0.902078735186511,7.81750784799453,1,"228 1696 1698"
"06037124000",1.04311197605981,0.936065875288316,20.8622395211962,18.7213175057663,1.04311197605981,1.04311197605981,1.0462182106498,32.7067803451361,1,"973 2403 2291"
"06037532700",0.424381611389485,0.205123329754235,8.48763222778971,4.1024665950847,0.424381611389485,0.424381611389485,0.425413087568599,9.20640242698161,1,"1154 2106 1875"
"06037540502",0.384236061401416,0.232087732641374,7.68472122802832,4.64175465282749,0.384236061401416,0.384236061401416,0.384236061401416,14.4100421508113,1,"1661 1662 1519"
"06037540202",0.648460490734113,0.544170171200191,12.9692098146823,10.8834034240038,0.709242399387576,0.648460490734113,0.648460490734113,21.5284905920428,1,"645 228 1723"
"06037540501",0.286653443887696,0.121691819772528,5.73306887775392,2.43383639545057,0.286653443887696,0.286653443887696,0.286653443887696,32.6027294030629,1,"891 1153 228"
"06037540201",0.757069961425276,0.626150779448024,15.1413992285055,12.5230155889605,0.757069961425276,0.757069961425276,0.834507724886662,2.33196721551914,1,"228 1698 1696"
"06037532400",1.64632048834805,1.58717465004374,32.926409766961,31.7434930008749,1.64632048834805,1.64632048834805,1.64669331106339,47.3732377271394,1,"1279 882 1537"
"06037402801",0.705876431639227,0.536455847848564,14.1175286327845,10.7291169569713,0.705876431639227,0.705876431639227,0.705876431639227,28.220458437142,1,"1076 412 1578"
"06037402502",0.437583885110952,0.37451408772767,8.75167770221904,7.49028175455341,0.557069837151038,0.437583885110952,0.437583885110952,28.8065598593681,1,"1005 1078 2002"
"06037402402",0.627031883798616,0.239289424759405,12.5406376759723,4.7857884951881,0.96988027419868,0.627031883798616,0.627031883798616,35.8101001045002,1,"1082 1577 2002"
"06037402403",0.818342753320608,0.406991295832339,16.3668550664122,8.13982591664678,0.818342753320608,0.818342753320608,0.818342753320608,12.4898656121178,1,"546 240 1859"
"06037402902",0.502573719478247,0.20615232044858,10.0514743895649,4.12304640897161,0.502573719478247,0.502573719478247,0.507066233198123,17.1834277406969,1,"815 1954 835"
"06037402404",1.18311622623877,0.845949032649328,23.6623245247753,16.9189806529866,1.18311622623877,1.18311622623877,1.18311622623877,19.6981555188162,1,"546 240 1063"
"06037403303",1.40530613715899,1.11208542114054,28.1061227431798,22.2417084228108,1.40530613715899,1.40530613715899,1.35002895589756,5.54676933830644,1,"1743 1928 1846"
"06037403000",0.56344137735624,0.112903767000716,11.2688275471248,2.25807534001432,0.56344137735624,0.56344137735624,0.582534249980116,27.2865911569121,1,"680 835 1005"
"06037192420",0.637468434343434,0.514709098862642,12.7493686868687,10.2941819772528,0.786952323431162,0.637468434343434,0.788401982422652,11.7007158961254,1,"2346 2217 2264"
"06037192410",0.665807310307802,0.306306171955778,13.316146206156,6.12612343911556,0.709264768750497,0.665807310307802,0.837182106498051,23.5043857764413,1,"2346 2080 2217"
"06037192510",0.524897100930566,0.320900938519049,10.4979420186113,6.41801877038098,0.688103351427662,0.524897100930566,0.82318137079456,35.2504393259575,1,"2217 2264 2462"
"06037192520",0.47212156008908,0.288179531535831,9.4424312017816,5.76359063071661,0.737156878827646,0.47212156008908,0.938012631233596,32.5134691788013,1,"2217 2264 2462"
"06037192610",0.495270743855882,0.188446348325777,9.90541487711763,3.76892696651555,0.525375556748588,0.495270743855882,0.798350135210371,9.25792244418239,1,"2462 2217 1814"
"06037195400",0.577273100095443,0.481657122405154,11.5454620019089,9.63314244810308,0.577273100095443,0.577273100095443,0.577260051300406,27.7119547695688,1,"2256 944 2117"
"06037192700",0.252212702815557,0.0532042869641295,5.04425405631114,1.06408573928259,0.416217415294679,0.252212702815557,0.486609450807285,8.47609445412757,1,"2277 1814 2117"
"06037194300",1.26940355822,0.942649303070071,25.3880711643999,18.8529860614014,1.26940355822,1.26940355822,1.2367921339378,72.0442609337201,1,"1371 1469 450"
"06037192620",0.438032515111747,0.0617071303587052,8.76065030223495,1.2341426071741,0.581463627415891,0.438032515111747,0.923228967827885,5.3752283693824,1,"2462 2217 2277"
"06037195600",0.67745739879106,0.534283534160503,13.5491479758212,10.6856706832101,0.67745739879106,0.67745739879106,0.67745739879106,22.3270975041738,1,"2175 2258 2256"
"06037195100",0.62949375646226,0.323504483814523,12.5898751292452,6.47008967629046,0.62949375646226,0.646593891672632,0.654973703571144,37.2082076642198,1,"945 944 1671"
"06037570001",0.927183374095284,0.870104837747554,18.5436674819057,17.4020967549511,0.927183374095284,0.927183374095284,0.927183374095284,31.6774964880715,1,"912 914 217"
"06037570902",0.496942853734192,0,9.93885707468385,0,0.496942853734192,0.496942853734192,0.496942853734192,39.6655738188999,1,"914 217 688"
"06037570702",0.494276549948302,0.278163649288157,9.88553099896604,5.56327298576314,0.494276549948302,0.494276549948302,0.494276549948302,27.4536527872673,1,"170 185 1189"
"06037570701",0.656217688698004,0.55211564463533,13.1243537739601,11.0423128927066,0.656217688698004,0.656217688698004,0.656217688698004,28.9103719188929,1,"185 1189 170"
"06037571101",0.273712146066969,0.0304745287520878,5.47424292133938,0.609490575041756,0.52913920205997,0.273712146066969,0.513526008112622,9.00772725569541,1,"2469 312 914"
"06037571300",0.5146084367295,0.126180605265251,10.29216873459,2.52361210530502,0.922197491648771,0.5146084367295,0.5146084367295,7.69846385480775,1,"2007 185 786"
"06037570003",0.792744124314006,0.53134444842122,15.8548824862801,10.6268889684244,0.792744124314006,0.792744124314006,0.792744124314006,22.4734452355798,1,"276 688 773"
"06037571102",0.446190497494631,0.324393665990615,8.92380994989263,6.4878733198123,0.586130125069593,0.446190497494631,0.488133674341844,7.40164217399198,1,"468 312 2469"
"06037555211",0.465037307126382,0.199898840769904,9.30074614252764,3.99797681539808,0.465037307126382,0.465037307126382,0.465037307126382,71.211106826084,1,"261 823 179"
"06037570202",0.644768303109839,0.273879916288873,12.8953660621968,5.47759832577746,0.644768303109839,0.644768303109839,0.644768303109839,64.2939639041899,1,"1648 507 1948"
"06037503802",0.481721745009147,0.439219334088921,9.63443490018293,8.78438668177841,0.54719438479281,0.481721745009147,0.481563916726318,8.31277177888402,1,"1659 2005 1916"
"06037503801",0.503392065338424,0.436968727630637,10.0678413067685,8.73937455261274,0.621393561600254,0.503392065338424,0.503392065338424,23.9510248697539,1,"634 1659 1559"
"06037503902",0.97596536228426,0.634559795792571,19.5193072456852,12.6911959158514,0.97596536228426,0.982926583750895,0.97596536228426,18.4458203142128,1,"736 1916 1563"
"06037504002",0.621661372584109,0.0836117076274557,12.4332274516822,1.67223415254911,0.621661372584109,0.621661372584109,0.621661372584109,24.9774169493381,1,"410 405 749"
"06037503901",0.585053910164638,0.0274677135528513,11.7010782032928,0.549354271057027,0.585053910164638,0.585053910164638,0.585053910164638,33.3596679633403,1,"1108 1659 1916"
"06037480102",0.991520768710729,0.912325146146504,19.8304153742146,18.2465029229301,1.4361155849837,0.991520768710729,0.991239908931838,29.6036137511103,1,"1725 1539 1945"
"06037504101",0.663666065179353,0.240930466078104,13.2733213035871,4.81860932156208,0.663666065179353,0.663666065179353,0.663666065179353,19.0524884533255,1,"405 410 736"
"06037980004",3.15927297085023,2.03405424819057,63.1854594170047,40.6810849638113,4.54251297423049,3.15927297085023,3.15927297085023,811.410768488595,1,"1567 950 1003"
"06037980003",14.2810194712877,13.0805408911954,285.620389425754,261.610817823908,14.409818534757,14.2810194712877,12.5570984202259,2245.11703312642,1,"1003 950 1567"
"06037980002",1.77758328859461,1.67534162988149,35.5516657718922,33.5068325976298,1.77758328859461,1.77758328859461,1.77734903165513,26.3372958841613,1,"400 1642 508"
"06037980001",1.95225880855802,1.67110822794878,39.0451761711604,33.4221645589756,1.95225880855802,1.95225880855802,1.95223395371033,344.574684644954,1,"2425 2385 2158"
"06037930301",18.6293937157003,0,372.587874314006,0,18.6293937157003,19.0250418804184,18.6293937157003,2796.90448678034,1,"65 876 911"
"06037920338",0.98921299610276,0.256076388888889,19.7842599220552,5.12152777777778,0.98921299610276,0.98921299610276,0.98921299610276,46.7259094952066,1,"328 1151 521"
"06037920119",3.4805728296747,3.33508622146663,69.611456593494,66.7017244293327,3.4805728296747,3.4805728296747,3.50607203929054,351.781163656607,1,"465 267 1749"
"06037920116",1.01236404398314,0.737992001710013,20.2472808796628,14.7598400342003,1.01236404398314,1.01236404398314,1.01236404398314,182.563295840161,1,"1854 267 235"
"06037920045",1.15250251033962,0.946437803229142,23.0500502067923,18.9287560645828,1.15250251033962,1.15250251033962,1.10927682335163,36.6712566831647,1,"1394 187 1164"
"06037910713",0.908889584824624,0.478962856915613,18.1777916964925,9.57925713831226,0.908889584824624,0.908889584824624,1.19141836673825,9.44575375193856,1,"323 1363 2495"
"06037910712",1.08583435238209,0.733550440427901,21.7166870476418,14.671008808558,1.08583435238209,1.08583435238209,1.09923422214269,13.6466493066979,1,"777 1363 2495"
"06037188201",0.450471123637954,0.337604638908773,9.00942247275909,6.75209277817545,0.623253325578621,0.450471123637954,0.623205479996819,39.3090193830621,1,"1807 32 2387"
"06037187101",0.63824204147777,0.509283906983218,12.7648408295554,10.1856781396644,0.63824204147777,0.63824204147777,0.641145709059095,20.5036670493191,1,"2204 2387 1320"
"06037186404",0.658120948659827,0.579129757217848,13.1624189731965,11.582595144357,0.673018944364909,0.658120948659827,0.658128405114133,15.4143243327,1,"1693 2203 1182"
"06037186403",0.64590168416448,0.560818569553806,12.9180336832896,11.2163713910761,0.72093287699833,0.64590168416448,0.720933498369522,22.5138369662296,1,"1803 2203 1693"
"06037186302",0.523891100970333,0.305213801399825,10.4778220194067,6.1042760279965,0.874004563350036,0.523891100970333,0.593218727630637,47.3785014364,1,"1182 2203 1803"
"06037186203",0.509955609242027,0.241968777340332,10.1991121848405,4.83937554680665,0.509955609242027,0.509955609242027,0.510217827885151,16.4390625783628,1,"2146 469 2289"
"06037186202",0.93563650779448,0.651110638869005,18.7127301558896,13.0222127773801,0.980291348524616,0.93563650779448,0.935898105066412,30.0216623624973,1,"2203 1182 2146"
"06037271802",0.72680980573451,0.473293466157639,14.5361961146902,9.46586932315279,0.857916641811819,0.72680980573451,0.714982005090273,26.5644535317123,1,"1331 994 1043"
"06037272100",0.997142935258093,0.89828464268671,19.9428587051619,17.9656928537342,1.00510767120019,0.997142935258093,0.934208596794719,2.00607968579384,1,"1891 2417 2416"
"06037272302",0.867838697009465,0.791632491251094,17.3567739401893,15.8326498250219,0.867838697009465,0.867838697009465,0.867838697009465,12.477076756762,1,"293 1891 687"
"06037272301",0.757843568559612,0.642852615724171,15.1568713711922,12.8570523144834,0.757843568559612,0.757843568559612,0.756441133778732,40.4039107811466,1,"293 994 2280"
"06037139802",0.654187047641772,0.527357730851825,13.0837409528354,10.5471546170365,0.654187047641772,1.45051213413664,0.65418642627058,34.5245519684995,1,"17 48 731"
"06037185320",0.336361275153106,0,6.72722550306212,0,0.336361275153106,0.336361275153106,0.150560725363875,10.1035373473466,1,"1197 631 2249"
"06037139801",1.42214094687028,1.31215141076115,28.4428189374055,26.2430282152231,1.42214094687028,1.62131837568599,1.42680060944087,0.584503519438016,1,"48 2287 2151"
"06037135102",0.695985445001193,0.359341445955619,13.9197089000239,7.18682891911238,0.991392144873936,0.695985445001193,0.695977988546886,34.2694812734317,1,"2369 1405 2456"
"06037139702",1.16672383281635,0.828886801081683,23.3344766563271,16.5777360216337,1.16672383281635,1.46561456096397,1.16664988964448,36.3288008076107,1,"54 36 2295"
"06037700300",0.244408280641056,0.210265176369999,4.88816561282112,4.20530352739998,0.244408280641056,0.244408280641056,0.243955922413107,24.4372778539474,1,"550 1156 2449"
"06037113213",1.10970121987592,1.02041266503619,22.1940243975185,20.4082533007238,1.10970121987592,1.29685511612185,1.1097030839895,6.2892759999918,1,"2140 16 2139"
"06037530301",0.467192222421061,0.342678134693391,9.34384444842122,6.85356269386781,0.467192222421061,0.467192222421061,0.467245038972401,10.8867196048743,1,"133 160 1852"
"06037530302",0.739255249343832,0.59247805316949,14.7851049868766,11.8495610633898,0.784135026445558,0.739255249343832,0.73924095780641,4.85387541428267,1,"133 160 2003"
"06037532002",0.715928974787242,0.622306977252843,14.3185794957448,12.4461395450569,0.715928974787242,0.715928974787242,0.715928974787242,9.45144303821376,1,"713 865 252"
"06037532101",0.766120854211405,0.512790925992205,15.3224170842281,10.2558185198441,0.766120854211405,0.766120854211405,0.766120854211405,77.5732568315627,1,"713 865 872"
"06037138000",0.749490475622365,0.655723698600175,14.9898095124473,13.1144739720035,0.763929899387576,0.962246107730852,0.749490475622365,8.33570086057711,1,"48 1371 1182"
"06037481714",0.526379692595244,0.177642567406347,10.5275938519049,3.55285134812694,0.526379692595244,0.526379692595244,0.281320214944723,36.3856826275162,1,"1597 148 941"
"06037481800",0.971258475503062,0.854077810586177,19.4251695100612,17.0815562117235,0.971258475503062,0.971258475503062,0.880387288236698,2.30013863038745,1,"441 1597 233"
"06037433200",0.557591788952517,0.215671727113656,11.1518357790503,4.31343454227312,0.557591788952517,0.557591788952517,0.260665215143562,34.0113315533098,1,"123 381 1490"
"06037433302",0.869321288674143,0.810785636880617,17.3864257734829,16.2157127376123,0.869321288674143,0.869321288674143,0.869321288674143,43.5534920380218,1,"1116 726 912"
"06037433501",0.464507277499403,0.402632376918794,9.29014554998807,8.05264753837588,0.464507277499403,0.763466356478168,0.464424635130836,13.426721206222,1,"871 1491 64"
"06037433402",0.894890713234709,0.576050862960312,17.8978142646942,11.5210172592062,0.92749343832021,0.894890713234709,0.613439388968424,20.8794808559395,1,"123 726 1602"
"06037433700",0.307780685794957,0.285659871351308,6.15561371589915,5.71319742702617,0.789569538892866,0.307780685794957,0.329737458243856,51.2058055256811,1,"682 1952 1726"
"06037433801",0.84416942555476,0.832931927543148,16.8833885110952,16.658638550863,0.998388163127336,0.84416942555476,0.856859689413823,37.256967488345,1,"1602 1952 1720"
"06037433601",0.814486523701583,0.750809025292293,16.2897304740317,15.0161805058459,0.836471879225324,0.858186938280442,0.776987393621252,55.0583782942619,1,"871 1988 1604"
"06037134710",0.973699842917363,0.343636289071821,19.4739968583473,6.87272578143641,0.973699842917363,0.973699842917363,0.971804039409846,38.982359184373,1,"2355 2238 2453"
"06037134520",1.17905805098226,0.98235865048119,23.5811610196453,19.6471730096238,1.21850766523503,1.17905805098226,0.959062201741828,0.39680786640449,1,"2238 2369 1405"
"06037134720",0.958965889207031,0.241632615525332,19.1793177841406,4.83265231050664,0.958965889207031,0.958965889207031,0.957070085699515,6.82832536173671,1,"2355 2453 2238"
"06037134800",1.19086534637716,0.617380125069593,23.8173069275431,12.3476025013919,1.19086534637716,1.19086534637716,1.18898383440706,31.8386281725013,1,"2355 2238 2255"
"06037134901",1.21796707229778,1.17235469856041,24.3593414459556,23.4470939712081,1.21796707229778,1.21796707229778,1.21695485862563,43.9843749958947,1,"2255 2390 1708"
"06037135111",0.956446229022509,0.733363407699038,19.1289245804502,14.6672681539807,1.08949050047721,0.956446229022509,0.95644374353774,11.9514105573326,1,"2369 1405 2432"
"06037135201",1.31931892746361,1.07648147319653,26.3863785492722,21.5296294639306,1.40798548973992,1.31931892746361,1.31931582060765,51.062114641637,1,"2369 1405 2278"
"06037408628",0.481268765410006,0.324430948262149,9.62537530820011,6.48861896524298,0.481268765410006,0.481268765410006,0.481294241628887,32.2575486757169,1,"284 809 37"
"06037408705",1.21326826334208,0.752192197566213,24.2653652668416,15.0438439513243,1.21326826334208,1.21326826334208,1.21457376421697,4.43682255816482,1,"1839 1846 1861"
"06037408703",1.54824574485008,1.39691886880617,30.9649148970015,27.9383773761234,1.54824574485008,1.54824574485008,1.54805809075002,10.1621323214624,1,"1839 1878 1861"
"06037406602",0.733770405829953,0.0289030810069196,14.6754081165991,0.578061620138392,0.733770405829953,0.733770405829953,0.733770405829953,33.931378623522,1,"1062 1624 762"
"06037408800",0.295193569553806,0.150293535751213,5.90387139107612,3.00587071502426,0.295193569553806,0.295193569553806,0.465649979121928,33.0270694510873,1,"1578 1955 699"
"06037232600",0.79680851328243,0.661488780521753,15.9361702656486,13.2297756104351,0.79680851328243,0.79680851328243,0.789210386343753,17.6891639520256,1,"2421 1180 2142"
"06037232500",0.484110295872107,0.177476039926827,9.68220591744214,3.54952079853655,0.484110295872107,0.484110295872107,0.484111538614491,35.2413525978599,1,"2142 2410 1180"
"06037232800",0.419772279885469,0.309308637556669,8.39544559770938,6.18617275113338,0.419772279885469,0.419772279885469,0.419772279885469,28.7303799235789,1,"2372 1155 1132"
"06037232700",0.660169609480633,0.534318330947268,13.2033921896127,10.6863666189454,0.660169609480633,0.660169609480633,0.660169609480633,32.2697268570774,1,"2240 2372 2226"
"06037234300",0.36682089099658,0.151507695060845,7.3364178199316,3.03015390121689,0.36682089099658,0.36682089099658,0.36498784597948,34.4605189380103,1,"971 2262 2100"
"06037234700",0.544962419470293,0.340651221864312,10.8992483894059,6.81302443728625,0.582502560049312,0.544962419470293,0.585902703213235,2.01362488251291,1,"2079 2410 1815"
"06037234800",0.62808821482542,0.576129155730534,12.5617642965084,11.5225831146107,0.62808821482542,0.62808821482542,0.624619720830351,9.66257174051487,1,"2079 2410 1133"
"06037235100",0.691487338940587,0.487737239521196,13.8297467788117,9.75474479042392,0.691487338940587,0.691487338940587,0.691487338940587,12.6031549986877,1,"745 1056 1919"
"06037234600",0.51966329137835,0.35986091227233,10.393265827567,7.19721824544659,0.664598743338901,0.51966329137835,0.691932240714229,37.1919606022943,1,"1815 2410 2100"
"06037234000",0.769266235186511,0.530604395331265,15.3853247037302,10.6120879066253,0.769266235186511,0.769266235186511,0.794483963652271,41.5112119342523,1,"971 2283 2262"
"06037235202",0.605500129245208,0.494590963771574,12.1100025849042,9.89181927543148,0.605500129245208,0.605500129245208,0.605250338025929,28.3351331548908,1,"1133 1056 1282"
"06037235201",0.6639904209417,0.33219373856677,13.279808418834,6.6438747713354,0.6639904209417,0.6639904209417,0.663788475304223,44.3945436129463,1,"1282 1281 255"
"06037703100",0.465905362681937,0.429445165235027,9.31810725363875,8.58890330470055,0.465905362681937,0.484430923407301,0.465905362681937,11.5751828728072,1,"1921 2296 1882"
"06037700600",0.547009216177523,0.25306895231846,10.9401843235505,5.0613790463692,0.547009216177523,0.547009216177523,0.547009216177523,99.7313663792611,1,"450 1469 1468"
"06037703200",0.53590469160105,0.22109691899308,10.718093832021,4.42193837986161,0.53590469160105,0.53590469160105,0.534768203690448,16.6880318091894,1,"1253 1921 2262"
"06037701502",0.445131680983059,0.303962981189851,8.90263361966118,6.07925962379703,0.445131680983059,0.445131680983059,0.445131680983059,4.95038283412415,1,"373 700 864"
"06037620002",0.300594527956733,0.0815220363079615,6.01189055913465,1.63044072615923,0.300594527956733,0.300594527956733,0.301552682335163,20.3505654188633,1,"490 858 544"
"06037533701",0.319926007118428,0.207726253678517,6.39852014236857,4.15452507357035,0.319926007118428,0.319926007118428,0.319926007118428,30.3983237246229,1,"1534 691 1536"
"06037191000",0.423694374850871,0.076127291616957,8.47388749701742,1.52254583233914,0.539136443171876,0.423694374850871,0.304112110275988,32.3200057185233,1,"2133 1809 2194"
"06037533107",0.61212456752565,0.355136005726557,12.242491350513,7.10272011453114,0.650741544380816,0.61212456752565,0.650741544380816,11.9419032236563,1,"882 907 1205"
"06037534302",0.32531702358228,0.0622719567724489,6.50634047164559,1.24543913544898,0.32531702358228,0.32531702358228,0.32531702358228,7.65297739694759,1,"292 1531 260"
"06037532500",1.0147047492643,0.67647687504971,20.2940949852859,13.5295375009942,1.0147047492643,1.0147047492643,0.971964353177444,30.4331629284119,1,"882 1303 1537"
"06037534404",0.557094070627535,0.270486608208065,11.1418814125507,5.4097321641613,0.557094070627535,0.557094070627535,0.557102769824227,0.979470409012697,1,"643 260 907"
"06037481201",1.07559974747475,0.994400824186749,21.5119949494949,19.888016483735,1.11699425355921,1.07559974747475,1.09207416189454,47.5128562601651,1,"893 2485 1539"
"06037533401",0.520069668138074,0.432902474548636,10.4013933627615,8.65804949097272,0.528341982820329,0.520069668138074,0.520069668138074,1.48086693802771,1,"1536 826 1305"
"06037123206",1.01916122345502,0.384215556152072,20.3832244691005,7.68431112304144,1.01916122345502,1.01916122345502,1.01598228843554,48.0154050879597,1,"2425 2395 2446"
"06037534201",0.490056196810626,0.133600398671757,9.80112393621252,2.67200797343514,0.490056196810626,0.490056196810626,0.490056196810626,11.8596519720152,1,"539 1393 1531"
"06037534900",0.695072029348604,0.278462528831623,13.9014405869721,5.56925057663247,0.75207724389565,0.695072029348604,0.695912123200509,8.84174246048373,1,"1451 1304 1205"
"06037430801",0.295069295315358,0.260224662968265,5.90138590630717,5.20449325936531,0.44705109659588,0.295069295315358,0.295069295315358,9.84833379669182,1,"186 1995 121"
"06037430724",0.482104509663565,0.105127306529866,9.6420901932713,2.10254613059731,0.482104509663565,0.482104509663565,0.482104509663565,3.10877304517609,1,"1021 375 704"
"06037403304",1.9869443698799,1.79895783623638,39.738887397598,35.9791567247276,1.9869443698799,1.9869443698799,1.93166718861847,137.861876402113,1,"1846 1743 1928"
"06037403321",1.30101084665553,0.682532758689255,26.0202169331106,13.6506551737851,1.41935720392905,1.30101084665553,1.30101084665553,68.7508761911122,1,"226 1856 788"
"06037403318",0.576327373140857,0.433750024854848,11.5265474628171,8.67500049709695,0.576327373140857,0.576327373140857,0.576327373140857,78.8188809757308,1,"1136 816 282"
"06037403317",0.662691755149924,0.0629759703332538,13.2538351029985,1.25951940666508,0.662691755149924,0.662691755149924,0.662691755149924,6.2766976581995,1,"282 816 1136"
"06037403320",0.697726527081842,0.605532440547204,13.9545305416368,12.1106488109441,0.697726527081842,0.837388401733874,0.635751585739283,43.1504905751133,1,"1172 1185 788"
"06037195500",0.665080927384077,0.634918948341684,13.3016185476815,12.6983789668337,0.665080927384077,0.665080927384077,0.676645888013998,3.0254587361156,1,"944 2399 945"
"06037195720",0.558251063787481,0.140879762188817,11.1650212757496,2.81759524377635,0.558251063787481,0.558251063787481,0.558251063787481,20.0211499291718,1,"2175 2251 1129"
"06037195710",0.605756755547602,0.440272558259763,12.115135110952,8.80545116519526,0.605756755547602,0.605756755547602,0.605756755547602,34.8293961596917,1,"2251 2175 2258"
"06037197410",0.75629883977571,0.437742334764973,15.1259767955142,8.75484669529945,0.75629883977571,0.75629883977571,0.753575369840134,28.959855597184,1,"2183 2399 945"
"06037195802",0.78187758490416,0.665947740197248,15.6375516980832,13.318954803945,0.78187758490416,0.78187758490416,0.78187758490416,12.476752187392,1,"2307 2251 2277"
"06037197300",0.445966182494234,0.0941656973276068,8.91932364988467,1.88331394655214,0.445966182494234,0.445966182494234,0.445961832895888,17.8707585861124,1,"2183 2267 2175"
"06037197200",0.425293162928498,0.249691178517458,8.50586325856995,4.99382357034916,0.441294713870993,0.425293162928498,0.496913027916965,29.1671571097106,1,"630 765 967"
"06037542502",0.393507540960789,0.269704301877038,7.87015081921578,5.39408603754076,0.393507540960789,0.393507540960789,0.393507540960789,37.4044577912327,1,"678 274 857"
"06037543703",1.3117636751372,1.09111290066014,26.235273502744,21.8222580132029,1.3117636751372,1.3117636751372,1.19723750795355,31.8878207371998,1,"1104 2112 1105"
"06037571000",0.439830763342082,0.417806882804422,8.79661526684164,8.35613765608844,0.462346769863994,0.553157062753519,0.439830763342082,29.6238732377859,1,"1579 1991 712"
"06037570204",0.687293704764177,0.107879980911477,13.7458740952835,2.15759961822954,0.687293704764177,0.687293704764177,0.687293704764177,13.8248195411748,1,"849 276 1189"
"06037570303",0.34867685218325,0.193069349996023,6.973537043665,3.86138699992046,0.34867685218325,0.34867685218325,0.352247251053846,39.2485666191889,1,"961 308 1187"
"06037555104",0.66249043088364,0.560990689374055,13.2498086176728,11.2198137874811,0.66249043088364,0.66249043088364,0.662627753917124,120.834355335625,1,"779 286 179"
"06037570502",1.13103227153424,0.775624726596675,22.6206454306848,15.5124945319335,1.13103227153424,1.13103227153424,1.13125347967868,13.2839282172549,1,"507 1225 308"
"06037570402",0.752990038177046,0.290282251650362,15.0598007635409,5.80564503300724,0.752990038177046,0.752990038177046,0.801571944842122,30.7880083236765,1,"277 308 1887"
"06037570501",0.671326950608447,0.226056703849519,13.4265390121689,4.52113407699038,0.671326950608447,0.671326950608447,0.674360484768949,27.8548646066745,1,"507 308 1648"
"06037570603",0.599276475383759,0.264644476258649,11.9855295076752,5.29288952517299,0.599276475383759,0.599276475383759,0.599276475383759,1.14088294285029,1,"1189 170 251"
"06037570301",0.32351753260956,0.153780670882049,6.4703506521912,3.07561341764098,0.32351753260956,0.32351753260956,0.326141583154378,7.01318834781784,1,"308 507 961"
"06037570602",0.547444797383282,0.350608695219916,10.9488959476656,7.01217390439831,0.547444797383282,0.547444797383282,0.547444797383282,38.0124808220837,1,"518 1225 134"
"06037570304",0.325884335480792,0.184549729579257,6.51768670961584,3.69099459158514,0.325884335480792,0.325884335480792,0.325884335480792,2.28114168923676,1,"1187 1188 961"
"06037504102",0.78470233834407,0.522805565497495,15.6940467668814,10.4561113099499,0.883627739004215,0.78470233834407,0.784361826930725,18.1478388880038,1,"850 405 1890"
"06037480002",1.46399899586415,1.43269617931281,29.2799799172831,28.6539235862563,1.53495399367693,1.46399899586415,1.48729979420186,24.0907451852016,1,"910 704 1945"
"06037620102",0.286855389525173,0.26238392786129,5.73710779050346,5.2476785572258,0.308942649924441,0.286855389525173,0.271021608804581,24.3786029274947,1,"1724 499 218"
"06037293301",1.18497226198998,1.1153867662849,23.6994452397996,22.3077353256979,1.18497226198998,1.18497226198998,1.12864123518651,17.9166552331062,1,"2297 1015 982"
"06037300100",0.536331573610117,0.218434343434343,10.7266314722023,4.36868686868687,0.536331573610117,0.536331573610117,0.536331573610117,32.1423270619931,1,"1386 1025 1326"
"06037300501",1.06395525133222,0.941375492125984,21.2791050266444,18.8275098425197,1.06395525133222,1.06395525133222,1.06192212479122,3.63014058018334,1,"1879 1876 61"
"06037101400",0.623748558418834,0.532375924600334,12.4749711683767,10.6475184920067,0.623748558418834,0.624917357631432,0.704334188340094,21.8416822186671,1,"267 2271 1371"
"06037910210",1.09393268313052,0,21.8786536626104,0,1.09393268313052,1.09393268313052,0.297139082756701,91.2129534646048,1,"1370 665 124"
"06037480303",0.557691208343275,0.346452964686232,11.1538241668655,6.92905929372465,0.557691208343275,0.557691208343275,0.642036133977571,36.8011487554194,1,"201 100 1899"
"06037463602",0.540425788395769,0.264310799928418,10.8085157679154,5.28621599856836,0.637491425077547,0.540425788395769,0.540425788395769,27.3375331164348,1,"794 1270 795"
"06037463601",0.557238228744134,0.249106468225563,11.1447645748827,4.98212936451125,0.765455987035711,0.557238228744134,0.557238228744134,16.5102155198771,1,"1270 794 443"
"06037462302",0.751411755348763,0.49319287858904,15.0282351069753,9.8638575717808,0.751411755348763,0.751411755348763,0.751411755348763,29.8603660493094,1,"443 524 692"
"06037462301",0.605961186669848,0.448826354092102,12.119223733397,8.97652708184204,0.605961186669848,0.605961186669848,0.605961186669848,4.1458894244396,1,"524 692 1054"
"06037462202",0.678772220233834,0.600611180704685,13.5754444046767,12.0122236140937,0.761316412153026,0.678772220233834,0.678772220233834,9.27825783003068,1,"795 1054 1270"
"06037462201",0.54958293565577,0.26910778553249,10.9916587131154,5.3821557106498,0.722833030104192,0.54958293565577,0.54958293565577,63.8749895150582,1,"1054 1268 795"
"06037462002",0.478204162689891,0.362743453233119,9.56408325379782,7.25486906466237,0.478204162689891,0.478204162689891,0.478204162689891,39.6942518739703,1,"1920 560 192"
"06037462001",0.450284090909091,0.361199345820409,9.00568181818182,7.22398691640818,0.568865947864471,0.450284090909091,0.450284090909091,0.871037852908974,1,"1268 1054 1920"
"06037461902",0.364746753956892,0.00336783186192635,7.29493507913784,0.067356637238527,0.364746753956892,0.364746753956892,0.364746753956892,58.9105797608002,1,"795 1054 794"
"06037461901",0.418489148373499,0.206531978247037,8.36978296746998,4.13063956494075,0.517386587329993,0.418489148373499,0.418489148373499,64.5740245306199,1,"1054 795 1268"
"06037461502",0.697754488785493,0.496965844468305,13.9550897757099,9.9393168893661,0.697754488785493,0.697754488785493,0.697754488785493,33.021133626522,1,"560 724 1075"
"06037186201",0.875517602203134,0.822985017497813,17.5103520440627,16.4597003499563,0.875517602203134,0.875517602203134,0.875782927702219,27.8021312172746,1,"2203 2458 2146"
"06037183702",0.186035428099897,0.138914986478963,3.72070856199793,2.77829972957926,0.186035428099897,0.186035428099897,0.1488457408733,45.0071595547886,1,"1181 2104 2186"
"06037183701",0.247278394178,0.190693226556908,4.94556788356001,3.81386453113815,0.247278394178,0.247278394178,0.247308219995228,52.0494903671709,1,"2104 1181 2221"
"06037183402",0.901643775351945,0.728309795792571,18.0328755070389,14.5661959158514,0.901643775351945,0.901643775351945,0.901904751252684,42.4120356032075,1,"2459 2458 2146"
"06037183401",0.56010585679631,0.182489262705798,11.2021171359262,3.64978525411596,0.587057832259604,0.56010585679631,0.587318808160344,30.9089759193416,1,"2458 2146 1811"
"06037183222",1.16184358347252,1.05118048099101,23.2368716694504,21.0236096198202,1.16801504215382,1.16184358347252,1.16801255666905,29.4182211743971,1,"2458 2459 1811"
"06037183221",1.0980324902569,1.01309912610356,21.960649805138,20.2619825220711,1.1604206434423,1.0980324902569,1.16107929690607,39.2257398757796,1,"1811 2198 2221"
"06037143603",0.50587941422095,0.312056962339935,10.117588284419,6.2411392467987,0.50587941422095,0.50587941422095,0.507495600691959,29.8997608569683,1,"2455 2438 2439"
"06037701701",0.30416803368329,0.197100184920067,6.08336067366579,3.94200369840134,0.30416803368329,0.30416803368329,0.30416803368329,1.04624478376858,1,"1623 791 930"
"06037701100",1.2178452835441,0.830134514435696,24.3569056708821,16.6026902887139,1.2178452835441,1.2178452835441,1.13710741768074,164.76457403538,1,"2444 2443 149"
"06037701302",0.484123344667144,0.374573117990933,9.68246689334288,7.49146235981866,0.484123344667144,0.484123344667144,0.484123344667144,12.0235106647331,1,"864 436 772"
"06037701601",0.511144913703969,0.16010498687664,10.2228982740794,3.20209973753281,0.511144913703969,0.511144913703969,0.511144913703969,3.97730093567582,1,"327 1623 791"
"06037701801",0.476209561162809,0.117032778573133,9.52419122325618,2.34065557146266,0.476209561162809,0.476209561162809,0.476209561162809,20.834771877697,1,"970 1058 930"
"06037701602",0.382072446910045,0.309076244730772,7.64144893820091,6.18152489461545,0.382072446910045,0.382072446910045,0.382072446910045,1.23324203532679,1,"327 1623 791"
"06037701501",0.577891364431719,0.422606353893263,11.5578272886344,8.45212707786527,0.577891364431719,0.577891364431719,0.577891364431719,0.0241686947883492,1,"864 373 700"
"06037701702",0.221941983814523,0.0340766175534876,4.43883967629046,0.681532351069753,0.221941983814523,0.221941983814523,0.221941983814523,2.04977476218726,1,"373 700 1111"
"06037482001",0.484268124154935,0.0293169142209497,9.6853624830987,0.586338284418993,0.720160512606379,0.484268124154935,0.484268124154935,70.8645841812134,1,"486 1999 819"
"06037482002",0.591921925952438,0.134231090431878,11.8384385190488,2.68462180863756,0.591921925952438,0.591921925952438,0.591925032808399,22.957996792941,1,"978 937 1852"
"06037482101",0.538997256024815,0.351607238725841,10.7799451204963,7.03214477451682,0.538997256024815,0.538997256024815,0.538252231965322,11.6688226705268,1,"233 937 148"
"06037482201",0.68555324405472,0.555620178159548,13.7110648810944,11.112403563191,0.68555324405472,0.68555324405472,0.68555324405472,46.3915649135732,1,"148 415 941"
"06037482202",0.481954137835043,0.329459083949733,9.63908275670087,6.58918167899467,0.481954137835043,0.481954137835043,0.481954137835043,9.88452265408701,1,"415 941 1598"
"06037482102",0.741469816272966,0.612125188896842,14.8293963254593,12.2425037779368,0.741469816272966,0.741469816272966,0.741577313489223,54.5451682738309,1,"341 148 419"
"06037433802",0.369930232442536,0.148827099737533,7.39860464885071,2.97654199475066,0.742884057106498,0.369930232442536,0.358827571979639,42.303282877538,1,"1720 1726 1952"
"06037433902",0.814033544102442,0.28492168237493,16.2806708820488,5.69843364749861,0.814033544102442,0.814033544102442,0.812024651037938,17.9880230316214,1,"726 912 123"
"06037128910",0.432260598107055,0.220390419947507,8.6452119621411,4.40780839895013,0.54560864551022,0.432260598107055,0.434669654219359,27.9730982248254,1,"1674 2371 2412"
"06037500500",0.406551986399427,0.141987667024576,8.13103972798855,2.83975334049153,0.783897041278931,0.406551986399427,0.40674150461306,31.0942122229956,1,"1722 1090 444"
"06037500402",0.349441760120894,0.20784928517458,6.98883520241788,4.15698570349161,0.349441760120894,0.349441760120894,0.346236106140142,7.53084821769101,1,"1600 817 912"
"06037128702",0.877688051777619,0,17.5537610355524,0,0.988062216654736,0.877688051777619,0.868465660542432,84.420229229446,1,"2412 1674 1182"
"06037500600",0.744032351069753,0.41529840730136,14.8806470213951,8.3059681460272,0.85194588602561,0.744032351069753,0.744221869283385,3.09994767866223,1,"872 444 1722"
"06037541606",0.590413236697686,0.203372927105703,11.8082647339537,4.06745854211405,0.590413236697686,0.590413236697686,0.590413236697686,12.8020843195823,1,"1107 642 1519"
"06037128302",1.07680582895888,0.356484381213712,21.5361165791776,7.12968762427424,1.07680582895888,1.07680582895888,0.892330042551499,17.0382480384572,1,"2163 2413 63"
"06037602106",0.538965566094011,0.273294584625785,10.7793113218802,5.46589169251571,0.538965566094011,0.538965566094011,0.538965566094011,31.99750914214,1,"372 2501 848"
"06037602002",0.597922507555874,0.022529055316949,11.9584501511175,0.45058110633898,0.597922507555874,0.597922507555874,0.597922507555874,44.5997699068984,1,"1550 467 616"
"06037128303",1.10824472580132,0.556629906346934,22.1648945160264,11.1325981269387,1.10824472580132,1.10824472580132,0.829295663326175,3.47639953551039,1,"2163 2413 2412"
"06037603001",0.772538997256025,0.574957249661974,15.4507799451205,11.4991449932395,0.772538997256025,0.772538997256025,0.534051141334606,35.6390719576917,1,"157 2352 683"
"06037602404",0.649121629682653,0.329345994392746,12.9824325936531,6.58691988785493,0.65073160244174,0.649121629682653,0.65073160244174,2.59592041378621,1,"526 1688 1771"
"06037128220",0.98913532470373,0.946422268949336,19.7827064940746,18.9284453789867,0.98913532470373,0.98913532470373,0.975965983655452,7.20478547353025,1,"2407 2243 2216"
"06037602403",0.571469493159946,0.466008510299849,11.4293898631989,9.32017020599698,0.571469493159946,0.571469493159946,0.571449609281794,1.58337302209982,1,"467 2030 1118"
"06037600703",0.921929059293725,0.517207632426628,18.4385811858745,10.3441526485326,0.921929059293725,0.921929059293725,0.921929059293725,19.6639974868994,1,"300 843 255"
"06037602402",0.611859242026565,0.168346232999284,12.2371848405313,3.36692465998568,0.611859242026565,0.611859242026565,0.615791278931043,16.4142198296038,1,"848 1700 426"
"06037600602",1.00440427901058,0.915477362204724,20.0880855802116,18.3095472440945,1.02047231667064,1.00440427901058,1.00031006422493,5.74732834816798,1,"300 236 1871"
"06037601303",0.7110735802911,0.405432896882208,14.221471605822,8.10865793764416,0.7110735802911,0.7110735802911,0.736513138272489,38.3644803204093,1,"886 1919 1056"
"06037236000",0.595607278493597,0.436036049471089,11.9121455698719,8.72072098942178,0.595607278493597,0.595607278493597,0.620514942734431,20.1513473177885,1,"1921 2110 2237"
"06037236100",0.780103570150322,0.575590426906864,15.6020714030064,11.5118085381373,0.780103570150322,0.780103570150322,0.785528140658554,29.7576858092229,1,"2237 1921 2337"
"06037237300",0.526633212041677,0.375305093255389,10.5326642408335,7.50610186510777,0.526633212041677,0.526633212041677,0.525786283106657,5.23223195852453,1,"1680 1180 1281"
"06037237500",0.298594334088921,0.206600950449376,5.97188668177841,4.13201900898751,0.298594334088921,0.298594334088921,0.37430841386304,3.95587280356439,1,"2292 2226 2419"
"06037237600",0.47698192555476,0.31603560208383,9.5396385110952,6.32071204167661,0.47698192555476,0.47698192555476,0.38312070011135,38.1289792953121,1,"2292 2226 2419"
"06037237720",0.50832078163525,0.330676350115326,10.166415632705,6.61352700230653,0.50832078163525,0.50832078163525,0.568108496381134,42.5969578832187,1,"2085 2292 2420"
"06037237800",0.788861175733715,0.758930968146027,15.7772235146743,15.1786193629205,0.788861175733715,0.788861175733715,0.824384345422731,19.4078396244256,1,"2085 2420 2292"
"06037237710",0.404108133500358,0.250144779487791,8.08216267000716,5.00289558975583,0.404363517060367,0.404108133500358,0.352024178795832,10.6278296382534,1,"2292 2085 2084"
"06037237900",0.534492314881094,0.14554625984252,10.6898462976219,2.91092519685039,0.534492314881094,0.534492314881094,0.533752883162332,16.2097973250166,1,"1281 1282 2358"
"06037239330",0.637500745645431,0.363156665075956,12.7500149129086,7.26313330151913,0.637500745645431,0.637500745645431,0.590592812972242,20.622451244273,1,"2197 2082 1132"
"06037239310",0.719726174143005,0.670816183488428,14.3945234828601,13.4163236697686,0.759215556152072,0.719726174143005,0.66941996241947,49.0047150178346,1,"2082 2084 2292"
"06037239320",0.647683776743816,0.584062201741828,12.9536755348763,11.6812440348366,0.68059843016782,0.647683776743816,0.64213866022429,7.98869502957481,1,"2197 2082 2084"
"06037238310",0.432809890240993,0.310099021713195,8.65619780481985,6.2019804342639,0.432809890240993,0.432809890240993,0.601049247395212,39.447460426895,1,"2420 2085 2088"
"06037238100",0.57204550425515,0.317552369164082,11.440910085103,6.35104738328164,0.57204550425515,0.57204550425515,0.571596252883162,15.4556820267005,1,"2358 1281 255"
"06037534002",0.386973201503221,0.346542442137915,7.73946403006442,6.93084884275829,0.386973201503221,0.386973201503221,0.386973201503221,15.1393104301466,1,"156 461 1018"
"06037533203",0.49056012884753,0.248678343474111,9.81120257695061,4.97356686948222,0.49056012884753,0.584704078183409,0.49056012884753,32.2912620172635,1,"907 2507 882"
"06037534301",0.530096113696015,0.387001784578064,10.6019222739203,7.74003569156128,0.530096113696015,0.530096113696015,0.530096113696015,7.08677185855242,1,"260 643 292"
"06037532001",0.723440109759007,0.402362701821363,14.4688021951801,8.04725403642726,0.723440109759007,0.723440109759007,0.723440109759007,18.1755931753296,1,"713 1306 93"
"06037532303",1.16710100513004,1.0790452507357,23.3420201026008,21.5809050147141,1.16710100513004,1.16710100513004,1.16270915354331,30.8028967925097,1,"1653 195 1207"
"06037534403",0.564966843633182,0.382049456175933,11.2993368726636,7.64098912351865,0.564966843633182,0.576712001908852,0.564967465004374,22.1726251929432,1,"643 907 2507"
"06037534700",0.673931117275113,0.562532311301996,13.4786223455023,11.2506462260399,0.824379995824386,0.673931117275113,0.843104395331265,24.7648624266665,1,"1205 2470 907"
"06037430701",0.317906550743657,0.0206723981945439,6.35813101487314,0.413447963890877,0.432271782788515,0.317906550743657,0.317906550743657,17.0059972661167,1,"1870 1768 509"
"06037431700",0.643058289588801,0.470474305058459,12.861165791776,9.40948610116917,1.05898801002147,0.643058289588801,0.643058910959994,73.8708289627967,1,"1717 1754 1765"
"06037430802",0.573963055754394,0.255052369164082,11.4792611150879,5.10104738328164,0.573963055754394,0.573963055754394,0.573963055754394,33.9729488402753,1,"215 1004 167"
"06037431400",0.535902206116281,0.506649914499324,10.7180441223256,10.1329982899865,0.714028821681381,0.535902206116281,0.535902206116281,59.1671234206314,1,"622 1961 167"
"06037431800",0.918970711047483,0.663661715581007,18.3794142209497,13.2732343116201,1.01821673924282,0.918970711047483,0.918970711047483,16.6060156197174,1,"1021 375 1754"
"06037430400",0.622449271255866,0.267218817108089,12.4489854251173,5.34437634216178,1.00744154139823,0.622449271255866,0.622449271255866,180.553933166504,1,"485 1766 344"
"06037430600",0.745902056987195,0.705711146902092,14.9180411397439,14.1142229380418,0.745902056987195,0.745902056987195,0.745902678358387,19.6663410255777,1,"760 940 942"
"06037401602",0.338296225045733,0,6.76592450091466,0,0.492532982382884,0.338296225045733,0.338296225045733,16.6515698053054,1,"581 604 1718"
"06037400204",0.513982094567724,0,10.2796418913545,0,0.589599861807047,0.513982094567724,0.513982094567724,17.3622333229202,1,"676 614 1874"
"06037404000",0.744352357233755,0.0174126849200668,14.8870471446751,0.348253698401336,1.20887889724012,0.744352357233755,0.744347386264217,96.8125714748871,1,"1773 298 496"
"06037401601",0.76071492483894,0.611066993756462,15.2142984967788,12.2213398751292,0.955977715143562,0.76071492483894,0.76071492483894,26.2089177416201,1,"1718 363 581"
"06037401701",0.582007948580291,0.441222013441502,11.6401589716058,8.82444026883003,0.582007948580291,0.582007948580291,0.582036531655134,36.6901287017553,1,"453 1000 596"
"06037542402",0.413297592062356,0.179742180664917,8.26595184124712,3.59484361329834,0.588150202815557,0.413297592062356,0.796901097590074,13.1825734555118,1,"1887 959 547"
"06037543100",0.473506596476577,0.355379583233914,9.47013192953153,7.10759166467828,0.473506596476577,0.473506596476577,0.494814036029587,15.8234384885086,1,"202 1017 1522"
"06037553300",0.894955957209894,0.828104494750656,17.8991191441979,16.5620898950131,0.894955957209894,0.894955957209894,0.573995988427583,3.03088497924063,1,"433 1463 1448"
"06037554802",0.772484316591108,0.735570518173865,15.4496863318222,14.7114103634773,0.842557588682097,0.772484316591108,0.818179954068241,20.9805834098014,1,"2464 127 91"
"06037554900",0.615517875606458,0.0354641394257536,12.3103575121292,0.709282788515072,0.615517875606458,0.615517875606458,0.615517875606458,41.3750907442893,1,"127 797 451"
"06037106604",0.606814950687982,0.338991539409846,12.1362990137596,6.77983078819693,0.606814950687982,0.606814950687982,1.08501289966595,31.9369224814452,1,"1885 2392 2302"
"06037553400",0.358306862920544,0.037258659428935,7.16613725841088,0.7451731885787,0.358306862920544,0.358306862920544,0.358306862920544,18.3429232045671,1,"433 810 102"
"06037554002",0.410663599578462,0.188856453312654,8.21327199156923,3.77712906625308,0.410663599578462,0.581231234589994,0.410663599578462,5.98900338433098,1,"1448 1444 1460"
"06037570601",0.691909871351308,0.646826905869721,13.8381974270262,12.9365381173944,0.691909871351308,0.691909871351308,0.691909871351308,12.0411111594907,1,"518 1188 134"
"06037570901",0.316860783027122,0.0104446283703173,6.33721566054243,0.208892567406347,0.316860783027122,0.374167983973594,0.316860783027122,24.9833487960569,1,"217 1579 912"
"06037570800",0.613394028871391,0.161585714427742,12.2678805774278,3.23171428855484,0.613394028871391,0.613394028871391,0.613393407500199,36.8764597792898,1,"688 914 786"
"06037571200",0.522683776743816,0.142758788674143,10.4536755348763,2.85517577348286,0.585063230732522,0.522683776743816,0.522683776743816,18.6105895692133,1,"786 468 2007"
"06037571400",0.833597416090034,0.732271037143084,16.6719483218007,14.6454207428617,0.93725828660622,0.833597416090034,0.833597416090034,27.7656933814379,1,"185 2007 170"
"06037573401",0.351737726676211,0.233978565179353,7.03475453352422,4.67957130358705,0.351737726676211,0.351737726676211,0.510407967469975,16.345285517904,1,"867 1728 1246"
"06037572500",0.817715168416448,0.220077870237811,16.354303368329,4.40155740475622,0.817715168416448,0.817715168416448,0.817671051061799,34.0747488482569,1,"947 989 324"
"06037571502",0.299318852899069,0.0881290761950211,5.98637705798139,1.76258152390042,0.394148796031178,0.394148796031178,0.39452721108725,13.5543732081596,1,"929 1666 171"
"06037571600",0.383911705639068,0.0185765131631273,7.67823411278136,0.371530263262547,0.383911705639068,0.383911705639068,0.383911705639068,82.0477452899276,1,"134 518 1188"
"06037208720",0.26037876302394,0.151201359063072,5.2075752604788,3.02402718126143,0.26037876302394,0.26037876302394,0.260693176847212,4.47760601630579,1,"2250 2276 2307"
"06037209402",0.244100080529706,0.129864715064026,4.88200161059413,2.59729430128052,0.244100080529706,0.244100080529706,0.244103187385668,0.657635417156161,1,"2228 2276 2406"
"06037297300",0.804604857631432,0.474178298735385,16.0920971526287,9.48356597470771,0.804604857631432,0.804604857631432,0.804727267756303,22.8958475658752,1,"2445 1088 105"
"06037530500",0.552034245009147,0.35472030839895,11.0406849001829,7.094406167979,0.552034245009147,0.552034245009147,0.523553696412948,4.58356905992395,1,"1852 160 1858"
"06037297120",0.361408126541,0.136577388053766,7.22816253082001,2.73154776107532,0.361408126541,0.361408126541,0.292209745088682,40.5317115758561,1,"88 1264 2361"
"06037702901",0.419487691879424,0.289184910124871,8.38975383758848,5.78369820249741,0.419487691879424,0.419487691879424,0.419487691879424,49.663319073951,1,"667 142 2473"
"06037701000",0.334473549471089,0.195137273323789,6.68947098942178,3.90274546647578,0.500138565775869,0.334473549471089,0.334473549471089,11.6526482559017,1,"898 1756 163"
"06037194500",0.77208228942973,0.526930848842758,15.4416457885946,10.5386169768552,0.975773979957051,0.77208228942973,0.692392055396485,5.81623295897934,1,"1812 2319 550"
"06037701201",1.34613420126461,1.12278108347252,26.9226840252923,22.4556216694504,1.34613420126461,1.34613420126461,1.34613420126461,45.4158392877952,1,"327 436 930"
"06037195300",0.78669072615923,0.604819106418516,15.7338145231846,12.0963821283703,0.830352615724171,0.78669072615923,0.830355722580132,24.5061408912914,1,"2113 1125 1807"
"06037620101",0.252991902290623,0.205879538495188,5.05983804581245,4.11759076990376,0.290525829157719,0.252991902290623,0.252991902290623,8.35656467099403,1,"511 1724 92"
"06037620201",0.436108749900581,0.082505045534081,8.72217499801161,1.65010091068162,0.436108749900581,0.436108749900581,0.436108749900581,8.65481904345888,1,"657 354 917"
"06037275603",0.579334809711286,0.339288554839736,11.5866961942257,6.78577109679472,0.579334809711286,0.579334809711286,0.743182936649964,33.5289247137492,1,"2065 663 1354"
"06037275500",0.303027817545534,0.192117409329516,6.06055635091068,3.84234818659031,0.303027817545534,0.303027817545534,0.439710217330788,37.4874234423443,1,"2065 663 293"
"06037275102",0.358922641772051,0.342867652907023,7.17845283544102,6.85735305814046,0.358922641772051,0.358922641772051,0.35846406983218,28.4362384124348,1,"2156 293 663"
"06037274202",0.111367116042313,0.00356418515867335,2.22734232084626,0.071283703173467,0.111367116042313,0.111367116042313,0.111367116042313,3.62975725089691,1,"142 1035 667"
"06037273902",0.388918093334924,0.168564955658952,7.77836186669848,3.37129911317903,0.388918093334924,0.388918093334924,0.388878325578621,0.0455782409585536,1,"2130 1035 2415"
"06037273502",0.256533096715183,0.245187480116122,5.13066193430367,4.90374960232244,0.278897488666189,0.256533096715183,0.263237070508232,4.78810896260373,1,"1195 2461 1035"
"06037273402",0.262940676449535,0.0971662988149209,5.25881352899069,1.94332597629842,0.274313633381055,0.262940676449535,0.259333616678597,7.47973167541179,1,"1035 1195 2461"
"06037272202",0.823743711723534,0.497037302155412,16.4748742344707,9.94074604310825,0.823743711723534,0.823743711723534,0.572769401694106,39.0288849487101,1,"1891 687 2119"
"06037272201",0.78591028394178,0.529633192157798,15.7182056788356,10.592663843156,0.78591028394178,0.78591028394178,0.64628507019009,23.3753912577653,1,"1891 687 293"
"06037271902",0.782454838741748,0.663178910164638,15.649096774835,13.2635782032928,0.93278130716615,0.782454838741748,0.829629961027599,42.8075854606226,1,"2280 2416 2417"
"06037271901",0.770556201781595,0.407953799809115,15.4111240356319,8.1590759961823,0.807360638869005,0.770556201781595,0.769388023940189,28.6515102145022,1,"2280 994 1331"
"06037269905",0.654779835759167,0.620885279965004,13.0955967151833,12.4177055993001,0.707087484092897,0.654779835759167,0.635842927304541,37.5568186760657,1,"2288 2454 1330"
"06037269904",0.662888108446671,0.314248538534956,13.2577621689334,6.28497077069912,0.689388968424401,0.662888108446671,0.651379692595244,53.7234685367956,1,"2454 2318 853"
"06037141304",0.907014907937644,0.781937857909807,18.1402981587529,15.6387571581961,0.907014907937644,0.907014907937644,0.907014907937644,11.8739937788919,1,"1674 2412 1140"
"06037141303",0.780460237214666,0.356068683886105,15.6092047442933,7.1213736777221,0.850941128807763,0.780460237214666,0.780460237214666,9.42658808132297,1,"1674 2371 2412"
"06037141202",0.788025431480156,0.529632570786606,15.7605086296031,10.5926514157321,0.947212653105862,0.788025431480156,0.654393342877595,52.867157564272,1,"1182 1614 1140"
"06037141201",0.833445801519128,0.484242647936053,16.6689160303826,9.68485295872107,0.984389912908614,0.833445801519128,0.73745762248469,21.9572773079069,1,"2412 1182 1614"
"06037141102",1.17006805257297,1.10421326950608,23.4013610514595,22.0842653901217,1.26036882108486,1.17006805257297,1.13964509762984,21.1157465466076,1,"2412 1182 1611"
"06037139402",1.09508967629046,0.748963552851348,21.9017935258093,14.979271057027,1.09508967629046,1.09508967629046,1.09974933886105,25.1045028246047,1,"2390 2287 2151"
"06037139001",0.654521345343196,0.476740833532172,13.0904269068639,9.53481667064344,0.761585465879265,0.936415707269546,0.715285855603277,19.5084229554932,1,"933 140 139"
"06037137104",1.94437795772687,1.85868714209019,38.8875591545375,37.1737428418039,1.94437795772687,1.94437795772687,1.89626642905432,29.9850582413462,1,"267 2152 2432"
"06037134904",1.36005353734192,0.720865768909568,27.2010707468385,14.4173153781914,1.36005353734192,1.36005353734192,1.32086738447467,28.8458563508034,1,"2238 2355 2432"
"06037702300",0.655761602242901,0.522392353654657,13.115232044858,10.4478470730931,0.655761602242901,0.655761602242901,0.655761602242901,5.98293550602098,1,"262 1058 970"
"06037139600",0.829304362522866,0.761248682693072,16.5860872504573,15.2249736538614,0.829304362522866,0.829304362522866,0.799625188896842,26.7765687837026,1,"2185 140 10"
"06037702201",0.501750402648533,0.294160850632307,10.0350080529707,5.88321701264615,0.501750402648533,0.501750402648533,0.501750402648533,4.68489065426443,1,"1111 537 130"
"06037702202",0.330553939990456,0.20696880219518,6.61107879980911,4.1393760439036,0.34939888550863,0.330553939990456,0.330496152469578,15.2582623460917,1,"130 671 2324"
"06037701802",0.293955798138869,0,5.87911596277738,0,0.293955798138869,0.293955798138869,0.293955798138869,15.2139353972263,1,"1111 700 373"
"06037224200",0.49893621251889,0.288618840968743,9.97872425037779,5.77237681937485,0.49893621251889,0.49893621251889,0.485346203173467,44.6484860451624,1,"2397 2094 2327"
"06037221210",0.447309587011851,0.174574857830271,8.94619174023702,3.49149715660542,0.447309587011851,0.447309587011851,0.447299645072775,14.450989990412,1,"2299 2298 2366"
"06037530700",0.810643964248787,0.606459526366022,16.2128792849757,12.1291905273204,0.810643964248787,0.810643964248787,0.812365162451284,22.6136509585234,1,"2336 258 2219"
"06037482702",0.525896887178875,0.372535641851587,10.5179377435775,7.45071283703173,0.525896887178875,0.525896887178875,0.508878772965879,2.41395647001464,1,"419 341 158"
"06037137501",1.08130144953472,0.931849250377794,21.6260289906943,18.6369850075559,1.08130144953472,1.27287080947268,1.04563225761553,34.046107163065,1,"267 2368 279"
"06037530102",0.607113208860256,0.301008982541955,12.1422641772051,6.0201796508391,0.607113208860256,0.607113208860256,0.607113208860256,0.391729364233453,1,"713 93 991"
"06037137402",1.2932405998966,0.991714636522707,25.8648119979321,19.8342927304541,1.52352138511095,1.54497671100771,1.1617652907023,47.8186429451346,1,"267 1182 393"
"06037432201",0.418420797542353,0.122207557862085,8.36841595084705,2.44415115724171,0.418420797542353,0.418420797542353,0.418420797542353,12.7959386267857,1,"1607 1608 892"
"06037481300",0.495135906307166,0.283419206832101,9.90271812614332,5.66838413664201,0.495135906307166,0.495135906307166,0.601696094806331,30.1517094492035,1,"1603 2478 892"
"06037404600",0.538481517935258,0.133466182494234,10.7696303587052,2.66932364988467,0.538481517935258,0.538481517935258,0.538481517935258,88.077732617049,1,"1958 1526 514"
"06037540300",0.593515121689334,0.199344577666428,11.8703024337867,3.98689155332856,0.593515121689334,0.593515121689334,0.593515121689334,8.60526517520028,1,"228 891 1153"
"06037540203",0.380950250536865,0,7.61900501073729,0,0.583302264773721,0.380950250536865,0.380950250536865,45.3278489931516,1,"645 1723 228"
"06037541002",0.832129115962777,0.143093086375567,16.6425823192555,2.86186172751133,0.832129115962777,0.832129115962777,0.832350324107214,35.7879486912096,1,"1070 1039 1522"
"06037104610",0.910284563151197,0.729382282470373,18.2056912630239,14.5876456494075,0.910284563151197,0.910284563151197,0.910284563151197,35.1995721162521,1,"2095 2157 2348"
"06037106111",0.791155899546648,0.426188558816512,15.823117990933,8.52377117633023,0.85356766483735,0.791155899546648,0.853570150322119,25.4583679690339,1,"1843 1883 1844"
"06037111201",1.30212745068798,1.24481776425674,26.0425490137596,24.8963552851348,1.32246058021156,1.30212745068798,1.30213242165752,2.99500848751611,1,"440 2460 1938"
"06037109800",1.54351213910761,1.33081802274716,30.8702427821522,26.6163604549431,1.63997504573292,1.54351213910761,1.63996821064981,8.38458957231299,1,"440 1278 438"
"06037111100",1.13869439970572,0.436048476894934,22.7738879941144,8.72096953789867,1.13869439970572,1.13869439970572,1.13869439970572,21.2614414887032,1,"440 2411 438"
"06037600911",0.570421239958642,0.333253176449535,11.4084247991728,6.66506352899069,0.570421239958642,0.570421239958642,0.584695378986718,39.7530920946382,1,"745 1056 1919"
"06037601202",0.680494661178716,0.366808463572735,13.6098932235743,7.3361692714547,0.680494661178716,0.680494661178716,0.680494661178716,36.4773873921495,1,"948 595 449"
"06037600802",0.733099946313529,0.558277161377555,14.6619989262706,11.1655432275511,0.733099946313529,0.733099946313529,0.73285015509425,30.4729246181336,1,"255 300 1282"
"06037601301",0.696356403602959,0.481694404676688,13.9271280720592,9.63388809353376,0.702057484291736,0.696356403602959,0.721800932553885,29.3171920784659,1,"1919 886 2064"
"06037601001",0.493586206553726,0.33086338284419,9.87172413107452,6.6172676568838,0.493586206553726,0.493586206553726,0.493586206553726,17.1944337925012,1,"843 1056 449"
"06037601302",0.905997101924759,0.482237483098704,18.1199420384952,9.64474966197407,0.905997101924759,0.905997101924759,0.931436659906148,80.0643858448359,1,"886 131 1919"
"06037600704",0.572812276306371,0.370984699355762,11.4562455261274,7.41969398711525,0.572812276306371,0.572812276306371,0.57284272349479,11.4152500710987,1,"300 255 2358"
"06037600912",0.479679297900262,0.221827030143959,9.59358595800525,4.43654060287919,0.479679297900262,0.479679297900262,0.479679297900262,36.4391879875595,1,"1056 745 1133"
"06037201401",0.583286730493915,0.482412088403722,11.6657346098783,9.64824176807444,0.583286730493915,0.583286730493915,0.653098405312972,36.8732998772447,1,"2105 2351 2186"
"06037238320",0.450655670882049,0.320510717410324,9.01311341764098,6.41021434820647,0.479180958204088,0.450655670882049,0.669966769068639,28.7709327326631,1,"2088 2420 2150"
"06037301100",0.916667909409051,0.75637651117474,18.333358188181,15.1275302234948,0.916667909409051,0.916667909409051,0.872589079774119,3.50121439768667,1,"741 257 818"
"06037301400",0.66030196154458,0.454496366221268,13.2060392308916,9.08992732442536,0.818883967629046,0.66030196154458,0.627537679949097,25.201727352704,1,"24 1317 1443"
"06037301502",0.879782694066651,0.853036392467987,17.595653881333,17.0607278493597,0.879782694066651,0.879782694066651,0.879782694066651,20.8584154416852,1,"452 804 24"
"06037301501",0.845179153742146,0.753003708343275,16.9035830748429,15.0600741668655,0.964757068718683,0.845179153742146,0.845179153742146,13.1253247913253,1,"1443 24 1317"
"06037301204",0.653616007516106,0.506270256700867,13.0723201503221,10.1254051340173,0.653616007516106,0.653616007516106,0.653616007516106,16.6270049588605,1,"1315 398 1311"
"06037301702",0.535397031336992,0.227369661178716,10.7079406267398,4.54739322357433,0.535397031336992,0.535397031336992,0.535397031336992,28.4005925936657,1,"705 398 1311"
"06037301701",0.529421925952438,0.312193664002227,10.5884385190488,6.24387328004454,0.529421925952438,0.529421925952438,0.553123508709139,23.2493874361339,1,"398 804 32"
"06037301602",0.50119986777221,0.348581161019645,10.0239973554442,6.97162322039291,0.50119986777221,0.50119986777221,0.50119986777221,21.7685208535846,1,"32 452 1312"
"06037301900",0.675109858426788,0.562142090193271,13.5021971685357,11.2428418038654,0.675109858426788,0.675109858426788,0.675109858426788,2.93145801768382,1,"818 1106 1311"
"06037534501",0.565634196293645,0.390940035194464,11.3126839258729,7.81880070388929,0.565634196293645,0.606290513401734,0.727218667979003,8.7635260708428,1,"2470 907 2507"
"06037204920",0.754772130756383,0.628183284617832,15.0954426151277,12.5636656923566,0.754772130756383,0.754772130756383,0.770274720631512,1.96538666390277,1,"1881 2294 1196"
"06037206050",0.47529614551022,0.352820776664281,9.50592291020441,7.05641553328561,0.491610246162412,0.491610246162412,0.460034647657679,17.4517638534586,1,"2224 2120 1816"
"06037543601",0.705909364312415,0.0325884335480792,14.1181872862483,0.651768670961584,0.705909364312415,0.705909364312415,0.706080862761473,30.7438843672824,1,"1047 230 2039"
"06037532900",0.692869889843315,0.352967420265649,13.8573977968663,7.05934840531297,0.692869889843315,0.692869889843315,0.692869889843315,9.67956606737607,1,"1875 1154 1451"
"06037533103",0.623897066133779,0.290029974946313,12.4779413226756,5.80059949892627,0.623897066133779,0.623897066133779,0.623897066133779,23.3183001883515,1,"1304 1303 882"
"06037535102",0.663368428378271,0.306041467827885,13.2673685675654,6.1208293565577,0.663368428378271,0.663368428378271,0.581141757138312,13.9672748642681,1,"271 1135 1451"
"06037535200",0.585301837270341,0.480622539370079,11.7060367454068,9.61245078740157,0.585301837270341,0.585301837270341,0.50473236300008,30.0668213903278,1,"271 993 2233"
"06037535400",0.52864210510618,0.444394734749065,10.5728421021236,8.88789469498131,0.52864210510618,0.52864210510618,0.449427220034996,20.6858965995866,1,"271 2239 1127"
"06037430501",0.364639256740635,0.0935207140300644,7.29278513481269,1.87041428060129,0.364639256740635,0.364639256740635,0.252012621291657,53.1064658690752,1,"723 62 1639"
"06037430200",0.575571785771097,0.31738522031337,11.5114357154219,6.3477044062674,0.575571785771097,0.575571785771097,0.453696661496858,9.52910785477245,1,"2061 1521 1886"
"06037431600",0.472785184522389,0.13669793406506,9.45570369044779,2.7339586813012,0.971691571224052,0.472785184522389,0.472785184522389,44.6443534090161,1,"1767 1754 613"
"06037463102",0.794198754275034,0.536816243140062,15.8839750855007,10.7363248628012,0.794198754275034,0.794198754275034,0.794198754275034,15.7731852460884,1,"338 509 704"
"06037431900",0.595681843036666,0.295934244014953,11.9136368607333,5.91868488029905,0.598047403165513,0.595681843036666,0.890277653503539,7.17376737585077,1,"2485 997 1754"
"06037432000",0.546346834486598,0.300669713870993,10.926936689732,6.01339427741987,0.546346834486598,0.546346834486598,0.616916582160185,8.44440576906789,1,"613 997 2485"
"06037401312",0.434408678318619,0.203377898075241,8.68817356637239,4.06755796150481,0.434408678318619,0.434408678318619,0.309569613457409,21.1332952657929,1,"1362 963 1067"
"06037407900",0.954121679392349,0.82540898651873,19.082433587847,16.5081797303746,0.954121679392349,0.954121679392349,0.971767378509504,23.7074378503088,1,"1634 1880 1633"
"06037403401",0.542243299133063,0.309296210132824,10.8448659826613,6.18592420265649,0.542243299133063,0.542243299133063,0.542243299133063,33.0385755378315,1,"204 1068 289"
"06037403406",0.310667576354092,0.141998230334845,6.21335152708184,2.83996460669689,0.310667576354092,0.310667576354092,0.309894590590949,13.7343350216758,1,"1745 283 1063"
"06037403405",0.727469701940667,0.00509897200349956,14.5493940388133,0.101979440069991,0.727469701940667,0.727469701940667,0.429909950886821,24.3943303312523,1,"1063 1745 283"
"06037403403",0.754742926310348,0.3968045365068,15.094858526207,7.93609073013601,0.754742926310348,0.754742926310348,0.628816461862722,87.0801084547614,1,"954 1063 983"
"06037189800",0.535861816988785,0.475766523502744,10.7172363397757,9.51533047005488,0.535861816988785,0.535861816988785,0.609400476218882,2.66527536234512,1,"1957 2434 1829"
"06037554201",0.529796612781357,0.268571542193589,10.5959322556271,5.37143084387179,0.529796612781357,0.533368254394337,0.529796612781357,4.51326817498035,1,"1460 1448 1444"
"06037554404",0.752726576791537,0.543507168138074,15.0545315358307,10.8701433627615,0.752726576791537,0.752726576791537,0.752726576791537,0.564806279198319,1,"773 1460 276"
"06037106603",0.30036337787322,0,6.00726755746441,0,0.557259976735863,0.643651077706196,0.300329202457647,20.1823980581495,1,"2115 2305 1179"
"06037554403",0.589559472679551,0.382527290622763,11.791189453591,7.65054581245526,0.589559472679551,0.589559472679551,0.589559472679551,3.01608731369699,1,"773 276 849"
"06037554519",0.23608314940746,0.235807260598107,4.72166298814921,4.71614521196214,0.23608314940746,0.428457806410562,0.23608314940746,6.75357851957263,1,"1946 981 286"
"06037554511",0.466190572059174,0.126326006124234,9.32381144118349,2.52652012248469,0.620326667263183,0.466190572059174,0.466190572059174,37.877528823231,1,"527 239 401"
"06037554518",0.859281172949972,0.463969791418118,17.1856234589994,9.27939582836236,1.13534769446433,0.859281172949972,0.859281172949972,13.8012740948538,1,"401 197 905"
"06037554513",0.467973907380896,0.0835986588324187,9.35947814761791,1.67197317664837,0.467973907380896,0.467973907380896,0.517192098146823,36.9205126743144,1,"927 482 495"
"06037554522",0.639748866618945,0.203223176648373,12.7949773323789,4.06446353296747,0.639748866618945,0.639748866618945,0.639748866618945,26.6831977518406,1,"451 598 904"
"06037208903",0.508097088006045,0.225186162809194,10.1619417601209,4.50372325618389,0.508097088006045,0.508097088006045,0.508100816233198,15.6770519774452,1,"2276 2228 2405"
"06037209102",0.50765964268671,0.350518596397041,10.1531928537342,7.01037192794083,0.53348010120894,0.50765964268671,0.508989377038098,15.1835438990681,1,"2406 2276 1817"
"06037209300",0.509754906346934,0.20796858844349,10.1950981269387,4.1593717688698,0.509754906346934,0.509754906346934,0.509758013202895,10.1216828884622,1,"2406 2228 2205"
"06037208904",0.512110524536706,0.379039534120735,10.2422104907341,7.5807906824147,0.535434934979718,0.512110524536706,0.535434934979718,6.16532536070452,1,"2276 2405 1817"
"06037209401",0.259393268313052,0.173789444643283,5.18786536626104,3.47578889286566,0.259393268313052,0.259393268313052,0.335216088045812,4.25834700843554,1,"2035 2276 2228"
"06037209200",0.641366917203531,0.553800803308677,12.8273383440706,11.0760160661735,0.641366917203531,0.641366917203531,0.510549640101805,7.40268491108737,1,"1266 2326 2406"
"06037209403",0.28554367493836,0.207495724966197,5.7108734987672,4.14991449932395,0.28554367493836,0.28554367493836,0.285546781794321,12.7148447216888,1,"2406 2228 2276"
"06037209510",0.410668570548,0.36739317386463,8.21337141096,7.34786347729261,0.410668570548,0.410668570548,0.471675415573053,42.4050419545453,1,"2276 2228 2035"
"06037209520",0.415720318340889,0.187193664002227,8.31440636681778,3.74387328004454,0.415720318340889,0.415720318340889,0.41579550425515,15.0750449270154,1,"2228 2094 2406"
"06037209810",0.506811471009306,0.40602506362841,10.1362294201861,8.1205012725682,0.506811471009306,0.506811471009306,0.506883550067605,3.13774212719836,1,"2094 2228 2327"
"06037209820",0.461568191760121,0.286206056629285,9.23136383520242,5.7241211325857,0.461568191760121,0.461568191760121,0.461653319613457,19.5193838212674,1,"2094 2228 2397"
"06037210010",0.559598196532252,0.4455125815239,11.191963930645,8.91025163047801,0.559598196532252,0.559598196532252,0.559504369482224,10.2378047156153,1,"2406 2228 2094"
"06037211000",0.996164897001511,0.835608173268114,19.9232979400302,16.7121634653623,0.996164897001511,0.996164897001511,1.10218635667701,18.6705500665319,1,"2245 2080 2215"
"06037211410",0.812117235345582,0.533303010419152,16.2423447069116,10.666060208383,1.02281177920942,0.812117235345582,1.08158230931361,54.413239142854,1,"2217 2346 2462"
"06037211320",0.670982089596755,0.521483287600414,13.4196417919351,10.4296657520083,0.670982089596755,0.670982089596755,0.728277484490575,38.4942665897797,1,"2370 2462 2307"
"06037211310",0.715684775908693,0.658885235226279,14.3136955181739,13.1777047045256,0.878799063469339,0.715684775908693,0.894789429730375,42.1639580406913,1,"2217 2462 2370"
"06037211420",0.755240023264137,0.419766687544739,15.1048004652827,8.39533375089477,0.989890912073491,0.755240023264137,1.04306102362205,51.5940912131952,1,"2217 2462 2370"
"06037211802",0.949719264495347,0.817554854648851,18.9943852899069,16.351097092977,1.02424403980752,0.949719264495347,0.811556758530184,36.5546476696118,1,"2366 2217 2370"
"06037211701",0.928813230732522,0.769094115366261,18.5762646146504,15.3818823073252,0.928813230732522,0.928813230732522,0.92791286387497,41.0532184145648,1,"2346 2215 2080"
"06037211910",0.785401380935338,0.519015822596039,15.7080276187068,10.3803164519208,0.804635926191044,0.785401380935338,0.636930948262149,2.85023023428539,1,"2370 2217 2462"
"06037296500",0.100160686590313,0.057274268273284,2.00321373180625,1.14548536546568,0.100160686590313,0.118449504891434,0.100160686590313,7.63885761417342,1,"2111 2362 2263"
"06037297110",0.316437629245208,0.219043287202736,6.32875258490416,4.38086574405472,0.316437629245208,0.316437629245208,0.244037322039291,7.31896645157115,1,"2361 2097 88"
"06037297400",0.46821127117633,0.415491653742146,9.3642254235266,8.30983307484292,0.46821127117633,0.539274387576553,0.468159075996182,77.2481113711687,1,"2282 1750 901"
"06037297500",0.510214099657997,0.453935268034677,10.2042819931599,9.07870536069355,0.510214099657997,0.572990609838543,0.572966997733238,39.4568704339608,1,"2330 2057 2101"
"06037300200",0.816751421697288,0.492807628449853,16.3350284339458,9.85615256899706,0.816751421697288,0.816751421697288,0.815177488467351,0.622945821531086,1,"1025 1879 738"
"06037609900",0.689736314920862,0.559201140340412,13.7947262984172,11.1840228068082,0.689736314920862,0.689736314920862,0.691241897319653,7.24715347093373,1,"2111 2323 2338"
"06037296220",0.227559179392349,0.118774482024974,4.55118358784697,2.37548964049948,0.227559179392349,0.227559179392349,0.32740855901535,30.0703122409169,1,"1685 1190 1275"
"06037670413",0.475516732283465,0.261115709257934,9.51033464566929,5.22231418515867,0.475516732283465,0.476511547562237,0.475517353654657,6.00885497816484,1,"1395 392 56"
"06037269903",0.700715322516504,0.656028170484371,14.0143064503301,13.1205634096874,0.757590670484371,0.700715322516504,0.684875949455182,48.1690275731207,1,"2454 1331 1043"
"06037269602",0.728807514117554,0.511471133579893,14.5761502823511,10.2294226715979,0.728807514117554,0.728807514117554,0.576139719040802,25.6586298752607,1,"2341 883 2232"
"06037269601",0.771452840411994,0.656661969100453,15.4290568082399,13.1332393820091,0.771452840411994,0.771452840411994,0.66529281496063,10.672671324378,1,"2341 883 2200"
"06037267902",0.832020997375328,0.246013903801797,16.6404199475066,4.92027807603595,1.19066402211087,0.832020997375328,0.832013540921021,7.7095741871641,1,"853 1756 2318"
"06037910209",1.32130358705162,0.992959864391951,26.4260717410324,19.859197287839,1.545882670206,1.32130358705162,1.12959379722421,142.272359032268,1,"665 1370 1759"
"06037910208",1.84775598007635,1.77211211524696,36.9551196015271,35.4422423049391,1.84775598007635,1.92785756183886,1.84775660144755,93.4527196900051,1,"1366 1368 660"
"06037910207",0.777856070548,0.4159676240754,15.55712141096,8.31935248150799,1.46078899228506,0.777856070548,0.399943082398791,20.0215753039442,1,"1759 665 2026"
"06037910101",1.40731316610992,1.00528227650521,28.1462633221984,20.1056455301042,1.40731316610992,1.40731316610992,1.40731316610992,38.550717756168,1,"1378 1377 1382"
"06037901210",3.81697076572815,0.98082572774994,76.339415314563,19.6165145549988,4.082863576712,4.13076383917919,3.72928534856438,40.2750548919628,1,"65 212 1182"
"06037901008",2.23911171259843,2.15110069692993,44.7822342519685,43.0220139385986,2.23911171259843,2.23911171259843,2.23911171259843,21.8897338114361,1,"1143 523 856"
"06037900508",1.50337715242981,0.902043938399746,30.0675430485962,18.0408787679949,2.78401323769188,1.50337715242981,1.50337715242981,21.3117222256799,1,"950 1567 1003"
"06037800331",0.590031714785652,0.532064617633023,11.800634295713,10.6412923526605,0.590031714785652,0.590031714785652,0.590031714785652,166.371259401935,1,"1406 221 902"
"06037134424",0.487254434104828,0.363565527320449,9.74508868209656,7.27131054640897,0.487254434104828,0.487254434104828,0.356414166268989,44.732390704342,1,"2261 2350 2135"
"06037134423",0.598318321005329,0.473095870118508,11.9663664201066,9.46191740237016,0.598318321005329,0.598318321005329,0.598307136323869,33.8687053887433,1,"2391 2310 2148"
"06037134002",1.05199696273761,0.366156645192078,21.0399392547522,7.32313290384157,1.05199696273761,1.05199696273761,0.840804700548795,45.2355506555422,1,"2238 2355 2253"
"06037134001",1.01940542233357,0.381868637158991,20.3881084466714,7.63737274317983,1.01940542233357,1.01940542233357,0.807733461584347,13.0236813399705,1,"2238 2355 2253"
"06037132502",0.538793446273761,0.311377803626819,10.7758689254752,6.22755607253639,0.538793446273761,0.538793446273761,0.537774397518492,21.9238138177145,1,"1708 2255 2339"
"06037132501",0.758940288713911,0.440442813966436,15.1788057742782,8.80885627932872,0.758940288713911,0.758940288713911,0.890182583711127,25.7179643655659,1,"2255 1708 2340"
"06037132102",1.19268223574326,0.817988571741032,23.8536447148652,16.3597714348206,1.2564436192635,1.19268223574326,1.19267664340253,36.6316689800025,1,"2275 2000 63"
"06037132101",0.553187509941939,0.375741295832339,11.0637501988388,7.51482591664678,0.775509772926111,0.553187509941939,0.553187509941939,25.2958394638068,1,"2000 63 933"
"06037132002",0.482470497295793,0.276979937166945,9.64940994591585,5.5395987433389,0.597250805297065,0.482470497295793,0.595243154974946,38.684679701427,1,"2275 1818 933"
"06037132001",0.613716520520162,0.437910726358069,12.2743304104032,8.75821452716138,0.639460550385747,0.613716520520162,0.637464084745089,33.2065087518515,1,"933 1818 2236"
"06037131702",1.07698602660463,0.840263486240356,21.5397205320926,16.8052697248071,1.07698602660463,1.07698602660463,1.02721232999284,34.7855668259219,1,"2255 1708 2340"
"06037128802",0.78726549451205,0.723651375964368,15.745309890241,14.4730275192874,0.78726549451205,0.78726549451205,0.78726549451205,12.9050129632781,1,"2412 1674 2279"
"06037128602",1.23349700250537,0.914386855762348,24.6699400501074,18.287737115247,1.23349700250537,1.23349700250537,1.2328545046926,7.81062463232517,1,"2412 2403 2407"
"06037530802",0.901519501113497,0.170898825856995,18.0303900222699,3.4179765171399,0.901519501113497,0.901519501113497,0.903231378748111,33.0047027418442,1,"258 1858 2336"
"06037530601",0.969951731885787,0.506314374055516,19.3990346377157,10.1262874811103,1.12158867215462,0.969951731885787,0.971673551459477,9.78006758979644,1,"258 1999 2336"
"06037530602",0.975328456812217,0.719128415056073,19.5065691362443,14.3825683011215,1.22690176867096,0.975328456812217,0.975328456812217,0.0704763098868418,1,"258 1999 486"
"06037574500",0.523979957050823,0.45505808577905,10.4795991410165,9.101161715581,0.523979957050823,0.642364839338265,0.523979957050823,41.3987736455077,1,"1641 912 31"
"06037574901",0.409194678080013,0.34136704147777,8.18389356160025,6.8273408295554,0.409194678080013,0.409194678080013,0.409194678080013,11.1550422632628,1,"1085 624 188"
"06037577100",0.613807240714229,0.576472152628649,12.2761448142846,11.529443052573,0.666638083591824,0.613807240714229,0.666638083591824,28.7976675733497,1,"1658 769 1656"
"06037575002",0.525307827288634,0.412051121450728,10.5061565457727,8.24102242901455,0.609751550942496,0.525307827288634,0.525307827288634,37.0030502632627,1,"1663 2010 1211"
"06037572201",0.509849354768154,0.433901639425754,10.1969870953631,8.67803278851507,0.509849354768154,0.509849354768154,0.509849354768154,8.85865797472053,1,"1045 1631 1649"
"06037481901",0.999073535552374,0.564850025849042,19.9814707110475,11.2970005169808,0.999073535552374,0.999073535552374,0.999073535552374,4.30145926090226,1,"441 364 1673"
"06037481401",0.425559109798775,0.170613616479758,8.5111821959755,3.41227232959516,0.691822258013203,0.42953464268671,0.425559109798775,51.69440653654,1,"1055 2006 106"
"06037482304",0.38677001312336,0.153230757376919,7.73540026246719,3.06461514753838,0.38677001312336,0.38677001312336,0.716442848763223,14.5061297342467,1,"2479 414 1117"
"06037482402",0.357633917919351,0.276957567804025,7.15267835838702,5.53915135608049,0.481982099538694,0.357633917919351,0.357633917919351,8.65228602423418,1,"1988 1606 525"
"06037482503",0.69943405511811,0.558232422651714,13.9886811023622,11.1646484530343,0.69943405511811,0.69943405511811,0.872795996381134,39.0826618392609,1,"1942 1117 2479"
"06037134421",0.77211273661815,0.584263526008113,15.442254732363,11.6852705201623,0.77211273661815,0.77211273661815,0.772111493875765,2.00334309763481,1,"2278 2135 2261"
"06037530101",0.829902742980991,0.653153085977889,16.5980548596198,13.0630617195578,0.829902742980991,0.829902742980991,0.829902742980991,4.33730991682674,1,"444 865 872"
"06037294820",0.499530243378669,0.327824256342957,9.99060486757337,6.55648512685914,0.499530243378669,0.499530243378669,0.499474941342559,28.4367381077375,1,"2451 2450 1583"
"06037111204",0.833745923804979,0.573522503579098,16.6749184760996,11.470450071582,0.927849484013362,0.833745923804979,0.8916415632705,20.1430297328732,1,"2331 1683 603"
"06037113212",0.816069777499403,0.632721158434741,16.3213955499881,12.6544231686948,0.816069777499403,0.836538365942893,0.820836937286248,6.18469790428812,1,"2381 2139 2140"
"06037113234",0.945740003380259,0.66513187982184,18.9148000676052,13.3026375964368,0.945740003380259,0.945740003380259,0.945748081205758,51.2222957991366,1,"2321 2253 2453"
"06037113211",0.479100179949097,0.117921339378032,9.58200359898195,2.35842678756065,0.479100179949097,0.479100179949097,0.488897339537103,80.3808854840419,1,"2139 2381 1679"
"06037113232",0.502401599657997,0.155439731965323,10.0480319931599,3.10879463930645,0.784922925117315,0.502401599657997,0.502292238328163,35.8028309895905,1,"2042 2138 2253"
"06037113321",1.49071671438797,1.08202472560248,29.8143342877595,21.6404945120496,1.49071671438797,1.51045270619582,1.49075834625785,60.0918383495996,1,"2285 2140 16"
"06037113231",0.341715009345423,0,6.83430018690845,0,0.584642562435377,0.341715009345423,0.346513237691879,85.7131326622783,1,"2042 2310 2013"
"06037113301",1.47301322774994,1.08625067108089,29.4602645549988,21.7250134216178,1.48727493935417,1.47301322774994,1.4449999502903,21.3026881101755,1,"2331 2414 1683"
"06037113303",1.50837173407301,1.07652186232403,30.1674346814603,21.5304372464805,1.50837173407301,1.50837173407301,1.50836738447467,3.07034832608897,1,"2285 2453 2331"
"06037113401",1.22392664340253,0.505567485882446,24.4785328680506,10.1113497176489,1.22392664340253,1.22392664340253,1.0473633977571,21.7541582864575,1,"2453 2414 2355"
"06037601401",0.529384022309711,0.183896668456216,10.5876804461942,3.67793336912431,0.529384022309711,0.529384022309711,0.529384022309711,5.14621895049988,1,"131 449 886"
"06037601211",0.439647458840372,0.334155407420663,8.79294917680745,6.68310814841327,0.439647458840372,0.439647458840372,0.439647458840372,46.3693072850164,1,"449 886 131"
"06037600201",0.674463632386861,0.654070229857631,13.4892726477372,13.0814045971526,0.7063828491609,0.674463632386861,0.534305282152231,24.697441263943,1,"1953 1872 1576"
"06037601002",0.747234276823352,0.573373995864153,14.944685536467,11.4674799172831,0.747234276823352,0.747234276823352,0.747234276823352,0.13063762492081,1,"449 843 300"
"06037600100",0.439765519366897,0.275678164519208,8.79531038733795,5.51356329038416,0.608645510220313,0.439765519366897,0.721119909727193,4.19339326074142,1,"1953 2150 2088"
"06037601212",0.6468045365068,0.373269481229619,12.936090730136,7.46538962459238,0.6468045365068,0.6468045365068,0.6468045365068,5.82181216491871,1,"449 948 131"
"06037600902",0.557479320766722,0.366074624194703,11.1495864153344,7.32149248389406,0.557479320766722,0.557479320766722,0.557479320766722,29.3362466220968,1,"1056 886 745"
"06037273100",0.276471034160503,0.155520510220313,5.52942068321005,3.11041020440627,0.436787908613696,0.435004573291975,0.275911178716297,3.9609206717132,1,"2324 2325 671"
"06037602004",0.805339318380657,0.34960455937326,16.1067863676131,6.9920911874652,0.805339318380657,0.805339318380657,0.805339318380657,39.3996444871403,1,"236 616 498"
"06037602003",0.377451309353376,0.0154435596118667,7.54902618706752,0.308871192237334,0.377451309353376,0.377451309353376,0.377451309353376,11.5452798197728,1,"616 236 1550"
"06037602103",0.620874716654736,0.463650406625308,12.4174943330947,9.27300813250617,0.620874716654736,0.620874716654736,0.760605563509107,1.05914129451683,1,"372 1937 2501"
"06037301000",0.910575364869164,0.718079540483576,18.2115072973833,14.3615908096715,0.910575364869164,0.910575364869164,0.816573709536308,5.77344162482305,1,"831 741 818"
"06037302002",0.520548123956096,0.365468165911079,10.4109624791219,7.30936331822159,0.520548123956096,0.520548123956096,0.520548123956096,11.8844900683238,1,"1310 1324 1106"
"06037300902",0.244419465322517,0.0325952686311938,4.88838930645033,0.651905372623877,0.244419465322517,0.244419465322517,0.244419465322517,38.7620024703011,1,"429 27 1323"
"06037302103",0.472969731766484,0.424851989382009,9.45939463532967,8.49703978764018,0.472969731766484,0.472969731766484,0.472969731766484,7.1867107088882,1,"1109 1309 229"
"06037302301",0.395822770023065,0.161672085023463,7.9164554004613,3.23344170046926,0.395822770023065,0.395822770023065,0.333354459953869,16.8856075373017,1,"463 770 705"
"06037302201",0.275937897677563,0.124256218682892,5.51875795355126,2.48512437365784,0.275937897677563,0.275937897677563,0.275937897677563,7.96060855350521,1,"1309 356 1324"
"06037302202",0.287907992324823,0.179461320886026,5.75815984649646,3.58922641772051,0.287907992324823,0.287907992324823,0.287907992324823,42.2993237168757,1,"356 1319 1309"
"06037311700",0.591892721506403,0.479921632665235,11.8378544301281,9.5984326533047,0.591892721506403,0.591892721506403,0.591867866658713,38.7798262443701,1,"32 725 421"
"06037535300",0.682314036029587,0.425385747236141,13.6462807205917,8.50771494472282,0.682314036029587,0.682314036029587,0.653557598624036,10.287432095513,1,"271 1451 1696"
"06037534502",0.502792442137915,0.381237945398871,10.0558488427583,7.62475890797741,0.502792442137915,0.502792442137915,0.661993955301042,43.8454584871654,1,"2470 643 907"
"06037188300",0.648221884196294,0.507550281356876,12.9644376839259,10.1510056271375,0.738979981905671,0.648221884196294,0.651339303467748,19.4611643279499,1,"1194 2387 1320"
"06037532606",0.737219637318063,0.365468165911079,14.7443927463612,7.30936331822159,0.737219637318063,0.737219637318063,0.737220258689255,15.5598013582119,1,"882 1304 1303"
"06037532603",0.395766846615764,0.190655944285373,7.91533693231528,3.81311888570747,0.395766846615764,0.395766846615764,0.395766846615764,9.56631736847842,1,"1304 1303 1154"
"06037532604",0.652952383082796,0.486460943092341,13.0590476616559,9.72921886184682,0.652952383082796,0.652952383082796,0.652953004453989,12.8084438175731,1,"1303 1304 882"
"06037532605",0.661937410522548,0.6403528394178,13.238748210451,12.807056788356,0.661937410522548,0.661937410522548,0.661937410522548,22.5466713986127,1,"882 1304 1303"
"06037534203",0.108308105662928,0,2.16616211325857,0,0.256347928099897,0.352733163326175,0.108308105662928,61.9044230274441,1,"1390 2011 529"
"06037532800",0.420653384236061,0.131050291298815,8.41306768472123,2.6210058259763,0.420653384236061,0.420653384236061,0.421725870913863,8.63803203142265,1,"1875 2106 2257"
"06037533106",0.589489257734829,0.109441486717569,11.7897851546966,2.18882973435139,0.589489257734829,0.589489257734829,0.589489257734829,86.3267227038686,1,"882 907 1304"
"06037432101",0.833256283305496,0.482777454664758,16.6651256661099,9.65554909329516,0.876590088880935,0.833256283305496,0.833256283305496,1.36350801342956,1,"613 1767 1492"
"06037432402",0.838463995267637,0.43475043247435,16.7692799053527,8.695008649487,0.892632028950927,0.84224752445717,0.84224752445717,19.8618810697764,1,"574 1961 803"
"06037432102",1.04809910124871,0.993694325141175,20.9619820249742,19.8738865028235,1.04809910124871,1.04809910124871,1.13037983178239,12.4745538913299,1,"893 613 2485"
"06037480101",1.16632056291259,0.782011801081683,23.3264112582518,15.6402360216337,1.16632056291259,1.16632056291259,1.43668476099578,4.1719562264511,1,"2485 997 704"
"06037480012",1.20037605384554,1.01055212558657,24.0075210769108,20.2110425117315,1.20037605384554,1.20037605384554,1.326043406506,34.3957708679074,1,"704 2485 1021"
"06037480201",0.369802851348127,0.244794152151436,7.39605702696254,4.89588304302871,0.578725865942894,0.369802851348127,0.424537575558737,5.29434497206174,1,"1944 910 101"
"06037481101",0.238916602044063,0.16716189950688,4.77833204088125,3.3432379901376,0.374724732561839,0.238916602044063,0.238916602044063,50.8451135755881,1,"1543 952 1540"
"06037403402",0.792937992125984,0.732034294718842,15.8587598425197,14.6406858943768,0.792937992125984,0.792937992125984,0.792937992125984,23.9004134141226,1,"593 289 983"
"06037403404",0.694635826771653,0.259820150322119,13.8927165354331,5.19640300644238,0.694635826771653,0.694635826771653,0.634293848922294,20.7223880500503,1,"983 1063 1069"
"06037403407",0.364222938041836,0,7.28445876083671,0,0.364222938041836,0.364222938041836,0.364222938041836,61.6431656738451,1,"1069 289 283"
"06037403703",0.798337707786527,0.725264455579416,15.9667541557305,14.5052891115883,0.798337707786527,0.807763908772767,0.831742623081206,10.4570628546485,1,"1453 2467 1067"
"06037403600",0.76984100353933,0.670317222421061,15.3968200707866,13.4063444484212,0.76984100353933,0.76984100353933,0.76984100353933,19.7604091431826,1,"1528 1067 1530"
"06037404902",1.47403476198998,1.17607360514595,29.4806952397996,23.521472102919,1.47403476198998,1.47403476198998,1.47403476198998,1.65667924210173,1,"721 912 147"
"06037405400",0.977004294917681,0.815027116638829,19.5400858983536,16.3005423327766,0.977004294917681,0.977004294917681,0.976092743378668,26.6458357757887,1,"1148 514 311"
"06037554512",0.404297030342798,0.172082537978207,8.08594060685596,3.44165075956415,0.442618234510459,0.404297030342798,0.242923824862801,30.437990767092,1,"905 239 404"
"06037554517",0.407777951761712,0.319653846536228,8.15555903523423,6.39307693072457,0.407777951761712,0.407777951761712,0.407777951761712,17.5073902070751,1,"475 197 981"
"06037554515",0.538532470373022,0.171694180983059,10.7706494074604,3.43388361966118,0.538532470373022,0.538532470373022,0.538532470373022,18.6081566120226,1,"519 451 779"
"06037500300",0.976629608088762,0.640336683766802,19.5325921617752,12.806733675336,1.15588649785254,1.15311891056232,0.845396012288237,65.1022146305342,1,"2047 1090 64"
"06037551300",1.27581859440865,1.06399501908852,25.5163718881731,21.2799003817705,1.27581859440865,1.27581859440865,1.04656866400223,27.9758406814872,1,"198 512 1486"
"06037552800",0.751894560765132,0.0615965262864869,15.0378912153026,1.23193052572974,0.751894560765132,0.751894560765132,0.754083030104191,28.3007893567551,1,"128 427 737"
"06037552900",0.830711768273284,0.499783762825101,16.6142353654657,9.99567525650203,0.830711768273284,0.830711768273284,0.832306828123757,46.1849504959589,1,"128 427 912"
"06037552400",0.609190452755906,0.241190820607651,12.1838090551181,4.82381641215303,0.822561242344707,0.609190452755906,0.608971108725046,7.56376852177069,1,"850 1890 533"
"06037211500",0.674847639783663,0.402113531973276,13.4969527956733,8.04227063946552,0.872754364511254,0.674847639783663,1.08519496142528,5.68861954519733,1,"2346 2080 2217"
"06037212202",0.393255264256741,0.181679616042313,7.86510528513481,3.63359232084626,0.393255264256741,0.393255264256741,0.448079465919033,37.3317499066199,1,"2193 2035 2276"
"06037212304",0.698464094687028,0.45541910244174,13.9692818937406,9.1083820488348,0.698464094687028,0.698464094687028,0.454818857870039,9.34433904865816,1,"2366 2193 2250"
"06037212303",0.614740540244969,0.428953660621968,12.2948108048994,8.57907321243935,0.614740540244969,0.614740540244969,0.492159538296349,19.3835767333505,1,"2193 2250 2366"
"06037212204",0.331045444603515,0.313199663962459,6.62090889207031,6.26399327924918,0.331045444603515,0.331045444603515,0.338516811818977,33.3763764266474,1,"2193 2250 2035"
"06037212203",0.434319200866937,0.281995645430685,8.68638401733874,5.6399129086137,0.434319200866937,0.434319200866937,0.423928010419152,48.26257773766,1,"2193 2250 2370"
"06037212306",0.555310113934622,0.36101355583393,11.1062022786924,7.2202711166786,0.555310113934622,0.555310113934622,0.476061674819057,18.6542769313398,1,"2193 2366 2035"
"06037212410",0.746729723415255,0.329992841803865,14.9345944683051,6.59985683607731,0.746729723415255,0.746729723415255,0.544531187862881,28.092271749696,1,"2366 2193 2299"
"06037212305",0.566038708939792,0.280329749264296,11.3207741787958,5.60659498528593,0.566038708939792,0.566038708939792,0.448844995227869,31.4223744559394,1,"2366 2193 2299"
"06037212610",0.79763307285453,0.611739317386463,15.9526614570906,12.2347863477293,0.79763307285453,0.79763307285453,0.79372278394178,3.69142230703167,1,"2153 2215 2366"
"06037213201",0.529637541756144,0.232462419470294,10.5927508351229,4.64924838940587,0.529637541756144,0.529637541756144,0.529624492961107,19.2239421237882,1,"2366 2153 2299"
"06037212420",0.575699166865505,0.115763938598584,11.5139833373101,2.31527877197169,0.575699166865505,0.575699166865505,0.50532950071582,1.60683963983814,1,"2366 2193 2299"
"06037212620",0.687528583074843,0.41128807762666,13.7505716614969,8.2257615525332,0.687528583074843,0.687528583074843,0.692792839815478,29.6648267048895,1,"2153 2366 2215"
"06037212900",0.754308587846974,0.659589248787083,15.0861717569395,13.1917849757417,0.754308587846974,0.754308587846974,0.732863825260479,44.8626384496647,1,"2153 2215 906"
"06037212800",0.370793317028553,0.0320136651952597,7.41586634057106,0.640273303905194,0.370793317028553,0.370793317028553,0.266219652230971,41.1408162388393,1,"841 2245 2215"
"06037213100",0.677902921935894,0.242128469736737,13.5580584387179,4.84256939473475,0.677902921935894,0.677902921935894,0.676542119024895,12.7255496219416,1,"2153 2366 2215"
"06037213202",0.596175833134495,0.466246495466476,11.9235166626899,9.32492990932952,0.596175833134495,0.596175833134495,0.596162162968265,5.986082289339,1,"2366 2299 2153"
"06037213402",0.676156247514515,0.602442361608208,13.5231249502903,12.0488472321642,0.676156247514515,0.676156247514515,0.676154383400938,21.6878148877226,1,"2193 2094 2327"
"06037213401",0.532334292730454,0.32312855424322,10.6466858546091,6.46257108486439,0.532334292730454,0.532334292730454,0.587158494392746,25.804063998317,1,"2193 2035 2276"
"06037213310",0.541846864312415,0.313748334725205,10.8369372862483,6.2749666945041,0.541846864312415,0.541846864312415,0.536316039330311,9.33464379046667,1,"2366 2299 2298"
"06037213320",0.626454008589835,0.526882381889764,12.5290801717967,10.5376476377953,0.626454008589835,0.626454008589835,0.626469542869641,5.84549562736806,1,"2366 2193 2299"
"06037460000",0.605256551737851,0.0252345054879504,12.105131034757,0.504690109759007,1.027856070548,0.605256551737851,0.50234691899308,23.1546982334072,1,"1865 458 138"
"06037700200",0.400791875447387,0.328614640499483,8.01583750894774,6.57229280998966,0.400791875447387,0.400791875447387,0.494123071263819,62.4871519304486,1,"1957 1829 2449"
"06037221710",0.544181355881651,0.301349493955301,10.883627117633,6.02698987910602,0.544181355881651,0.544181355881651,0.544408156366818,29.9589725582749,1,"2227 2359 2397"
"06037553000",0.509691526485326,0,10.1938305297065,0,0.509691526485326,0.548547731249503,0.509721973673745,8.82468355873635,1,"427 912 878"
"06037293304",0.63455109659588,0.52284036228426,12.6910219319176,10.4568072456852,0.63455109659588,0.63455109659588,0.653679387377714,9.77814962070738,1,"2213 1044 1935"
"06037227020",0.4881771703253,0.33718459198282,9.763543406506,6.74369183965641,0.4881771703253,0.4881771703253,0.487659568122167,6.49863451073463,1,"2137 1128 2353"
"06037228220",0.410809621808638,0.28151656824147,8.21619243617275,5.6303313648294,0.410809621808638,0.410809621808638,0.410228639743896,45.1097113807848,1,"2353 2136 2422"
"06037228310",0.368089109599936,0.201932588682097,7.36178219199873,4.03865177364193,0.407385245168218,0.368089109599936,0.403813603555237,2.12755646126482,1,"2107 2201 1804"
"06037228210",0.524866653742146,0.340493393581484,10.4973330748429,6.80986787162968,0.524866653742146,0.524866653742146,0.524866653742146,7.3893790591226,1,"2353 2136 1128"
"06037228100",0.371348822874413,0.08721503917124,7.42697645748827,1.7443007834248,0.371348822874413,0.371348822874413,0.371721024218564,10.894237298292,1,"2353 1128 1279"
"06037228420",0.329818236498847,0.132759062077468,6.59636472997694,2.65518124154935,0.452878315636682,0.329818236498847,0.451149039608685,0.870911146174666,1,"2201 2107 1804"
"06037228320",0.326424928418039,0.170036984013362,6.52849856836077,3.40073968026724,0.326424928418039,0.326424928418039,0.322853286805058,28.6787022989291,1,"2201 2107 2136"
"06037228410",0.442933891076115,0.356687569593574,8.85867782152231,7.13375139187147,0.604243716694504,0.442933891076115,0.601496634653623,15.1914222460197,1,"1804 2107 2201"
"06037228500",0.456666815795753,0.290008848325777,9.13333631591505,5.80017696651555,0.456666815795753,0.456666815795753,0.454237875805297,28.1720493812878,1,"2201 2374 2081"
"06037650605",0.655696979638909,0.245790210172592,13.1139395927782,4.91580420345184,0.795732919748668,0.655696979638909,0.607847048238288,50.5972158363087,1,"313 1628 1051"
"06037650604",0.633234411039529,0.496243811142925,12.6646882207906,9.92487622285851,0.80377656983218,0.633234411039529,0.501489426747793,31.6070695715217,1,"313 1628 1051"
"06037461501",0.75803184403086,0.345405954227312,15.1606368806172,6.90811908454625,0.75803184403086,0.75803184403086,0.75803184403086,1.71669178984483,1,"1075 560 724"
"06037267403",0.739147752127575,0.66059089914897,14.7829550425515,13.2118179829794,0.944561262228585,0.739147752127575,0.639703506521912,19.427106881962,1,"2444 2127 2380"
"06037265601",0.976821611787163,0.740512283265728,19.5364322357433,14.8102456653146,0.976821611787163,0.976821611787163,0.976831553726239,10.7620256875456,1,"2443 2444 502"
"06037239802",0.470834078978764,0.35991372882367,9.41668157957528,7.1982745764734,0.549182151236777,0.470834078978764,0.549177180267239,23.4434961707692,1,"1135 1684 2208"
"06037239702",0.631807742782152,0.372913435536467,12.636154855643,7.45826871072934,0.654844458363159,0.631807742782152,0.654928964845303,13.8158403073686,1,"2431 2208 2084"
"06037264103",0.617815706275352,0.597595666308757,12.356314125507,11.9519133261751,0.617815706275352,0.617815706275352,0.853463895848246,10.18952337878,1,"149 2114 2423"
"06037262802",1.1865555157878,1.13136097689493,23.731110315756,22.6272195378987,1.1865555157878,1.1865555157878,1.1865555157878,43.4147553884353,1,"772 436 1695"
"06037262706",0.300350950449376,0,6.00701900898751,0,0.300350950449376,0.440099817068321,0.345156163008033,56.9917814336343,1,"2333 2315 2317"
"06037262604",0.752719741708423,0.534673755269228,15.0543948341685,10.6934751053846,0.78812112264376,1.14955658951722,0.669725055674859,49.5446298116695,1,"267 2363 1182"
"06037262501",0.478039499323948,0.376442202537183,9.56078998647896,7.52884405074366,0.478039499323948,0.697301509186352,0.478028314642488,12.7869429949315,1,"19 996 2317"
"06037241202",0.752717256223654,0.546840203213235,15.0543451244731,10.9368040642647,0.752717256223654,0.752717256223654,0.757833005249344,21.3636095722087,1,"2076 2078 2270"
"06037128601",1.28429720432673,1.2249295365068,25.6859440865346,24.498590730136,1.28429720432673,1.28429720432673,1.20354194006999,43.87915632521,1,"2407 2412 2413"
"06037128102",0.774104852660463,0.259204992841804,15.4820970532093,5.18409985683608,0.774104852660463,0.774104852660463,0.496035030422334,0.675420264504422,1,"2413 2209 2216"
"06037128101",0.786601248707548,0.554077313489223,15.732024974151,11.0815462697845,0.786601248707548,0.786601248707548,0.689068962260399,28.6953211905457,1,"2216 2413 2195"
"06037127806",1.20103967827885,0.732226298417243,24.020793565577,14.6445259683449,1.20103967827885,1.20103967827885,0.911934925037779,50.0780969017985,1,"2163 2413 569"
"06037127804",1.3512499502903,1.15684589497336,27.0249990058061,23.1369178994671,1.3512499502903,1.3512499502903,1.28205219020918,52.9929658825017,1,"2413 2163 1193"
"06037127803",1.0723139366102,0.664900108367136,21.4462787322039,13.2980021673427,1.0723139366102,1.0723139366102,1.01104300882844,23.2439436345033,1,"2413 2209 2163"
"06037127711",1.05678214228903,0.953474210610037,21.1356428457806,19.0694842122007,1.08859821144516,1.05678214228903,1.05678276366022,15.6440685019045,1,"2163 569 2001"
"06037127603",0.806779656804263,0.524083726039927,16.1355931360853,10.4816745207985,1.11695386443172,0.806779656804263,0.806779656804263,56.963340092349,1,"2000 569 2001"
"06037127104",0.827148204485803,0.459599687823113,16.5429640897161,9.19199375646226,0.827148204485803,0.827148204485803,1.12482166646783,14.4292436018842,1,"2209 2216 2413"
"06037127103",0.919912709774914,0.818741052254832,18.3982541954983,16.3748210450966,0.919912709774914,0.919912709774914,1.09345795553965,36.7660763789657,1,"2216 2209 2195"
"06037125502",0.997222470770699,0.891030134017339,19.944449415414,17.8206026803468,0.997222470770699,0.997222470770699,0.997215014316392,28.3873390061349,1,"2301 2409 2455"
"06037293302",0.615399193708741,0.162321417919351,12.3079838741748,3.24642835838702,0.615399193708741,0.615399193708741,0.615600517975026,3.34670800642324,1,"2213 619 1044"
"06037670403",1.09165908593812,0.799529497733238,21.8331817187624,15.9905899546648,1.09165908593812,1.09165908593812,1.09165908593812,62.7764568243329,1,"1595 1450 870"
"06037574100",0.799663092539569,0.556877833452637,15.9932618507914,11.1375566690527,0.980200006959357,0.799663092539569,0.799663092539569,24.6924659379039,1,"1073 1990 468"
"06037101210",0.546861951204963,0.158840496500437,10.9372390240993,3.17680993000875,0.546861951204963,0.546861951204963,0.584354246202179,19.4574559851041,1,"2271 2286 2229"
"06037574400",0.524449713672155,0.358790289708105,10.4889942734431,7.17580579416209,0.599644327129563,0.852459138630398,0.524449713672155,7.71524356458924,1,"31 1223 2008"
"06037576802",0.503681002942814,0.367449097271932,10.0736200588563,7.34898194543864,0.503681002942814,0.503681002942814,0.503681002942814,12.4508427065137,1,"231 890 172"
"06037576801",0.308795384951881,0.104136219478247,6.17590769903762,2.08272438956494,0.308795384951881,0.308795384951881,0.308795384951881,0.0689928120876497,1,"231 172 707"
"06037576700",0.293707871033166,0.224062102322437,5.87415742066333,4.48124204644874,0.293707871033166,0.293707871033166,0.293707249661974,3.04579856674403,1,"182 231 172"
"06037576601",0.214062997096954,0.140720691163605,4.28125994193908,2.81441382327209,0.214062997096954,0.312370133420822,0.214062997096954,16.2541040505357,1,"1645 98 1052"
"06037576602",0.199376267597232,0.189509514435696,3.98752535194464,3.79019028871391,0.199376267597232,0.28996783782709,0.199376267597232,24.5721958571227,1,"1645 98 172"
"06037576501",0.409426449534717,0.322983153384236,8.18852899069435,6.45966306768472,0.409426449534717,0.409426449534717,0.343111851785572,31.1895610088215,1,"1907 707 1219"
"06037576503",0.355715123677722,0.19059380716615,7.11430247355444,3.81187614332299,0.355715123677722,0.355715123677722,0.345941576195021,10.6441833864409,1,"707 231 172"
"06037576200",0.384437385667701,0.31042524158912,7.68874771335401,6.20850483178239,0.384437385667701,0.384437385667701,0.401321283703173,15.7962429665135,1,"1222 1907 1224"
"06037576401",0.327627281675018,0.195807732840213,6.55254563350036,3.91615465680426,0.327627281675018,0.327627281675018,0.423591848604152,6.16556359652675,1,"1219 1907 326"
"06037576403",0.547945622564225,0.470800524934383,10.9589124512845,9.41601049868766,0.547945622564225,0.547945622564225,0.547945622564225,3.21126170148721,1,"1219 326 707"
"06037294110",0.84901301399825,0.655337205718603,16.980260279965,13.1067441143721,0.84901301399825,0.84901301399825,0.666172055197646,20.4153968970655,1,"1105 2112 1104"
"06037294610",0.121093439314404,0.114581469219757,2.42186878628808,2.29162938439513,0.121093439314404,0.157261592300962,0.157256621331424,24.9998227102976,1,"2169 332 6"
"06037543604",0.698879792014635,0.595752679352581,13.9775958402927,11.9150535870516,0.698879792014635,0.698879792014635,0.6990506690925,4.00303489891032,1,"230 2039 1047"
"06037576502",0.426189180187704,0.152465849439275,8.52378360375408,3.04931698878549,0.426189180187704,0.426189180187704,0.293523945160264,45.4625378383023,1,"707 1219 1907"
"06037294620",0.390306857949574,0.0332141543386622,7.80613715899149,0.664283086773244,0.390306857949574,0.390306857949574,0.268054561361648,27.3780630618335,1,"2452 2174 2112"
"06037294410",0.387057086614173,0.173491186471009,7.74114173228346,3.46982372942019,0.387057086614173,0.387057086614173,0.387057086614173,6.01332424646349,1,"33 1178 1104"
"06037101110",0.665539499323948,0.492751705042551,13.310789986479,9.85503410085103,0.665539499323948,0.665539499323948,0.631638729817864,23.8621263279709,1,"2229 2271 2286"
"06037294200",0.806318599379623,0.727434905153901,16.1263719875925,14.548698103078,0.806318599379623,0.806318599379623,0.670537809194305,13.8170284771979,1,"1104 2112 1105"
"06037543903",0.736903359381214,0,14.7380671876243,0,0.736903359381214,0.736903359381214,0.736744288356001,40.1885814117029,1,"530 1524 400"
"06037572202",0.416431166984809,0.245011632068719,8.32862333969618,4.90023264137437,0.416431166984809,0.416431166984809,0.416431166984809,2.97175199649763,1,"1045 1631 1632"
"06037543701",0.758324509862404,0.619692247275909,15.1664901972481,12.3938449455182,0.758324509862404,0.758324509862404,0.758324509862404,17.5220244940123,1,"2039 530 1047"
"06037113322",1.09365927980593,0.598258669370874,21.8731855961187,11.9651733874175,1.09365927980593,1.31866710908296,1.09366238666189,16.3101337068345,1,"2285 2331 2308"
"06037113421",1.42066953988706,1.11308769287362,28.4133907977412,22.2617538574724,1.42066953988706,1.42066953988706,1.42067761771256,126.073994892965,1,"2321 2453 2253"
"06037115201",1.13264845800525,0.72634874830987,22.652969160105,14.5269749661974,1.45393651077706,1.13264845800525,1.01681989680267,93.0673903196532,1,"2303 1683 2414"
"06037115302",1.40648860653782,0.419309358347252,28.1297721307564,8.38618716694504,1.40648860653782,1.40648860653782,0.832161427264774,29.0426253060667,1,"2414 2453 2255"
"06037115202",1.28712692873618,0.735671180307007,25.7425385747236,14.7134236061401,1.28712692873618,1.28712692873618,1.24470840292691,14.0362956388442,1,"2414 2303 2161"
"06037115101",1.35702124592381,0.182427746957767,27.1404249184761,3.64855493915533,1.57536549053527,1.35702124592381,1.36061028593017,1.67339537370572,1,"2161 1278 440"
"06037117301",1.22886530163843,0.563911755348763,24.5773060327686,11.2782351069753,1.71016327149447,1.22886530163843,1.24781898711525,38.904262729117,1,"1278 2161 440"
"06037117302",1.10892077765847,0.586342012646146,22.1784155531695,11.7268402529229,1.59021874751452,1.10892077765847,1.12587302652509,22.1021358271959,1,"2161 1278 440"
"06037117404",0.954533648492802,0.759885394297304,19.090672969856,15.1977078859461,1.22338977869244,0.954533648492802,0.971427488467351,37.6871830978989,1,"1278 2300 2367"
"06037115401",1.95699676389883,1.84600122782948,39.1399352779766,36.9200245565895,1.95699676389883,1.95699676389883,1.95698682195976,71.4404314454794,1,"2275 2236 2161"
"06037119320",0.780532316272966,0.253861200588563,15.6106463254593,5.07722401177126,0.780532316272966,0.780532316272966,0.527738631392667,33.5699322476972,1,"2398 2367 2300"
"06037117510",0.530815040165434,0.339271156446353,10.6163008033087,6.78542312892707,0.530815040165434,0.530815040165434,0.515990366261035,3.36163473707066,1,"2300 2367 2398"
"06037119340",0.561157838224767,0.234653374294122,11.2231567644953,4.69306748588245,0.561157838224767,0.561157838224767,0.493730364670325,30.9494430655642,1,"2398 2367 2320"
"06037119310",0.941706061600254,0.729552538177046,18.8341212320051,14.5910507635409,0.941706061600254,0.941706061600254,0.62646643601368,62.7147717833376,1,"2398 2167 2166"
"06037119400",1.10833233913943,0.964488014992444,22.1666467827885,19.2897602998489,1.10833233913943,1.10833233913943,1.05532999781277,18.4299977631176,1,"191 2320 2398"
"06037602105",0.705015211166786,0.335021598862642,14.1003042233357,6.70043197725284,0.705015211166786,0.705015211166786,0.696911288077627,9.8585010636562,1,"467 1550 2030"
"06037601600",0.469685163644317,0.199379995824386,9.39370327288634,3.98759991648771,0.469685163644317,0.469685163644317,0.700985618985127,37.6560134283215,1,"1937 595 372"
"06037601700",0.748067535592142,0.614353425992206,14.9613507118428,12.2870685198441,0.748067535592142,0.748067535592142,0.750664245804502,11.9650138089418,1,"595 616 1937"
"06037601801",0.985825901733874,0.763608029109997,19.7165180346775,15.2721605822,0.985825901733874,0.985825901733874,0.985825901733874,0.317145716282884,1,"595 948 616"
"06037601802",0.894033220989422,0.513445229857631,17.8806644197884,10.2689045971526,0.894033220989422,0.894033220989422,0.900047472759087,1.64641415739105,1,"595 616 1937"
"06037601900",0.794749289151356,0.54859681957369,15.8949857830271,10.9719363914738,0.794749289151356,0.794749289151356,0.794749289151356,3.00560392477198,1,"616 236 595"
"06037602104",0.777905780243379,0.483153384236061,15.5581156048676,9.66306768472123,0.777905780243379,0.777905780243379,0.777905780243379,9.72168302696733,1,"1550 616 467"
"06037600801",0.435350677046051,0.110085227272727,8.70701354092102,2.20170454545455,0.435350677046051,0.435350677046051,0.435269277419868,10.4990260636733,1,"255 1282 1281"
"06037602700",0.54718320011135,0.253139788634375,10.943664002227,5.06279577268751,0.929259996619741,0.54718320011135,0.54718320011135,1.02540659927854,1,"498 1986 897"
"06037601100",0.99008788674143,0.846575374811103,19.8017577348286,16.9315074962221,0.99008788674143,0.99008788674143,0.990088508112622,8.17479541593595,1,"948 449 843"
"06037600601",0.854633316432037,0.683529438081603,17.0926663286407,13.6705887616321,1.06341030879663,0.854633316432037,0.833296672432991,16.0827526611041,1,"1871 1872 300"
"06037302104",0.672240987632228,0.329155854807922,13.4448197526446,6.58311709615844,0.672240987632228,0.672240987632228,0.672240987632228,39.6493447844989,1,"229 1106 818"
"06037300901",0.629460823789072,0.0981747842599221,12.5892164757814,1.96349568519844,0.629460823789072,1.31917787620297,0.997228684482621,13.5446306478115,1,"27 267 732"
"06037320100",0.624675644237652,0.128114933786686,12.493512884753,2.56229867573371,0.624675644237652,0.624675644237652,0.624741509584029,6.25393462336614,1,"822 1893 587"
"06037106113",0.851942779169649,0.608589586813012,17.038855583393,12.1717917362602,1.15973837787322,0.851942779169649,1.03003584069037,17.2029140518425,1,"1844 1893 1843"
"06037311802",0.251893939393939,0.00367603197327607,5.03787878787879,0.0735206394655214,0.251893939393939,0.251893939393939,0.251893939393939,0.14092852832032,1,"1437 1435 421"
"06037302102",0.46041803368329,0.211604852660463,9.20836067366579,4.23209705320926,0.46041803368329,0.46041803368329,0.46041803368329,5.69607453627955,1,"1109 94 1319"
"06037302302",0.413078248031496,0.320847500596516,8.26156496062992,6.41695001193033,0.413078248031496,0.413078248031496,0.365310337628251,3.29740005951895,1,"770 463 1324"
"06037124400",0.732715317545534,0.426516021434821,14.6543063509107,8.53032042869641,0.732715317545534,0.732715317545534,0.877476164201066,34.4911331990261,1,"2403 267 2407"
"06037125200",0.289584451801479,0.213547259007397,5.79168903602959,4.27094518014794,0.577553959874334,0.289584451801479,0.579937539767756,38.7159305079447,1,"2301 1805 2409"
"06037124700",1.17495575837111,0.829027230971129,23.4991151674223,16.5805446194226,1.17495575837111,1.17495575837111,1.17495575837111,47.9271163932586,1,"2403 973 2412"
"06037125100",0.607641374373658,0.448426191044301,12.1528274874732,8.96852382088603,0.832417432195975,0.607641374373658,0.832541706434423,8.0696491714846,1,"1805 2301 2409"
"06037127102",0.852454167660861,0.484693142050426,17.0490833532172,9.69386284100851,0.852454167660861,0.852454167660861,1.07273087668019,53.3760431485784,1,"2209 2413 2216"
"06037534102",0.673473166706434,0.368816735266046,13.4694633341287,7.37633470532093,0.673473166706434,0.673473166706434,0.386711604231289,8.2437218105774,1,"675 301 837"
"06037533104",0.61779023005647,0.48901042909409,12.3558046011294,9.78020858188181,0.703778682494234,0.61779023005647,0.617838697009465,15.1864213035109,1,"882 1304 1205"
"06037533105",0.782758689254752,0.391975860971924,15.655173785095,7.83951721943848,0.782758689254752,0.791848728425992,0.782758689254752,6.8464029688281,1,"882 907 2507"
"06037533601",0.372359172432991,0.29534207726875,7.44718344865983,5.90684154537501,0.378111205559532,0.372359172432991,0.372359172432991,46.4265223478736,1,"369 395 1305"
"06037533602",0.37276989879106,0.255952114650441,7.4553979758212,5.11904229300883,0.37276989879106,0.37276989879106,0.355643665990615,34.2280956438051,1,"216 369 2507"
"06037533501",0.343751242742384,0.252256198799014,6.87502485484769,5.04512397598027,0.453973171677404,0.343751242742384,0.334758758848326,24.4008500527442,1,"395 1305 826"
"06037205120",0.624724732561839,0.0765740575041756,12.4944946512368,1.53148115008351,0.624724732561839,0.624724732561839,0.638170583790662,7.85851544765232,1,"1196 2294 2120"
"06037533804",0.585700757575758,0.265191904279011,11.7140151515152,5.30383808558021,0.585700757575758,0.585700757575758,0.569409647657679,24.6264755693826,1,"1042 1412 1413"
"06037460302",0.577007774596357,0.543895525133222,11.5401554919271,10.8779105026644,0.577007774596357,0.577007774596357,0.577007774596357,23.3240317274714,1,"1864 247 57"
"06037800101",0.52265705778255,0.362286745406824,10.453141155651,7.24573490813648,0.52265705778255,0.52265705778255,0.52265705778255,12.7245000568872,1,"1571 393 2073"
"06037800102",0.932903095919828,0.858262124194703,18.6580619183966,17.1652424838941,0.944215779845701,1.2777920693152,0.683077079853655,1.42099960842914,1,"628 1371 1182"
"06037800202",2.62964785651794,1.42549883679313,52.5929571303587,28.5099767358626,2.6992190606856,2.87808013699992,2.6992190606856,127.470280220818,1,"1488 2071 265"
"06037651102",0.437249587409528,0.123536670842281,8.74499174819057,2.47073341684562,0.437249587409528,0.437249587409528,0.313825384753042,27.4845155002143,1,"1286 319 1300"
"06037401704",0.719088025928577,0.00178271395052891,14.3817605185715,0.0356542790105782,0.719088025928577,0.719088025928577,0.71919987274318,9.68797290393689,1,"1102 576 596"
"06037408722",0.859084198282033,0.731773940189294,17.1816839656407,14.6354788037859,0.859084198282033,0.859084198282033,0.858908971605822,6.77567676291101,1,"1861 1878 1840"
"06037400900",0.668370466475781,0.255903026326255,13.3674093295156,5.11806052652509,0.812774646066969,0.668370466475781,0.668370466475781,6.66477042967737,1,"1545 918 380"
"06037190700",0.290804203451841,0.182829152747952,5.81608406903683,3.65658305495904,0.325184671518333,0.290804203451841,0.290839000238607,6.6176358953699,1,"2365 2159 2505"
"06037403801",0.780624900580609,0.554467534597948,15.6124980116122,11.089350691959,0.780624900580609,0.780624900580609,0.806752316471805,3.10408546516616,1,"248 2466 2467"
"06037405202",1.0917087956335,0.477302553089955,21.83417591267,9.54605106179909,1.0917087956335,1.0917087956335,1.0917087956335,43.7062287287148,1,"721 488 988"
"06037404801",1.43285835719399,1.14109599936372,28.6571671438797,22.8219199872743,1.43285835719399,1.43285835719399,1.43285773582279,6.23169413882987,1,"721 988 912"
"06037404903",1.32958770778653,0.776725174978128,26.5917541557305,15.5345034995626,1.32958770778653,1.32958770778653,1.32958770778653,29.2101206186234,1,"721 488 912"
"06037405201",0.80948945657361,0.208445180147936,16.1897891314722,4.16890360295872,0.80948945657361,0.80948945657361,0.819791169569713,75.0923155675544,1,"488 721 311"
"06037405600",0.862377465600891,0.243691218285214,17.2475493120178,4.87382436570429,0.862377465600891,0.862377465600891,0.862377465600891,3.58987612291738,1,"776 311 214"
"06037405203",1.09973380458125,0.717698018571542,21.9946760916249,14.3539603714308,1.09973380458125,1.09973380458125,1.10432200946473,21.041456714035,1,"488 721 311"
"06037406200",0.913895351149288,0.714927945796548,18.2779070229858,14.298558915931,0.913895351149288,0.913895351149288,0.91396805157878,1.669360012739,1,"1122 285 776"
"06037501802",0.53712941422095,0.534558180227472,10.742588284419,10.6911636045494,0.53712941422095,0.53712941422095,0.53712941422095,47.206514595834,1,"703 399 590"
"06037109400",0.649393790264853,0.341374497932077,12.9878758052971,6.82748995864153,0.649393790264853,0.649393790264853,0.652027161377555,41.2812111800936,1,"2121 2192 2099"
"06037552602",0.657504548437127,0.0552280929372465,13.1500909687425,1.10456185874493,0.657504548437127,0.657504548437127,0.660236717569395,13.0385895541265,1,"495 482 927"
"06037552700",0.671079644873936,0.302471690328482,13.4215928974787,6.04943380656963,0.671079644873936,0.671079644873936,0.766667039489382,4.78158113235487,1,"495 748 128"
"06037552601",0.532200697924123,0.316261781197805,10.6440139584825,6.3252356239561,0.532200697924123,0.532200697924123,0.670405457130359,18.7528947523546,1,"495 482 927"
"06037553100",0.387662923526605,0.166661074325937,7.75325847053209,3.33322148651873,0.387662923526605,0.680434388173069,0.371396668456216,8.64553792254088,1,"878 912 1466"
"06037554514",0.663114908931838,0.279804069235664,13.2622981786368,5.59608138471327,0.690140827567009,0.663114908931838,0.663114908931838,17.8207495502929,1,"617 91 404"
"06037554516",0.481226512168933,0.312289976537024,9.62453024337867,6.24579953074048,0.481226512168933,0.545231473196532,0.481226512168933,44.4977570194978,1,"1946 797 1660"
"06037554600",0.629967241310745,0.595828486638034,12.5993448262149,11.9165697327607,0.629967241310745,0.629967241310745,0.630167944205838,25.4736456952289,1,"339 1411 145"
"06037554521",0.410107472361409,0.231286163803388,8.20214944722819,4.62572327606776,0.410107472361409,0.410107472361409,0.410107472361409,36.5824631949281,1,"1174 866 912"
"06037214000",0.719784583035075,0.350111598266126,14.3956916607015,7.00223196532252,0.739769123319812,0.719784583035075,0.738686073331743,14.2842668455628,1,"2319 2329 1812"
"06037214100",1.12716734271852,0.832194981309154,22.5433468543705,16.6438996261831,1.12716734271852,1.12716734271852,1.20253656148095,24.5225564812248,1,"2319 2080 2329"
"06037214400",0.501214159309632,0.238131810228267,10.0242831861926,4.76263620456534,0.797359669529945,0.501214159309632,0.452067426230812,2.24689277203848,1,"1812 2319 2329"
"06037214700",0.504719314205043,0.289201687147061,10.0943862841009,5.78403374294122,0.504719314205043,0.504719314205043,0.504719314205043,12.4066723556112,1,"2134 460 556"
"06037214800",0.871173596198202,0.757555252326414,17.423471923964,15.1511050465283,0.871173596198202,0.871173596198202,0.871173596198202,32.6844547840773,1,"556 1146 2134"
"06037214600",0.696313528990694,0.604349971168377,13.9262705798139,12.0869994233675,0.699223410283942,0.696313528990694,0.690972843593414,13.006200516358,1,"2319 2134 1812"
"06037216100",0.638714904955062,0.397765176369999,12.7742980991012,7.95530352739998,0.638714904955062,0.638714904955062,0.629995824385588,19.8945288727707,1,"2245 841 2215"
"06037571701",0.357543197725284,0.234049401495268,7.15086395450569,4.68098802990535,0.357543197725284,0.370304297900262,0.476718464169252,34.5710956065559,1,"1635 1910 1980"
"06037572100",0.331197680545614,0.25918448759246,6.62395361091227,5.1836897518492,0.331197680545614,0.331197680545614,0.331197680545614,31.5812508652658,1,"1649 1213 1631"
"06037572301",0.616856309154537,0.254404279010578,12.3371261830908,5.08808558021156,0.616856309154537,0.616856309154537,0.616812813171081,27.6525208870564,1,"989 947 324"
"06037572302",0.599407584705321,0.0172853038256582,11.9881516941064,0.345706076513163,0.599407584705321,0.599407584705321,0.599407584705321,19.0221577437448,1,"947 989 1631"
"06037228600",0.382230275192874,0.346147871430844,7.64460550385747,6.92295742861688,0.382230275192874,0.382230275192874,0.379462687902649,0.666828839709869,1,"2422 1192 2201"
"06037229200",0.174714666348525,0.0232579237254434,3.49429332697049,0.465158474508868,0.174714666348525,0.174714666348525,0.175921990575042,13.6679282719182,1,"1192 2081 2374"
"06037228800",0.422901505209576,0.152882168138074,8.45803010419152,3.05764336276147,0.422901505209576,0.422901505209576,0.422931331026803,29.5609543106928,1,"1279 2235 2257"
"06037228900",0.291276445557942,0.162387283265728,5.82552891115883,3.24774566531456,0.291276445557942,0.291276445557942,0.290558761830907,11.8788147201102,1,"2235 2106 1279"
"06037231400",0.731770211962141,0.257114078779925,14.6354042392428,5.14228157559851,0.731770211962141,0.731770211962141,0.766700593533763,17.1242658398715,1,"2283 2349 2165"
"06037231220",0.655412391632864,0.489974797184443,13.1082478326573,9.79949594368886,0.655412391632864,0.655412391632864,0.482043615286726,38.836709464066,1,"2189 2349 2283"
"06037231500",0.814129856637238,0.512096854370476,16.2825971327448,10.2419370874095,0.814129856637238,0.814129856637238,0.835569648254196,18.9155553316023,1,"2283 971 2142"
"06037231710",0.66389038017975,0.511930326890957,13.277807603595,10.2386065378191,0.66389038017975,0.66389038017975,0.489839959635727,0.221640456398407,1,"2309 2240 2421"
"06037232120",0.393359033245844,0.161864710093057,7.86718066491688,3.23729420186113,0.393359033245844,0.393359033245844,0.393359033245844,0.293170084836355,1,"2240 2309 2372"
"06037236400",0.630821005328879,0.39171923466953,12.6164201065776,7.8343846933906,0.630821005328879,0.630821005328879,0.630821005328879,4.37946887860292,1,"1216 2237 1921"
"06037236202",0.502597952954744,0.173278056152072,10.0519590590949,3.46556112304144,0.502597952954744,0.502597952954744,0.509554203451841,50.2530048387,1,"2237 2337 1921"
"06037234200",0.957316770062833,0.816535184522389,19.1463354012567,16.3307036904478,0.957316770062833,0.957316770062833,0.95734100353933,5.19698898766572,1,"2262 971 1921"
"06037261200",0.555928378270898,0,11.118567565418,0,0.555928378270898,0.555928378270898,0.563799287162968,217.59266775526,1,"164 2122 267"
"06037262100",2.96748302413903,2.62316509086932,59.3496604827806,52.4633018173865,2.96748302413903,2.96748302413903,2.8602076373976,35.714110764404,1,"2160 502 267"
"06037262400",0.84013113417641,0.67124741509584,16.8026226835282,13.4249483019168,0.84013113417641,1.44097595044938,0.840075210769108,16.882606158161,1,"656 17 54"
"06037262303",0.911893293167899,0.267140524337867,18.237865863358,5.34281048675734,0.911893293167899,0.987878912153026,0.911872787918556,25.7873074985242,1,"627 2155 1442"
"06037262302",1.0209644426549,0.986464049948302,20.4192888530979,19.729280998966,1.0209644426549,1.0209644426549,1.0209644426549,14.6373124929834,1,"2114 549 2423"
"06037267200",1.02396504414221,0.685359376242742,20.4793008828442,13.7071875248548,1.05828834605902,1.02396504414221,0.839839089716058,2.18008680839695,1,"2444 2443 853"
"06037241002",0.48932422154617,0.170248871589915,9.78648443092341,3.4049774317983,0.48932422154617,0.48932422154617,0.48932422154617,2.92551094995551,1,"1857 1208 1845"
"06037241001",0.749985087091386,0.577661457090591,14.9997017418277,11.5532291418118,0.749985087091386,0.749985087091386,0.749985087091386,1.12469776700983,1,"2078 1857 1208"
"06037240402",0.434015971725125,0.303918863835202,8.68031943450251,6.07837727670405,0.434015971725125,0.434015971725125,0.340355449176807,6.63189883525343,1,"2076 2086 2270"
"06037602507",0.709763729817864,0.58344642289032,14.1952745963573,11.6689284578064,0.756613874970174,0.709763729817864,0.756772945995387,28.4598204040618,1,"184 1771 526"
"06037602506",0.658091744213791,0.519001531058618,13.1618348842758,10.3800306211724,0.761080912471168,0.658091744213791,0.761239362125189,17.228417917408,1,"1771 1118 526"
"06037602505",0.40986327348286,0.0963324186749384,8.1972654696572,1.92664837349877,0.451628738169092,0.40986327348286,0.451608854290941,45.006683752816,1,"526 1771 1118"
"06037602504",0.311969970373022,0.253715799729579,6.23939940746043,5.07431599459159,0.413238561799093,0.311969970373022,0.413269630358705,7.22107159485459,1,"1771 526 1118"
"06037600303",0.579480831941462,0.431155178756065,11.5896166388292,8.62310357512129,0.79112607372942,0.579480831941462,0.740494884872345,26.6653319269389,1,"2486 1576 2270"
"06037101300",0.797017915374215,0.55698160244174,15.9403583074843,11.1396320488348,0.84754098564384,0.908422313688062,0.797017915374215,6.96084057464051,1,"2191 1182 2212"
"06037651001",0.442282694066651,0.0894724807126382,8.84565388133301,1.78944961425276,0.442282694066651,0.442282694066651,0.44237403563191,14.6163678515894,1,"982 619 1015"
"06037702600",0.3578781167979,0.220233834407063,7.157562335958,4.40467668814126,0.3578781167979,0.3578781167979,0.378189498329754,8.73685931533726,1,"176 348 2065"
"06037670701",0.560372425037779,0.153074793207667,11.2074485007556,3.06149586415334,0.560372425037779,0.560372425037779,0.560252500397678,19.5216191615061,1,"337 1739 2323"
"06037670002",0.489598867613139,0.392765002386065,9.79197735226279,7.85530004772131,0.489598867613139,0.489598867613139,0.489551643402529,11.8402945303847,1,"1044 513 2059"
"06037294520",0.609596208144436,0.574271255865744,12.1919241628887,11.4854251173149,0.609596208144436,0.609596208144436,0.60945267139903,46.2194507094585,1,"2112 2451 2169"
"06037296600",0.436196984609878,0.421814726994353,8.72393969219757,8.43629453988706,0.436196984609878,0.481367563429571,0.490520361091227,2.74712321980481,1,"2362 2274 2111"
"06037575103",0.327028279845701,0.219794524974151,6.54056559691402,4.39589049948302,0.327028279845701,0.327028279845701,0.327028279845701,29.5538003987914,1,"1211 763 2509"
"06037576402",0.382227168336912,0.234020818420425,7.64454336673825,4.68041636840849,0.382227168336912,0.382227168336912,0.406201533047005,36.9796691714733,1,"1219 326 1907"
"06037575902",0.36130249343832,0.29352270241788,7.2260498687664,5.87045404835759,0.36130249343832,0.36130249343832,0.36130249343832,16.4252678524484,1,"605 241 1224"
"06037575401",0.265323013600573,0.136884966793923,5.30646027201145,2.73769933587847,0.265323013600573,0.265323013600573,0.214914897001511,18.0258380065598,1,"932 87 296"
"06037575901",0.1985063479281,0.130202740992603,3.970126958562,2.60405481985206,0.1985063479281,0.263623563389804,0.249606672035314,5.12345917914835,1,"241 1638 2066"
"06037575102",0.392439403881333,0.269068017776187,7.84878807762666,5.38136035552374,0.392439403881333,0.392439403881333,0.392439403881333,22.2212509898046,1,"763 895 2509"
"06037575803",0.275543948341685,0.0735231249502903,5.51087896683369,1.47046249900581,0.275543948341685,0.275543948341685,0.251708770778653,4.57177238841371,1,"1227 87 331"
"06037297000",0.504143924481031,0.198584640698322,10.0828784896206,3.97169281396644,0.583466306768472,0.504143924481031,0.583517259206236,10.7114354355267,1,"2109 1806 2335"
"06037575801",0.120691412153026,0.00539039509265887,2.41382824306053,0.107807901853177,0.120691412153026,0.120691412153026,0.19550139684244,1.42382105750237,1,"331 1123 1229"
"06037294830",0.355629995824386,0,7.11259991648771,0,0.355629995824386,0.355629995824386,0.355539275630319,12.5219441327083,1,"2450 1583 2451"
"06037294510",0.791682200946473,0.608849941342559,15.8336440189295,12.1769988268512,0.791682200946473,0.791682200946473,0.791662938439513,26.9980294694165,1,"33 2112 2450"
"06037294900",0.45986004235266,0.277775292293009,9.19720084705321,5.55550584586018,0.45986004235266,0.45986004235266,0.459892975025849,9.01870997084645,1,"1583 2450 33"
"06037296210",0.303237219637318,0.249398512685914,6.06474439274636,4.98797025371829,0.303237219637318,0.303237219637318,0.392157301360057,34.7918232371615,1,"1685 1275 1272"
"06037294810",0.509826364034041,0.396866673626024,10.1965272806808,7.93733347252048,0.509826364034041,0.509826364034041,0.509768576513163,4.66603700027076,1,"2450 1583 2451"
"06037577501",0.184648527598823,0.0787420215938917,3.69297055197646,1.57484043187783,0.184648527598823,0.184648527598823,0.184648527598823,2.70521871268401,1,"553 1244 1019"
"06037575201",0.162839020122485,0.0176780104191522,3.25678040244969,0.353560208383043,0.162839020122485,0.162839020122485,0.162872574166865,18.1839806369083,1,"1240 1697 326"
"06037575202",0.319404676688141,0.298297318659031,6.38809353376282,5.96594637318062,0.319404676688141,0.319404676688141,0.319404676688141,13.63036367765,1,"1657 326 1240"
"06037104500",0.941340695339219,0.658920653384236,18.8268139067844,13.1784130676847,0.941340695339219,0.941340695339219,0.941334481627297,7.35868459490177,1,"2095 2344 2157"
"06037104810",0.820393278254991,0.519046891155651,16.4078655650998,10.380937823113,0.896552881173944,0.820393278254991,0.820393278254991,23.5915355644063,1,"2095 2348 1149"
"06037106403",0.75833196631671,0.277853585063231,15.1666393263342,5.55707170126461,0.75833196631671,0.75833196631671,0.758323888491211,37.0194528063654,1,"2389 822 1152"
"06037107010",0.632539718046608,0.325962006879822,12.6507943609322,6.51924013759644,0.632539718046608,0.632539718046608,0.800917640976696,31.0117541572269,1,"2389 2302 1152"
"06037106641",0.678290036188658,0.456093290185318,13.5658007237732,9.12186580370635,0.89202184244015,0.701802722102919,0.678240326493279,1.41194846651718,1,"1938 2115 2305"
"06037107020",0.590544346019248,0.455819886860733,11.810886920385,9.11639773721467,0.590544346019248,0.590544346019248,0.713867886542591,0.0709416613306196,1,"1152 2302 2389"
"06037108101",0.467284806728704,0.362140101805456,9.34569613457409,7.24280203610912,0.467284806728704,0.467284806728704,0.467282942615128,32.9904877097075,1,"2426 2343 2316"
"06037117530",0.583013948540523,0.39966781496063,11.6602789708105,7.9933562992126,0.583013948540523,0.583013948540523,0.599272747156605,58.2436215347429,1,"2300 2367 1193"
"06037119800",0.900852769824226,0.47064953173467,18.0170553964845,9.41299063469339,0.900852769824226,0.900852769824226,0.887587116241152,10.7256950697743,1,"191 2320 2398"
"06037117405",0.801797502584904,0.49133497872425,16.0359500516981,9.82669957448501,0.944077835441024,0.801797502584904,0.920443982144277,73.9494432092733,1,"2300 2367 1278"
"06037120010",0.739380766324664,0.376973474906546,14.7876153264933,7.53946949813091,0.739380766324664,0.739380766324664,0.75637651117474,31.8624096560509,1,"1193 2367 2300"
"06037119900",0.773544997216257,0,15.4708999443251,0,0.773544997216257,0.773544997216257,0.760286178716297,12.1889402352161,1,"2320 2398 2367"
"06037120030",0.919228580092261,0.181304307842202,18.3845716018452,3.62608615684403,0.919228580092261,0.919228580092261,0.919216152668416,20.6534700214934,1,"2098 2367 2320"
"06037119700",1.105324902569,0.851991867493836,22.1064980513799,17.0398373498767,1.105324902569,1.105324902569,1.10533546587927,11.1227021882095,1,"191 2320 2116"
"06037121010",0.520561172751133,0.423643422413107,10.4112234550227,8.47286844826215,0.520561172751133,0.520561172751133,0.520920325300247,18.415393200853,1,"1139 2382 2234"
"06037120300",1.15656503519446,0.765662282271534,23.1313007038893,15.3132456454307,1.15656503519446,1.15656503519446,1.15656565656566,29.5102329799985,1,"2320 2098 2367"
"06037120020",0.770831469219757,0.276095104589199,15.4166293843951,5.52190209178398,0.770831469219757,0.770831469219757,0.770831469219757,33.297178299308,1,"2098 2367 1193"
"06037121020",0.506171458681301,0.461502947784936,10.123429173626,9.23005895569872,0.506171458681301,0.611139694185954,0.506982969458363,25.7209535843769,1,"2234 2382 2383"
"06037117520",0.607363000079535,0.310072302751929,12.1472600015907,6.20144605503857,0.607363000079535,0.607363000079535,0.601351233794639,21.4212272754256,1,"2300 2367 2398"
"06037121210",0.705362557663247,0.620934989660383,14.1072511532649,12.4186997932077,0.705362557663247,0.705362557663247,0.705362557663247,34.4507504336278,1,"2373 378 1139"
"06037122120",1.40551181102362,0.602933866221268,28.1102362204724,12.0586773244254,1.40551181102362,1.40551181102362,1.40548757754712,41.1752726050543,1,"2385 2425 2158"
"06037127520",0.888083591823749,0.350880234430923,17.761671836475,7.01760468861847,0.888083591823749,0.888083591823749,0.904341769068639,45.2278470108474,1,"1193 2300 2367"
"06037600202",0.295550857989342,0.151972480712638,5.91101715978684,3.03944961425276,0.512703934025292,0.295550857989342,0.340944509067048,22.2283431620953,1,"1576 2486 2270"
"06037600501",1.01172403165513,0.902741116877436,20.2344806331027,18.0548223375487,1.01172403165513,1.01172403165513,1.01172403165513,28.8031856873609,1,"236 498 616"
"06037600400",0.713436033563986,0.555730782231766,14.2687206712797,11.1146156446353,0.896652300564702,0.713436033563986,0.703440035194464,18.7577046035916,1,"1871 1872 2486"
"06037296300",0.603232745764734,0.423257550902728,12.0646549152947,8.46515101805456,0.603232745764734,0.603232745764734,0.603194842122007,6.0200973217832,1,"2323 2214 2263"
"06037600702",0.744726422691482,0.340479723415255,14.8945284538296,6.8095944683051,0.863311386502823,0.744726422691482,0.744726422691482,41.0504210219426,1,"300 1871 1872"
"06037135202",1.14013970909886,1.06369178994671,22.8027941819773,21.2738357989342,1.28960309293725,1.14013970909886,1.27514999900581,21.7155748322255,1,"2278 1810 2369"
"06037135203",0.497902250855007,0.312836783186193,9.95804501710013,6.25673566372385,0.497902250855007,0.497902250855007,0.501275053686471,14.0322854893729,1,"2244 2178 2440"
"06037137302",0.731352650520958,0.641397364391951,14.6270530104192,12.827947287839,1.04653510995785,0.731352650520958,1.24029480334844,28.4207850162568,1,"1810 1813 1949"
"06037132900",0.40582498210451,0.15388941084069,8.11649964209019,3.07778821681381,0.40582498210451,0.40582498210451,0.405828088960471,24.929143373276,1,"2128 2339 933"
"06037131200",1.39728299232482,1.21537284757019,27.9456598464965,24.3074569514038,1.39728299232482,1.39728299232482,1.52780387536785,13.2401410679495,1,"2275 2236 2340"
"06037131600",1.53251759723216,1.48417740396087,30.6503519446433,29.6835480792174,1.53251759723216,1.53251759723216,1.18340827069912,8.90826770072634,1,"2453 2414 2355"
"06037137301",0.864716306768472,0.549698510697526,17.2943261353694,10.9939702139505,1.64501871570031,0.864716306768472,1.73598435138789,30.5205848163474,1,"1810 1813 2456"
"06037137201",0.769856537819136,0.324300460311779,15.3971307563827,6.48600920623558,0.769856537819136,0.769856537819136,0.769863372902251,5.67889322396322,1,"2456 2432 2152"
"06037137504",0.472668366738249,0.258050485166627,9.45336733476497,5.16100970333254,0.472668366738249,1.14236421796707,0.472667745367056,34.6189098220388,1,"279 17 48"
"06037137401",0.743985748230335,0.30943664002227,14.8797149646067,6.1887328004454,0.761559989660383,1.0261510279965,0.634288877952756,37.9118457660143,1,"267 2091 1182"
"06037460900",0.786012810188499,0.68572536387497,15.72025620377,13.7145072774994,0.894135747236141,0.786012810188499,0.786012810188499,33.6355671472698,1,"560 1263 1920"
"06037461700",0.233075712837032,0.0998997106895729,4.66151425674063,1.99799421379146,0.248813181022827,0.233075712837032,0.162168560606061,16.8089924636614,1,"199 1258 1263"
"06037462400",0.575620874095284,0.0109771434820647,11.5124174819057,0.219542869641295,0.575620874095284,0.575620874095284,0.575620874095284,2.41982449219728,1,"692 1075 524"
"06037462100",0.461022006482144,0.371163032887934,9.22044012964288,7.42326065775869,0.564618254394337,0.461022006482144,0.461022006482144,18.6295038995354,1,"1075 1268 692"
"06037461600",0.369755627137517,0.210647941024417,7.39511254275034,4.21295882048835,0.369755627137517,0.369755627137517,0.369755627137517,47.0238379756195,1,"1920 192 560"
"06037462500",1.0640931957369,0.682807404756224,21.2818639147379,13.6561480951245,1.0640931957369,1.0640931957369,1.06401179611071,31.8291460760909,1,"1053 1862 524"
"06037463000",0.832061386502824,0.788877331384713,16.6412277300565,15.7775466276943,0.832061386502824,0.832061386502824,0.832061386502824,30.4808881031472,1,"458 1637 1134"
"06037404803",1.3053119780482,0.948257178080013,26.106239560964,18.9651435616003,1.3053119780482,1.3053119780482,1.3053119780482,19.3575735179156,1,"988 762 488"
"06037404802",1.29553656645192,1.11624674401495,25.9107313290384,22.3249348802991,1.29553656645192,1.29553656645192,1.29553656645192,27.6581201289558,1,"988 488 721"
"06037405001",0.68216490694345,0.495945552970651,13.643298138869,9.91891105941303,0.890815760956017,0.979691103952915,0.883709138630398,11.3066530641444,1,"1959 1958 912"
"06037405800",1.229636423288,0.863044818261354,24.59272846576,17.2608963652271,1.29649285671677,1.229636423288,1.19507513620457,25.9253337187475,1,"1034 1772 514"
"06037430002",0.417478177443729,0.316510951045892,8.34956354887457,6.33021902091784,0.417478177443729,0.417478177443729,0.625090098822874,25.512415010215,1,"2061 2060 766"
"06037407400",1.37690388133302,1.06278210252128,27.5380776266603,21.2556420504255,1.37690388133302,1.37690388133302,1.24677135528513,3.56974643189343,1,"103 762 1062"
"06037190510",0.568934298695618,0.422600761552533,11.3786859739124,8.45201523105066,0.656938479280999,0.568934298695618,0.651277787719717,35.9536034291467,1,"1809 32 2133"
"06037403722",0.830257545931759,0.302820900938519,16.6051509186352,6.05641801877038,0.830257545931759,0.830257545931759,0.830253817704605,37.1293299321162,1,"2466 545 1529"
"06037501900",0.383861374572497,0.128782907818341,7.67722749144993,2.57565815636682,0.387831936490893,0.383861374572497,0.383861374572497,16.4530652013573,1,"586 1089 1791"
"06037503301",0.397980170802513,0.2713322944007,7.95960341605027,5.426645888014,0.48772729758212,0.397980170802513,0.397980170802513,2.95890601060732,1,"114 1089 1790"
"06037502100",0.916264018134097,0.759441735266046,18.3252803626819,15.1888347053209,0.916264018134097,0.916264018134097,0.921358019168058,24.8331459923181,1,"1868 694 1089"
"06037502200",0.716010374413426,0.459165349359739,14.3202074882685,9.18330698719478,0.984225249542671,0.716010374413426,0.59021439791617,4.59370175039784,1,"1799 1868 1823"
"06037502301",0.340682911795117,0.0869074604310825,6.81365823590233,1.73814920862165,1.04791082577746,0.340682911795117,0.337944528950927,9.44502106278061,1,"1822 1821 1752"
"06037503202",0.563165488546886,0.199692545534081,11.2633097709377,3.99385091068162,0.796667462021793,0.563165488546886,0.563165488546886,19.7401136320345,1,"95 1794 1785"
"06037503401",0.845264902966675,0.701342907420663,16.9052980593335,14.0268581484133,1.07758502843395,0.998846113696015,0.845264902966675,10.7749281545949,1,"592 1795 793"
"06037553200",0.731537819136244,0.604802950767518,14.6307563827249,12.0960590153504,0.731537819136244,0.731537819136244,0.731537819136244,9.30617078296448,1,"1463 1445 1465"
"06037554700",0.328893636164798,0.00603537839020122,6.57787272329595,0.120707567804024,0.328893636164798,0.328893636164798,0.328893636164798,0.20314708356606,1,"482 927 91"
"06037554801",0.499382357034916,0.113614615644635,9.98764714069832,2.27229231289271,0.499382357034916,0.499382357034916,0.288458527201145,21.5314376823621,1,"91 482 927"
"06037553701",0.173185471844429,0.0195141622922135,3.46370943688857,0.39028324584427,0.173185471844429,0.173185471844429,0.173185471844429,25.4921948372661,1,"1587 962 1586"
"06037553801",0.569120710053289,0.437242130955222,11.3824142010658,8.74484261910443,0.569120710053289,0.569120710053289,0.569120710053289,98.3790825046685,1,"1159 1586 411"
"06037553502",0.541275824186749,0.502489834367295,10.825516483735,10.0497966873459,0.633077825499085,0.541275824186749,0.548781988188976,84.8807250672629,1,"810 1585 838"
"06037553601",0.441053000477213,0.225486285095045,8.82106000954426,4.5097257019009,0.441053000477213,0.441053000477213,0.441053000477213,25.8367069743939,1,"962 411 1587"
"06037106520",1.16637648631989,0.977182628449853,23.3275297263978,19.5436525689971,1.16637648631989,1.16637648631989,1.21881897220234,9.59187226937585,1,"2389 1885 2302"
"06037400603",0.59739372067128,0.46544492662849,11.9478744134256,9.30889853256979,0.59739372067128,0.59739372067128,0.557055545613616,25.4673391101974,1,"1313 747 1941"
"06037553901",0.549898592221427,0.0137229827805615,10.9979718444285,0.27445965561123,0.614992816949018,0.549898592221427,0.555704684641693,11.968395230955,1,"838 1585 1448"
"06037543501",0.554058050982264,0.46230389525173,11.0811610196453,9.2460779050346,0.554058050982264,0.554058050982264,0.772874537699833,13.5610346294178,1,"1047 232 1895"
"06037555002",0.546849523781118,0.331197680545614,10.9369904756224,6.62395361091227,0.546849523781118,0.646847411119065,0.707012298178637,24.5444258019853,1,"2468 904 912"
"06037571900",0.572143059532331,0.286364506283305,11.4428611906466,5.72729012566611,0.572143059532331,0.572143059532331,0.572143059532331,9.66698754470961,1,"956 171 1247"
"06037572400",0.538996634653623,0.163978614889048,10.7799326930725,3.27957229778096,0.538996634653623,0.538996634653623,0.538996634653623,8.35881173338304,1,"989 947 1649"
"06037572002",0.785539946711207,0.520371033166309,15.7107989342241,10.4074206633262,0.785539946711207,0.785539946711207,0.785539946711207,30.2255866735658,1,"633 1649 1045"
"06037572001",0.654508296548159,0.348006392666826,13.0901659309632,6.96012785333652,0.654508296548159,0.654508296548159,0.66190447784936,30.5567461831558,1,"867 956 1728"
"06037573700",0.535157182056788,0.360562440348366,10.7031436411358,7.21124880696731,0.757952929889446,0.535157182056788,0.535157182056788,17.1778769364769,1,"468 1991 1218"
"06037573800",0.623200509027281,0.48200881849996,12.4640101805456,9.6401763699992,0.70026172154617,0.623200509027281,0.599465993597391,3.63025779285941,1,"1991 1641 1218"
"06037573902",0.588822526445558,0.500459814682256,11.7764505289112,10.0091962936451,0.691380463095522,0.725317893501949,0.58881196313529,33.4310365852729,1,"602 30 1975"
"06037264301",0.924709074007794,0.904489034041199,18.4941814801559,18.089780680824,0.924709074007794,0.924709074007794,0.935699266284896,14.781928800337,1,"149 2114 2423"
"06037265520",0.73500817724489,0.245775918635171,14.7001635448978,4.91551837270341,0.73500817724489,0.73500817724489,0.516558920901933,13.4380115033491,1,"2444 2443 2380"
"06037262601",0.864494477252843,0.627219537898672,17.2898895450569,12.5443907579734,0.864494477252843,1.70851353097908,0.864474593374692,21.369502105428,1,"2363 17 2394"
"06037265305",1.04267639485405,0.735681122246083,20.853527897081,14.7136224449217,1.04267639485405,1.04267639485405,1.04267328799809,3.76076324390065,1,"2443 2444 502"
"06037265420",1.45886709118747,1.40563297840611,29.1773418237493,28.1126595681222,1.45886709118747,1.45886709118747,1.45886336296031,14.5630741741726,1,"2444 2114 2423"
"06037265303",1.34179205937326,1.02122169032848,26.8358411874652,20.4244338065696,1.34179205937326,1.34179205937326,1.3417889525173,0.777899712311407,1,"2444 2443 502"
"06037265304",1.29266396743021,1.02587700330072,25.8532793486041,20.5175400660145,1.29266396743021,1.29266396743021,1.29266086057425,33.3017802968471,1,"2443 2444 502"
"06037265100",0.811025486160821,0.228256979241231,16.2205097232164,4.56513958482462,0.836452616718365,0.811025486160821,0.807691208343275,8.82816487730247,1,"502 2160 1763"
"06037264000",1.25995995884037,1.21644657699038,25.1991991768074,24.3289315398075,1.25995995884037,1.25995995884037,1.29172134733158,15.498804969458,1,"2114 2423 149"
"06037265510",0.693524815079933,0.144568221585938,13.8704963015987,2.89136443171876,0.694727789708105,0.693524815079933,0.460439160303826,1.60770971705728,1,"2444 2443 2127"
"06037980033",1.26779979917283,1.16444899288157,25.3559959834566,23.2889798576314,1.26779979917283,1.3111795862165,1.20718503937008,53.8085868517021,1,"1638 922 241"
"06037980031",3.33393295653384,3.24267030541637,66.6786591306768,64.8534061083274,3.33393295653384,3.33393295653384,3.29778220194067,16.22451641515,1,"1272 1271 2036"
"06037980030",0.906827875208781,0.785528140658554,18.1365575041756,15.7105628131711,0.906827875208781,0.906827875208781,0.906827875208781,748.193000556114,1,"490 858 218"
"06037980019",0.791081335003579,0.164127743975185,15.8216267000716,3.2825548795037,0.791081335003579,1.54786546568043,0.79106207249662,6.19914425030854,1,"2363 17 2394"
"06037980018",0.877545136403404,0.397757719915692,17.5509027280681,7.95515439831385,1.16634541776028,0.877545136403404,0.877545136403404,245.782580126369,1,"1990 966 624"
"06037239701",0.60280399964209,0.557205917442138,12.0560799928418,11.1441183488428,0.900220835321721,0.60280399964209,0.782854380418357,10.0733834199468,1,"2084 2431 1684"
"06037239602",0.62850204803945,0.295658976576792,12.570040960789,5.91317953153583,0.973004528553249,0.62850204803945,0.751230936331822,36.2697540326973,1,"2084 1684 2085"
"06037239601",0.693330325896763,0.269832925713831,13.8666065179353,5.39665851427662,0.927495302433787,0.693330325896763,0.727743105265251,10.822980530002,1,"2084 1684 2292"
"06037239502",0.690680799133063,0.269408529189533,13.8136159826613,5.38817058379066,0.977561043505925,0.690680799133063,0.788200036785174,22.3714816375415,1,"1684 1135 2084"
"06037239501",0.73330562017816,0.509651758729022,14.6661124035632,10.1930351745804,1.05060944086535,0.73330562017816,0.775732845184125,20.0787568428066,1,"1684 2197 2084"
"06037601501",0.653667581325062,0.455945403841565,13.0733516265012,9.1189080768313,0.653667581325062,0.653667581325062,0.860472962896683,33.4278178959578,1,"948 595 1937"
"06037670405",0.805783598783107,0.545926166189454,16.1156719756621,10.9185233237891,0.805783598783107,0.805783598783107,0.805783598783107,38.4679172664946,1,"487 1061 1450"
"06037101220",0.705929248190567,0.420955370635489,14.1185849638113,8.41910741270977,0.775013297343514,0.76592201542989,0.704448520639466,50.910821012788,1,"2271 1403 65"
"06037670702",0.257627331384713,0.222980916447944,5.15254662769427,4.45961832895888,0.257627331384713,0.257627331384713,0.91315156983218,8.56999691766737,1,"1739 1737 1736"
"06037670500",1.643650456335,1.17893439811501,32.8730091267001,23.5786879623002,1.643650456335,1.83777365187306,1.643650456335,52.4368982746406,1,"1500 1476 420"
"06037651222",0.41783670862165,0.129090486558498,8.35673417243299,2.58180973116997,0.41783670862165,0.41783670862165,0.41783670862165,18.8509772146495,1,"568 1288 1292"
"06037651302",0.326607611548556,0.066238790463692,6.53215223097113,1.32477580927384,0.326607611548556,0.326607611548556,0.218268437326016,41.8607901756752,1,"632 56 1292"
"06037651002",0.781379245207985,0.709128688459397,15.6275849041597,14.1825737691879,0.781379245207985,0.781379245207985,0.781379245207985,26.3353461989569,1,"982 483 1015"
"06037575402",0.432304715461704,0.239029070229858,8.64609430923407,4.78058140459715,0.432304715461704,0.432304715461704,0.316133157361012,14.7427416818857,1,"87 932 800"
"06037113233",0.599945070786606,0.291449186749384,11.9989014157321,5.82898373498767,0.641726691123837,0.599945070786606,0.599708328362364,7.40829108121075,1,"2321 2253 2042"
"06037573002",0.438572486677802,0.328862567605186,8.77144973355603,6.57725135210371,0.438572486677802,0.438572486677802,0.474075151117474,5.36171870141173,1,"1235 296 1913"
"06037577200",0.238863785492722,0.218620754792015,4.77727570985445,4.37241509584029,0.238863785492722,0.238863785492722,0.238863785492722,46.9950933126513,1,"1245 1643 182"
"06037573402",0.1784627773801,0.0100842330788197,3.569255547602,0.201684661576394,0.204451627495427,0.1784627773801,0.1784627773801,34.6880982341664,1,"943 2497 1657"
"06037571800",0.582873518651078,0.388588766603038,11.6574703730216,7.77177533206077,0.654579132864074,0.582873518651078,0.699148845740873,39.0111891245333,1,"633 1972 1980"
"06037575802",0.274974772329595,0.215104415215144,5.4994954465919,4.30208830430287,0.274974772329595,0.274974772329595,0.279693465163445,3.42136768636,1,"331 1227 1123"
"06037573403",0.143153359381214,0.132882714944723,2.86306718762427,2.65765429889446,0.163827000318142,0.143153359381214,0.156551365028235,22.2667099422412,1,"2497 787 979"
"06037575500",0.69104367990933,0.556524273244254,13.8208735981866,11.1304854648851,0.69104367990933,0.69104367990933,0.69104367990933,7.62219974923572,1,"1232 1646 1220"
"06037108102",0.879451503221188,0.824410443012805,17.5890300644238,16.4882088602561,0.879451503221188,0.879451503221188,0.884055242384475,23.2366294584902,1,"603 2447 2331"
"06037108103",0.345019461345741,0,6.90038922691482,0,0.345019461345741,0.345019461345741,0.345012004891434,108.923415404629,1,"2316 2176 2089"
"06037109300",0.720012626262626,0.49649235961982,14.4002525252525,9.9298471923964,0.720012626262626,0.720012626262626,0.720015733118587,23.8268227306188,1,"438 2411 2099"
"06037109200",0.658061918396564,0.423041935099022,13.1612383679313,8.46083870198043,0.658061918396564,0.658061918396564,0.658065025252525,26.5671897593161,1,"438 2411 2099"
"06037109500",0.499246276743816,0.285252251849201,9.98492553487632,5.70504503698401,0.499246276743816,0.499246276743816,0.497100060645828,22.5253766989712,1,"2192 2177 1610"
"06037111202",1.34095880060447,1.10758669370874,26.8191760120894,22.1517338741748,1.34095880060447,1.34095880060447,1.34096501431639,25.9272250374836,1,"440 2460 2089"
"06037111301",1.25182993816114,0.93833885110952,25.0365987632228,18.7667770221904,1.28234858426788,1.25182993816114,1.32885014018134,9.48117188036529,1,"2303 440 1683"
"06037111302",1.34285833233914,1.10233734987672,26.8571666467828,22.0467469975344,1.34285833233914,1.34285833233914,1.42074348305894,10.8726137129572,1,"2303 2161 440"
"06037111400",1.42727533703173,0.129804442058379,28.5455067406347,2.59608884116758,1.42727533703173,1.42727533703173,1.45951766682574,39.2658492787776,1,"440 2303 2161"
"06037109700",1.22352150938519,1.1526081434423,24.4704301877038,23.0521628688459,1.22352150938519,1.22352150938519,1.22351591704446,10.5314200432704,1,"440 438 2099"
"06037920332",1.3767851994353,0.838395644436491,27.535703988706,16.7679128887298,1.3767851994353,1.3767851994353,0.972714969577666,33.6295700275023,1,"1418 2500 1396"
"06037121600",0.232418302115645,0.187203605941303,4.64836604231289,3.74407211882606,0.232418302115645,0.327032008072855,0.232418302115645,5.05721345866717,1,"2116 2234 2383"
"06037541802",0.669682802433787,0.299449340849439,13.3936560486757,5.98898681698878,0.909784980712638,0.669682802433787,0.669682802433787,54.8423525690246,1,"1906 1723 845"
"06037540700",0.275839099657997,0.227295096635648,5.51678199315995,4.54590193271296,0.324083601765688,0.275839099657997,0.275839099657997,5.8955374026852,1,"1199 1845 1848"
"06037540901",0.660805272210292,0.347487547721308,13.2161054442058,6.94975095442615,0.660805272210292,0.660805272210292,0.660805272210292,9.94642271179262,1,"132 1857 2078"
"06037540800",0.422022886343752,0.341214184164479,8.44045772687505,6.82428368328959,0.422022886343752,0.422022886343752,0.422022886343752,9.74391007011572,1,"1857 367 1848"
"06037540902",0.897518492006681,0.796783037063549,17.9503698401336,15.935660741271,0.897518492006681,0.897518492006681,0.899908285612026,19.081669426042,1,"1857 367 132"
"06037541605",0.643249050544818,0.378610787998091,12.8649810108964,7.57221575996182,0.643249050544818,0.643249050544818,0.643249050544818,6.71098790430089,1,"642 1107 1519"
"06037139303",0.940719324146982,0.907646221068957,18.8143864829396,18.1529244213791,0.940719324146982,0.940719324146982,0.943800082518094,31.159256389026,1,"2339 2287 2128"
"06037139301",1.10523728923089,0.336761438200907,22.1047457846178,6.73522876401813,1.10523728923089,1.10523728923089,1.10422507555874,58.6975822964403,1,"2390 2255 1708"
"06037460301",0.532892284061083,0.275697427026167,10.6578456812217,5.51394854052334,0.532892284061083,0.662773154776108,0.398313225761553,82.9606664622331,1,"1864 1388 65"
"06037460200",0.577731050664122,0.274843041636841,11.5546210132824,5.49686083273682,0.577731050664122,0.577731050664122,0.577731672035314,8.37058878887193,1,"376 65 724"
"06037300800",0.560842181659111,0.282253514475463,11.2168436331822,5.64507028950927,0.560842181659111,0.57878862443331,0.560842181659111,32.3036753021286,1,"27 431 1328"
"06037460501",1.70559184363318,1.40889641990774,34.1118368726636,28.1779283981548,1.70559184363318,1.70559184363318,1.70559184363318,22.9506949111292,1,"59 430 698"
"06037461100",0.669653597987751,0.24223472421061,13.393071959755,4.8446944842122,0.669653597987751,0.669653597987751,0.670829232283465,15.7128849571057,1,"724 1849 247"
"06037460600",0.956826508192158,0.923967778175455,19.1365301638432,18.4793555635091,0.956826508192158,0.956826508192158,0.956830236419311,11.4126382924811,1,"554 65 1879"
"06037137502",0.784871351308359,0.32732529527559,15.6974270261672,6.54650590551181,0.784871351308359,0.784871351308359,0.784886885588165,30.6313228943748,1,"2152 2368 2432"
"06037139302",0.913620705082319,0.851868214626581,18.2724141016464,17.0373642925316,0.913620705082319,0.913620705082319,0.916701463453432,79.7093394061071,1,"2339 2287 2390"
"06037139200",0.948208711127018,0.806176305376601,18.9641742225404,16.123526107532,0.948208711127018,0.948208711127018,0.948211817982979,1.28094443815325,1,"2128 933 2339"
"06037139701",0.40018168893661,0.285492722500597,8.0036337787322,5.70985445001193,0.40018168893661,0.40018168893661,0.40018168893661,17.0774444269641,1,"10 2185 934"
"06037139703",1.8883675584586,1.25383696711207,37.767351169172,25.0767393422413,1.8883675584586,2.0133277907023,1.89310054282987,23.1700878720403,1,"48 17 2287"
"06037131020",0.654287088403722,0.633986891553329,13.0857417680744,12.6797378310666,0.654287088403722,0.654287088403722,0.870142120019088,37.7611977178188,1,"1708 2340 2255"
"06037141400",1.36580867732443,1.32228411079297,27.3161735464885,26.4456822158594,1.50022742185636,1.36580867732443,1.36580867732443,38.741269238374,1,"597 2371 1674"
"06037141302",0.837543123160741,0.718672949972163,16.7508624632148,14.3734589994433,1.00835185019486,0.837543123160741,0.837543123160741,18.3803999789197,1,"1674 2371 1182"
"06037143100",0.765643019764575,0.691581165990615,15.3128603952915,13.8316233198123,0.765643019764575,0.765643019764575,0.754980911476974,14.8742263815609,1,"2438 2439 2129"
"06037462800",0.899079376441581,0.828594135250139,17.9815875288316,16.5718827050028,0.899079376441581,0.899079376441581,0.999320841286885,31.1737161377807,1,"1053 1960 524"
"06037463101",0.546651927741987,0.30352926409767,10.9330385548397,6.07058528195339,0.655851701065776,0.546651927741987,0.546651927741987,63.8839311876414,1,"509 1768 1870"
"06037462900",0.240765181340969,0.180299550624354,4.81530362681937,3.60599101248708,0.240765181340969,0.240765181340969,0.240765181340969,29.9527603530988,1,"1260 1259 1134"
"06037462700",0.983653588045812,0.450634544261513,19.6730717609162,9.01269088523025,0.983653588045812,0.983653588045812,0.983653588045812,43.6988825719817,1,"524 443 29"
"06037300400",0.593635667700628,0.378050311182693,11.8727133540126,7.56100622365386,0.593635667700628,0.593635667700628,0.468428129722421,37.858591815704,1,"1853 738 336"
"06037462600",0.792567654895411,0.604124413425595,15.8513530979082,12.0824882685119,0.792567654895411,0.792567654895411,0.792567654895411,31.6885445553396,1,"524 692 1053"
"06037463200",0.734612985166627,0.310484271852382,14.6922597033325,6.20968543704764,0.734612985166627,0.734612985166627,1.02356425972322,51.3839000727624,1,"338 1960 1260"
"06037406101",0.184110420146345,0.131391424083353,3.68220840292691,2.62782848166706,0.184110420146345,0.184110420146345,0.184288132307325,27.1637872816767,1,"343 1529 285"
"06037430102",0.375326841247117,0.295608024139028,7.50653682494234,5.91216048278056,0.375326841247117,0.375326841247117,0.376347754115963,13.020960634253,1,"151 720 594"
"06037404702",1.06993781317108,0.86521278235107,21.3987562634216,17.3042556470214,1.06993781317108,1.06993781317108,1.06993781317108,19.4141391102819,1,"1066 147 988"
"06037404701",0.680689150361886,0.406032520082717,13.6137830072377,8.12065040165434,0.680689150361886,0.680689150361886,0.680688528990694,16.9722754942372,1,"147 912 1066"
"06037408623",0.504464552016225,0.303638004056311,10.0892910403245,6.07276008112622,0.504464552016225,0.504464552016225,0.504469522985763,6.4443802706205,1,"809 284 37"
"06037403319",0.682138187982184,0.0058818997057186,13.6427637596437,0.117637994114372,1.25089415314563,0.682138187982184,0.673370640459715,53.2377000302792,1,"985 1856 226"
"06037408401",1.30468936411358,1.24089691203372,26.0937872822715,24.8179382406745,1.30468936411358,1.30468936411358,0.968362264376044,27.3191549107402,1,"2050 1201 637"
"06037460700",0.7823386423288,0.471284573093136,15.646772846576,9.42569146186272,0.800642994909727,0.804441437007874,0.7823386423288,14.0640915178193,1,"250 1855 1715"
"06037503702",1.0100376302394,0.796333785691561,20.200752604788,15.9266757138312,1.25858051479361,1.0100376302394,1.01033278155571,12.6288421859499,1,"288 1755 2005"
"06037532102",0.681091177523264,0.450911675813251,13.6218235504653,9.01823351626501,0.681091177523264,0.681091177523264,0.681091177523264,1.41881965429055,1,"865 252 713"
"06037503402",0.54455604271057,0.445337976218882,10.8911208542114,8.90675952437763,0.554365008351229,0.554365008351229,0.54455604271057,8.09264098408814,1,"793 592 1795"
"06037501600",0.494077711166786,0.120319832180068,9.88155422333572,2.40639664360137,0.590848196532252,0.494077711166786,0.308473514674302,75.2440327454093,1,"1100 2046 1612"
"06037503501",0.635815586972083,0.623211072337549,12.7163117394417,12.464221446751,1.23097050723773,0.635815586972083,0.635815586972083,11.5975595674918,1,"1798 1792 1793"
"06037503502",0.392635135806888,0.337679824823033,7.85270271613776,6.75359649646067,0.817185760160662,0.392635135806888,0.392635135806888,5.22541821513808,1,"1792 793 1789"
"06037503601",0.588535452954744,0.444039931798298,11.7707090590949,8.88079863596596,0.827898820886026,0.588535452954744,0.549459282788515,19.5803057746805,1,"1789 749 288"
"06037109100",0.749677508351229,0.236078178437923,14.9935501670246,4.72156356875845,0.749677508351229,0.749677508351229,0.737561391473793,107.025024534517,1,"2121 2099 2192"
"06037553702",0.277193067485882,0.179637790304621,5.54386134971765,3.59275580609242,0.331609649646067,0.277193067485882,0.331609649646067,0.98359387916945,1,"845 2054 1586"
"06037554101",0.642817197566213,0.498005398472918,12.8563439513243,9.96010796945836,0.642817197566213,0.642817197566213,0.642817197566213,32.4699457324924,1,"1465 1448 1461"
"06037553802",0.662697347490655,0.340735106975264,13.2539469498131,6.81470213950529,0.662697347490655,0.662697347490655,0.662697347490655,34.1362271092188,1,"1159 1948 1648"
"06037554001",0.647154989859222,0.615859008390997,12.9430997971844,12.3171801678199,0.647154989859222,0.65478915632705,0.647154989859222,22.8438281594681,1,"1463 1448 1444"
"06037602200",0.738888640340412,0.627274218563589,14.7777728068082,12.5454843712718,0.738888640340412,0.738888640340412,0.750493368726636,81.9848757098154,1,"372 1863 2501"
"06037603400",0.512358451642408,0.311121177324425,10.2471690328482,6.22242354648851,0.512358451642408,0.512358451642408,0.512358451642408,21.5273998384279,1,"397 1001 157"
"06037106510",1.32002915473634,0.851537023781118,26.4005830947268,17.0307404756224,1.32002915473634,1.5530309244015,1.31395587270341,13.7677917387408,1,"2378 38 2392"
"06037603004",0.529279010578223,0.514629563350036,10.5855802115645,10.2925912670007,0.529279010578223,0.529279010578223,0.522349479042392,17.1411950548132,1,"157 683 2352"
"06037574202",0.756191342559453,0.133378569156128,15.1238268511891,2.66757138312256,0.809866007516106,0.756191342559453,0.756191342559453,3.04764693704577,1,"966 624 1990"
"06037574201",0.727152181261433,0.682337648134892,14.5430436252287,13.6467529626978,0.949552115644635,0.727152181261433,0.727152181261433,2.42839129224445,1,"966 1990 624"
"06037574601",0.395115649606299,0,7.90231299212598,0,0.395115649606299,0.395115649606299,0.722797611946234,38.8251670295067,1,"1741 1085 188"
"06037320300",0.421442525650203,0.15259509464726,8.42885051300406,3.0519018929452,0.421442525650203,0.421442525650203,0.63597590073968,6.90146857147045,1,"2471 582 1610"
"06037291210",0.854817242304939,0.758686769267478,17.0963448460988,15.1737353853496,0.873362065537262,0.854817242304939,0.76611091227233,30.1426316245783,1,"2352 683 1894"
"06037570203",0.875061515748031,0.344675221705241,17.5012303149606,6.89350443410483,0.875061515748031,0.875061515748031,0.875061515748031,9.24832145738064,1,"849 773 276"
"06037291220",0.762811431241549,0.548178015390122,15.256228624831,10.9635603078024,0.965254787043665,0.946411705639068,0.946415433866221,25.6577943522055,1,"1894 1830 888"
"06037291300",0.738501526087648,0.214310302831464,14.770030521753,4.28620605662929,0.738501526087648,0.738501526087648,0.738501526087648,25.3302834361233,1,"888 555 454"
"06037103300",1.18174423864631,0.852971769863994,23.6348847729261,17.0594353972799,1.42094977829476,1.38897836634057,1.02998178139664,47.0038422754449,1,"1704 1702 1711"
"06037265700",0.979264221943848,0.776174018730613,19.585284438877,15.5234803746123,1.0046907311302,0.979264221943848,0.979264221943848,14.184358358765,1,"502 1763 2443"
"06037265410",1.07894458860256,1.03543120675257,21.5788917720512,20.7086241350513,1.07894458860256,1.07894458860256,1.16433590332458,3.29303128666657,1,"2114 2423 149"
"06037265301",1.65203275371829,1.52941819772528,33.0406550743657,30.5883639545057,1.65203275371829,1.65203275371829,1.64869474767359,57.2797362110849,1,"2443 2444 2160"
"06037183101",0.66747009961823,0.263023940189294,13.3494019923646,5.26047880378589,0.66747009961823,0.66747009961823,0.666769814284578,14.381998201636,1,"2198 2222 2221"
"06037267100",1.15596106239561,0.704598892467987,23.1192212479122,14.0919778493597,1.4703344965402,1.15596106239561,1.15596106239561,40.9266763764273,1,"853 1756 163"
"06037264302",1.06275351944643,0.759438628410085,21.2550703889287,15.1887725682017,1.22927354251173,1.06275351944643,1.0682234500517,13.9881619649605,1,"2127 327 149"
"06037267300",0.697054824823033,0.473874448222381,13.9410964964607,9.47748896444763,0.851557529030462,0.697054824823033,0.416433652469578,83.2262024342559,1,"2444 2380 2127"
"06037267402",0.659795544022906,0.198982939632546,13.1959108804581,3.97965879265092,0.95130873200509,0.659795544022906,0.659885021474588,33.9519623396301,1,"2127 2380 1623"
"06037267501",0.546472972838622,0.204393839974549,10.9294594567724,4.08787679949097,0.79957734331504,0.546472972838622,0.408687639187147,39.0369207488117,1,"2380 2127 2444"
"06037267502",0.55236295036984,0.247026117473952,11.0472590073968,4.94052234947904,0.773150426509186,0.55236295036984,0.552263530979082,30.9202901373386,1,"2127 2380 1623"
"06037267600",0.669145937723694,0.178896494472282,13.3829187544739,3.57792988944564,0.760570145351149,0.669145937723694,0.654215630716615,26.1678985970065,1,"2380 2127 1888"
"06037239202",0.302170325300247,0.218779825817227,6.04340650600493,4.37559651634455,0.302170325300247,0.302170325300247,0.26195331762507,3.40299167770974,1,"2082 1132 2197"
"06037239201",0.541667909409051,0.347217872623877,10.833358188181,6.94435745247753,0.541667909409051,0.541667909409051,0.517696030183727,32.0029779959274,1,"2082 1132 2226"
"06037237402",0.622398318818102,0.399741758132506,12.447966376362,7.99483516265012,0.622398318818102,0.622398318818102,0.63418448759246,0.282980225612718,1,"1180 1680 2419"
"06037237401",0.536170017100135,0.456337489063867,10.7234003420027,9.12674978127734,0.536170017100135,0.536170017100135,0.64063618468146,12.0801439865079,1,"2419 2292 2226"
"06037237202",0.410539325340014,0.217082861091227,8.21078650680028,4.34165722182454,0.410539325340014,0.410539325340014,0.410531247514515,33.4920813204458,1,"1180 1680 2142"
"06037237201",0.568878996659508,0.283411129006601,11.3775799331902,5.66822258013203,0.568878996659508,0.568878996659508,0.650411596277738,5.7114234492276,1,"1180 2419 1680"
"06037237101",0.391753410085103,0.132175594527957,7.83506820170206,2.64351189055913,0.391753410085103,0.391753410085103,0.581823401336197,6.86438383434382,1,"2419 2226 1180"
"06037236204",0.614304337668019,0.292679501710014,12.2860867533604,5.85359003420027,0.614304337668019,0.614304337668019,0.621194101447546,10.287901712216,1,"2237 2337 1216"
"06037236203",0.633841490694345,0.3588306788356,12.6768298138869,7.176613576712,0.633841490694345,0.633841490694345,0.640006114292532,3.28028122111523,1,"2337 2237 2428"
"06037234902",0.455519764574883,0.263709312614332,9.11039529149765,5.27418625228665,0.455519764574883,0.455519764574883,0.452054377435775,6.2234893963796,1,"1133 2079 1056"
"06037222001",0.621440164439672,0.500991087051619,12.4288032887934,10.0198217410324,0.621440164439672,0.621440164439672,0.616800385747236,0.205004318257461,1,"2265 1297 2273"
"06037221602",0.711799341843633,0.659054248190567,14.2359868368727,13.1810849638113,0.711799341843633,0.711799341843633,0.711799341843633,41.0943208478529,1,"2298 2327 2342"
"06037221601",0.400060521554124,0.310094672114849,8.00121043108248,6.20189344229698,0.511852034120735,0.400060521554124,0.400060521554124,0.0409805896055735,1,"1575 2342 2298"
"06037221402",0.717233232919749,0.552715267835839,14.344664658395,11.0543053567168,0.717233232919749,0.717233232919749,0.717228261950211,29.165505777223,1,"2298 1297 2299"
"06037430721",0.372448028513481,0.312150789389963,7.44896057026963,6.24301578779925,0.596882953551261,0.372448028513481,0.372448028513481,196.868144272522,1,"1995 259 121"
"06037670406",0.760015882247674,0.541846864312415,15.2003176449535,10.8369372862483,0.760015882247674,0.760015882247674,0.760015882247674,0.11366416571483,1,"487 1395 1061"
"06037670202",0.354802329396325,0.223623414260717,7.09604658792651,4.47246828521435,0.354802329396325,0.354802329396325,0.354802329396325,21.7637632732748,1,"946 1596 56"
"06037301601",0.760995784617832,0.53027506859938,15.2199156923566,10.6055013719876,0.760995784617832,0.760995784617832,0.760995784617832,15.6053039662125,1,"452 804 1417"
"06037670003",0.416590859381214,0.333959675495109,8.33181718762427,6.67919350990217,0.416590859381214,0.416590859381214,0.416526236777221,18.5898928902195,1,"2059 513 466"
"06037670411",0.656911760319733,0.4682777578939,13.1382352063947,9.36555515787799,0.656911760319733,0.656911760319733,0.656911760319733,40.8624248661936,1,"1596 442 56"
"06037211120",0.241980583392985,0.180075856995148,4.8396116678597,3.60151713990297,0.241980583392985,0.241980583392985,0.243494243617275,34.9920254513215,1,"2370 2307 2250"
"06037572600",0.70432486777221,0.471623220392905,14.0864973554442,9.43246440785811,0.70432486777221,0.70432486777221,0.70432486777221,8.42824375440207,1,"947 1631 1632"
"06037573300",0.211589318380657,0.0699570756780402,4.23178636761314,1.3991415135608,0.211589318380657,0.211589318380657,0.211465665513402,9.06613128295003,1,"679 1226 1234"
"06037575300",0.29446159428935,0.20953506521912,5.889231885787,4.19070130438241,0.29446159428935,0.29446159428935,0.294408156366818,24.2824415326066,1,"800 1697 1236"
"06037572900",0.436482193987115,0.273252952755905,8.7296438797423,5.46505905511811,0.436482193987115,0.436482193987115,0.436482193987115,49.3276176851905,1,"1232 1646 1220"
"06037573201",0.382176837270341,0.362019555794162,7.64353674540682,7.24039111588324,0.382176837270341,0.382176837270341,0.399716281913624,14.1121517675994,1,"377 1234 1913"
"06037573100",0.511658166308757,0.425457204923248,10.2331633261751,8.50914409846497,0.511658166308757,0.511658166308757,0.604225075558737,47.9690746932204,1,"1913 296 1632"
"06037572700",0.475144530939314,0.382114078779925,9.50289061878629,7.6422815755985,0.475144530939314,0.475144530939314,0.475144530939314,15.8689628934043,1,"1646 508 1232"
"06037572800",0.484742851745805,0.362787570587767,9.69485703491609,7.25575141175535,0.484742851745805,0.484742851745805,0.484742851745805,67.2998529709615,1,"1646 508 1642"
"06037577000",0.228219075598505,0.142800420544023,4.5643815119701,2.85600841088046,0.376911959158514,0.228219075598505,0.351765067008669,8.54031062778292,1,"1658 769 1663"
"06037542200",0.52227926409767,0.0148215670484371,10.4455852819534,0.296431340968743,0.928208636562475,0.52227926409767,0.52227926409767,17.9388461391975,1,"547 1206 1866"
"06037573202",0.300491380338821,0.181050788395769,6.00982760677643,3.62101576791537,0.300491380338821,0.300491380338821,0.300491380338821,4.64111120827579,1,"1235 1236 679"
"06037910205",2.54984391155651,2.13523895450569,50.9968782311302,42.7047790901137,2.54984391155651,2.54984391155651,2.20935859580052,17.4666190880353,1,"805 1380 660"
"06037910705",1.06834399606299,0.643278876362046,21.3668799212598,12.8655775272409,1.36749010777062,1.06834399606299,0.960060745247753,3.81108714006707,1,"323 1776 2495"
"06037910206",1.30738860057266,0.191267373538535,26.1477720114531,3.8253474707707,1.30738860057266,1.30738860057266,1.1355583392985,77.5718827832316,1,"1376 1374 805"
"06037920328",1.69483031595482,1.41563829734351,33.8966063190965,28.3127659468703,1.69483031595482,1.69483031595482,1.69761965123678,93.9405362744408,1,"1401 1424 1428"
"06037920330",1.19159794301281,0.700963249622206,23.8319588602561,14.0192649924441,1.19159794301281,1.19159794301281,1.19438665692357,128.653194320731,1,"1401 1032 1424"
"06037920329",1.06790717211485,0.897131377753917,21.358143442297,17.9426275550783,1.06790717211485,1.06790717211485,1.06790717211485,32.7718101720566,1,"1401 1428 108"
"06037109601",0.592581200787402,0.19589286069355,11.851624015748,3.91785721387099,0.592581200787402,0.592581200787402,0.59257250159071,22.7385550619976,1,"2167 1190 2166"
"06037920303",0.43887198759246,0,8.7774397518492,0,0.43887198759246,1.2701479609083,0.871793724648055,57.4861779482242,1,"1707 267 49"
"06037920312",0.476176007118428,0,9.52352014236857,0,0.476176007118428,0.476176007118428,0.616930252326414,132.852135952389,1,"1101 1905 1396"
"06037920313",0.871076040921021,0.465777360216337,17.4215208184204,9.31554720432673,0.871076040921021,0.871076040921021,0.871076040921021,1.69749232135566,1,"1428 758 1419"
"06037920314",0.286309204247196,0.0011700419549829,5.72618408494393,0.023400839099658,0.286309204247196,0.286309204247196,0.286309204247196,57.8784691786113,1,"1429 254 1428"
"06037541603",0.601976954585222,0.326003638749702,12.0395390917044,6.52007277499404,0.601976954585222,0.601976954585222,0.601976954585222,87.0206022425359,1,"1519 1662 1661"
"06037550700",0.659933488427583,0.437334715262865,13.1986697685517,8.7466943052573,0.659933488427583,0.659933488427583,0.659933488427583,41.9518975055565,1,"1018 156 407"
"06037551600",0.71676409766961,0.292332776584745,14.3352819533922,5.8466555316949,1.07948828839577,0.71676409766961,0.710160164638511,22.3537476905411,1,"120 1873 198"
"06037550400",0.517336877634614,0.437578292770222,10.3467375526923,8.75156585540444,0.517336877634614,0.517336877634614,0.517336877634614,15.6769282494429,1,"572 1095 912"
"06037551201",0.75236058915931,0.562575185914261,15.0472117831862,11.2515037182852,0.834221894138233,0.75236058915931,0.75236058915931,18.1936866435821,1,"120 198 1873"
"06037551202",0.72898709039211,0.412691133778732,14.5797418078422,8.25382267557464,0.72898709039211,0.72898709039211,0.72898709039211,35.5578482768176,1,"198 1486 120"
"06037551700",0.640327363198918,0.516585018492007,12.8065472639784,10.3317003698401,0.640327363198918,0.640327363198918,0.640327363198918,12.1158530065205,1,"198 102 120"
"06037553602",0.704093717688698,0.551506700866937,14.081874353774,11.0301340173387,0.704093717688698,0.704093717688698,0.7460617493836,6.7621576535726,1,"790 102 500"
"06037461200",0.842325817227392,0.317502038097511,16.8465163445478,6.35004076195021,1.11261855762348,0.847165056072536,0.842286049471089,17.002756114427,1,"1994 1933 1862"
"06037460502",1.03464579356558,0.9750656167979,20.6929158713115,19.501312335958,1.16758381054641,1.03464579356558,1.03464579356558,25.6251703768656,1,"698 1715 430"
"06037461300",1.04332199952279,0.916272717330788,20.8664399904557,18.3254543466158,1.22396144018929,1.16314473474907,1.0432412212678,14.3475201836603,1,"1862 1994 1933"
"06037461000",0.681965446790742,0.538566024417402,13.6393089358148,10.771320488348,0.681965446790742,0.681965446790742,0.681965446790742,17.1589325363065,1,"247 724 57"
"06037143200",0.553538584665553,0.348089656406586,11.0707716933111,6.96179312813171,0.553538584665553,0.553538584665553,0.555904144794401,37.1504981774029,1,"2455 2438 2439"
"06037143300",0.721981751570826,0.501817510737294,14.4396350314165,10.0363502147459,0.721981751570826,0.721981751570826,0.723391021434821,13.0399295816608,1,"2291 2455 2409"
"06037143400",0.677541283902012,0.0647468782311302,13.5508256780402,1.2949375646226,0.677541283902012,0.677541283902012,0.674422621888173,7.3205145667996,1,"973 1674 2291"
"06037141700",1.03583820488348,0.701427413902808,20.7167640976696,14.0285482780562,1.03583820488348,1.03583820488348,1.03591152668416,43.7518904235799,1,"1509 385 2122"
"06037143602",0.796616509584029,0.645466102958721,15.9323301916806,12.9093220591744,0.796616509584029,0.796616509584029,0.79940522349479,28.2381894385836,1,"2291 2455 1674"
"06037240010",0.339967092181659,0.118711102163366,6.79934184363318,2.37422204326732,0.339967092181659,0.339967092181659,0.339962121212121,11.9824802054474,1,"1135 2208 2431"
"06037238400",0.505857666229221,0.169977953750099,10.1171533245844,3.39955907500199,0.575635787003897,0.505857666229221,0.471832622484689,11.5459779748878,1,"2358 1872 1871"
"06037240020",0.40068997057186,0.16610929670723,8.01379941143721,3.3221859341446,0.40068997057186,0.40068997057186,0.400807409727193,37.4456287587765,1,"2208 1135 2233"
"06037240200",0.510929297900262,0.37707475841088,10.2185859580052,7.54149516821761,0.510929297900262,0.510929297900262,0.510910656764495,39.2892047604558,1,"2208 2431 2088"
"06037240300",0.251595059850473,0,5.03190119700947,0,0.355494536904478,0.251595059850473,0.448688409687425,42.7278681298726,1,"2088 1953 2150"
"06037238200",0.707136572417084,0.508845840292691,14.1427314483417,10.1769168058538,0.784122599021713,0.707136572417084,1.01880766324664,5.05589153677652,1,"2420 2150 1953"
"06037240700",0.437342793088364,0,8.74685586176728,0,0.437342793088364,0.437342793088364,0.437342793088364,24.5506871587441,1,"2233 993 1135"
"06037240600",0.629130254314802,0.267607174103237,12.582605086296,5.35214348206474,0.629130254314802,0.629130254314802,0.578267915374215,17.1784126438402,1,"2233 2208 993"
"06037463400",0.858268337906625,0.719569588602561,17.1653667581325,14.3913917720512,0.858268337906625,0.858268337906625,1.05335217330788,29.5815074956133,1,"1960 29 443"
"06037463700",0.365352590869323,0.180700335043347,7.30705181738646,3.61400670086694,0.480132277499403,0.365352590869323,0.355114257734829,37.5895492415033,1,"1931 305 794"
"06037463800",0.717637745565895,0.498124080370635,14.3527549113179,9.96248160741271,0.717637745565895,0.717637745565895,0.717637745565895,31.084657557114,1,"915 2171 1727"
"06037463500",0.406566899308041,0.279417576354092,8.13133798616082,5.58835152708184,0.547769153145629,0.406566899308041,0.406566899308041,45.8892430823538,1,"443 1280 1270"
"06037463900",0.405710028433946,0.144280526723932,8.11420056867892,2.88561053447864,0.405710028433946,0.405710028433946,0.581479161695697,7.47890259683637,1,"1914 949 641"
"06037463300",0.922729385389326,0.601123190567088,18.4545877077865,12.0224638113418,0.922729385389326,0.922729385389326,1.21857539469498,51.9472749790648,1,"1960 29 338"
"06037406000",0.589460053288793,0.532457324226517,11.7892010657759,10.6491464845303,0.589460053288793,0.589460053288793,0.589466888371908,32.7563673253285,1,"343 285 496"
"06037535101",0.773538783504335,0.537373613099499,15.4707756700867,10.74747226199,0.773538783504335,0.773538783504335,0.773538783504335,10.559375528895,1,"1451 271 1135"
"06037532302",0.885639117553488,0.163825136204565,17.7127823510698,3.27650272409131,0.885639117553488,0.885639117553488,0.46857788017975,187.396598176413,1,"144 1653 195"
"06037481712",0.585800176966516,0.165763192953154,11.7160035393303,3.31526385906307,0.585800176966516,0.585800176966516,0.673622917163764,15.5998732261361,1,"941 2479 414"
"06037123104",0.504239615644635,0.299623946154458,10.0847923128927,5.99247892308916,0.504239615644635,0.504239615644635,0.470332011055436,2.96165782930885,1,"2446 1416 2425"
"06037532304",0.754598768193749,0.508379811898513,15.091975363875,10.1675962379703,0.754598768193749,0.754598768193749,0.754598768193749,45.1767338282852,1,"461 1041 156"
"06037432901",0.569340054084149,0.483428651674223,11.386801081683,9.66857303348445,0.569340054084149,0.569340054084149,0.666576567843792,4.21983780431647,1,"892 2478 349"
"06037500100",1.69304884474668,1.58339112085421,33.8609768949336,31.6678224170842,1.69304884474668,1.89215854410244,1.78339062375726,45.6526030264212,1,"2048 2476 457"
"06037503703",0.505248101089637,0.315180595323312,10.1049620217927,6.30361190646624,0.852717629046369,0.505248101089637,0.70367491350513,28.2834934946084,1,"119 1979 1559"
"06037201700",1.3388995764734,1.24527509345423,26.7779915294679,24.9055018690845,1.41925281356876,1.3388995764734,1.24234594965402,54.8346255411775,1,"2105 2182 1999"
"06037536200",0.5599144744691,0.269128912153026,11.198289489382,5.38257824306053,0.5599144744691,0.5599144744691,0.570680973116997,10.9658720930819,1,"500 501 102"
"06037542000",0.761956424481031,0.250660517577348,15.2391284896206,5.01321035154696,0.761956424481031,0.761956424481031,0.761956424481031,10.5686881136413,1,"642 1519 1906"
"06037540102",0.543712842002704,0.31225828660622,10.8742568400541,6.24516573212439,0.961276768670962,0.543712842002704,0.543712842002704,2.49261308840296,1,"1723 645 1906"
"06037543603",1.08479044877913,1.05388220293486,21.6958089755826,21.0776440586972,1.08479044877913,1.08479044877913,1.0848171677404,25.4782171946003,1,"230 1178 2213"
"06037541001",1.04031207746759,0.950249294122326,20.8062415493518,19.0049858824465,1.04031207746759,1.04031207746759,1.05015770400859,32.7865004825393,1,"1039 1522 202"
"06037600502",0.89234681957369,0.668882476338185,17.8469363914738,13.3776495267637,0.89234681957369,0.89234681957369,0.89234681957369,6.09340402110239,1,"236 616 498"
"06037603500",0.564022359420981,0.170500526922771,11.2804471884196,3.41001053845542,0.564022359420981,0.564022359420981,0.564180809075002,8.81377914643239,1,"1001 397 184"
"06037199110",0.720547626859143,0.655349011771256,14.4109525371829,13.1069802354251,0.720547626859143,0.720547626859143,0.789519829197487,22.7297612687114,1,"2105 2351 889"
"06037197700",0.676857775590551,0.6065253917124,13.537155511811,12.130507834248,0.676857775590551,0.676857775590551,0.612517895490336,33.1119184702607,1,"2093 2187 2311"
"06037197600",0.532817719518015,0.49645632009067,10.6563543903603,9.92912640181341,0.532817719518015,0.532817719518015,0.532818340889207,31.8380988836031,1,"2187 2267 2183"
"06037197420",0.622094468305098,0.562388153185397,12.441889366102,11.2477630637079,0.622094468305098,0.622094468305098,0.618756462260399,44.5597091677113,1,"2175 2183 2399"
"06037197500",0.450697924123121,0.213880935337628,9.01395848246242,4.27761870675257,0.450697924123121,0.450697924123121,0.450697924123121,43.3049818058862,1,"2175 2267 2183"
"06037199000",0.44618739063867,0.280225358904001,8.9237478127734,5.60450717808001,0.44618739063867,0.44618739063867,0.445296965720194,8.08544053566305,1,"2249 2293 631"
"06037199120",0.440632332180068,0.252812326016066,8.81264664360137,5.05624652032132,0.581840799729579,0.440632332180068,0.532114948699594,35.5063968791581,1,"2269 1751 2173"
"06037199202",0.491971884196294,0.238269133261751,9.83943768392587,4.76538266523503,0.60933896047085,0.491971884196294,0.753910910283942,3.339714395961,1,"2474 1751 889"
"06037293201",0.788849369681063,0.74152387556669,15.7769873936212,14.8304775113338,0.788849369681063,0.788849369681063,0.77583164320369,63.2463281317277,1,"2297 2164 352"
"06037292000",0.766887004891434,0.223602287640181,15.3377400978287,4.47204575280363,0.766887004891434,0.766887004891434,0.778592395410801,42.5829996368966,1,"2164 2034 352"
"06037293202",0.670915602879186,0.207981637238527,13.4183120575837,4.15963274477054,0.670915602879186,0.670915602879186,0.461258127535194,2.03495213507629,1,"2297 1015 246"
"06037294120",0.338759767955142,0.0283339049948302,6.77519535910284,0.566678099896604,0.338759767955142,0.338759767955142,0.338659105822,37.5232295207969,1,"2174 2452 2112"
"06037621201",0.590430013719876,0.574964084745089,11.8086002743975,11.4992816949018,0.590430013719876,0.590430013719876,0.59043933428776,55.4193774854861,1,"977 1057 325"
"06037620301",0.412485459914102,0.297287590471646,8.24970919828203,5.94575180943291,0.437198634971765,0.412485459914102,0.412485459914102,21.3902546956841,1,"1048 917 1781"
"06037620303",0.312941173546488,0.16844503101885,6.25882347092977,3.368900620377,0.52973074743498,0.312941173546488,0.312941173546488,18.6499626698134,1,"1779 1048 612"
"06037620400",0.231505507834248,0.124646439791617,4.63011015668496,2.49292879583234,0.292986459078979,0.255230702696254,0.212962548715501,41.5669904682537,1,"1214 1769 670"
"06037620901",0.33608476497256,0.237086663882924,6.7216952994512,4.74173327765847,0.359717996898115,0.33608476497256,0.33608476497256,9.02083542379077,1,"1048 578 1779"
"06037620800",0.404600880855802,0.204291935099022,8.09201761711604,4.08583870198043,0.517397150640261,0.404600880855802,0.404600880855802,10.3715349777218,1,"1777 658 89"
"06037267700",0.834533822476736,0.465032336156844,16.6906764495347,9.30064672313688,0.922815755985047,0.834533822476736,0.532433712121212,0.651343325323508,1,"2380 2444 2127"
"06037267800",1.0782287689891,0.853296746997534,21.5645753797821,17.0659349399507,1.32113519545852,1.0782287689891,1.08428713811342,35.2528764400153,1,"853 2318 2444"
"06037269100",0.766883898035473,0.644274934383202,15.3376779607095,12.885498687664,0.896263322198361,0.766883898035473,0.766878927065935,12.7529598306813,1,"1761 883 898"
"06037700700",0.3161660900342,0.154904109997614,6.323321800684,3.09808219995228,0.3161660900342,0.3161660900342,0.3161660900342,4.9060095417327,1,"1096 652 1468"
"06037226002",0.73235305814046,0.517146738049789,14.6470611628092,10.3429347609958,0.73235305814046,0.73235305814046,0.730632481309154,26.7711116526323,1,"2083 2360 2205"
"06037226001",0.803516215302633,0.510465754990853,16.0703243060527,10.2093150998171,0.803516215302633,0.803516215302633,0.823576562872823,25.8587850639646,1,"2137 2402 1299"
"06037222002",0.646667213473316,0.558631964328323,12.9333442694663,11.1726392865665,0.646667213473316,0.646667213473316,0.679567575359898,14.1739562032091,1,"2165 2265 2283"
"06037980014",1.71907932673189,1.38694772528434,34.3815865346377,27.7389545056868,1.71907932673189,1.71907932673189,1.53718223077229,313.511289449953,1,"2452 2174 332"
"06037980013",0.614051439592778,0.410127356239561,12.2810287918556,8.20254712479122,0.857666229221347,0.614051439592778,0.614051439592778,173.68283352275,1,"1984 659 1048"
"06037980010",0.822292188618468,0.359665180346775,16.4458437723694,7.1933036069355,0.822292188618468,0.822292188618468,0.822292188618468,71.4262583276038,1,"2183 9 2248"
"06037651101",0.453507143283226,0.00733218006840054,9.07014286566452,0.146643601368011,0.453507143283226,0.453507143283226,0.440288092539569,3.41998298380571,1,"483 1286 1300"
"06037203600",0.473230086296031,0.222883361170763,9.46460172592062,4.45766722341526,0.473230086296031,0.473230086296031,0.477823883520242,27.8914332000646,1,"2376 2354 2123"
"06037670100",0.61504066253082,0.514936520719001,12.3008132506164,10.29873041438,0.61504066253082,0.61504066253082,0.750314413823272,41.1137936088774,1,"1935 1044 1161"
"06037670407",0.717420887019804,0.446058145430685,14.3484177403961,8.9211629086137,0.717420887019804,0.717420887019804,0.717420887019804,17.1408586489331,1,"1061 487 392"
"06037599100",3.91642308915931,0,78.3284617831862,0,5.94820746838463,3.91642308915931,3.91451547959914,134.441713834972,2,"920 135 1307"
"06037670201",0.51419460351547,0.165326990376203,10.2838920703094,3.30653980752406,0.51419460351547,0.51419460351547,0.51419460351547,16.921957523136,1,"957 610 1183"
"06037601402",0.684339084745089,0.287374855841883,13.6867816949018,5.74749711683767,0.684339084745089,0.684339084745089,0.684339084745089,20.2459539299019,1,"948 131 449"
"06037901205",2.99110942098147,1.78079950588563,59.8221884196294,35.6159901177126,2.99110942098147,2.99110942098147,3.07148067784141,384.775939052018,1,"422 836 124"
"06037574000",0.612694364908932,0.457812002903046,12.2538872981786,9.15624005806093,0.661345865147538,0.756994775511016,0.612694364908932,72.9110453715416,1,"31 1223 2008"
"06037910807",0.948058339298497,0.661345865147538,18.9611667859699,13.2269173029508,0.948058339298497,0.948058339298497,0.952051891951006,35.6779941767472,1,"753 1434 152"
"06037920023",0.910257844189931,0.678523050385747,18.2051568837986,13.5704610077149,0.910257844189931,0.910257844189931,1.27520778652668,13.6671436812724,1,"1168 267 1964"
"06037920200",2.05269227710173,1.53248031496063,41.0538455420345,30.6496062992126,2.05269227710173,2.05269227710173,2.68049714666348,27.1821471146799,1,"1968 235 465"
"06037920104",1.53399459655611,0.00667601208939792,30.6798919311222,0.133520241787958,1.53399459655611,1.57064555495904,0.897828556231607,716.464690335469,1,"267 1854 20"
"06037920016",1.32630313966436,1.28284008888094,26.5260627932872,25.6568017776187,1.32630313966436,1.32630313966436,1.37036829913306,41.1107596599794,1,"785 1966 1394"
"06037920028",1.36403839079774,0.93377301558896,27.2807678159548,18.6754603117792,1.47317975522946,1.36403839079774,1.36614111091227,100.070449974883,1,"1398 1721 2482"
"06037910805",0.539391205360694,0.0608943768392587,10.7878241072139,1.21788753678517,0.539391205360694,0.539391205360694,0.539391205360694,4.79287247449794,1,"1847 1137 177"
"06037920038",1.11159453789867,0.904933935814841,22.2318907579734,18.0986787162968,1.11159453789867,1.11159453789867,1.11159453789867,2.52155694915644,1,"1410 219 177"
"06037920035",1.05322603495586,0.968550539847292,21.0645206991172,19.3710107969458,1.07605086296031,1.05322603495586,1.12546478565179,21.9477451303165,1,"267 1410 1721"
"06037920334",0.823723827845383,0.342768854887457,16.4744765569077,6.85537709774915,0.823723827845383,0.823723827845383,0.823723827845383,7.36584086483928,1,"1032 1428 758"
"06037920042",1.28818512387656,1.18472744174024,25.7637024775312,23.6945488348047,1.28818512387656,1.47519796886185,1.47519796886185,30.4203365095915,1,"1415 1410 2480"
"06037910809",1.62880651992365,1.58193027718126,32.5761303984729,31.6386055436252,1.62880651992365,1.62880651992365,1.94417787620297,55.9298472688122,1,"1410 1434 1415"
"06037920018",0.803833114610674,0.460630542631035,16.0766622922135,9.2126108526207,0.803833114610674,0.803833114610674,1.00537423944166,14.5380617190027,1,"785 921 1966"
"06037910301",1.28519508569951,0.911937410522548,25.7039017139903,18.238748210451,1.69357141791935,1.28519508569951,1.28520192078263,56.5312329949831,1,"124 422 1182"
"06037106020",0.609410418157957,0.469220377992524,12.1882083631592,9.38440755985047,0.609410418157957,0.655963547880379,0.609411660900342,14.8422909216581,1,"1883 1843 65"
"06037920034",1.32212503976776,0.917648433150402,26.4425007953551,18.352968663008,1.57496222063151,1.32212503976776,1.31896785274,350.389026131137,1,"1398 1721 1168"
"06037910808",1.53659627773801,0.82584208223972,30.7319255547602,16.5168416447944,1.53659627773801,1.53659627773801,1.54022943509902,22.8943536380164,1,"152 177 1434"
"06037310400",0.664680142965084,0.596049073411278,13.2936028593017,11.9209814682256,0.664680142965084,0.664680142965084,0.664680142965084,5.6722076676872,1,"1430 190 1"
"06037550000",1.32315651594687,1.25610994293327,26.4631303189374,25.1221988586654,1.34120113536944,1.32315651594687,1.19026572317665,31.9310820785801,1,"748 611 1890"
"06037550100",1.01695970532093,0.59770751312336,20.3391941064185,11.9541502624672,1.01695970532093,1.01695970532093,0.823637457249662,7.07539815689399,1,"611 570 748"
"06037551000",0.847101054839736,0.651322526445558,16.9420210967947,13.0264505289112,0.847101054839736,0.847101054839736,0.831422616917204,81.0812072314208,1,"873 912 1095"
"06037552200",0.747608342281079,0.112567605185715,14.9521668456216,2.25135210371431,0.747608342281079,0.747608342281079,0.782428119780482,21.8843543474684,1,"748 1059 495"
"06037552100",0.835693301121451,0.660820806490098,16.713866022429,13.216416129802,0.835693301121451,0.835693301121451,0.844098589238845,20.8678696149335,1,"1059 128 1956"
"06037551900",0.332781555714627,0,6.65563111429253,0,0.332781555714627,0.332781555714627,0.694070378986718,9.39739243604832,1,"1956 737 912"
"06037553902",0.936554273045415,0.641381830112145,18.7310854609083,12.8276366022429,0.944913579694584,0.936554273045415,0.941011989978525,35.6572804908243,1,"838 849 1585"
"06037403500",1.34994631352899,1.08889646961743,26.9989262705798,21.7779293923487,1.34994631352899,1.34994631352899,1.34994631352899,7.00246673966873,1,"1530 1528 479"
"06037461400",0.76279776107532,0.619956951403802,15.2559552215064,12.399139028076,1.00353063111429,0.76279776107532,0.76279776107532,6.27455403079089,1,"1994 692 1075"
"06037920017",0.740332085619979,0.601884370277579,14.8066417123996,12.0376874055516,0.96071815596914,0.740332085619979,0.740332085619979,41.4538196852708,1,"1182 34 921"
"06037310900",0.728934895211962,0.524252117633023,14.5786979042392,10.4850423526605,0.728934895211962,0.728934895211962,0.728934895211962,12.7869550673611,1,"1173 1050 846"
"06037311200",0.591549724608288,0.438179158713115,11.8309944921658,8.76358317426231,0.651408897041279,0.591549724608288,0.591527355245367,39.3663035093036,1,"2446 1416 1719"
"06037311500",0.314136691720353,0.101430147936053,6.28273383440706,2.02860295872107,0.314136691720353,0.314136691720353,0.314136691720353,8.58045710903741,1,"1036 1427 1438"
"06037311400",0.583818624234471,0.309907018014794,11.6763724846894,6.19814036029587,0.583818624234471,0.583818624234471,0.583796876242742,13.1376483109328,1,"1427 1036 2446"
"06037800325",0.817337374731568,0.559951135369442,16.3467474946314,11.1990227073888,0.817337374731568,0.817337374731568,0.817337374731568,12.9121837277667,1,"162 389 1081"
"06037238000",0.394694981309155,0,7.89389962618309,0,0.60004324743498,0.394694981309155,0.143369596556112,26.102533918555,1,"1872 1871 2358"
"06037240500",0.750451736856756,0.590714601725921,15.0090347371351,11.8142920345184,0.750451736856756,0.750451736856756,0.556234092897479,6.686358249281,1,"2233 2086 2208"
"06037240900",0.861915165433866,0.558596546170365,17.2383033086773,11.1719309234073,0.861915165433866,0.861915165433866,0.861876640419947,53.6311732816462,1,"2078 2233 993"
"06037240800",0.740583740952835,0.555563633381055,14.8116748190567,11.1112726676211,0.740583740952835,0.740583740952835,0.740575041756144,26.7940973616326,1,"2233 993 2077"
"06037125600",1.11554583731011,0.943812509941939,22.3109167462022,18.8762501988388,1.11554583731011,1.11554583731011,1.11552408931838,28.0287125214557,1,"1427 1036 2446"
"06037262200",2.71320364073809,2.676629732363,54.2640728147618,53.53259464726,2.71320364073809,2.71320364073809,2.71320364073809,439.645908500221,1,"2114 1508 2423"
"06037242100",0.422511905472043,0.293582975423527,8.45023810944087,5.87165950847053,0.422511905472043,0.422511905472043,0.413403225165036,90.2742916637372,1,"2239 1127 2437"
"06037241110",0.850659647657679,0.472553413067685,17.0131929531536,9.45106826135369,0.850659647657679,0.850659647657679,0.770403965839497,15.592568955946,1,"2078 2076 2233"
"06037241300",0.714914275630319,0.518414335281953,14.2982855126064,10.3682867056391,0.714914275630319,0.714914275630319,0.714914275630319,58.2075592281149,1,"1038 132 470"
"06037241120",0.828328809751054,0.500056544778494,16.5665761950211,10.0011308955699,0.828328809751054,0.828328809751054,0.712093871788754,10.8768794600434,1,"2078 2076 2270"
"06037241400",0.749774442257218,0.551109023303905,14.9954888451444,11.0221804660781,0.749774442257218,0.749774442257218,0.749774442257218,36.1827714513413,1,"132 1857 2078"
"06037242000",0.394947258013203,0.258568708740953,7.89894516026406,5.17137417481906,0.528632163167104,0.394947258013203,0.528591152668416,35.3550455186317,1,"1808 993 2077"
"06037464000",0.756133555038575,0.407121783782709,15.1226711007715,8.14243567565418,0.768816362443331,0.756133555038575,0.756133555038575,4.55707096786471,1,"104 1280 1270"
"06037464100",0.520016851586733,0.343218727630637,10.4003370317347,6.86437455261274,0.520016851586733,0.520016851586733,0.520016851586733,14.8923039537357,1,"1142 565 29"
"06037191710",0.679417824902569,0.519460724369681,13.5883564980514,10.3892144873936,0.679417824902569,0.679417824902569,0.679424038614491,7.09965206491334,1,"2264 2364 2266"
"06037191203",0.618725393700787,0.311126148293963,12.3745078740157,6.22252296587926,0.618725393700787,0.618725393700787,0.618739063867017,22.5221552170187,1,"1125 2113 2246"
"06037930200",0.609911864710093,0,12.1982372942019,0,1.06404348604152,2.79141066173547,0.597020897955937,470.366702574121,1,"65 267 1399"
"06037910202",1.69266670146345,1.55350751610594,33.8533340292691,31.0701503221188,1.69266670146345,1.69266670146345,1.60685471844429,143.039140080612,1,"1370 665 1170"
"06037481711",0.566854569315199,0.248738616479758,11.337091386304,4.97477232959516,0.566854569315199,0.566854569315199,0.415686764296508,13.7562346630624,1,"941 1597 148"
"06037480600",0.197396578978764,0.143294410641852,3.94793157957528,2.86588821283703,0.197396578978764,0.197396578978764,0.36307153722262,9.03775589854596,1,"1072 1827 1832"
"06037480302",0.303955524735544,0.0342996898115008,6.07911049471089,0.685993796230017,0.351839631551738,0.303955524735544,0.303955524735544,1.64837134109589,1,"972 607 2006"
"06037504001",1.01287791795912,0.751749159906148,20.2575583591824,15.034983198123,1.01287791795912,1.01287791795912,1.01287791795912,32.8295832517095,1,"410 749 736"
"06037532200",1.02542029547443,0.184310501670246,20.5084059094886,3.68621003340492,1.02542029547443,1.02542029547443,1.02542029547443,8.50819942389597,1,"252 865 713"
"06037503701",0.601125054680665,0.418026848206474,12.0225010936133,8.36053696412948,0.71789188638352,0.601125054680665,0.601125054680665,5.03189830922467,1,"288 1783 1789"
"06037500900",0.609948525610435,0.538256581563668,12.1989705122087,10.7651316312734,0.609948525610435,0.609948525610435,0.609948525610435,7.10924975020566,1,"1098 1600 912"
"06037432202",0.388338975383759,0.0535379632943609,7.76677950767518,1.07075926588722,0.388338975383759,0.388338975383759,0.388338975383759,84.1071432428462,1,"893 349 892"
"06037500800",0.76659433905989,0.634152176290464,15.3318867811978,12.6830435258093,0.76659433905989,0.76659433905989,0.76659433905989,2.00845363826663,1,"1098 912 874"
"06037500700",0.526608978565179,0.10633400938519,10.5321795713036,2.12668018770381,0.526608978565179,0.526608978565179,0.526608978565179,8.38560763087638,1,"874 1098 912"
"06037543322",0.584504618030701,0.397497986757337,11.690092360614,7.94995973514674,0.752098991887378,0.584504618030701,0.584630135011533,7.736264478762,1,"309 1987 329"
"06037543602",0.804457592658872,0.67694911715581,16.0891518531774,13.5389823431162,0.804457592658872,0.804457592658872,0.816217042471964,7.497401885848,1,"2297 1877 1047"
"06037106642",0.919890961783186,0.583681922572178,18.3978192356637,11.6736384514436,1.23133463075638,1.18577942316869,1.18578563688062,45.4352409310205,1,"1938 1939 2460"
"06037543801",0.847270067804024,0.395077745963573,16.9454013560805,7.90155491927146,0.847270067804024,0.847270067804024,1.117523661815,10.6089909627234,1,"232 1895 1047"
"06037543802",0.772364391951006,0.606896971685358,15.4472878390201,12.1379394337072,0.772364391951006,0.772364391951006,0.772079803944961,4.86853906653253,1,"232 530 1047"
"06037541300",0.423361941263024,0.365497991728307,8.46723882526048,7.30995983456613,0.423361941263024,0.423361941263024,0.532796592897479,11.649436285145,1,"274 939 1121"
"06037541200",0.544259648651873,0.454251545971526,10.8851929730375,9.08503091943053,0.544259648651873,0.544259648651873,0.544259648651873,19.3487329043928,1,"367 274 435"
"06037541604",0.556143372703412,0.211699922452875,11.1228674540682,4.2339984490575,0.556143372703412,0.556143372703412,0.556143372703412,4.57609854193239,1,"1519 642 1662"
"06037199400",0.17293319514038,0.0831972530422334,3.4586639028076,1.66394506084467,0.17293319514038,0.17293319514038,0.17293319514038,34.4444995338646,1,"2220 126 2207"
"06037199300",0.42339425256502,0.156790592937246,8.4678850513004,3.13581185874493,0.42339425256502,0.42339425256502,0.582213622444922,16.2017311415728,1,"2474 126 714"
"06037199900",0.523133649486996,0.310826647379305,10.4626729897399,6.2165329475861,0.523133649486996,0.523133649486996,0.407034791815796,10.6079224160197,1,"2269 2268 2218"
"06037199201",0.437355841883401,0.364357775590551,8.74711683766802,7.28715551181102,0.437355841883401,0.437355841883401,0.263197924123121,19.7394269178224,1,"2173 2268 2293"
"06037199800",0.48105625646226,0.3514984987672,9.62112512924521,7.02996997534399,0.48105625646226,0.48105625646226,0.41924225025849,10.7764153379354,1,"2268 2269 2173"
"06037201200",0.838532346098783,0.825113835202418,16.7706469219757,16.5022767040484,0.838532346098783,0.838532346098783,0.861216744213791,2.27668645361076,1,"267 2351 2186"
"06037201301",0.275895644436491,0.219642910403245,5.51791288872982,4.3928582080649,0.275895644436491,0.433848201503221,0.27587327507357,19.1976393439413,1,"2186 2351 889"
"06037201110",0.470130686789151,0.248065671478565,9.40261373578303,4.9613134295713,0.470130686789151,0.470130686789151,0.629406143124155,18.2879039923566,1,"267 2211 1900"
"06037201302",0.335763516066174,0,6.71527032132347,0,0.335763516066174,0.335763516066174,0.390979802950768,27.9967294555617,1,"2125 1190 2186"
"06037201503",0.92031970790583,0.77098246241947,18.4063941581166,15.4196492483894,0.92031970790583,0.92031970790583,0.885120893979162,40.7825905040262,1,"2182 267 2181"
"06037620521",0.490873299928418,0.341125949455182,9.81746599856836,6.82251898910364,0.551166810824783,0.490873299928418,0.490873299928418,10.2992207895471,1,"297 1099 115"
"06037620522",0.526687892706593,0.332262710769108,10.5337578541319,6.64525421538217,0.526687892706593,0.526687892706593,0.526687892706593,7.25971612646132,1,"685 115 116"
"06037620701",0.141721098783107,0.0347626113497176,2.83442197566213,0.695252226994353,0.141721098783107,0.141721098783107,0.141721098783107,14.7975186203495,1,"116 418 510"
"06037620602",0.26730518770381,0.032525053686471,5.34610375407619,0.65050107372942,0.26730518770381,0.26730518770381,0.243686247315676,23.3787190573781,1,"601 391 1016"
"06037621002",0.303418038654259,0.106760270023065,6.06836077308518,2.13520540046131,0.303418038654259,0.303418038654259,0.303430466078104,20.1167112480465,1,"480 743 1033"
"06037620601",0.380269227710173,0.148217534597948,7.60538455420345,2.96435069195896,0.380269227710173,0.380269227710173,0.380269227710173,2.18264624096302,1,"813 1016 601"
"06037621001",0.29040404040404,0.199222167541557,5.80808080808081,3.98444335083115,0.29040404040404,0.29040404040404,0.29040404040404,23.6840525538436,1,"481 1561 1555"
"06037620501",0.371211499840929,0.0144158116599061,7.42422999681858,0.288316233198123,0.371211499840929,0.371211499840929,0.371211499840929,17.6962946020499,1,"115 297 89"
"06037621102",0.080698719478247,0.00511699176807444,1.61397438956494,0.102339835361489,0.080698719478247,0.080698719478247,0.080698719478247,1.15513341020361,1,"384 1560 342"
"06037620702",0.214875129245208,0.184533573928259,4.29750258490416,3.69067147856518,0.214875129245208,0.214875129245208,0.214875129245208,23.2084736799749,1,"953 559 860"
"06037621301",0.441648274079376,0.246061128012408,8.83296548158753,4.92122256024815,0.629841102958721,0.441648274079376,0.475785164638511,35.2062112854321,1,"1716 1930 504"
"06037920115",0.251440338423606,0.0971489004215382,5.02880676847212,1.94297800843076,0.251440338423606,0.251440338423606,0.428205529706514,11.6375930986172,1,"2481 194 746"
"06037920102",1.10144443947347,0,22.0288887894695,0,1.10144443947347,4.33853731706832,1.10144692495824,756.196317211561,1,"20 65 234"
"06037221401",0.419938185993796,0.153603580092261,8.39876371987592,3.07207160184522,0.419938185993796,0.419938185993796,0.35082368965243,7.4548778342162,1,"1297 2118 2273"
"06037221304",0.733059557186033,0.543510274994035,14.6611911437207,10.8702054998807,0.733059557186033,0.733059557186033,0.733050857989342,5.15212989804596,1,"2153 2299 1297"
"06037221303",0.725135210371431,0.485063479280999,14.5027042074286,9.70126958561998,0.725135210371431,0.725135210371431,0.725125889803547,6.78524805847252,1,"2299 2153 2298"
"06037219902",0.55383497872425,0.208810546408972,11.076699574485,4.17621092817943,0.55383497872425,0.55383497872425,0.556392542551499,9.53204860067255,1,"2442 2200 2065"
"06037218702",0.767063474310029,0.547411243338901,15.3412694862006,10.948224866778,0.767063474310029,0.767063474310029,0.767994909727193,42.8208268069649,1,"2202 2118 2433"
"06037218701",0.504981532848167,0.326746177324425,10.0996306569633,6.53492354648851,0.504981532848167,0.504981532848167,0.510196701264615,19.7168180264358,1,"2433 906 2284"
"06037217002",0.700676176131393,0.291941312733636,14.0135235226279,5.83882625467271,0.700676176131393,0.700676176131393,0.574385588165116,43.5632241056462,1,"883 556 1471"
"06037217001",0.819919172035314,0.324879578262944,16.3983834407063,6.49759156525889,0.833425917640977,0.819919172035314,0.812698217410324,31.4117617658887,1,"883 556 1760"
"06037216402",0.286931818181818,0.207979151753758,5.73863636363636,4.15958303507516,0.349013635369442,0.286931818181818,0.286931818181818,21.6190262592897,1,"556 1471 1760"
"06037216401",0.57632799451205,0.328830256303189,11.526559890241,6.57660512606379,0.579046493478088,0.57632799451205,0.57632799451205,33.8634445303345,1,"556 1471 1760"
"06037215102",0.849656133182216,0.553950553766006,16.9931226636443,11.0790110753201,0.849656133182216,0.849656133182216,0.843034801757735,34.1618247903459,1,"460 2319 2134"
"06037215101",0.688259315596914,0.35989446631671,13.7651863119383,7.19788932633421,0.688259315596914,0.688259315596914,0.677042322834646,34.1709914605469,1,"460 2319 2134"
"06037214501",0.476717842798059,0.290835893382645,9.53435685596119,5.81671786765291,0.476717842798059,0.476717842798059,0.478325330072377,0.659433821134677,1,"2319 460 2134"
"06037212702",0.472683279646862,0.0620265151515152,9.45366559293725,1.2405303030303,0.472683279646862,0.472683279646862,0.467460654776107,18.5685263767476,1,"2215 2245 841"
"06037212502",0.787971372186431,0.482592907420663,15.7594274437286,9.65185814841327,0.787971372186431,0.787971372186431,0.695436774238447,28.1764135768616,1,"2366 2153 2193"
"06037574700",0.874864541080092,0.826709516424083,17.4972908216018,16.5341903284817,0.874864541080092,0.874864541080092,0.941900550783425,10.8887518654866,1,"1741 1085 625"
"06037574602",0.610157306331027,0.0188250616400223,12.2031461266205,0.376501232800445,0.610157306331027,0.610157306331027,0.616917824902569,4.61734799745068,1,"851 244 269"
"06037574800",0.378748732402768,0.304035681619343,7.57497464805536,6.08071363238686,0.403627813568758,0.378748732402768,0.378748732402768,24.9779341252329,1,"625 1663 2010"
"06037599000",0.320475920623558,0.25699042591267,6.40951841247117,5.1398085182534,0.320475920623558,0.320475920623558,0.316120729937167,20.97383930329,2,"135 808 1307"
"06037577603",0.112458243855882,0,2.24916487711763,0,0.112458243855882,0.112458243855882,0.112458243855882,67.1243536107212,1,"669 673 272"
"06037577400",0.367964835361489,0.0677120615604868,7.35929670722978,1.35424123120974,0.367964835361489,0.367964835361489,0.367964835361489,5.98493440490512,1,"615 159 1097"
"06037577602",0.642847023383441,0.614368338900819,12.8569404676688,12.2873667780164,0.66489016642806,0.642847023383441,0.66489016642806,64.6280949181453,1,"1242 244 1824"
"06037577300",0.322199604310825,0.173581906665076,6.4439920862165,3.47163813330152,0.326188185993796,0.326188185993796,0.322199604310825,1.0674152089422,1,"159 615 2506"
"06037502902",0.744336822953949,0.680695985445001,14.886736459079,13.6139197089,0.992547895291498,0.744336822953949,0.744337444325141,59.722701614377,1,"95 113 1786"
"06037555202",0.617444126302394,0.414211629086137,12.3488825260479,8.28423258172274,0.617444126302394,0.617444126302394,0.61809283782709,1.64649270214032,1,"602 30 591"
"06037920030",1.35383174759405,1.30392134931997,27.076634951881,26.0784269863994,1.35383174759405,1.35383174759405,1.70819663167104,5.09709161895572,1,"1168 1250 1964"
"06037920037",0.697077815557146,0.10287048635966,13.9415563111429,2.05740972719319,0.697077815557146,0.697077815557146,0.69427108188181,4.83397232302867,1,"1410 267 219"
"06037920041",0.277415518372703,0,5.54831036745407,0,0.277415518372703,0.277415518372703,0.269606125228665,155.143227694677,1,"1410 267 219"
"06037920031",2.16054305356717,1.93449567028553,43.2108610713434,38.6899134057106,2.16054305356717,2.19524228505528,2.17126419211803,16.8383955865945,1,"1410 177 267"
"06037920111",0.842223912351865,0.467434557186034,16.8444782470373,9.34869114372067,0.842223912351865,0.842223912351865,0.941021310546409,40.0765105615011,1,"921 785 1966"
"06037920112",1.15246087846974,1.09715573550465,23.0492175693947,21.9431147100931,1.15246087846974,1.15246087846974,1.16188894356955,12.2515684987267,1,"921 1964 34"
"06037310300",0.349187619303269,0.264079028473714,6.98375238606538,5.28158056947427,0.349187619303269,0.379073088165116,0.349187619303269,21.3042186478121,1,"1421 1501 1"
"06037310701",0.809910124870755,0.710463393780323,16.1982024974151,14.2092678756065,0.809910124870755,0.809910124870755,0.809910124870755,19.7728109240778,1,"1423 1 774"
"06037310702",0.715338672154617,0.470890623757258,14.3067734430923,9.41781247514515,0.858778483655452,0.715338672154617,0.715338672154617,1.21410989571539,1,"1417 1443 1"
"06037310800",0.679412232561839,0.135550261472998,13.5882446512368,2.71100522945995,0.679412232561839,0.679412232561839,0.679412232561839,16.8178336835102,1,"421 1438 1435"
"06037311100",0.386061028593017,0.271637387656088,7.72122057186033,5.43274775312177,0.467337623280045,0.386061028593017,0.386061028593017,43.7025921352515,1,"1719 577 846"
"06037311000",0.385259459755031,0.14623225363875,7.70518919510061,2.92464507277499,0.385259459755031,0.385259459755031,0.385259459755031,13.5697930233632,1,"846 1050 1422"
"06037311300",0.829876645390917,0.732941496659508,16.5975329078183,14.6588299331902,0.829876645390917,0.829876645390917,0.829876645390917,22.7614626270103,1,"1036 846 1427"
"06037277400",1.18175045235823,0.96690328481667,23.6350090471646,19.3380656963334,1.18175045235823,1.18175045235823,1.17691245625547,32.4384925014131,1,"131 948 223"
"06037310703",0.672788415652589,0.416828844547841,13.4557683130518,8.33657689095681,0.987137616320687,0.672788415652589,0.672788415652589,10.8295841460861,1,"1443 1417 1435"
"06037403316",1.04131310645828,0.265842479917283,20.8262621291657,5.31684959834566,1.05059763481269,1.04131310645828,1.04131310645828,71.7120550888245,1,"226 282 1856"
"06037406300",0.84663005547602,0.716664056907659,16.9326011095204,14.3332811381532,0.84663005547602,0.84663005547602,0.84663005547602,14.7184559118189,1,"474 479 281"
"06037403323",0.951328615883242,0.286985877475543,19.0265723176648,5.73971754951086,0.951328615883242,0.951328615883242,0.951155253320608,4.48745294019201,1,"662 798 985"
"06037403322",1.31832224807126,1.28432889425754,26.3664449614253,25.6865778851507,1.31832224807126,1.31832224807126,1.31832224807126,45.0497214772447,1,"662 476 887"
"06037800324",0.281949663962459,0.155200504056311,5.63899327924918,3.10401008112622,0.281949663962459,0.281949663962459,0.281949663962459,4.44008183816405,1,"1248 868 722"
"06037800326",0.785405109162491,0,15.7081021832498,0,0.785405109162491,0.785405109162491,0.785405109162491,113.319297484064,1,"1022 389 1002"
"06037404401",0.475737319056709,0.152445344189931,9.51474638113418,3.04890688379862,0.475737319056709,0.475737319056709,0.280222873419232,31.1424578221896,1,"702 1314 951"
"06037404302",0.54649161397439,0.11955368150004,10.9298322794878,2.3910736300008,0.780286874652032,0.54649161397439,0.54649161397439,13.7134422937506,1,"424 1772 1773"
"06037404301",0.397028851507198,0.279003743140062,7.94057703014396,5.58007486280124,0.414916885389326,0.397028851507198,0.401291457885946,37.3377604648609,1,"951 702 1820"
"06037406102",0.609661452119621,0.535989198083194,12.1932290423924,10.7197839616639,0.609661452119621,0.609661452119621,0.609655859778891,9.40282512838799,1,"1122 1529 285"
"06037401002",0.604718444285373,0.430576682176092,12.0943688857075,8.61153364352183,0.604718444285373,0.604718444285373,0.604718444285373,12.0854394035432,1,"380 759 1545"
"06037400800",0.740128275868925,0.678057643362762,14.8025655173785,13.5611528672552,0.83930346774835,0.740128275868925,0.741001923765211,14.2463910723645,1,"1820 1774 1973"
"06037181600",0.841614968583473,0.190449027678358,16.8322993716694,3.80898055356717,0.841614968583473,0.841614968583473,0.731376262626263,1.99241607120042,1,"2459 2458 2146"
"06037242200",0.429601129404279,0.348952119621411,8.59202258808558,6.97904239242822,0.429601129404279,0.429601129404279,0.339266185476815,39.8312022637938,1,"2239 2437 1127"
"06037242300",0.372195751809433,0.314853132705003,7.44391503618866,6.29706265410006,0.372195751809433,0.372195751809433,0.319156749582439,12.0716545904689,1,"2437 271 993"
"06037242600",0.362515410005567,0.0323175157082637,7.25030820011135,0.646350314165275,0.413333010220313,0.362515410005567,0.36381593991092,18.0297399472452,1,"2448 1199 2077"
"06037242700",0.422710122882367,0.329501337190806,8.45420245764734,6.59002674381611,0.534863894854052,0.422710122882367,0.546635150719796,44.3753869322662,1,"2077 1808 2448"
"06037243000",0.338461509782868,0.276775506044699,6.76923019565736,5.53551012089398,0.338461509782868,0.338461509782868,0.336081036745407,13.7514753494121,1,"2206 1127 2436"
"06037261101",1.7034213940587,1.56183451145311,34.0684278811739,31.2366902290623,1.7034213940587,1.7034213940587,1.7034213940587,14.5047618395918,1,"1479 70 450"
"06037261102",1.95041706434423,1.59926156247515,39.0083412868846,31.9852312495029,1.95041706434423,1.95041706434423,1.95041644297304,59.0410693122598,1,"165 267 161"
"06037243100",0.366341813807365,0.233495759762984,7.3268362761473,4.66991519525968,0.366341813807365,0.366341813807365,0.36878442396405,35.5253958354016,1,"2231 2435 2210"
"06037273700",0.657107492245287,0.61867879086137,13.1421498449057,12.3735758172274,0.667236464049948,0.667236464049948,0.656548258172274,24.786340118856,1,"2325 2096 2324"
"06037273600",0.149045201026008,0.0924370426708025,2.98090402052016,1.84874085341605,0.149045201026008,0.149045201026008,0.134825121291657,8.91581994539943,1,"2304 2154 2096"
"06037273200",0.394235787998091,0.162244989262706,7.88471575996182,3.24489978525412,0.395282177085819,0.394235787998091,0.394182971446751,5.57251257199164,1,"2306 768 2324"
"06037273300",0.499965824584427,0.491464845303428,9.99931649168854,9.82929690606856,0.506569757615525,0.499965824584427,0.485687957329197,0.794292713966025,1,"2306 1195 2461"
"06037273800",0.588790215143562,0.514983744929611,11.7758043028712,10.2996748985922,0.588790215143562,0.588790215143562,0.561337414499324,27.9070746587963,1,"2096 2281 2154"
"06037480903",1.19376652847371,0.758336937286248,23.8753305694743,15.166738745725,1.19376652847371,1.19376652847371,1.18556007913783,23.8692275528656,1,"719 441 1597"
"06037191120",0.38453431957369,0.207616270977491,7.69068639147379,4.15232541954983,0.38453431957369,0.38453431957369,0.388120252724091,22.3328371931162,1,"2246 2266 2264"
"06037480902",1.06218247932077,0.461514132466396,21.2436495864153,9.23028264932792,1.06218247932077,1.06218247932077,1.06218247932077,17.1929019202379,1,"719 201 100"
"06037482502",0.832976044897797,0.812751655332856,16.6595208979559,16.2550331066571,0.832976044897797,0.832976044897797,0.951886607213871,14.6813878625052,1,"415 2479 414"
"06037480702",0.528934149566531,0.297706394655214,10.5786829913306,5.95412789310427,0.528934149566531,0.528934149566531,0.78319675594528,36.7917525168824,1,"1974 1900 1348"
"06037480400",0.633788674143005,0.52746460669689,12.6757734828601,10.5492921339378,0.633788674143005,0.633788674143005,0.712639435695538,3.38643094059794,1,"1899 972 201"
"06037480804",0.538196308558021,0.0480910234232085,10.7639261711604,0.961820468464169,0.538196308558021,0.538196308558021,0.53825161059413,9.10368210660212,1,"100 201 2181"
"06037480704",0.614630557543943,0.53488812833055,12.2926111508789,10.697762566611,0.614630557543943,0.614630557543943,0.818167526644397,4.27338807732051,1,"1897 1828 600"
"06037480202",0.729499100254514,0.424313260558339,14.5899820050903,8.48626521116679,1.00529781078502,0.729499100254514,0.729218240475622,50.8094795987101,1,"1945 910 952"
"06037122200",0.773110037381691,0.537576180108168,15.4622007476338,10.7515236021634,0.773110037381691,0.773110037381691,0.773111901495268,57.6176729040929,1,"2158 2385 2418"
"06037122000",0.616249229499722,0.445893482064742,12.3249845899944,8.91786964129484,0.616249229499722,0.631661099180784,0.616272220233834,37.8441755391431,1,"2116 2234 2383"
"06037502401",1.11145100115327,0.817650545812455,22.2290200230653,16.3530109162491,1.11145100115327,1.11145100115327,1.11145100115327,36.657686865515,1,"912 877 1098"
"06037120400",1.31756852481508,1.06927418873777,26.3513704963016,21.3854837747554,1.31756852481508,1.31756852481508,1.31757908812535,35.7466542732835,1,"2320 191 2116"
"06037502901",0.647724165871312,0.523697233158355,12.9544833174262,10.4739446631671,0.938217683727034,0.647724165871312,0.647724165871312,16.6373617678285,1,"95 1786 1791"
"06037550800",0.582733710132824,0.336849672910204,11.6546742026565,6.73699345820409,0.928037138113418,0.582733710132824,0.582733710132824,28.2211238373249,1,"1992 407 287"
"06037550500",0.884973007635409,0.588229738328163,17.6994601527082,11.7645947665633,0.884973007635409,0.884973007635409,0.884973007635409,9.09882950104495,1,"314 912 1095"
"06037531502",0.816645788594607,0.716789573888491,16.3329157718921,14.3357914777698,0.816645788594607,0.816645788594607,0.752611001749781,19.9616508889678,1,"1207 1202 195"
"06037540000",0.898796031177921,0.730260901336197,17.9759206235584,14.6052180267239,1.11444601029985,0.898796031177921,0.779215630716615,7.11617476761988,1,"1723 1906 645"
"06037541700",0.566043058538137,0.353288047800843,11.3208611707627,7.06576095601686,0.693474484013362,0.566043058538137,0.566043058538137,32.830378871459,1,"1723 1661 645"
"06037541801",0.668988109440865,0.330117737413505,13.3797621888173,6.6023547482701,0.864037769426549,0.668988109440865,0.668988109440865,4.12780696676207,1,"1906 1723 642"
"06037543305",2.13437214169252,1.3567813966436,42.6874428338503,27.135627932872,2.13437214169252,2.13437214169252,2.13381974270262,261.918226217472,1,"522 329 322"
"06037543502",0.702346421896127,0.27409304660781,14.0469284379225,5.48186093215621,0.702346421896127,0.702346421896127,1.14237229579257,32.3728050385479,1,"2034 2164 1895"
"06037542601",0.677195801519128,0.319968881730693,13.5439160303826,6.39937763461386,0.677195801519128,0.677195801519128,0.677195801519128,54.5360061184276,1,"379 678 1107"
"06037542602",0.549412058577905,0.369771161417323,10.9882411715581,7.39542322834646,0.549412058577905,0.549412058577905,0.549412058577905,10.631573639648,1,"678 1107 379"
"06037542800",0.567804024496938,0.532864943728625,11.3560804899388,10.6572988745725,0.567804024496938,0.567804024496938,0.635175574644079,3.397282868554,1,"274 435 1121"
"06037542700",0.47632637894695,0.456256710808876,9.526527578939,9.12513421617752,0.47632637894695,0.47632637894695,0.480918312057584,86.9455452382671,1,"274 275 1121"
"06037542900",0.688655750417561,0.498839278612901,13.7731150083512,9.97678557225801,0.688655750417561,0.688655750417561,0.688655750417561,36.2009610514056,1,"1017 330 275"
"06037201501",0.78492168237493,0.55923655849837,15.6984336474986,11.1847311699674,0.78492168237493,0.78492168237493,0.85518136582359,34.3619462482038,1,"2181 2102 1673"
"06037201402",0.775379906346934,0.273596571025213,15.5075981269387,5.47193142050426,0.775379906346934,0.775379906346934,0.775380527718126,75.2191059035756,1,"2105 2269 2219"
"06037203300",0.675874766364432,0.548921175336038,13.5174953272886,10.9784235067208,0.675874766364432,0.675874766364432,0.388071785771097,80.4941988014972,1,"2376 2218 2269"
"06037203100",0.182729111986002,0.0350527916964925,3.65458223972003,0.70105583392985,0.182729111986002,0.182729111986002,0.177320075757576,1.16867103170002,1,"2219 2336 2218"
"06037203500",0.281723484848485,0.117314259723216,5.6344696969697,2.34628519446433,0.281723484848485,0.281723484848485,0.28256357870039,11.2182276685474,1,"2334 2090 2376"
"06037203710",0.497155362681937,0.237456379742305,9.94310725363875,4.7491275948461,0.497155362681937,0.497155362681937,0.550196229022509,9.89254477744314,1,"1060 2123 2218"
"06037203200",0.551063663206872,0.175080653980752,11.0212732641374,3.50161307961505,0.551063663206872,0.551063663206872,0.551211549550624,14.8350124066053,1,"1060 2218 2336"
"06037204410",0.329301255666905,0.233613820289509,6.5860251133381,4.67227640579018,0.329301255666905,0.329301255666905,0.329301255666905,20.1735644174482,1,"2354 2224 2322"
"06037203800",0.762553562196771,0.61175795852223,15.2510712439354,12.2351591704446,0.762553562196771,0.762553562196771,0.85055712141096,48.2471587041357,1,"1060 2188 2123"
"06037204420",0.277979723415255,0.0331892994909727,5.5595944683051,0.663785989819454,0.277979723415255,0.277979723415255,0.31864598246242,55.7935623451202,1,"2354 2123 2224"
"06037204110",0.707966724329913,0.263288022945995,14.1593344865983,5.26576045891991,0.707966724329913,0.707966724329913,0.659729057305337,1.53330160087702,1,"2188 2123 2354"
"06037204300",0.391325285333651,0.142477928895252,7.82650570667303,2.84955857790503,0.391325285333651,0.391325285333651,0.25843449256343,2.10416669592124,1,"2188 2224 2123"
"06037621400",0.466203620854211,0.435974533723057,9.32407241708423,8.71949067446115,0.51024268273284,0.466203620854211,0.466203620854211,39.9963806540831,1,"684 860 2075"
"06037103200",0.603417914380021,0.476266727312495,12.0683582876004,9.5253345462499,0.75566007019009,0.808085157679154,0.603417914380021,296.101520071084,1,"1711 1425 1704"
"06037650001",1.00262156506005,0.902568375685994,20.052431301201,18.0513675137199,1.0635886423288,1.00262156506005,1.00262156506005,111.07480330955,1,"2004 316 397"
"06037103102",0.805677344309234,0.635423501749781,16.1135468861847,12.7084700349956,0.805677344309234,0.805677344309234,0.626460222301758,5.78221787609454,1,"2229 2386 2312"
"06037650300",0.320968667979003,0.0355262765449773,6.41937335958005,0.710525530899547,0.320968667979003,0.320968667979003,0.298709287759485,29.425670315675,1,"811 273 351"
"06037650101",0.43156776922771,0.282464780680824,8.6313553845542,5.64929561361648,0.43156776922771,0.43156776922771,0.43156776922771,19.0756953468655,1,"454 555 316"
"06037216200",0.982040508430764,0.834484112781357,19.6408101686153,16.6896822556271,0.982040508430764,0.982040508430764,0.97958982044858,14.0951590988283,1,"460 2245 2134"
"06037216300",0.548442719518015,0.27006034757019,10.9688543903603,5.4012069514038,0.548442719518015,0.548442719518015,0.548442719518015,24.4631100306862,1,"460 2134 556"
"06037216900",0.975597510538455,0.921087101328243,19.5119502107691,18.4217420265649,0.975597510538455,0.975597510538455,0.865196005328879,8.61272128974101,1,"2134 460 2200"
"06037216700",0.88305421339378,0.846037267358626,17.6610842678756,16.9207453471725,0.88305421339378,0.88305421339378,0.578227526246719,30.7927248924351,1,"883 2134 556"
"06037216800",0.675078789867176,0.407623230334844,13.5015757973435,8.15246460669689,0.675078789867176,0.675078789867176,0.59545255706673,18.7581444284213,1,"2134 556 460"
"06037211921",0.519869586614173,0.198405685794957,10.3973917322835,3.96811371589915,0.519869586614173,0.519869586614173,0.480900292293009,0.851932200676607,1,"2370 2307 2250"
"06037211201",0.621138799411437,0.437163216813807,12.4227759882287,8.74326433627615,0.823329257138312,0.621138799411437,0.988756909647658,16.2637726698652,1,"2462 2217 2370"
"06037209104",0.412561267199555,0.359658966634852,8.25122534399109,7.19317933269705,0.492441640817625,0.412561267199555,0.437980941302792,17.5222384405332,1,"1817 2405 2347"
"06037209103",0.504711236379544,0.387854927225006,10.0942247275909,7.75709854450012,0.5764920365068,0.504711236379544,0.494936446154458,20.3703063247926,1,"1817 2405 267"
"06037208802",0.281228873379464,0.0979566829714467,5.62457746758928,1.95913365942894,0.281228873379464,0.281228873379464,0.298809949892627,22.9953982524722,1,"2276 2250 2035"
"06037208801",0.428023467947188,0.137086291060208,8.56046935894377,2.74172582120417,0.428023467947188,0.428023467947188,0.444136865704287,45.4016885048138,1,"2276 2250 2035"
"06037208502",0.495474553606935,0.383433871192237,9.90949107213871,7.66867742384475,0.495474553606935,0.495474553606935,0.495474553606935,11.2427432861805,1,"2251 2276 2307"
"06037208402",0.401426295434662,0.354494750656168,8.02852590869323,7.08989501312336,0.401426295434662,0.401426295434662,0.401426295434662,19.7573959029838,1,"2251 2175 2405"
"06037208401",0.452568872782948,0.372753743140062,9.05137745565895,7.45507486280124,0.488220666308757,0.452568872782948,0.488220666308757,8.67074686869915,1,"2405 1817 2347"
"06037208302",0.135583815517378,0,2.71167631034757,0,0.228021479559373,0.135583815517378,0.228011537620297,71.2663599637946,1,"1817 2347 2405"
"06037206032",0.445211216495665,0.0207966724329913,8.90422432991331,0.415933448659827,0.445211216495665,0.445211216495665,0.338716893342878,10.6063802785237,1,"2322 2334 2224"
"06037920012",6.21086044997216,0.377514067843792,124.217208999443,7.55028135687584,6.21086044997216,7.07098855185715,7.04307531515947,53.3655694515845,1,"65 267 212"
"06037920011",3.79269317187624,0,75.8538634375249,0,4.68813379861608,5.56547636801082,3.79269317187624,414.051841107119,1,"65 1517 1164"
"06037910812",4.58052349280204,4.37629493756462,91.6104698560407,87.5258987512924,4.58052349280204,5.20636234391156,4.29675196850394,179.526742872706,1,"177 267 65"
"06037910811",4.89096489004215,0,97.8192978008431,0,4.89096489004215,4.89096489004215,4.89096489004215,42.667240391484,1,"65 1137 1847"
"06037910001",2.42325755090273,1.61312994611469,48.4651510180546,32.2625989222938,2.42325755090273,2.42325755090273,2.42325755090273,0.0711239905734435,1,"1842 1454 517"
"06037901213",4.82481247017418,4.1778382993319,96.4962494034837,83.556765986638,5.20694208323391,4.82481247017418,4.82481247017418,235.209508627057,1,"1182 90 422"
"06037901209",3.45491517040484,3.28525287322039,69.0983034080967,65.7050574644079,3.45491517040484,3.78259278314643,2.89112271832498,88.9844884891453,1,"267 2499 5"
"06037577604",0.362716734271852,0.00978597490654577,7.25433468543705,0.195719498130915,0.55348203988706,0.362716734271852,0.553866668655054,3.04517427523374,1,"1824 1228 912"
"06037576904",0.323070766722342,0,6.46141533444683,0,0.323070766722342,0.323070766722342,0.323070766722342,13.8220606656311,1,"890 2509 763"
"06037573004",0.444551941660701,0.189415066014475,8.89103883321403,3.78830132028951,0.444551941660701,0.444551941660701,0.444551941660701,9.76579999502298,1,"296 1220 1212"
"06037571703",0.450271663485246,0.38875032311302,9.00543326970492,7.7750064622604,0.464981383719081,0.450271663485246,0.469368264336276,7.40910143969278,1,"1188 1666 1187"
"06037576901",0.664965973713513,0.612479370476418,13.2993194742703,12.2495874095284,0.664965973713513,0.664965973713513,0.664965973713513,31.1518257733229,1,"890 763 895"
"06037575101",0.28313586156844,0.0597131502028156,5.66271723136881,1.19426300405631,0.28313586156844,0.28313586156844,0.28313586156844,19.0354649541473,1,"895 1599 489"
"06037575001",0.643823818897638,0.432192247275909,12.8764763779528,8.64384494551817,0.658216639823431,0.658216639823431,0.658216639823431,25.2738307910136,1,"966 320 2497"
"06037574902",0.551431514952676,0.494324395530104,11.0286302990535,9.88648791060208,0.551431514952676,0.551431514952676,0.551431514952676,16.1930107801385,1,"188 966 1663"
"06037574300",0.91821450230653,0.776876789549034,18.3642900461306,15.5375357909807,0.91821450230653,0.91821450230653,0.935142517696651,19.988752393083,1,"1085 624 1741"
"06037900602",1.40056010399268,0.935414678278851,28.0112020798537,18.708293565577,1.40056010399268,1.40056010399268,1.41325223196532,127.21986067369,1,"315 1175 347"
"06037900504",2.41335537958323,2.04320145351149,48.2671075916647,40.8640290702299,2.46997720810467,2.41335537958323,2.41335537958323,21.4405353994183,1,"347 1567 950"
"06037900606",0.525954674699753,0.360922835639863,10.5190934939951,7.21845671279726,0.525954674699753,0.525954674699753,0.600816233198123,39.5162715849814,1,"1175 315 347"
"06037900605",1.84759566630876,0.688627167342719,36.9519133261751,13.7725433468544,1.84759566630876,1.84759566630876,1.85316750178955,22.3128491236771,1,"1003 315 347"
"06037920108",1.01653406605424,0.82505045534081,20.3306813210849,16.5010091068162,1.01653406605424,1.01653406605424,1.13365383659429,18.747322532756,1,"2483 1965 1424"
"06037920106",1.23494417601209,0.270920946671439,24.6988835202418,5.41841893342878,2.11436709615843,2.11436709615843,1.16841955479997,61.3248495070076,1,"1029 1182 1749"
"06037920107",0.788270251729897,0.702685690567088,15.7654050345979,14.0537138113418,0.788270251729897,0.788270251729897,1.04687127177285,32.4359781130178,1,"2483 1200 1967"
"06037920109",0.751022776982423,0.468791010498688,15.0204555396485,9.37582020997375,0.751022776982423,0.751022776982423,1.04121865803706,48.3682865913643,1,"1251 267 1965"
"06037920331",0.377782500198839,0.189667964089716,7.55565000397678,3.79335928179432,0.377782500198839,0.377782500198839,0.377782500198839,14.3758890339178,1,"1030 108 1428"
"06037920110",0.939317510737294,0.928780298059333,18.7863502147459,18.5756059611867,0.939317510737294,0.939317510737294,0.926168053567168,8.45218999833535,1,"746 921 1965"
"06037910804",3.21186334307643,3.1272015181341,64.2372668615287,62.5440303626819,3.42469975343991,3.42469975343991,3.21186334307643,24.2380676767532,1,"177 1182 1847"
"06037910709",2.02941446949813,1.93570920822397,40.5882893899626,38.7141841644794,2.02941446949813,2.02941446949813,2.23092452576951,70.3179884876981,1,"1363 777 2495"
"06037920033",2.89428363357989,2.1880679332697,57.8856726715979,43.7613586653941,2.89428363357989,2.89428363357989,2.97579883480474,69.819862143738,1,"177 1434 753"
"06037920040",1.21433515767915,1.17120205499881,24.2867031535831,23.4240410999761,1.21433515767915,1.21433515767915,1.2958901266603,27.9893127279712,1,"1434 219 1410"
"06037920013",1.70569064165275,0.728515469657202,34.113812833055,14.570309393144,1.70569064165275,1.70569064165275,0.917406719756621,245.928844631178,1,"1402 187 34"
"06037920039",0.612118353813728,0.152966674620218,12.2423670762746,3.05933349240436,0.612118353813728,0.612118353813728,0.607115694345025,9.85582994643786,1,"219 1410 267"
"06037300701",0.961689980513799,0,19.233799610276,0,0.961689980513799,1.12235171597868,0.961689980513799,172.997830618378,1,"25 61 754"
"06037300702",0.73976850194862,0.108798367533604,14.7953700389724,2.17596735067207,0.73976850194862,0.73976850194862,0.306808861250298,20.213672349239,1,"257 25 741"
"06037300600",0.58447665632705,0.546146752962698,11.689533126541,10.922935059254,0.58447665632705,0.58447665632705,0.584142358625626,43.290820970145,1,"61 1533 1876"
"06037300502",0.477002430804104,0.374026311341764,9.54004861608208,7.48052622683528,0.477002430804104,0.477002430804104,0.476543237493041,11.6093842957776,1,"1876 554 428"
"06037123103",0.808599031655134,0.410284563151197,16.1719806331027,8.20569126302394,0.808599031655134,0.808599031655134,0.808297666626899,48.7798507165624,1,"2425 2446 1416"
"06037103101",0.803158305495904,0.582587687902648,16.0631661099181,11.651753758053,1.05531011393462,0.83717340730136,0.792686336793128,19.5491401668778,1,"1705 1706 2312"
"06037106010",0.812638565775869,0.429601750775471,16.2527713155174,8.59203501550942,0.812638565775869,1.09807412212678,0.812641051260638,3.52466682292643,1,"55 65 1883"
"06037403702",0.520218175853018,0.365637178875368,10.4043635170604,7.31274357750736,0.520218175853018,0.520218175853018,0.740381173944166,29.3749841100239,1,"2467 2466 1067"
"06037403408",0.714613531973276,0.447193390598902,14.2922706394655,8.94386781197805,0.714613531973276,0.714613531973276,0.714613531973276,41.8690810992765,1,"289 1113 938"
"06037408501",1.24167300465283,0.950986861727511,24.8334600930565,19.0197372345502,1.24167300465283,1.24167300465283,0.987948505726557,27.5324407651313,1,"968 661 637"
"06037408626",0.818129001630478,0.545081101368011,16.3625800326096,10.9016220273602,0.818129001630478,1.09348405312972,1.09348281038734,16.5169556537922,1,"1940 37 1840"
"06037408402",0.478623588244651,0.4207223564384,9.57247176489303,8.414447128768,0.478623588244651,0.478623588244651,0.344171289668337,14.2316215821095,1,"1201 2050 637"
"06037431200",0.459615222102919,0.0585766622922135,9.19230444205838,1.17153324584427,0.459615222102919,0.459615222102919,0.459669902767836,5.2379823135426,1,"1869 594 1527"
"06037401001",0.569420210967947,0.0616891105941303,11.3884042193589,1.23378221188261,0.594331603435934,0.569420210967947,0.569420210967947,51.6702088485163,1,"759 380 1546"
"06037401102",0.59579679670723,0.353578228147618,11.9159359341446,7.07156456295236,0.59579679670723,0.59579679670723,0.594994606498051,75.0118803748015,1,"169 380 1545"
"06037401101",0.424081489103635,0.267738904795991,8.4816297820727,5.35477809591983,0.424081489103635,0.630955221506403,0.424474817068321,16.3974955075526,1,"1547 1295 169"
"06037401500",0.409766960948063,0.144244487194782,8.19533921896127,2.88488974389565,0.409766960948063,0.409766960948063,0.409766960948063,2.7320818341718,1,"623 1086 552"
"06037401203",0.525400411596278,0.314517592261195,10.5080082319256,6.29035184522389,0.525400411596278,0.525400411596278,0.525063007038893,2.52619529792044,1,"425 1547 1924"
"06037401201",1.3392276604629,1.2486472749145,26.7845532092579,24.97294549829,1.43244328123757,1.3392276604629,1.32146017259206,2.82915587603048,1,"437 1929 620"
"06037403902",0.53962359818659,0.458603008430764,10.7924719637318,9.17206016861529,0.686642507754712,0.653452586892548,0.653548899427344,13.5639304508242,1,"1925 1924 302"
"06037404100",0.41167954147777,0.316236926350115,8.2335908295554,6.32473852700231,0.828618990097829,0.41167954147777,0.41167954147777,8.81833263839542,1,"1773 424 1772"
"06037274100",0.595447586097192,0.182562584506482,11.9089517219438,3.65125169012964,0.595447586097192,0.595447586097192,0.590909712280283,54.828671736326,1,"1249 2401 666"
"06037275200",0.507672691481747,0.193527300564702,10.1534538296349,3.87054601129404,0.507672691481747,0.507672691481747,0.560758917919351,56.8101966997632,1,"293 663 2065"
"06037275400",0.565801966515549,0.445535572258013,11.316039330311,8.91071144516026,0.565801966515549,0.565801966515549,0.477608267716535,1.47980288641504,1,"1891 687 2119"
"06037275302",0.438054263103476,0.112539643482065,8.76108526206951,2.2507928696413,0.492209247991728,0.438054263103476,0.41923106557703,65.4797521173721,1,"2119 143 293"
"06037275311",0.406778165513402,0.0747907221824545,8.13556331026803,1.49581444364909,0.406778165513402,0.406778165513402,0.406778165513402,10.6589621739716,1,"293 2119 687"
"06037276000",1.16037404060288,0.83159660085103,23.2074808120576,16.6319320170206,1.23228346456693,1.16037404060288,1.1570584039211,5.5174476675687,1,"223 237 1997"
"06037276100",1.10133321403006,0.94885617990933,22.0266642806013,18.9771235981866,1.1112962797264,1.10133321403006,1.1014028076036,36.6059036362131,1,"237 2064 387"
"06037276500",0.79953571144516,0.689581593493995,15.9907142289032,13.7916318698799,1.45398000676052,1.21146690825579,0.759854325737692,74.1261186591294,1,"2441 143 1997"
"06037276400",0.884043436331822,0.675821328441899,17.6808687266364,13.516426568838,1.46669885369442,1.21707043366738,0.884034115763939,17.7331764159466,1,"1997 2441 143"
"06037276601",0.857185909289748,0.601489178199316,17.143718185795,12.0297835639863,0.994332473355603,0.857185909289748,0.821461415334447,0.240117597280796,1,"143 2400 2396"
"06037431002",0.506759275829158,0.283040791776028,10.1351855165832,5.66081583552056,0.506759275829158,0.506759275829158,0.575238730812058,14.0445520120625,1,"859 2061 1521"
"06037190901",0.181851735862563,0.120106701861131,3.63703471725125,2.40213403722262,0.277084327527241,0.181851735862563,0.277076871072934,52.508588835371,1,"2364 2266 1809"
"06037480703",0.396211127018214,0.210388207866062,7.92422254036427,4.20776415732124,0.396211127018214,0.396211127018214,0.587242379503698,14.9302032008728,1,"1896 761 1897"
"06037430101",0.0808167800047721,0,1.61633560009544,0,0.0808167800047721,0.15225893283226,0.170288017975026,29.6214737956751,1,"1926 334 333"
"06037480011",0.845096511373578,0.486342882565816,16.9019302274716,9.72685765131631,0.845096511373578,0.845096511373578,0.845096511373578,32.9980686476384,1,"704 1021 509"
"06037400206",0.568795111548556,0.476095228863438,11.3759022309711,9.52190457726875,0.568795111548556,0.568795111548556,0.498918192754315,48.6513062407635,1,"562 1000 520"
"06037400302",0.687224732561839,0.345026917800048,13.7444946512368,6.90053835600095,0.687224732561839,0.687224732561839,0.687224732561839,3.23314815991331,1,"1364 664 806"
"06037481202",0.842328302712161,0.701041542392428,16.8465660542432,14.0208308478486,1.23847791398234,0.842328302712161,0.865666383321403,22.8578314843081,1,"1539 1725 1608"
"06037502602",0.959417004692595,0.649923819891832,19.1883400938519,12.9984763978366,0.959417004692595,0.959417004692595,0.959417004692595,6.94528194799418,1,"877 314 912"
"06037502601",0.571786392467987,0.270126212916567,11.4357278493597,5.40252425833134,0.571786392467987,0.571786392467987,0.647755234430923,3.77877648456587,1,"877 912 1902"
"06037530003",0.525510394297304,0.467981363835202,10.5102078859461,9.35962727670405,0.584147329595164,0.525510394297304,0.525510394297304,9.1448322902522,1,"1090 1588 991"
"06037117303",1.14276624512845,0.46896934403086,22.855324902569,9.3793868806172,1.62102073888491,1.14276624512845,1.16128869899785,0.850800763064493,1,"1278 2161 2300"
"06037503000",1.28889348703571,0.379139574882685,25.7778697407142,7.5827914976537,1.28889348703571,1.28889348703571,1.26911213513084,0.349376735920639,1,"113 405 95"
"06037115301",1.22129886463056,0.513900073570349,24.4259772926112,10.278001471407,1.24701741827726,1.22129886463056,1.1917346446751,25.7269956998905,1,"2414 2303 1683"
"06037503201",1.02407067724489,0.732038644317188,20.4814135448978,14.6407728863438,1.42420017100135,1.02407067724489,1.02407067724489,7.83769497127448,1,"1793 95 1794"
"06037503302",0.329178224170842,0.0148687912590472,6.58356448341684,0.297375825180943,0.759189458561998,0.329178224170842,0.329178224170842,16.6887521072037,1,"1785 1794 1089"
"06037540600",0.268659776902887,0.162484217171717,5.37319553805774,3.24968434343434,0.268659776902887,0.268659776902887,0.268659776902887,46.3896464507045,1,"710 1124 1215"
"06037542501",0.410964964606697,0.081436908454625,8.21929929213394,1.6287381690925,0.410964964606697,0.410964964606697,0.410964964606697,10.7842338126068,1,"330 275 1520"
"06037543000",0.452353256979241,0.406637114252764,9.04706513958482,8.13274228505528,0.452353256979241,0.452353256979241,0.51475570170206,19.38066337732,1,"202 1522 1017"
"06037543503",0.90759713274477,0.63710058259763,18.1519426548954,12.7420116519526,0.90759713274477,0.90759713274477,0.916675365863358,6.12603272065222,1,"1877 2297 1047"
"06037543202",0.659655114133461,0.61654313807365,13.1931022826692,12.330862761473,0.659655114133461,0.659655114133461,0.659655114133461,7.08208248610969,1,"274 857 357"
"06037543400",0.702251352103714,0.353849145987433,14.0450270420743,7.07698291974867,0.97003313151197,0.702251352103714,0.702251352103714,11.1684915102432,1,"1884 1987 969"
"06037543304",0.795703715302633,0.503507019008988,15.9140743060526,10.0701403801798,0.795703715302633,0.795703715302633,0.795507362005886,22.2358308939477,1,"522 329 309"
"06037543201",0.465817749343832,0.375086991966913,9.31635498687664,7.50173983933826,0.465817749343832,0.465817749343832,0.550972943012805,65.5920666861224,1,"1887 357 1520"
"06037203720",0.519494899785254,0.366110663723853,10.3898979957051,7.32221327447705,0.519494899785254,0.519494899785254,0.649582065736101,10.4649715396162,1,"2123 1060 2188"
"06037204120",0.758011338781516,0.413377748946154,15.1602267756303,8.26755497892309,0.758011338781516,0.758011338781516,0.699591883400938,9.44657380036791,1,"2188 2294 2120"
"06037204200",0.346392070309393,0.144869586614173,6.92784140618786,2.89739173228346,0.346392070309393,0.346392070309393,0.462321293645113,4.64045055630712,1,"2123 2188 2354"
"06037204600",0.322313315239004,0.144471287679949,6.44626630478008,2.88942575359898,0.371914892030542,0.371914892030542,0.324018357790503,14.8417712711523,1,"2224 2120 1816"
"06037203900",0.835471471605822,0.66177398989899,16.7094294321164,13.2354797979798,0.835471471605822,0.835471471605822,0.858425544818261,11.7586219996756,1,"2188 1881 2294"
"06037204700",0.370710674659986,0.224979867573371,7.41421349319971,4.49959735146743,0.517812226596675,0.517812226596675,0.517812226596675,23.4585324175906,1,"2120 1816 2294"
"06037204820",0.60272073590233,0.390951841247117,12.0544147180466,7.81903682494234,0.60272073590233,0.60272073590233,0.61616534438877,17.4242471328796,1,"1196 2294 2120"
"06037204910",0.718125521951801,0.365074837946393,14.362510439036,7.30149675892786,0.718125521951801,0.718125521951801,0.750989844309234,28.7434544498091,1,"1881 2294 1196"
"06037205110",0.626595059850473,0.394584377236936,12.5319011970095,7.89168754473873,0.626769665155492,0.626595059850473,0.62715802215064,45.0242114298711,1,"1196 2294 1816"
"06037204810",0.641166835679631,0.4870245267637,12.8233367135926,9.740490535274,0.641166835679631,0.641166835679631,0.660349807126382,1.03189357153641,1,"2294 2120 1881"
"06037124102",0.537336952199157,0.249141265012328,10.7467390439831,4.98282530024656,0.626996465640659,0.537336952199157,0.627975746639625,11.759854047908,1,"2395 2301 1805"
"06037320000",0.957071328441899,0.607449370675257,19.141426568838,12.1489874135051,0.957071328441899,0.957071328441899,0.954180709655611,382.240559386572,1,"2179 206 2129"
"06037206200",0.384452919947507,0.279521966714388,7.68905839895013,5.59043933428776,0.384452919947507,0.384452919947507,0.330903771971685,2.70872266624978,1,"2360 2145 2375"
"06037207900",0.471142900461306,0.130971377157401,9.42285800922612,2.61942754314801,0.471142900461306,0.471142900461306,0.471137929491768,61.266295467354,1,"2205 1299 1266"
"06037217200",0.767039240833532,0.669986031575599,15.3407848166706,13.399720631512,0.767039240833532,0.767039240833532,0.658301767676768,9.79608670149701,1,"841 906 2284"
"06037217100",1.25749622206315,1.22855772289827,25.149924441263,24.5711544579655,1.25749622206315,1.25749622206315,1.21429290443808,44.1198112072458,1,"2284 460 2200"
"06037218210",0.705184845502267,0.27354872544341,14.1036969100453,5.47097450886821,0.705184845502267,0.705184845502267,0.668909195299451,44.4221880061763,1,"2284 906 841"
"06037218110",0.510498687664042,0.371184159508471,10.2099737532808,7.42368319016941,0.510498687664042,0.510498687664042,0.47399623697606,21.4823832173554,1,"906 2433 841"
"06037218120",0.771500685993796,0.744482223812932,15.4300137198759,14.8896444762586,0.771500685993796,0.771500685993796,0.761601621530263,42.4525288421335,1,"2433 906 2118"
"06037188100",0.295485614014157,0.252444474270262,5.90971228028315,5.04888948540523,0.453336887576553,0.295485614014157,0.311562972242106,29.4652230583257,1,"744 1194 2144"
"06037218300",1.10852434283783,0.87890221108725,22.1704868567565,17.578044221745,1.10852434283783,1.10852434283783,0.989958020162252,32.3595889010167,1,"2284 2200 2442"
"06037218600",0.578630796150481,0.411947352461624,11.5726159230096,8.23894704923248,0.578630796150481,0.578630796150481,0.580992628052175,36.5650009941571,1,"2284 2202 2428"
"06037218220",0.511371714189135,0.469031481150083,10.2274342837827,9.38062962300167,0.511371714189135,0.511371714189135,0.492280705678836,23.8175703495613,1,"906 2284 841"
"06037218400",1.12051432136324,1.04746840948859,22.4102864272648,20.9493681897717,1.12051432136324,1.12051432136324,1.02519473773165,29.344703737927,1,"2442 2200 2284"
"06037218500",0.929298521633659,0.712801613576712,18.5859704326732,14.2560322715342,0.929298521633659,0.929298521633659,0.931388814324346,6.02843124253241,1,"2284 2202 2428"
"06037218800",0.620590128648692,0.48048397359421,12.4118025729738,9.6096794718842,0.620590128648692,0.620590128648692,0.505540145549988,14.5428680151181,1,"2433 2118 906"
"06037219500",0.765255905511811,0.652664688220791,15.3051181102362,13.0532937644158,0.765255905511811,0.765255905511811,0.770953879344627,7.12766554338263,1,"2337 2428 2202"
"06037219300",0.852423720472441,0.832498831822159,17.0484744094488,16.6499766364432,0.852423720472441,0.852423720472441,0.852611995943689,6.48106556312526,1,"2265 2428 2202"
"06037220000",0.526850070587767,0.35410639366102,10.5370014117553,7.08212787322039,0.526850070587767,0.526850070587767,0.527050152111668,2.91366826483663,1,"2202 2428 2337"
"06037554103",0.627511582359023,0.49176807444524,12.5502316471805,9.8353614889048,0.627511582359023,0.627511582359023,0.627511582359023,18.9289121690796,1,"1465 1463 912"
"06037552301",0.751173148810944,0.709022433985524,15.0234629762189,14.1804486797105,1.05388033882128,0.751173148810944,0.731528498568361,55.9876982155985,1,"1890 748 533"
"06037433102",0.709761244333095,0.476680560526525,14.1952248866619,9.5336112105305,0.709761244333095,0.709761244333095,0.611613800405631,54.596373761027,1,"1491 871 381"
"06037800328",0.358818251411755,0,7.17636502823511,0,0.358818251411755,0.835955519764575,0.358818251411755,51.4598385044514,1,"83 1119 1290"
"06037800204",1.84472306728704,1.73091893342878,36.8944613457409,34.6183786685755,1.98918689851269,1.86838363954506,1.45938780024656,107.194785220423,1,"1488 1813 1182"
"06037930101",1.06173260657759,0,21.2346521315517,0,1.06173260657759,4.50973440109759,1.06173260657759,231.14247238064,1,"65 58 59"
"06037920339",3.08130890598902,2.8666034110793,61.6261781197805,57.3320682215859,3.08130890598902,3.08130890598902,3.08130890598902,116.328474956594,1,"1401 1424 1032"
"06037542104",0.537800495108566,0.442098146822556,10.7560099021713,8.84196293645113,0.699914996420902,0.537800495108566,0.621862075479201,25.5218111227132,1,"1866 2054 845"
"06037542103",0.691629011572417,0.572003251014078,13.8325802314483,11.4400650202816,0.742441640817625,0.691629011572417,0.691629011572417,47.2693446006098,1,"1866 642 1206"
"06037900607",0.368035050306212,0.0178544798377476,7.36070100612423,0.357089596754951,0.368035050306212,0.368035050306212,0.411701289469498,12.9304973243884,1,"347 1175 315"
"06037900704",0.968485917243299,0.447722798854689,19.369718344866,8.95445597709377,0.968485917243299,0.968485917243299,1.57244318181818,8.24697672302112,1,"1748 575 523"
"06037900703",1.43718558617673,1.24169164578859,28.7437117235346,24.8338329157719,1.43718558617673,1.43718558617673,1.61208417839815,69.4731575047067,1,"1748 523 575"
"06037900701",1.09450185914261,0.508092738407699,21.8900371828521,10.161854768154,1.09450185914261,1.09450185914261,1.09450185914261,0.0189128713253587,1,"523 1143 1748"
"06037900705",1.22823088165116,0.604718444285373,24.5646176330231,12.0943688857075,1.22823088165116,1.22823088165116,1.58639047959914,13.4564785521745,1,"1748 575 836"
"06037900804",0.490668868806172,0.0835135309790822,9.81337737612344,1.67027061958164,0.490668868806172,0.490668868806172,0.490668868806172,8.95645430191444,1,"1163 674 1143"
"06037900806",0.419692744372862,0.151853177443729,8.39385488745725,3.03706354887457,0.419692744372862,0.419692744372862,0.419692744372862,2.11915447705085,1,"1143 523 1175"
"06037900900",6.0167378758053,3.64520885528513,120.334757516106,72.9041771057027,6.19889594766563,6.0167378758053,6.0167378758053,284.348264125793,1,"1841 1182 422"
"06037901003",3.89805411397439,3.69830129543466,77.9610822794878,73.9660259086932,3.89805411397439,3.89805411397439,4.01768857372942,274.792822780448,1,"1841 836 856"
"06037920026",3.69963786486916,2.93361829416209,73.9927572973833,58.6723658832419,3.82972751630478,4.24461084764973,3.69963724349797,84.6559456613862,1,"65 1517 177"
"06037920043",0.545338349041597,0.00954115465680426,10.9067669808319,0.190823093136085,0.545338349041597,0.608053343474111,0.545338349041597,77.6186486533114,1,"1415 1171 267"
"06037910810",1.7796810377396,1.20327661457091,35.593620754792,24.0655322914181,1.7796810377396,1.7796810377396,1.78331419510061,8.6342447292863,1,"152 177 1434"
"06037920032",1.15483886602243,0.501597545335242,23.0967773204486,10.0319509067048,1.15483886602243,1.15483886602243,1.4825021872266,10.6465582726561,1,"1257 2482 1398"
"06037920036",0.541249726596675,0.452873344667144,10.8249945319335,9.05746689334288,0.572007600612423,0.541249726596675,0.52280991509584,28.6046120605954,1,"1168 1721 267"
"06037920029",0.89547977312495,0.536728629801957,17.909595462499,10.7345725960391,1.15024009782868,0.89547977312495,0.879372589079774,128.397960405332,1,"1398 1721 1168"
"06037920020",0.554385513600573,0.272393596397041,11.0877102720115,5.44787192794082,0.554385513600573,0.554385513600573,0.554385513600573,13.4983813494089,1,"1164 1394 187"
"06037920322",0.415468041636841,0.0843492752326414,8.30936083273682,1.68698550465283,0.415468041636841,0.415468041636841,0.415468041636841,24.5871695752502,1,"1428 758 740"
"06037103400",0.778612900660145,0.703812857909807,15.5722580132029,14.0762571581961,0.825805421339378,0.778612900660145,0.816788703968822,8.67026430006268,1,"2386 2229 1182"
"06037104105",0.604801086653941,0.550123528593017,12.0960217330788,11.0024705718603,0.604801086653941,0.604801086653941,0.546582955539648,5.32781004022283,1,"1702 2230 2157"
"06037104201",1.02853709337469,0.723887497017418,20.5707418674938,14.4777499403484,1.02853709337469,1.02853709337469,0.884075747633818,28.3485977289098,1,"2230 1893 2053"
"06037104310",0.827079232283465,0.542867155810069,16.5415846456693,10.8573431162014,0.827079232283465,0.827079232283465,0.593384012367772,30.6412049969233,1,"2053 1610 2344"
"06037104701",0.876242742384475,0.267049182772608,17.5248548476895,5.34098365545216,0.891465093851905,0.886579252167343,0.729009459755031,18.1920744150985,1,"2157 1149 1702"
"06037530006",0.513299207627456,0.0291143472122803,10.2659841525491,0.582286944245606,0.513299207627456,0.513299207627456,0.513299207627456,36.6941052231124,1,"93 713 991"
"06037482701",0.503180799133063,0.303277608764813,10.0636159826613,6.06555217529627,0.724077636602243,0.503180799133063,0.475158822476736,4.32057834173211,1,"158 2003 419"
"06037481500",0.558825210769108,0.452147583114611,11.1765042153822,9.04295166229221,0.73094503101885,0.619382804422174,0.558825210769108,58.4693142661765,1,"106 2006 1055"
"06037481604",0.631714537103317,0.363333755865744,12.6342907420663,7.26667511731488,0.75889554998807,0.75889554998807,0.631714537103317,57.695006409242,1,"719 106 2006"
"06037481402",0.714948451045892,0.586704272051221,14.2989690209178,11.7340854410244,0.856348922293804,0.714948451045892,0.714948451045892,20.5870051355924,1,"1541 1055 1608"
"06037481603",0.466654736339776,0.304145042949177,9.33309472679551,6.08290085898354,0.611793376680188,0.611793376680188,0.466654736339776,5.41664027925925,1,"106 2006 719"
"06037481713",0.584070279567327,0.248391269983298,11.6814055913465,4.96782539966595,0.584070279567327,0.584070279567327,0.384777275709854,3.70784674102584,1,"1597 148 719"
"06037480500",0.439476581762507,0.255230702696254,8.78953163525014,5.10461405392508,0.439476581762507,0.439476581762507,0.54047611946234,20.8265479005161,1,"340 1899 413"
"06037408624",0.408561500835123,0.27748386920385,8.17123001670246,5.54967738407699,0.408561500835123,0.408561500835123,0.408561500835123,18.0600064315463,1,"999 809 284"
"06037408706",1.32403202795673,1.04824325936531,26.4806405591347,20.9648651873061,1.32403202795673,1.32403202795673,1.32403202795673,29.5640500208277,1,"1839 1846 887"
"06037128500",1.12499565040165,0.383417094170047,22.4999130080331,7.66834188340094,1.12499565040165,1.12499565040165,1.12499565040165,9.25160985032186,1,"2412 1674 63"
"06037430803",0.503648691640818,0.367480787202736,10.0729738328164,7.34961574405472,0.503648691640818,0.503648691640818,0.503648691640818,31.231102116555,1,"167 1004 919"
"06037400205",0.312212305137994,0,6.24424610275988,0,0.312212305137994,0.567034766960948,0.456152941819773,25.1180902770606,1,"21 1000 175"
"06037408303",0.818431609401097,0.17311090730136,16.368632188022,3.4622181460272,0.878773587250457,0.818431609401097,0.818431609401097,35.0931402625344,1,"913 1176 335"
"06037408625",1.09410915254911,0.892320721983616,21.8821830509823,17.8464144396723,1.09410915254911,1.09410915254911,1.09410915254911,42.1637840666382,1,"999 968 661"
"06037408627",0.519137611349718,0.437326637437366,10.3827522269944,8.74653274874732,0.519137611349718,0.519137611349718,0.519064289549034,37.7500839115589,1,"1455 37 1840"
"06037404402",0.579559746082876,0.402558433746918,11.5911949216575,8.05116867493836,0.579559746082876,0.579559746082876,0.579559746082876,41.9439872404147,1,"1115 1034 702"
"06037400402",1.19915568082399,0.818295529109998,23.9831136164798,16.3659105822,1.32580231448342,1.19915568082399,1.15441881909648,4.85966448242257,1,"437 1929 1547"
"06037401311",0.766330256303189,0.678333532172115,15.3266051260638,13.5666706434423,0.766330256303189,0.766330256303189,0.766330256303189,67.7131068851603,1,"869 821 1383"
"06037401902",0.35329550425515,0.217649551618548,7.065910085103,4.35299103237095,0.35329550425515,0.35329550425515,0.353190492523662,8.72623828754422,1,"576 651 697"
"06037401901",0.720141871470612,0.637693992086216,14.4028374294122,12.7538798417243,0.720141871470612,0.720141871470612,0.720141871470612,43.2640550397195,1,"697 345 1482"
"06037401800",0.350280611230414,0,7.00561222460829,0,0.686147896285692,0.350280611230414,0.686378424998011,192.106783800746,1,"2058 207 697"
"06037401703",0.724049674898592,0.616139868169888,14.4809934979718,12.3227973633978,0.724049674898592,0.724049674898592,0.724049674898592,35.1986165544458,1,"1102 604 581"
"06037277000",1.28069884375249,1.17467054899388,25.6139768750497,23.4934109798775,1.4615296667462,1.42390439831385,1.27761497852541,35.0188705062948,1,"1997 2441 223"
"06037277100",0.854178472719319,0.59742168237493,17.0835694543864,11.9484336474986,0.854178472719319,0.854178472719319,0.850862836037541,2.49424170872949,1,"237 131 223"
"06037143500",0.485151092619104,0.240420941700469,9.70302185238209,4.80841883400938,0.485151092619104,0.485151092619104,0.478954157718921,24.6288765576957,1,"973 1674 2291"
"06037143700",0.624870133420822,0.0177065934939951,12.4974026684164,0.354131869879901,0.64033606239561,0.624870133420822,0.626619914698163,53.5646314499392,1,"206 2179 629"
"06037141600",1.46028443887696,1.14287001411755,29.2056887775392,22.8574002823511,1.69696472600016,1.46028443887696,1.46028630299054,53.138169541165,1,"1182 1140 936"
"06037143800",1.25930876183091,1.18091781496063,25.1861752366182,23.6183562992126,1.25930876183091,1.25930876183091,1.25930254811899,11.788780304557,1,"1092 2455 1674"
"06037143902",0.77929765171399,0.530712513918715,15.5859530342798,10.6142502783743,0.77929765171399,0.896345964566929,0.779269068639147,32.5842584941005,1,"267 1611 321"
"06037143901",0.275281108327368,0,5.50562216654736,0,0.71605884136642,0.275281108327368,0.27528172969856,35.5339810179972,1,"1182 1092 1674"
"06037181500",0.634401346138551,0.426900650202816,12.688026922771,8.53801300405631,0.634401346138551,0.634401346138551,0.638148214427742,35.3458715235278,1,"2254 2172 1727"
"06037181400",1.02302428815716,0.223037461226438,20.4604857631432,4.46074922452875,1.02302428815716,1.02302428815716,0.633084039211008,7.67353107039384,1,"2459 229 2254"
"06037183620",0.432993194742703,0.231079868567565,8.65986389485405,4.62159737135131,0.432993194742703,0.432993194742703,0.433005622166547,26.2013163474385,1,"2221 2222 2104"
"06037183300",0.626438474310029,0.336227058975583,12.5287694862006,6.72454117951165,0.884211206553726,0.626438474310029,0.88487048138869,38.8473887646934,1,"1811 2458 2221"
"06037183510",0.480062683925873,0.24119889843315,9.60125367851746,4.82397796866301,0.636879995824386,0.480062683925873,0.637141593096318,8.22455440471395,1,"1811 469 2458"
"06037183610",0.659108928855484,0.581638854092102,13.1821785771097,11.632777081842,0.759610748230335,0.659108928855484,0.759610748230335,68.3257167488793,1,"1811 2221 2247"
"06037183520",0.57920245764734,0.559035855603277,11.5840491529468,11.1807171120655,0.603189249781277,0.57920245764734,0.597643511890559,24.3129448886862,1,"126 1811 469"
"06037183810",0.382465774874732,0.314975542829874,7.64931549749463,6.29951085659747,0.382465774874732,0.382465774874732,0.376920036984013,8.3369618136412,1,"126 2186 2247"
"06037400602",0.383126913823272,0.314874880696731,7.66253827646544,6.29749761393462,0.420407321243935,0.383126913823272,0.231065577030144,7.1850360347927,1,"747 1040 1819"
"06037430302",0.719936818977173,0.3975570170206,14.3987363795435,7.95114034041199,0.719936818977173,0.719936818977173,0.55491243637159,22.9882059193274,1,"711 1825 1712"
"06037430723",0.593124279209417,0.424309532331186,11.8624855841883,8.48619064662372,0.593124279209417,0.593124279209417,0.593124279209417,60.85961252293,1,"1021 375 704"
"06037431100",0.440808180227472,0.372341152668416,8.81616360454943,7.44682305336833,0.440808180227472,0.440808180227472,0.440845462499006,21.158035289895,1,"1549 540 1742"
"06037533603",0.463591997733238,0.336758952716138,9.27183995466476,6.73517905432276,0.463591997733238,0.463591997733238,0.463591997733238,13.2968819654205,1,"216 369 907"
"06037534101",0.653458179233278,0.194400327089796,13.0691635846656,3.88800654179591,0.653458179233278,0.653458179233278,0.528402255825976,6.2762139168989,1,"675 1042 837"
"06037930401",1.14593585958005,0.817025446393065,22.918717191601,16.3405089278613,1.5612274317983,1.14593585958005,1.56113671160423,27.6825119430557,1,"1813 1810 2456"
