"GEOID","recorded_dist3_miles","centroid_x","centroid_y","popcentroid_x","popcentroid_y","dist3_planar","dist3_geodesic","dist1_planar","dist3_popcentroid","dist1_popcentroid","acres_0p5mi","acres_1mi","dist3_pna2016","walkshed2016_share","popcentroid_in_walkshed2016"
"06037920336",0.424873293333333,134537.136801957,-402412.0665406,134558.184123261,-402295.235733273,0.425990612334626,0.425797013169401,0.11570515774016,0.414968311478078,0.0963745742210902,14.2796678572298,166.420882839505,0.395300271306707,0.748027533302016,1
"06037920044",0.536438136666667,136298.672516631,-395825.944051883,136361.78413929,-395743.64237272,0.537904848706846,0.537982707991082,0.326049688301989,0.568150510883809,0.389086048677761,0.822096260580677,110.559617938264,0.304267091618601,0.150216480769192,0
"06037573003",0.164194603333333,166506.932380769,-467488.738166235,166545.781152337,-467527.53069762,0.164616902907823,0.164573999839184,0.16077014800093,0.167642463944639,0.139370831090851,3.84131471161206,31.267492065393,0.164616927580386,0.666189406290227,1
"06037571704",0.239732646666667,167794.360016414,-461205.712030864,167779.514965609,-461238.935884211,0.240083119781743,0.240411367012767,0.167750370745678,0.242101899379216,0.176905423106756,22.0399503927994,73.2447085009716,0.24908327108718,1,1
"06037570403",0.51126653,166123.21431015,-458141.98276836,166139.77604434,-458134.947265578,0.51269502026402,0.512254820511185,0.321271059933062,0.508963305844855,0.326832698207186,3.58027799668156,25.3770324832069,0.615538200725303,0.0358264428994683,0
"06037553503",0.35415158,170707.995554915,-454149.240013358,170725.924623572,-454108.845955906,0.354736525967967,0.355048499087525,0.0148070424446274,0.364004648121512,0.0140276373001827,6.77645092168253,49.5412779405785,0.354736516004708,1,1
"06037552302",0.34310727,179634.892880098,-454695.544043033,179503.641493386,-454739.782847534,0.34425211288092,0.344080881549571,0,0.353016375526684,0.0670591912123886,20.6767167479787,42.7663831812451,0.344132839516895,0.344218149331824,0
"06037503104",0.74352203,181009.643487154,-453162.843857973,180969.205759793,-453115.293138532,0.745287188103044,0.745666689575604,0.627329895509122,0.744606234770874,0.649935903819672,0,24.2658125758862,0.743546802574601,0.106402961656189,0
"06037550602",0.777861093333333,173551.592800552,-449424.838004629,173546.732064199,-449390.930128348,0.779840201955609,0.779311290357498,0.56739560835737,0.773750765942762,0.568494070744499,0,20.2329347604837,0.779840193460383,0.118702179591207,0
"06037550601",0.69305104,174016.511698264,-448622.479820575,174069.363815794,-448580.358466831,0.694859975582685,0.695132564789451,0.491890107267932,0.698929798057546,0.49342562526026,0.176476088275984,18.986832381735,0.69485997661384,0.311328797096288,0
"06037550202",0.430081463333333,176646.554011664,-453119.540664191,176657.279346972,-453132.918550493,0.430928504618014,0.43094632720473,0.281016415720582,0.429138078771173,0.273772987013179,7.48833008479133,30.3484292568138,0.432190845305125,0.613285185771146,1
"06037550201",0.40650217,177154.583471757,-452324.941204738,177175.690063257,-452367.316547271,0.407390558623169,0.40831138916839,0.272144264450981,0.413474506185503,0.28995439966567,18.8888262849575,52.2021105997258,0.408172566319774,0.60840803305063,1
"06037544002",0.548922546666667,164983.915074244,-463590.635242441,164634.669802008,-463577.840795387,0.54980160426091,0.549610030242517,0.387916574997787,0.703953743978167,0.489551572951899,8.18604363232483,27.5346199835015,0.584604127257247,0.321915653936752,0
"06037544001",0.608836346666667,165218.357507854,-462449.930950017,164851.328472204,-462812.301526032,0.609752558162102,0.60909965666007,0.252731692808626,0.665924892302448,0.214681150253471,7.62618928516077,50.3510617724973,0.749819907211184,0.354355609606204,1
"06037543905",0.829901083333333,161458.704624478,-465073.561847648,161003.410408439,-465737.01817246,0.832144744062226,0.833033559925467,0.569398403859007,0.887238657091111,0.494302943418068,0,20.5097725487737,0.832076528085973,0.132931550881055,0
"06037139504",0.949587476666667,136409.96872964,-426570.9450772,136406.96272974,-426544.688243397,0.951737463649719,0.951272865381925,0.923779529693155,0.944579966169075,0.918881673896908,0,6.18765869804145,0.952747590199626,0,0
"06037139503",0.956625563333333,136014.655751471,-426498.69892295,136016.153990956,-426481.320993259,0.958701862637277,0.958004389109439,0.722125595501512,0.954650008287048,0.723926360810791,0,0.183994262154945,0.959119771218717,0,0
"06037139401",0.707972783333333,134810.126280299,-426303.216731652,134755.77231251,-426252.971023894,0.709680729388044,0.710044545650965,0.174814070597311,0.698737658380395,0.210150694079458,0.183994262154945,5.75608231244099,0.709842284301463,0,0
"06037137103",0.37795924,128924.713802741,-425855.928398865,129012.912371896,-425997.786424021,0.378984566099697,0.378974215509744,0.0665396742627968,0.403105314764577,0.169153973861116,16.6799011298383,35.8032217238123,0.378975116372053,0.999999999999992,1
"06037134905",1.10683761333333,130477.896734555,-424853.206769922,130138.929774307,-424913.24831784,1.10951118781211,1.11064869834795,0.990054468798303,1.02522891534774,0.876269880811923,0,0.169983041922435,1.1095069294728,0.00201733354381732,0
"06037134522",0.90089825,128840.418873284,-422511.363023808,128886.2562634,-422481.092100722,0.902876127918248,0.902695329651911,0.755189235093752,0.902527628647676,0.737553632552086,0,23.0242347433744,0.555710549488195,0,0
"06037301206",0.471885526666667,159267.565165834,-426615.436358589,159462.345183014,-426634.42286141,0.472739805432811,0.472374573987659,0.435652959592978,0.456576380589557,0.372610764871681,6.15910430833043,67.6902563148405,0.472739814295036,0.556849802288608,0
"06037301205",0.589138526666667,159207.002806901,-426035.416086079,159212.138362244,-426055.109170141,0.590365011157114,0.590454131700165,0.526334256219075,0.590520219887742,0.520410900469527,0,117.457863889365,0.59036499423586,0.390958799951627,0
"06037300301",0.098172726666667,160965.802608871,-416855.395529876,160628.22866771,-417927.921677524,0.0988466601612972,0.0987241646387408,0,0.310918848398329,0.0967913927008901,352.761557000757,1006.65896152535,0.0988477576397284,0.577169395285413,1
"06037501002",0.253138196666667,179062.834566564,-446302.42689949,179053.946542917,-446304.774215408,0.253514128855681,0.25312511446762,0.113235326555276,0.253608192113073,0.113489223322699,24.086261321434,90.7115694557107,0.252026731941845,0.977024750086803,1
"06037501001",0.206324733333333,178222.807309573,-445583.914846167,178308.878501193,-445653.979248993,0.206949320807694,0.207006313920279,0.098504454828493,0.221029525542312,0.029569784112556,24.3917864693936,81.1327833626743,0.206547123629777,0.793198971235551,1
"06037500404",0.36783022,177890.34583507,-442812.38163298,177813.732666059,-442820.293730924,0.368895980324419,0.369477131007278,0.32210371784875,0.360335629552309,0.29040305304457,55.2450912520298,522.999541772954,0.368895959416836,0.851360190134698,1
"06037481606",0.633073996666667,172952.254039143,-435977.353154441,172964.861794709,-436018.360542255,0.634543460629691,0.635083169840781,0.290554621912934,0.63816328884782,0.314602419624702,16.7074011410447,38.9021040603174,0.589226546433072,0.539002534330889,1
"06037500403",0.17551882,178796.169668078,-443007.13484225,178809.518862109,-442767.506356921,0.17614627184587,0.176194329047349,0.03044737435452,0.179765930724282,0.0470046091232403,20.261969623349,426.242690155333,0.248562944473008,0.550230597497493,1
"06037433101",0.459137996666667,179089.039602303,-436703.244692079,179917.758235961,-436893.147934069,0.396126981699774,0.39630483087734,0.279542955778484,0.564871634907057,0.314418700022896,6.77159959996926,39.9211601674193,0.396126987228161,0.373431831123914,1
"06037911001",3.19288686,201516.067674272,-390037.455551849,194306.741747154,-390150.902818359,2.78994393348578,2.79282850938728,1.38611756853692,0.624564161527312,0,0,0,1.69122455612388,0.00254745776211058,0
"06037910813",1.54148493,155373.294202748,-387689.730752505,154561.108685777,-388425.086135523,1.54444113740402,1.54596633274226,0.383422192351834,1.20840007552679,0.43183048081607,21.490779149371,107.748084204159,1.54444279535884,0.012177974307848,0
"06037910716",0.79586416,176657.108409497,-383743.19162828,176604.30267228,-383661.261157863,0.797877231664795,0.798046248857747,0.327599032723669,0.760845742789773,0.284028485529501,3.59157277795652,11.6471283181863,0.79787723011946,0,0
"06037910715",0.58481767,177061.584116254,-382878.390714304,176941.177168954,-382877.131192969,0.586040507256902,0.585208348426671,0.206200976612519,0.567907166900596,0.151084410325826,12.943198548261,32.4935377731966,0.586040504738973,0.455672789743481,0
"06037910714",0.364478566666667,179917.452098669,-381984.302934908,179931.230404776,-381972.873843243,0.365081247774738,0.365450889740709,0.259225748021553,0.366075103821243,0.266166955055301,25.4378952344695,62.7958997138801,0.671116508857382,0.679311544591906,1
"06037910711",1.08258514333333,178492.09219494,-381041.691900265,178523.310904254,-381227.930142527,1.08455826938981,1.08521153171827,0.911501774682294,0.986706211149666,0.808322637923796,0,7.19449283492726,1.09602549131515,0.0563952770364864,0
"06037910606",0.679995803333333,177269.648084875,-382019.599191016,177536.159139501,-381998.352317554,0.681624117122951,0.682211454022882,0.364887484426023,0.718220282443892,0.289770649891366,9.59737042743058,33.3658766702775,0.681624120127311,0.258295966952273,0
"06037910605",0.861478393333333,177263.723961459,-381192.435272641,177176.763836666,-381195.75244419,0.863587496651702,0.863252342954779,0.602971079890729,0.836368634697513,0.557302045846457,0,40.0921654159035,0.863587510209918,0.148641944651596,0
"06037135114",0.848022986666667,128670.456062937,-424436.540861088,128377.7469271,-424714.060383548,0.775073386870267,0.775484476009703,0.571429638846442,0.62845323293994,0.416953692402273,0,35.7954426374417,0.775080218744995,0.104323630818651,0
"06037135113",0.519547193333333,128484.999554489,-425140.180275358,128079.93565113,-425123.976379511,0.520461507002074,0.521048246335736,0.144908161811181,0.534455112207306,0.264477631535652,27.7475271965834,35.441122309783,0.520470125684337,0.777006041757493,1
"06037134903",0.98309011,129695.274794271,-423965.115752392,129845.261198485,-423922.220626592,0.985197078534013,0.985404232990181,0.485526985647238,0.960275141480027,0.420501643690175,0.174763484244412,3.82433406510314,0.854728929536996,0.148381833298093,0
"06037134521",0.87429316,129440.119616275,-422507.46416279,129515.002492969,-422584.859742433,0.875945748828599,0.875512973287888,0.540281965325353,0.859887742412674,0.473539892097772,0,18.9821643506851,0.598186122548749,0.00441766711411742,0
"06037131701",0.963918233333333,132878.51510115,-422451.927585456,132850.389656977,-422515.241296379,0.96579140403667,0.965427865509137,0.836459255566851,0.949321051569555,0.818308922856973,0,6.18157107343937,0.924480668798275,0,0
"06037128801",0.315235276666667,141487.417407386,-426357.522937587,141452.035352513,-426385.927705123,0.31624563075097,0.31636068980171,0.234825179360242,0.295694641742394,0.207009685189397,59.701674026855,356.261270735475,0.318139369637562,0.53060120348024,1
"06037127712",0.972831333333333,140983.057502298,-423128.021806948,141102.247410716,-423179.103173307,0.97497893067209,0.975501038094853,0.847942663010334,0.976231006244153,0.844452425023458,0,8.0524505539321,0.974975085927831,0,0
"06037127606",0.447704706666667,140284.916382119,-423934.014605492,140258.376817889,-423891.185619151,0.4486569142737,0.448871115714077,0.345784541823421,0.462386730783082,0.377048301684077,7.90337617148137,408.036881346786,0.448656905909796,0.105733164289175,0
"06037127604",0.833068023333333,140083.903305115,-422933.106522934,140009.597078074,-422919.060354006,0.834910549705467,0.836079108405011,0.558812936233517,0.831786392872064,0.532919157917219,0,55.6603286854907,0.834910522973396,0,0
"06037124903",0.79017293,147417.530037522,-426442.364700553,147386.136215405,-426436.546421347,0.791873054908452,0.791560492268948,0.63634307868662,0.790603281423711,0.655831325712849,0,12.9644195193745,0.912664810557319,0,0
"06037124204",0.523862696666667,149818.893627319,-425583.602916002,149828.211789269,-425580.245839266,0.525161767281691,0.525187050965182,0.476080575101539,0.525916213284552,0.479444336547629,0.615234813230183,78.8268110324716,0.517646258631564,0.22190753308082,0
"06037124203",0.506119723333333,149811.106746847,-425180.741958938,149719.606716792,-425182.097116788,0.507359551166013,0.507287793815257,0.375532532153863,0.510236451238094,0.319134758693301,1.51179539994162,54.3832797283762,0.502454730769432,0.537390086714008,1
"06037124105",0.552155806666667,148998.668751105,-424792.308328796,148981.787612293,-424824.101461478,0.553274528187014,0.552746240272991,0.198224533650979,0.551588765897787,0.182209343424478,1.51179539994162,30.929027241705,0.552279805767977,0.989926253118898,1
"06037124103",0.707270206666667,148984.350687376,-423986.650562124,148939.505396296,-423993.171729738,0.708609054864902,0.708414977778416,0.582716538875139,0.708664164672416,0.610646965557199,0,22.4631972671577,0.708798512843183,0.0479453611142583,0
"06037122121",0.729902003333333,150120.041083488,-421112.9561021,150052.321767719,-421093.199511755,0.805240856469422,0.80438880818988,0.233037767483046,0.82444073732987,0.220094211107617,17.2619156034441,17.9530632398967,0.804140400175916,0.720724181180088,1
"06037121222",0.535929163333333,148114.910006698,-419158.03608721,147966.834471199,-418917.355748267,0.537579643355525,0.537047942207959,0.323152343775271,0.463288811952252,0.153976240615331,1.04686912873742,43.1355844120036,0.692517542257477,0.0893773851059529,0
"06037121221",0.464501976666667,147794.666323943,-419668.949571532,147804.530870846,-419691.31756517,0.466111998012284,0.465407946690278,0.315636542462646,0.47468922169759,0.325714259077664,9.32750591084966,67.1268671578199,0.46611200057597,0.274986494646851,0
"06037121101",0.699464286666667,150579.206032261,-419971.484222956,150573.230679303,-419896.019142356,0.700543853283674,0.700062381213582,0.463404826554884,0.727412139970693,0.498902737724079,0.918056495613737,37.6528626431939,0.700549266185245,0.0553360025100163,0
"06037120108",0.343582003333333,142203.616123411,-419312.162268973,142277.883310811,-419318.836584434,0.344642696264984,0.34429576782562,0.0818885708266267,0.367058789703654,0.127962469147672,12.2289799642773,22.1233835931084,0.344642726244562,1,1
"06037481605",0.576351653333333,172997.900284622,-436480.660533793,172968.888232362,-436478.847188646,0.577515871748631,0.577981915062264,0.447972991758163,0.579065515185024,0.444914759326619,0.268119725001429,28.572057527168,0.480670728023525,0.193027718287887,0
"06037124902",0.741000993333333,147408.71745917,-426038.568259458,147475.188605333,-426020.392212558,0.742659812935777,0.742402952453143,0.652804576788568,0.737806363460559,0.614650475657738,0,23.7666675310611,0.857233363317811,0,0
"06037124104",0.603669046666667,148991.436419382,-424389.366271624,148908.698822066,-424392.268552192,0.604829617648259,0.604321512226122,0.445807848049079,0.607063085455477,0.45297680620719,1.50076580901256,17.7869753224457,0.604145734114193,0.340492842533754,0
"06037123902",0.538151286666667,148198.538261642,-425401.737428763,148190.316464632,-425478.797344745,0.539228691415214,0.539472028263293,0.501764121650931,0.544733442364668,0.495582276623242,0,44.8820020463411,0.59755693419757,0.128090747736923,0
"06037121102",0.682113576666667,149065.787411239,-418009.218764746,149927.355578199,-418527.264657591,0.683888066014425,0.684263998420147,0.435804339929464,0.873181540214481,0.687498328361813,4.32019098325162,40.3301719508595,0.806541466996432,0.0935351557413116,0
"06037106645",0.433830043333333,138599.071210556,-412832.893396324,138754.959333562,-412983.804097565,0.434549108628434,0.434590662015155,0.00419450614053281,0.419346235431282,0.0194442171106681,109.857309378108,154.168996876761,0.671601153680782,0.102612592076214,0
"06037104204",0.816584963333333,147686.04937449,-412817.563833275,146966.551021052,-413436.290939215,0.818173004416383,0.81806816655576,0.699403743950154,0.710324476803213,0.19609628296986,0,64.4951813939247,0.818184897683362,0.155643784779135,0
"06037297602",0.2049079,158507.837753699,-476246.993333394,158514.031220382,-476209.239532763,0.205344783207341,0.2051501271165,0.152953929134502,0.21610629475544,0.159825619669985,107.632908083563,241.560637455109,0.205462786900876,1,1
"06037297601",0.149328686666667,158918.606627597,-476451.998343014,158733.276761156,-476719.10119187,0.12769580397595,0.127445544336332,0.00884946045047187,0.170156470035543,0.0601754143158202,102.379519864832,234.099831474311,0.127628452542946,0.844878040361569,1
"06037910505",0.902293536666667,173833.919918046,-382096.62611927,174163.617977559,-382022.379925726,0.904272818502847,0.904709026612073,0.63774522137597,0.807104918006623,0.451478844455559,0,16.3035185422714,0.904272844384757,0,0
"06037910504",0.670458176666667,173832.791430121,-381288.112792295,174024.076272157,-381293.732643844,0.672180983145405,0.671970235316484,0.550187180329317,0.659904719224588,0.615360776757704,0,74.0862051327687,0.672181012348966,0.214901137587246,0
"06037910002",1.82716277666667,191986.601810072,-384801.862068888,186751.855159771,-384188.149043447,1.83168617112639,1.8340316353051,0.379212521994295,1.1350771219258,0.31317866291566,11.0098679678843,112.617490952457,1.15546895126588,0.0132178186518355,0
"06037901011",1.01431618333333,167206.266393154,-370478.813699196,167205.266766757,-370561.012713022,1.01624580484849,1.01466819969227,0.892955376051686,1.02114985327109,0.89256202867871,0,20.573921476309,1.01602209512707,0,0
"06037901010",0.53858513,165571.376318734,-370521.960226508,165686.481113707,-370581.02217035,0.539918662420834,0.540639088586893,0,0.544963824811856,0.0406244660335138,135.057556729966,136.215819407532,0.539918673371466,0.67129254067487,1
"06037901009",1.27193145666667,167166.654463162,-368865.173460168,167116.407945384,-368814.94822998,1.2745297315549,1.27405048389797,1.04813384140199,1.28517953529468,1.03793734170294,0,0,1.2744242475167,0,0
"06037900609",1.26406889666667,174013.791054687,-366276.054490398,173959.170665549,-366704.215417166,1.26636322116539,1.2648423793369,1.04493691200735,1.20637806588027,1.05533645494565,0,0,1.27240059636187,0,0
"06037502802",0.622129136666667,178665.12125017,-451841.400431269,177752.683851331,-451736.053341331,0.728701364610159,0.727986729578016,0.617137457493127,0.263894908284077,0.0509520891961876,0,40.6113327049357,0.728701359388001,0.393307402050698,1
"06037460401",0.36087831,167706.212972582,-420462.79895911,168951.492734298,-422856.098152918,0.361786609429752,0.361392478184485,0,0.400513882534348,0.0404077080686278,303.011132252848,1089.97456462137,0.361787864169943,0.850700720769758,1
"06037577504",0.149951033333333,173923.706308161,-472235.793201221,173960.350147427,-472319.039733082,0.152471789881823,0.152686473388763,0.0369036022794874,0.184454269412029,0.0549394315049557,53.8355751481834,144.240186924635,0.157270526145983,0.589795496336733,1
"06037120107",0.477372666666667,142177.782006367,-419894.406869065,142253.73546443,-419889.365604022,0.478848571977775,0.479034891983159,0.149148507344305,0.494472651349206,0.171774448294161,10.6175809138151,23.1075332686927,0.483966078180344,0.999999999999995,1
"06037120106",0.53108159,142172.781370488,-420259.287440766,142261.322587066,-420247.655764413,0.532515817204993,0.533100537286212,0.367067200566549,0.547306326405245,0.372941451594627,6.01940386201177,23.1075332686927,0.541347920419047,0.605839623351116,1
"06037120104",0.583168926666667,142842.847528558,-420153.745427811,142721.4455718,-420089.570005596,0.573382826381664,0.573455453235443,0.490864668154355,0.564238500968805,0.475380806703532,0.40804748391061,18.9272491070081,0.573388339655483,0.202738304764041,0
"06037120103",0.444598903333333,142610.057987845,-419520.8344363,142584.365233758,-419503.698160323,0.445630350769129,0.445405978689227,0.33229650482951,0.44293960381659,0.316507150296758,12.2289799642773,22.1233835931084,0.44562516005923,0.971324960344002,1
"06037119342",0.702543033333333,143005.044077966,-418285.782722354,142954.403350199,-418291.454477299,0.704076922514785,0.704735596650646,0.336423203956193,0.693406883826264,0.317939174700874,1.61139905046222,12.6065911816348,0.464869476829027,0.992112911946802,1
"06037119341",0.562072596666667,143141.121189275,-418683.244556288,143120.369502263,-418672.011522036,0.563440323968467,0.563344748553358,0.263577716198583,0.561068572957082,0.252038041673653,1.61139905046222,18.2308676548126,0.461634530969016,0.659001458736416,1
"06037117408",0.585957446666667,140905.902216717,-420086.708567918,140910.119390991,-420154.160406586,0.586875763522161,0.586969336070608,0.402342527622931,0.588933479450927,0.433756830110336,3.89251593829582,14.7978650754996,0.587447779785305,0.10341542600173,0
"06037117407",0.59384712,140904.288496356,-419503.569479383,140870.420584762,-419503.775091264,0.594892729255593,0.593862219422404,0.186498401184659,0.601786583302276,0.206550321400267,3.89251593829582,17.2874059250778,0.592406394826975,0.724428583075209,1
"06037117201",0.949045546666667,140900.172943011,-418109.251566526,140952.978538672,-418363.165633487,0.950935491972791,0.951286850253725,0.825373522429751,0.839880361322778,0.664241024372778,0,4.02275522662381,0.9621503949216,0.00714353718424472,0
"06037117102",0.855020783333333,141792.074404265,-417664.629034827,141761.692203253,-417684.275995568,0.856699548558043,0.857920767513088,0.701919800478099,0.860601664779155,0.721827244118457,0,6.44868471243754,0.719126936525004,0.0142963346929776,0
"06037117101",0.59319973,141635.357002529,-418481.216432072,141633.627204019,-418567.978860559,0.59412709555368,0.594448771461044,0.54474907243521,0.556851286386496,0.49504276012054,0,16.1214959025731,0.593620013787703,0.0898959153916776,0
"06037405702",0.874231403333333,192647.052573932,-433804.644216717,192597.826781579,-433777.67246665,0.875757081878318,0.87548296082622,0.71393966346003,0.893430656055322,0.719632008176517,0,14.1488962411073,0.87575383821158,0.100865396397086,0
"06037405701",0.855369316666667,191813.904517822,-433663.718797418,191831.265835457,-433536.868371067,0.857597289600791,0.857879302789823,0.771183250531469,0.862533304411102,0.826400429103958,0,18.9446477727412,0.857338632463216,0.00352392430264307,0
"06037405302",0.6188709,189744.712669386,-435628.517237247,189708.475645985,-435631.138219085,0.620276658694701,0.620659545564562,0.329189986783592,0.619888270730186,0.350311910552465,7.61880831787011,19.178415634264,0.58626181783788,0.353093253826763,0
"06037405301",0.637303863333333,189769.625390867,-434332.526594117,190073.22678557,-434454.605814593,0.635206282940444,0.635644499183763,0.499974544242741,0.651479034511313,0.532635915175118,0,11.6777221330464,0.634420078143956,0.170041326291626,0
"06037576903",0.18915988,170748.483588398,-468820.588225323,170675.309100408,-468838.567024121,0.189561341722323,0.190048627158082,0.0796194080916582,0.202544361450962,0.114282444020016,6.04365875776769,22.6295358676656,0.18396374768245,0.999999999999974,1
"06037576302",0.322233446666667,168336.721262432,-469067.942246549,168355.318058904,-469099.080683097,0.322693590690694,0.322893201662253,0.281227115932314,0.317547198889713,0.258815350501971,1.92794186563706,34.6945493347562,0.387551645357429,0.999999999999968,1
"06037576301",0.330674626666667,167794.866176537,-469078.324693719,167771.795518147,-469097.049116314,0.331741747009055,0.332025060368361,0.275347580180228,0.334420665692552,0.258606371780556,1.70117471383482,61.3747631704865,0.331741759907661,1,1
"06037576001",0.04777611,167387.113605349,-470905.988699192,167748.439700123,-470421.25292541,0.0476369519386318,0.0476560168457266,0.0144613563781476,0.109732515544378,0.0345122093311707,41.6455757932304,130.179726549846,0.0476369440120017,0.563187588987351,1
"06037408003",0.36041595,192277.237754635,-438940.522629675,192250.562497449,-438889.364116809,0.360612334344623,0.360995304698837,0.24022123112521,0.395492521799356,0.276058750571577,14.8068905394733,95.2563602234021,0.360612322645044,0.154129455677787,0
"06037401304",0.34986868,201876.741034822,-434410.790447072,200307.225041642,-434812.999739655,0.418896005255726,0.418740699835209,0,0.330237307216868,0.162011227116706,421.997723966579,1125.22806402077,0.22281391090474,0.554482300005402,1
"06037401303",0.63958354,202136.16391266,-435802.459179537,200984.882049145,-436005.709748201,0.641062000830354,0.641260491661646,0.0849310366103407,0.401718171039211,0.277212275942535,193.875732094124,750.587174884676,0.396566388155947,0.270610085800807,0
"06037400501",0.28414543,196862.582856629,-426199.661787585,197266.739636011,-427096.251355269,0.284869650355707,0.284795218849179,0.0542142570117546,0.564730380863399,0.398865115746851,181.442528923465,996.469871212995,0.284871591612698,0.108381786595938,0
"06037400403",0.339843353333333,203249.819491841,-427918.344746563,203083.427524244,-429898.823894659,0.340392208102407,0.341072529748119,0,0.171579261879273,0.018410824540644,113.039562426812,892.791417170726,0.382625896429206,0.106912940683913,1
"06037302506",0.361018496666667,161746.237815251,-430385.378657894,161746.157887061,-430151.022951378,0.362091250025758,0.362107886958951,0.194693017607901,0.276997568750191,0.0779871847694321,3.62059450793798,12.2518272541527,0.362091233891162,0.967389274174188,1
"06037404504",0.315915116666667,193413.756661538,-431769.480140246,193392.587114524,-431781.575176082,0.316600872994076,0.317163917260641,0.0428644553905024,0.322648663037688,0.0519285801759881,16.0684497900687,49.0581904965999,0.316595166785238,0.920361978590336,1
"06037404202",0.369322213333333,194998.60851323,-430120.143895557,195025.245886152,-430076.07924994,0.370406272248738,0.370382558566199,0.0116799423076769,0.379748301493856,0.0233140912388579,13.6222871015286,42.591847490513,0.361116060924573,0.999999999999984,1
"06037404201",0.359760273333333,194114.621594763,-429971.647074654,194099.301479466,-429946.549606515,0.360745761967668,0.360583067108545,0.282875405588902,0.351972973031606,0.264648875280183,17.4971520783627,58.7834589633465,0.352505521815321,0.645824777998535,1
"06037650901",0.452528776666667,155691.448634339,-462728.571600001,155390.259532176,-462858.814315767,0.453572723809258,0.454217503288588,0.291761855599363,0.407744874981157,0.254469885845609,3.33250398006545,46.9678328309435,0.267734184088567,0.482136949747815,1
"06037650401",0.357819606666667,153706.174597644,-462317.681464559,154034.457167173,-463084.922176269,0.358731477634629,0.35885751093659,0.0523271463261158,0.378887492464854,0.172434362573615,11.8718008304465,27.6971739822875,0.262056585386268,0.757847116066427,1
"06037650004",0.436012303333333,154462.14283703,-458433.302554627,154372.596770065,-458491.820624518,0.436962756760195,0.437100410700368,0.295570749221088,0.429304842040336,0.308344170311074,43.5231722164167,212.836877916548,0.436962762272238,0.392399884904855,1
"06037650003",0.25033467,153684.044682874,-458590.573227209,153762.898154085,-458574.963463731,0.251083493847809,0.251123846337645,0.203898620684413,0.268676041723127,0.213336410511198,98.1807419862084,218.574339523028,0.251083490876505,0.865023090953889,1
"06037621326",0.34195911,149201.908938955,-464634.306614734,149233.786814484,-464641.291378037,0.342689112606987,0.343410555634374,0.081438923618833,0.348934445386801,0.101088556763492,33.8806504337819,105.813406055197,0.342689136646553,0.33425211081042,0
"06037621324",0.17931292,149194.385383923,-463251.204596755,149229.700755327,-463262.77524467,0.180302232050811,0.180492781983733,0.0963694634155627,0.198321836177856,0.119448333081046,40.1330313246964,92.3361661327097,0.174189831842636,0.672731191358843,1
"06037302505",0.32604762,161117.744925505,-430558.329855426,161194.272795425,-430467.900546471,0.408943329378544,0.409626591593779,0.230457816546916,0.389335766321066,0.298089097695695,4.20622074392548,16.9202827162435,0.408943321450095,0.968506548099312,1
"06037433503",0.408492683333333,180124.326649158,-438219.951784287,180137.218100073,-438153.500790186,0.408899073456253,0.409781861918652,0.341024263475839,0.447214527877653,0.380579876136853,1.84815284223286,97.011278763611,0.432219090044629,0.319625808587557,0
"06037406702",0.494630836666667,190426.096027991,-436782.742087604,190262.708337126,-437021.822534588,0.495611689787661,0.495904140578013,0.179612161498556,0.416423361154115,0.15071314120261,0.150643035520611,22.9426136589274,0.379314207314638,0.531873301270518,1
"06037900608",0.888078743333333,173222.363182062,-367114.717727892,173216.774556936,-367313.480947236,0.890265447756892,0.88908576222564,0.809589402579807,0.89657462647309,0.773421886744666,0,18.988407986035,0.894114369499402,0,0
"06037900507",1.06587294666667,175313.542460172,-369071.49664672,175255.751671695,-368847.074533924,1.06821168337348,1.06928640778907,0.871177077115424,1.1118782142373,0.981945948582387,0,11.8186610953828,1.0682116819875,0.0368291968963695,0
"06037900506",1.48129519333333,174081.604664259,-368707.443771473,174067.520457747,-368723.432439828,1.48448768156159,1.48445609103028,1.40050700483497,1.48660219028384,1.39631539167434,0,0,1.48448768434339,0,0
"06037900505",1.31621607,173265.679475621,-368732.348962468,173245.749890025,-368838.901639201,1.31994968434093,1.32031206515477,0.961744370161372,1.35947618636616,0.991736312226979,0,1.06346810751103,1.31994969354055,0,0
"06037900104",1.87331822,197606.278310364,-378766.204352868,198711.40915647,-377201.488858024,1.87769974590772,1.8773364049183,1.40496128751726,1.23689311783404,0.215252095895738,0,0,1.44558387491255,0.0397021435247608,0
"06037621204",0.244896773333333,148885.333868035,-461874.028921845,148928.384668754,-462170.357942525,0.245155064435656,0.245577359987602,0.196065516791807,0.105608025699978,0.0419122553910373,13.9595388619349,81.4296196457959,0.233046545650656,0.972013162277465,1
"06037621104",0.091704623333333,148457.860700596,-460572.666361745,148444.713908882,-460658.289104452,0.0915142842377647,0.0914844985526508,0.0671226178438896,0.0724033658502223,0.0132968725033605,68.3157754281517,110.195248764605,0.0915142800187606,0.995215580758561,1
"06037621004",0.192236913333333,147943.903983134,-459305.449444437,147883.985856203,-459243.197661588,0.192813452590471,0.192742426830969,0.17810152585079,0.177603685471398,0.138737689427372,63.0555143298227,167.462139602139,0.192813456255603,1,1
"06037620904",0.191661606666667,147348.011330713,-458122.983880988,147398.219171901,-458110.09129875,0.192062565495828,0.192184205435786,0.13644852935032,0.193698098383106,0.158711887469669,57.9496119288738,151.003554679803,0.192062574410817,0.981676582996854,1
"06037620305",0.123314623333333,146720.819173291,-456724.675308889,146711.358420841,-456663.2908037,0.12383387656822,0.123633552846483,0.0700738953794622,0.120161616662246,0.055806572438942,68.70075961615,132.713766180871,0.123833898693663,0.959393161396166,1
"06037543306",0.676639103333333,162642.716677636,-463014.102965575,162275.286328044,-463176.438929628,0.356218686881728,0.356280900387636,0.125689811820865,0.345796324790866,0.285777473365723,12.9168800948782,24.2661792793602,0.356150312059507,0.526249773068239,1
"06037542106",0.175584186666667,167542.041100776,-456460.440528594,167236.605637567,-456484.677199828,0.211228317445108,0.210848104743391,0.154151858569324,0.17663565571332,0.0700480630591227,23.8126639094659,49.0093502292172,0.264353268821365,0.879869632695979,1
"06037542105",0.377718563333333,166593.826183598,-456428.677050483,166608.734808116,-456432.068089709,0.377893256486154,0.377885575039079,0.317932732308665,0.370662736202789,0.308650676347699,6.97953227636705,40.6677460404287,0.377893279860267,0.691804945844286,1
"06037900103",1.22713761666667,197659.545774267,-373956.934132058,198397.989548808,-374488.298061226,1.23053828685881,1.2325705691876,1.04958301447654,1.167893229136,0.636900848837234,0,0,1.23056183851284,0.01819022817603,0
"06037800506",0.513525613333333,128372.283485307,-438878.594600341,128790.81905651,-440094.972001688,0.355779378222134,0.356296260481641,0,0.343061404371456,0,364.397714718689,1100.94531429912,0.360628521544097,0.308427897982608,1
"06037800504",0.2925951,122469.844001322,-439436.847836106,122882.10934507,-440609.696099211,0.293205604989701,0.293860964909666,0,0.319458574450463,0.240172770247417,254.496411812385,860.373017241197,0.293205613249474,0.292539387073372,1
"06037800410",0.169270046666667,116302.540981606,-439050.389526832,118358.677777126,-440358.851035882,0.170158480124833,0.170524752998622,0,0.136387524467234,0,217.659094637873,1222.69505453549,0.523694372544524,0.235963314370129,0
"06037800408",0.845938496666667,110009.251620905,-442662.503885503,110279.857678079,-442912.929154302,0.576721274898403,0.576669112869061,0.326455867896035,0.705126825141446,0.527184322019695,35.3904128136106,418.079484129845,0.576489433625965,0.190388912128731,0
"06037800406",0.37881993,105514.101097549,-438378.808161541,106333.448827154,-439526.634779684,0.379397612972171,0.380257808268842,0,0.150202332482682,0,291.7901014418,1054.48125850104,0.379397606145086,0.359041361883806,1
"06037800332",0.330484256666667,113204.512548882,-427497.086566694,113400.415225775,-427492.274846495,0.331318789172194,0.331361284770363,0.265243775126697,0.362255449424554,0.193938930422879,39.9843448969548,91.9814249251363,0.33131876947198,0.289969356252137,0
"06037800330",0.43933589,114864.769992555,-435015.896298154,113973.51685716,-434877.68619402,0.440673241036938,0.440187667416791,0,0.167230400444703,0,497.700217135196,1766.53200414098,0.440673247420883,0.209544861824303,0
"06037800329",0.151850966666667,116345.369942709,-431569.888495602,117834.518661436,-430736.384867261,0.15250254351042,0.152563230022362,0,0.263493356994648,0.151783968710617,328.323244308846,1401.23788366188,0.0821074448959987,0.40936921709582,1
"06037573601",0.3553115,173010.289488821,-463688.581930932,173578.982345637,-463853.731752535,0.258876380981847,0.25909101023005,0.20205213503413,0.379717880472479,0.260836990725981,79.6165750636949,242.665460523278,0.258876370016118,0.691552349352311,1
"06037571504",0.291560743333333,169425.709303507,-462420.319276985,169289.612794113,-462460.924110258,0.292386769992651,0.29249256727399,0,0.27330457899827,0.0513808387227053,11.5315997100822,55.0714196151181,0.292386769135429,0.843732802678635,1
"06037571503",0.234476013333333,169325.336020733,-461372.963528614,169304.531672217,-461405.865915752,0.235178912619701,0.235428474827102,0.214792087384417,0.254592715206729,0.230945601106334,6.05062274314235,43.8569950906008,0.235178924904211,0.73699364481139,0
"06037570404",0.474125643333333,166903.308281457,-458151.130209872,166763.597106026,-458177.684632568,0.462013436501239,0.462556881941257,0.251354478970878,0.482084665162794,0.265840234218743,6.78576165904938,62.4629806135122,0.462013442738887,0.351375224773319,1
"06037267404",0.562108046666667,142134.87568684,-439951.311805188,142081.036634704,-439864.694778398,0.562955577340013,0.562970174545984,0.34861833452034,0.603312619978872,0.393276352881895,0.21987522736872,28.1187172350369,0.500929276312516,0.0781171577234717,0
"06037113237",0.56667322,127766.012134474,-418144.245454132,127985.862429157,-418115.469546457,0.56822421666915,0.567971518349335,0.350918784408451,0.652869868483727,0.389824003978808,34.5930668684326,509.117584579019,0.518128368218237,0.421595818627624,0
"06037102107",0.45083491,153068.146600518,-418147.695254667,151988.544288609,-418288.334999905,0.451948844675922,0.452534757808033,0.149661291546751,0.269186547342578,0.087910034729539,143.637678992974,759.398083714894,0.451816991263089,0.303995983925126,0
"06037102104",0.385388926666667,152434.878664412,-420854.690716101,152552.848948494,-421109.025066125,0.282066156133162,0.281648554650648,0.0752296944802756,0.251397149289217,0.00144529075136301,158.861759031179,531.326307137634,0.282071924170126,0.934253629322562,1
"06037111205",0.56901003,134878.970021833,-417001.833983497,134885.744556624,-417014.572961952,0.570631626405038,0.569988717001881,0,0.57560329670018,0,34.6771144598699,43.4207508421773,0.513656671220803,0.707460130436216,1
"06037108202",0.483438533333333,130557.22599087,-413358.7159094,130800.530544055,-413746.070642747,0.484929156091718,0.484069041858819,0.322026303188049,0.585415625931822,0.506517193991191,24.5993223959985,266.659677064082,0.327541089351036,0.532638860889425,0
"06037106649",0.351118753333333,141684.774337464,-412926.403298917,141747.777142019,-412887.093747594,0.351566722918698,0.351322277546239,0,0.325681459042225,0,23.8040967120724,40.3137938552751,0.479659464785921,0.49786400559454,1
"06037106646",0.487150006666667,138636.885891205,-414033.052729993,138639.279975395,-414029.206441687,0.487871996120642,0.487211639065256,0.202402103685498,0.48655066788964,0.200821070333782,22.5741192248344,114.249717994121,0.487871992832008,0,0
"06037106406",0.353746803333333,141666.221786931,-409250.281898188,141875.314770676,-409442.742953937,0.581793045716494,0.581991048243375,0.527782712258922,0.721768082346904,0.64807897657135,0,383.564314569939,0.612480992259945,0.196970506149351,0
"06037104203",0.580124743333333,146222.687798188,-413983.535715423,146258.473351471,-413952.552897064,0.581059066409214,0.581424074021023,0.255548397167751,0.577264930939358,0.226136514030747,9.9878945132117,45.8841162780925,0.365156497214863,0.931534050401872,1
"06037265602",0.67205004,144543.287637235,-438291.720216634,144520.643603759,-438231.706618073,0.678962749196889,0.679044679304834,0.456643094487112,0.674296262762332,0.460203808169791,0.287432587794668,29.4300284986062,0.678955460379732,0.364174895074834,0
"06037293306",0.384157933333333,157050.899864555,-468873.51998175,157097.785095752,-468840.627686762,0.384390101978303,0.383853389979969,0.321695434706702,0.366139590927835,0.311752596197078,54.1536038162807,422.408883612843,0.339459136970847,0.174626880017163,0
"06037276604",0.53759853,145592.143983539,-449708.711436154,145632.991156091,-449708.412719808,0.538599874670005,0.538335575997513,0.404741622369147,0.523723956945182,0.380579909299135,4.48492613722702,186.894378968219,0.532390039180215,0.387710800603506,0
"06037276603",0.522121796666667,144517.463835701,-449874.544139262,144427.528776812,-449863.036354458,0.523678269599974,0.523560688872787,0.409671980207918,0.484674257396746,0.371447509498778,0.24232121414161,420.595874957609,0.523790859601086,0,0
"06037269907",0.495147783333333,147135.848545373,-441818.681727158,147195.79291455,-441860.345488963,0.496398128118982,0.495693905126545,0.0841261448122123,0.509047373277629,0.117643068557714,0.667953402226949,30.856531291212,0.493440705465416,1,1
"06037269906",0.480302336666667,147468.850293415,-442156.545570797,147451.175038231,-442161.46937925,0.485532114607539,0.484772666170253,0.341797328444129,0.489991207301654,0.33433123462745,0.667953402226949,26.3756129833686,0.482483634462602,0.666309397877669,1
"06037267901",0.36612376,146440.406568137,-438679.877107903,146762.105051112,-438785.073605782,0.366598664098881,0.366830766907899,0.27333772849971,0.301330806983932,0.216571737512097,24.3953347939437,192.92210607792,0.366598652260959,0.238342191766039,0
"06037434004",0.298163293333333,181691.854226531,-439818.33542554,181797.229180859,-439732.638917732,0.298111769035825,0.297803892751101,0.186175977753391,0.279473618820043,0.202137523869699,7.20001889097267,180.713412143138,0.298611085739574,0,0
"06037434003",0.444349603333333,182551.63843292,-439110.559064837,182626.873975181,-439037.894552264,0.444999575924396,0.445632960011674,0.30988019476507,0.436615991387247,0.326771403267387,13.3932195726883,101.863101582492,0.444999578388499,0.158410670197479,0
"06037433504",0.675197293333333,179532.503346319,-437830.739247099,179564.527119374,-437784.370223637,0.677193169815689,0.677584445300999,0.663469901701201,0.684979094956043,0.662733861475959,0,161.886589317626,0.670486709497142,0.0239151577927014,0
"06037433307",0.274152423333333,184026.065500888,-436630.104778949,183952.008315151,-436683.660027988,0.2519237487381,0.251557346180887,0.11832680326492,0.275596152780329,0.154468798334148,15.0719553536957,27.8686191810154,0.251923745596666,0.358080692672126,1
"06037104108",0.463893653333333,147426.536413815,-414618.772582637,147420.69451054,-414667.070116043,0.380160889018784,0.380525651119072,0.0297563261408074,0.370200858337251,0.00999337045981165,146.130488975843,562.10476280359,0.363314192498165,0.498703015799384,1
"06037402904",0.72941682,209049.375241621,-440780.149077209,209068.878933651,-440401.243372784,0.73176187082273,0.730833185607112,0.494385043501739,0.680573964887207,0.358597302460518,0.0197625275536062,3.98425304873071,0.713810252627753,0.105449290744531,0
"06037402903",0.77755854,209261.953625484,-439294.976888572,209086.739337195,-439300.554753995,0.779651937832588,0.780095085000564,0.641891940245556,0.720793721490071,0.566850531364058,0,24.3448290335158,0.762828627608992,0.14333486612757,0
"06037402804",0.77850891,209357.227673461,-438296.746905267,209041.179145065,-438387.005156965,0.780840854122123,0.781252487171787,0.264766571908537,0.658396960560563,0.0810787992591913,20.525861157148,20.525861157148,0.78084086835252,0.422630549528254,1
"06037402803",0.38253309,208153.714930977,-438384.119166791,208195.471339092,-438382.644003051,0.383612159478228,0.383234804420246,0.253496963501645,0.389415125820009,0.227633389898079,24.3195961365555,29.3023928723751,0.457921391586975,0.693311997157795,1
"06037402706",0.606738743333333,210386.064455744,-435692.809901698,210393.854662207,-435742.439103793,0.6084948280342,0.608958865331014,0.175192926411766,0.624461188573972,0.206218727424768,3.28926505265003,11.8816466930757,0.609247775494303,0.484092214043412,1
"06037402705",0.56129678,209395.649064819,-435707.745162073,209407.734642174,-435693.751189759,0.562472277520331,0.562900911659088,0.547484806017411,0.560686715602183,0.556315768640199,0,16.4703435457151,0.562472243024505,0.0457116560205298,0
"06037402405",0.460619183333333,203704.155210898,-436348.371422203,203706.294207798,-436449.081142385,0.461448712295189,0.461893999242176,0.283713763009936,0.461519260047701,0.312048651076179,82.7354633715692,569.908977071651,0.461448707102094,0.562655837730743,1
"06037604002",0.351156266666667,152024.322913049,-458537.689132341,152008.979607988,-458562.607310394,0.352347087046371,0.352411677863046,0.0351119233937331,0.362870411286857,0.0504277357191005,4.52905794757238,82.1980821130976,0.352347095540291,0.975293663992727,1
"06037604001",0.286270663333333,152018.094152949,-457744.028545498,151988.871295534,-457770.736134618,0.286398511202625,0.286396436780882,0.185266340375975,0.29442837288617,0.202816188338122,5.23301280633994,123.683718422799,0.286398532357692,0.937356874795777,1
"06037603802",0.287387653333333,152809.477478304,-456928.682013098,152796.494486173,-456871.852847977,0.287490861719563,0.287784772055658,0.0807054602195658,0.306348908338166,0.11461295048721,28.2291965201537,227.001869648926,0.287490861384575,0.933756840067948,1
"06037433306",0.282845126666667,183870.578176633,-436304.554967802,183800.671576239,-436366.512446754,0.283196395416444,0.282646341696486,0.128424562238086,0.294280341464742,0.0917455428152211,12.775458140499,25.7252372150489,0.283196398236463,0.806460279753008,1
"06037433305",0.44417826,183418.553244232,-436442.775441615,183427.633011721,-436416.615302004,0.444688630986564,0.443937209505439,0.0950024194437129,0.437069280938681,0.077821677007129,4.4789171694708,20.4744853968612,0.444688640640465,0.847024471226254,1
"06037433304",0.772299923333333,182753.829203475,-436395.717584703,182929.917934889,-436328.063754802,0.773459984469829,0.773340740898513,0.451117133435059,0.691643354610197,0.338031818818926,1.75275737253892,12.6959451587036,0.749706759459352,0.277139662338724,1
"06037431502",0.159291886666667,182594.800332421,-432910.91254196,182291.556367047,-432923.910800986,0.15897538485008,0.159080837331563,0.0808235403256372,0.285874541277854,0.262472731973966,147.290968997626,197.375232886957,0.327568550642521,0.52162454103525,0
"06037431501",0.6458163,181478.742749579,-433223.842221681,181504.681975121,-433170.404876175,0.646947373692345,0.64580285715225,0.482870046840632,0.639093475511093,0.485461155660805,0.344009781581664,105.815088439426,0.64923978377466,0.106778079519427,0
"06037430301",0.08129634,185480.581723466,-424689.568437885,184590.687453984,-426414.75363793,0.0814663416421515,0.0813032145863535,0,0.371607736975624,0.346274974258616,491.781800549937,1749.95719845458,0.0814662366734295,0.293048607597995,1
"06037430003",0.45862172,189675.123714138,-425002.215406372,189644.457091073,-427430.531543656,0.09439026615764,0.0945991316067204,0,0.260742869238882,0.159534186800363,492.749105157523,1734.90639807611,0.094394570945515,0.125798019803795,1
"06037603801",0.368427453333333,152799.28316054,-456089.448539832,152808.489512078,-456068.205650151,0.3694910778877,0.369394430284244,0.140933704969605,0.372330222142587,0.151576574540268,4.73177721432037,70.4197763822645,0.30465184117346,0.963486746950706,1
"06037603006",0.372062483333333,156845.472167881,-456860.826700641,156895.819901464,-456894.201180602,0.37246238416857,0.373068468667391,0.331976383112349,0.354110356584613,0.295697554715895,6.94821134323264,23.3331483176853,0.372462376158138,0.677900889769174,1
"06037603005",0.54614291,156808.396345612,-456045.392450096,156849.879574121,-456048.428250055,0.546974811782891,0.546248147775468,0.13293128362251,0.5361600991755,0.107502201526959,1.85690480522171,22.6161129103872,0.537002653482557,0.873225301814813,1
"06037602802",0.470075196666667,157170.432986491,-453611.911303732,157202.658305141,-453592.910851327,0.470893394849372,0.469881695744575,0.409287079238053,0.465412943129876,0.392607603024961,6.28588521896702,145.047186426507,0.470893390503868,0.409213249357067,0
"06037602801",0.611608686666667,157175.324214018,-452809.0214207,157529.443891723,-452877.974929978,0.612583534229599,0.612394725131186,0.549571431691875,0.560478857345361,0.340739165617326,0,110.388033834559,0.612583534926092,0.00542721594000219,0
"06037602509",0.499444283333333,154104.203641822,-453905.967662808,154140.396256663,-454380.42148063,0.41508595419582,0.415223740469195,0.343083863136963,0.279271896737791,0.238248873440334,9.60659512163456,31.9311433219395,0.41506759160155,0.449468324445253,1
"06037602508",0.14086002,153566.009131801,-454491.922570067,153544.247704009,-454497.373998388,0.14079574761987,0.140878931911715,0.027788461635752,0.147896207135661,0.034817261875135,16.3401799200699,25.1642907006337,0.151375930988782,0.999999999999998,1
"06037602302",0.209344746666667,150366.12040395,-455398.684016713,150318.184223079,-455337.980364215,0.209431604533276,0.20924323736737,0.169527386944269,0.225876510475671,0.202566074046695,8.10209878383245,54.3335493205825,0.206670042902338,0.844580049149167,1
"06037600304",0.463039923333333,157728.963932162,-451917.632429426,157709.543963404,-451928.821124481,0.464683095467952,0.465046537654437,0.448674196163213,0.465764576404902,0.444398775368732,0.368551743797657,1.78607759273052,0.523558061411765,0.0655685539611791,0
"06037800327",0.29723585,115730.113700918,-428092.212999751,115392.651154269,-428511.468670787,0.298024203613035,0.297994899338234,0.0571702331356375,0.357465325661063,0.14858834748845,122.022788808598,531.808566572574,0.298024197594035,0.578312776795206,1
"06037702102",0.301447953333333,140524.54262476,-444874.474921259,140547.530997529,-444866.316103803,0.3024186420375,0.302506227762303,0.236465072727857,0.303725417647267,0.250451837646531,50.2696646885414,183.598265786076,0.30241864174751,1,1
"06037702002",0.107259173333333,139972.584890195,-444339.51507557,139982.465801392,-444278.081199773,0.107254512973158,0.107070050739484,0.0192705394121087,0.113496757377455,0.0442456949161422,61.2728716031178,193.607989636947,0.107254495936846,1,1
"06037701902",0.162932056666667,139178.511410275,-443510.714805267,139200.907154364,-443356.998387962,0.163046525766837,0.163246635918823,0.134492835565017,0.249457515543926,0.229369574055323,85.87081837838,211.365913680749,0.163046530676106,0.940656864126691,1
"06037554406",0.3443373,174645.068857141,-458558.047689319,174640.474791825,-458585.014508191,0.34496674066654,0.345160819582227,0.317315966623274,0.358331820116928,0.324512704090545,24.5499712339158,89.6801439000589,0.344966731024534,0.17876390458366,0
"06037554405",0.563379806666667,173838.104350018,-458446.261799057,173783.2450816,-458514.407127548,0.564788748623827,0.565844566732555,0.539131792684433,0.612695023144054,0.577188225078111,0,74.3479270134163,0.564788756959948,0.0890216495841797,0
"06037554302",0.367513613333333,171459.958197912,-458578.934665311,171420.708728254,-458685.358377178,0.368195804957894,0.367692475697377,0.231900121813399,0.376909359794461,0.226329859429123,9.64659000961878,12.5995752372238,0.368195783742891,0.841362324076561,1
"06037554301",0.58488406,171559.995940909,-457551.044672305,171553.809138521,-457474.635921508,0.614113844003159,0.6142055413343,0.516141131191696,0.611309685146668,0.554057890081573,0,45.4501105570236,0.614687353857649,0.0129650429284254,0
"06037536104",0.24098726,168413.517809487,-450664.810542174,168346.724389615,-451420.674791442,0.242370180753532,0.242197714869086,0.141194946423531,0.469828281255647,0.346083076528981,63.5022995130998,125.55977051067,0.355093105818841,0.598621662257276,0
"06037535002",0.584117553333333,162043.694447197,-447866.419911168,161979.038003207,-447890.113836877,0.585077289965149,0.586127460430888,0.20530142554628,0.604119663389468,0.245785353031048,24.3409726851895,36.1485655737656,0.58507728913765,0.66362253760144,1
"06037535001",0.704650406666667,161432.762631697,-447852.337481069,161432.737245255,-447874.349161854,0.706326808835144,0.706136962736661,0.584640255353839,0.709482371355189,0.584950568571762,0,33.6593126749263,0.717251807755956,0.0145125292527969,0
"06037533806",0.260861596666667,169060.18315776,-447910.068873526,168932.379223677,-447489.206321229,0.261483169857212,0.26168697154271,0.108669005435074,0.264291107864671,0.235571283152659,3.07611059087628,23.0281810502326,0.261483157059803,0.600834297113084,0
"06037533805",0.28859771,168633.746462666,-447381.436414392,168645.072380682,-447377.47877761,0.289029965506899,0.288931556764985,0.0672686870231258,0.288491121595618,0.0715501974974206,5.16088762511638,26.7274684846736,0.289029959450371,0.869209338123767,1
"06037533001",0.3700543,162115.618320092,-446862.078757735,162120.217349952,-446848.009778781,0.370944990102249,0.371184650964833,0.160099546772477,0.370140983393909,0.15123754654881,3.80109949377226,46.1921493106752,0.370944990924069,0.915773812070706,1
"06037102103",0.39529967,151608.21088475,-419881.667006436,151397.612817072,-419925.37529968,0.39575260846863,0.396060471884577,0.23365248268266,0.467782404281111,0.339634897368486,61.5325896864483,351.757658815421,0.395783661980651,0.559999210644702,0
"06037295103",0.24484614,157860.055036979,-471092.462432758,157214.307264851,-471038.693357226,0.245129763160866,0.245420807046419,0.201279520476096,0.405821586487194,0.334586807397771,94.1952303847329,329.44421094841,0.245016143124956,0.803709435282648,1
"06037275602",0.462993846666667,146223.738636145,-447505.303171851,145568.232730475,-447819.626427134,0.464628436389877,0.464955207017349,0.412801949295166,0.453511633327281,0.289970491917898,4.6395666673586,169.039379397057,0.461242878656085,0,0
"06037275101",0.232785763333333,147445.116618321,-445019.041476607,147427.033058676,-444974.305991167,0.236383493934027,0.236445446214953,0.101995810684262,0.250117947290211,0.123523416319448,10.4221858341448,47.3878274533273,0.366702541084079,0.147078462336605,0
"06037554204",0.1263651,173128.11431162,-457239.6148159,173012.009179426,-457205.162770737,0.126435198456751,0.126438598840999,0.0828796172612525,0.157576562855124,0.0834769766285527,23.4821458426782,39.2202011660731,0.126435193811876,0.995503237270913,1
"06037554203",0.231434263333333,173498.357020216,-457735.159496988,173478.422325401,-457730.407099696,0.232006946086246,0.232292598179261,0.14788679604213,0.234027992110982,0.15617464258047,15.7868225171958,66.5966104530569,0.232006939264294,1,1
"06037554105",0.256008503333333,173936.00309777,-457082.232149967,173958.353552239,-457072.7390886,0.256336902053621,0.256781784438585,0.169281626013911,0.264678204659542,0.181411903832081,10.6946134447478,107.836266871352,0.256336887098314,0.24814177615541,0
"06037554104",0.46746859,173947.982266595,-456295.356176764,173982.740659062,-456324.362269095,0.468518267571464,0.468450330401408,0.246921209575538,0.468893045070651,0.273703709448367,0.178751977236393,69.9717391877813,0.468518260727656,0.305576515670374,0
"06037553504",0.331140156666667,170596.302891051,-454848.97196405,170577.486922549,-454899.686609984,0.311394574998777,0.311757168199882,0.203181941752874,0.290613753676143,0.206130966872746,29.2772691631297,40.0220915536769,0.312811305954676,0.977745957645153,1
"06037241201",0.296627576666667,158474.061886125,-451362.815143489,158472.991059695,-451359.388075428,0.297668204672861,0.297920665769975,0.0505654866869457,0.296136881629433,0.0492483668166885,0.339663570228785,1.52977635791163,0.281935388192785,0.981344467964176,1
"06037239801",0.435953213333333,160538.108727881,-448462.014919877,160522.757148062,-448456.294955521,0.437041778290314,0.43736651254336,0.167411901981827,0.434266229746721,0.157567939100022,1.61511807956052,11.6688791755168,0.502660394063533,0.062856335196651,0
"06037234901",0.388064563333333,154433.918582909,-446825.822804608,154442.982288581,-446721.925878332,0.389166583218106,0.389225057642101,0.151859680189215,0.36928333309774,0.0931903158503568,0.46984899114806,32.841974148022,0.389195864831214,0.999998006319299,1
"06037214901",0.477409623333333,148846.989594459,-436660.753052933,148839.970532625,-436646.438217629,0.478571431711839,0.479238685932206,0.430000201480875,0.476142831750985,0.42038458765028,12.3985229504519,49.9261579000108,0.383419821108497,0.100968574563384,0
"06037214503",0.36524378,151916.807085316,-437434.052155627,151917.712482112,-437432.193361919,0.366229723776087,0.366176191337921,0.146932404767511,0.366566250746214,0.148185830406364,44.3178237712472,55.5909453965142,0.366743658145499,0.999999999999997,1
"06037212501",0.53604627,156439.101966811,-438549.321282933,156449.893389326,-438544.464777479,0.5368545967825,0.537008182205169,0.225210907209109,0.537946090233672,0.220956371162894,3.46588742644191,6.97146502166422,0.463813169869475,0.970556142857122,1
"06037212102",0.611552433333333,157057.909455813,-437705.717797565,157049.155957141,-437665.566168932,0.612397327599012,0.61262788592151,0.514890766590799,0.624644345784097,0.508118016646293,0,19.8136268476453,0.432899182361903,0,0
"06037212101",0.44041755,157459.934657364,-437695.918865268,157400.928521172,-437640.717237535,0.440860871812052,0.440778562753669,0.315646731494304,0.470765873075405,0.316393697163408,5.48331260695695,34.4520327817749,0.330608663814083,0.475390714366486,0
"06037211922",0.528139096666667,157336.733841619,-437295.782318148,157335.358933972,-437311.048563574,0.528514186287986,0.527696168046119,0.276643882872505,0.527206759472898,0.277732992281384,5.45518346507219,19.3221824997216,0.43611988441745,0.941754080103621,1
"06037211804",0.778057633333333,156302.39283243,-437321.033574476,156350.448995558,-437335.248889677,0.779947905725679,0.780167208014728,0.653179425196582,0.780521066414095,0.656143668594196,0,8.93758984431058,0.767689241376515,0,0
"06037211803",0.718881986666667,156706.065592675,-437310.913230111,156702.439224982,-437328.397509642,0.720480315176946,0.720945474845207,0.638485432178747,0.728409230845806,0.648939274885582,0,11.4080601013049,0.666254488582033,0,0
"06037211202",0.402749156666667,157440.891676573,-436483.673955674,157430.899127526,-436504.839180222,0.403608842091003,0.404132161934615,0.276421543492557,0.408870726671448,0.287007761489151,1.02166605532583,17.531613672638,0.588442532748419,0,0
"06037265201",0.72508697,144323.963768275,-437562.030486037,144334.04619269,-437699.586680261,0.726624999374703,0.727304643810903,0.522965262518778,0.699118489574995,0.581092228113228,0,10.0900791463274,0.726625415212304,0.0915650667850824,0
"06037234502",0.2612427,154785.577202445,-444592.121772441,154845.198947395,-444584.578546399,0.261889942232541,0.262421171336038,0.118402610929923,0.277145096030951,0.140311781935584,6.68654541278377,16.5503200786328,0.291595423743556,0.770629787875875,1
"06037234501",0.270894513333333,154793.932182708,-445077.477189574,154963.958286431,-445056.190475817,0.271652745962817,0.271912252148494,0.0859068975634157,0.306881595144717,0.192362144454833,5.0381058695293,16.7594604677663,0.447772014122485,0.676613125912909,1
"06037219901",0.442107663333333,151398.117667504,-441555.478721718,151397.515306335,-441592.322571896,0.442945137849112,0.442808766883517,0.32663005118678,0.429470723526272,0.305659608604245,10.0200884503062,50.2823841190788,0.470219287234069,0.0299188380211815,0
"06037214902",0.49104226,149510.719407567,-436795.762744814,149465.01323027,-436922.249343552,0.491944992745552,0.492924722560348,0.361528111713308,0.40977029692542,0.278272450758261,0.21018185161492,46.054974711276,0.48834475033995,0.410109210584274,1
"06037214502",0.50500147,152261.607169235,-437301.416514159,152303.111193656,-437345.056813064,0.506568954468615,0.506075215384811,0.25961047780853,0.524797224103179,0.296920094140656,35.7415520621971,54.5099191557583,0.500305200213784,0.965142107307108,1
"06037212701",0.44943128,155155.343365759,-438767.706846734,155119.757455185,-438764.518502143,0.450661213563947,0.450096699300096,0.279988053101622,0.443858358196109,0.300543535624481,1.68654059775364,9.52792635616053,0.449534776251614,0.853175411868446,1
"06037211703",0.75105099,155843.213153087,-437330.78150907,155856.77658156,-437323.086966483,0.753213727064798,0.753667808831565,0.608234098106038,0.751433827735213,0.607495926268515,0,3.45070666634891,0.808389825202915,0,0
"06037208301",0.172323843333333,160074.626930911,-437827.592912888,160063.567711339,-437871.785107028,0.172490735970903,0.17244186806557,0.126821287983103,0.1951094699628,0.154365234144014,10.642880031023,81.269288435079,0.255483878278905,0.999999999999967,1
"06037207502",0.265474176666667,161271.81318203,-438835.472095739,161541.828061073,-438851.586518744,0.265848954070852,0.266031662489092,0.174022361331469,0.283343060793323,0.266618941918959,18.658185219563,49.1854187952322,0.265643396967664,0.999999999999984,1
"06037207301",0.33921273,161420.061145388,-439514.345992176,161394.383038261,-439583.785173566,0.210253414978317,0.210296098386505,0.110077285430248,0.234698944834502,0.129726868764772,7.2136834926451,31.7517813259224,0.210255158709807,0.955853866854362,1
"06037207102",0.138981406666667,162511.445577013,-438081.632949249,162387.542577309,-437929.930292565,0.149759821762087,0.149966084713463,0.124043402019154,0.150609941566735,0.0275035814485463,24.833388457565,77.8023021407008,0.20411089044103,0.999999999999935,1
"06037207101",0.21897935,162018.228359916,-437876.176786986,161994.360855013,-437797.976984731,0.219064942425131,0.219076017735648,0.166330849564698,0.235831141415651,0.190833144767432,20.9603107985434,79.7479551267911,0.234615008981957,0.96287216095367,1
"06037402304",0.34699821,206224.415699283,-436891.932661803,206051.291768454,-436845.890306833,0.380869824177455,0.38073244415974,0.0946749781532469,0.416262350457585,0.205233880021731,2.52151598362776,59.7741638730187,0.381123243800119,0.94605632836934,1
"06037211121",0.421904706666667,158245.534437498,-436638.699638621,158252.374405179,-436733.553251748,0.422796370497809,0.423483615562464,0.382738233699276,0.407644140334822,0.333777441259186,6.15616500381672,31.8403354229822,0.422785382337056,0.281753400501277,0
"06037189201",0.474442046666667,157193.860662209,-433264.102845719,157158.976835618,-433264.962610296,0.475578020507607,0.475715901774784,0.140678339903163,0.475400683632569,0.149420330908964,14.3103110756912,90.0926011989869,0.475577870371682,0.928615091840855,1
"06037185204",0.37966208,163919.796516054,-433215.331445972,163825.629478335,-433175.912051979,0.380133713036148,0.379654556203089,0,0.417274559777071,0.0160746465879405,37.5406165655914,113.361550950897,0.191620661817128,0.0758321485158227,0
"06037185203",0.29408953,163148.616597126,-433539.328720485,163176.871033703,-433540.319467596,0.294572213743883,0.29472766531376,0.177471412996844,0.294803033013833,0.191278211852219,57.2926451502194,191.276984596495,0.294572199194473,0.842113506157094,1
"06037208501",0.405421043333333,159496.788417385,-437000.585542076,159532.22790247,-437006.323854349,0.405925231849058,0.405525795853477,0.0542063207099956,0.38959884899204,0.0328873843041643,1.51814787426984,84.0672891408882,0.405925233301005,0.943130142932799,1
"06037207501",0.34251952,161276.171808912,-438421.10175803,161302.786468893,-438392.011526907,0.343578860351771,0.343670147446001,0.284842130494676,0.334446312600593,0.268401002862784,25.5676693154135,55.3663651714281,0.343534694417935,0.999999999999998,1
"06037207302",0.179352846666667,161775.263370248,-439396.934994572,161668.983689904,-439516.697805109,0.180045248466491,0.179987425085395,0.0415610477850382,0.182337957619222,0.0744854203308433,10.0414120500693,34.3852824107716,0.166452437033125,1,1
"06037190801",0.44062373,154601.318387594,-434331.731015627,154592.489696878,-434374.176160367,0.44149702247916,0.441181949400621,0.291486645534736,0.447368017284193,0.275198548253373,3.1164779553745,15.5004851389507,0.459812106912716,0.486735575645103,0
"06037190402",0.504912386666667,156180.289691662,-433284.788584841,156171.356744855,-433266.898408752,0.506194593162242,0.506820211152922,0.300995028946526,0.507000721095101,0.288570088227261,6.02321020999926,116.119004125901,0.540737590076012,0,0
"06037190401",0.510091853333333,156582.838153514,-433276.921536533,156579.805209341,-433263.145942133,0.511156005155925,0.511429138804396,0.4117144945163,0.512390263626629,0.403738532324304,7.31233341867059,128.973394527089,0.511158952396838,0.13744773094514,0
"06037190201",0.242017716666667,154098.627023748,-433344.840743325,154058.915367947,-433328.66231673,0.24284289024401,0.242822821347895,0.149748920961665,0.233090212437595,0.14923440551729,2.15086725080976,144.233605520219,0.242830056860181,0.712965805125577,1
"06037189904",0.39237278,152530.293941232,-433775.45745109,152499.796093532,-433757.631571505,0.393660412403062,0.393797452077365,0.349162662479579,0.38216658821881,0.351504960068849,13.1806543554907,235.809395555632,0.387029221238909,0.980429962022355,1
"06037408631",0.563185056666667,188600.067896261,-444106.818324167,188569.645865378,-444110.364099294,0.564700087515652,0.564376540570891,0.155780200604275,0.557221297569138,0.141936370550271,11.5262466599195,35.461064879147,0.564700111291595,0.502588492941617,1
"06037402303",0.389121636666667,207125.866852864,-436268.676766689,207100.936170841,-436336.540198036,0.390418090354667,0.390697177037399,0.194290593939976,0.39988356392337,0.236356093717445,16.290690826518,72.6433434803199,0.5255531637974,0.985184244065027,1
"06037402002",0.305953276666667,210990.122025216,-433925.710097624,210937.563529482,-433915.745875407,0.306964492087706,0.306870578125093,0,0.293878821324529,0,16.2569794227331,31.3079524830274,0.306631225624874,0.865254082149857,1
"06037402001",0.272738826666667,209982.802373412,-433958.754941146,209832.402943173,-433975.729045158,0.273284243493305,0.273918453479017,0.0468941249673079,0.28989996267367,0.0862165528053077,8.51286006996518,44.025336412209,0.273799009976512,0.65322350581782,1
"06037400404",0.37242966,200599.031491046,-425981.527656965,199409.773380254,-428019.928875191,0.372975067133655,0.372224501026338,0.00130181258654147,0.458888783605742,0.300646008202704,394.260664205537,1324.34017525268,0.317935798309659,0.124942645721081,0
"06037400207",0.291436266666667,205251.298230313,-428048.691745651,205011.594489328,-428960.524517318,0.331226731387297,0.331101009310559,0.152757435502587,0.100552187358214,0.0159641041347148,67.3564545604644,451.265827405585,0.331221712263748,0.649003664261215,1
"06037531504",0.657309346666667,169232.543747639,-441402.906499645,169217.935580558,-441432.188731748,0.658456060110944,0.658301739424882,0.571365285944938,0.673095667794954,0.590215089752924,0,63.5136848029116,0.658453416264421,0.142963500024618,0
"06037531503",0.784412936666667,168552.155728512,-441282.294069921,168775.24327072,-441390.808902707,0.786069487461332,0.785798819819111,0.530501303863975,0.765480056851117,0.629813401946973,0,28.38975606542,0.786058330614641,0.089372569264262,0
"06037206031",0.785344853333333,163205.839668504,-441132.730814874,162966.936733414,-439984.23231639,0.787643742757452,0.787886733830186,0.677125179120067,0.358511979756083,0.0269008195477841,0,11.7647279584569,0.877588041383288,0.200866687282558,1
"06037186301",0.29921747,162294.574062691,-431087.946435564,162366.720903483,-431229.781512096,0.299881153984057,0.300111760675966,0.201542958060596,0.262062641355891,0.179638996463768,3.00638935122024,26.9407292578646,0.382952618630186,0.632527966320092,1
"06037183104",0.235435203333333,168551.088873207,-431063.081890122,168431.364900516,-431220.694341501,0.235258391484481,0.234986123310657,0.181302029592812,0.269842897040064,0.211206215136968,89.0853637232476,172.741315042785,0.235258407922855,0.650473562181892,1
"06037311801",0.38463378,156085.74527725,-426341.913708004,156094.001835127,-426337.499254822,0.385891326637289,0.386427387465675,0.341836794215692,0.387454913400673,0.346037394177032,24.079450342365,281.417651067164,0.385891255757053,0.339080097541447,0
"06037980028",0.704735533333333,147010.643716376,-451476.096623478,149391.378282744,-450939.05777893,0.706023409388554,0.707510985673722,0.671074042127619,1.0319095292054,0.722774347578762,0,35.375122539353,0.70602340676399,0.139788953686318,0
"06037980026",0.295794566666667,158410.345003974,-414200.032240808,156360.784258175,-413608.487579054,0.370055359979833,0.370143452720974,0,0.106137660128323,0,502.413442267566,1665.96343979296,0.430359094701988,0.246963511659038,0
"06037408505",0.56250104,186597.911651149,-443945.411378094,186681.315653576,-443966.206811984,0.564021125963116,0.563453814295818,0.240239968426006,0.5776675727011,0.192532329388548,12.115986852288,28.3058041430096,0.491598086285438,0.262759164761585,0
"06037408504",0.62179659,187431.531482481,-444297.155841974,187479.727761599,-444330.809759015,0.623514642452041,0.623270733180217,0.245583353471778,0.642036668985124,0.279654976599069,12.115986852288,23.6422335122075,0.58525037949633,0.290689911841897,1
"06037406701",0.68757734,189572.982766333,-437983.661137353,189504.049505975,-438016.693584011,0.688932607161379,0.688849233729835,0.556634905058872,0.722359725886679,0.568793118767429,0,13.7116059100294,0.654272675105116,0.129182885393514,0
"06037408141",0.50144783,194668.885030838,-443030.211187195,194574.102066225,-442984.112419278,0.502668266546013,0.502109223118547,0.338641690657924,0.47201931537981,0.308993325213612,7.37229050711864,87.9399245336833,0.502668302950129,0.560649668962523,0
"06037408140",0.334500343333333,193665.577911348,-442968.740246714,193693.837751605,-442929.736752459,0.335180167086943,0.335839212770594,0.0703475877555058,0.313242088582032,0.0557620484925696,20.6066261197336,104.69776093093,0.335180163481096,0.780582620203496,1
"06037408005",0.52867449,194301.188213205,-438643.83376667,193945.343220414,-438623.179704655,0.530254962414671,0.529724764828138,0.280756980279383,0.379519199580595,0.186606308184174,23.8356941119385,47.6105786222202,0.530254980620878,0.177883665085457,0
"06037407802",0.546245063333333,191023.22745586,-441215.457699248,191050.35561569,-440560.867354732,0.547181885829079,0.546720806099665,0,0.53659811185489,0.289192047263292,214.711150003941,439.825014937914,0.234489843523324,0.424699783281592,0
"06037183103",0.100875583333333,168489.146009365,-431713.28831971,168253.45809683,-431655.632234781,0.103802121911341,0.103696693704494,0.069980568584141,0.211930583608263,0.189288086750282,91.9563000970217,192.383717898859,0.103802094585941,0.999999923042675,1
"06037127805",0.815517073333333,142132.954910881,-423689.728895586,141913.577787702,-423677.710230908,0.817208395641633,0.816746071533569,0.682855795360465,0.814160510905974,0.656319178084455,0,9.96579342702259,0.689707757046414,0.220558565103717,0
"06037127605",0.241350886666667,139543.140170577,-423945.251073147,139717.1089323,-423855.030793073,0.24187216214202,0.242308390868752,0.0633284013649588,0.317969861433524,0.172146003263732,103.577237590613,535.442037997485,0.241872160741762,0.448154947856394,0
"06037125401",0.506690766666667,149872.17921858,-426843.848311912,149819.090614735,-426855.209775422,0.508342285441373,0.507536529902473,0.274119396415593,0.476679528177073,0.241008253287233,46.9340160691017,68.3556543278028,0.517420120356616,0.751175285163867,1
"06037122122",0.80752867,149849.791153757,-420491.710440126,149989.100962508,-420663.520629994,0.808636015607624,0.807195074788723,0.0418848111021039,0.740423156849812,0,17.2619156034441,17.2619156034441,0.808643260787827,0.748163281725656,1
"06037120105",0.617103946666667,142884.022952003,-419374.263583638,142998.849881801,-419374.304256392,0.434816440840742,0.434584785596796,0.36576915645454,0.446763486589301,0.373553482035125,4.41402355085829,20.2273097040011,0.43479661417623,0.459791542867662,0
"06037115103",1.02877757666667,135618.366840887,-418060.075113214,135767.96593032,-417814.163730088,0.995087884616505,0.994880263750071,0.665687801571322,0.952405188237703,0.613376231412809,0,30.6335640293742,0.935777984007019,0.0288811694354927,0
"06037113235",0.266923433333333,124185.636406512,-418851.831582094,124444.984881258,-418796.591587972,0.267390183017255,0.267144820148675,0.0963564703181483,0.207223289663027,0.0443526791782003,101.195957081685,479.709371068603,0.609479602085888,0.483063709267318,1
"06037320202",0.470011353333333,144088.176128831,-412836.09036529,143991.254432575,-412759.584770678,0.471111076660719,0.471273064760918,0.311510611749688,0.435491598958163,0.316846343392135,5.26006849905855,28.0025222135382,0.451028832855771,0.835866418329274,1
"06037980025",0.606565973333333,162919.240075942,-462182.891837661,162907.667807544,-462026.671030081,0.57930298097481,0.579500560456301,0.268896311753919,0.57924214577458,0.36313514711793,12.644034905566,19.4109127588291,0.578893634416711,0.357456205303989,0
"06037980024",0.124981286666667,139310.91725472,-425457.07487174,138050.668816531,-425695.578082663,0.1254709819216,0.125402107669253,0,0.151255346011418,0,447.124738032401,1325.91902637645,0.125470978489686,0.521593028561813,0
"06037980023",0.317278383333333,126190.993685294,-419489.493839956,124973.679667979,-419816.878921856,0.318289274747463,0.318958197337676,0,0.195637648511465,0,475.528707843334,1202.98715242795,0.320919839006377,0.989272450454469,1
"06037980022",0.648005616666667,139387.623823522,-411864.747872749,140355.706780434,-412940.33595454,0.649021210874051,0.64826971102597,0.501340713323763,0.63392611788929,0.576797823577983,0,130.584461573909,0.696830616730027,0.0929028699128974,0
"06037980021",0.282287616666667,149380.066699838,-415310.661260327,149890.299867657,-415076.878328179,0.282615908356453,0.282314280384453,0,0.0719671494626143,0,498.75988117816,1198.09497531424,0.15244100811469,0.72458725474685,1
"06037980020",0.24040409,156281.617501537,-419620.218076254,156281.3868265,-419620.622910209,0.240829553821783,0.241315071936209,0,0.240683671633963,0,496.035816018167,1622.64923595869,0.276849158228034,0.999999999999997,1
"06037407801",0.238166286666667,191933.208243504,-440710.469385836,191911.746342858,-440731.309592833,0.238517810612561,0.238645033514212,0,0.243938678928042,0.0143435084131052,65.6011697943043,441.660978583918,0.23851778906874,0.557978532434271,1
"06037407602",0.704215163333333,189788.879867507,-440673.419343489,189835.603158621,-440675.725440713,0.70591680512895,0.705119250135191,0.433807709864663,0.713890513325614,0.459745523191336,6.51957034782561,129.992092622014,0.44744033085181,0.302533883029779,0
"06037407601",0.841005566666667,189635.959848149,-439850.795729889,189693.222563585,-439906.803578388,0.842904510239764,0.842641475970731,0.720952787418452,0.837508347863369,0.715854352350731,0,30.1611230521765,0.806640541434633,0,0
"06037407502",0.967406556666667,190382.399081568,-439216.162859572,190387.888175441,-439227.885082156,0.969197161799354,0.969936178196995,0.737257286870968,0.966946472955652,0.743319410101083,0,5.57165706749895,0.964713746866293,0.0426063315579719,0
"06037407501",0.990511536666667,189468.434949847,-438940.945410916,189422.770577292,-438954.46615642,0.992828247798,0.993280571998646,0.899322440705258,0.99522055960766,0.871162409715906,0,8.62087518833899,0.992828253786764,0,0
"06037406902",0.993055366666667,187934.938077463,-437888.156535818,187931.129360037,-437957.85689683,0.995232945316762,0.995594858693487,0.908649851642541,0.997046013441366,0.931170460966071,0,1.46146280898003,0.995232914321003,0,0
"06037406901",0.93521478,187475.058904045,-437578.0660829,187468.527243912,-437566.78868436,0.937435898699019,0.936275802490387,0.564048670675253,0.93577539594266,0.556854049406438,0,1.36579123074498,0.937435875650734,0,0
"06037701402",0.23316398,138330.334528629,-442774.190652446,138388.089783006,-442680.288801575,0.233648700579668,0.233534650945817,0.156082889713645,0.25992904663178,0.222703304212957,85.7807403989484,194.740747196902,0.193687325740142,0.931228015276864,1
"06037320201",0.394854183333333,143625.318427916,-413252.948976014,143554.204284095,-413103.252414359,0.39558567044606,0.395860926664553,0.30515131806099,0.404394210178841,0.215375799124443,5.07720617834979,26.3561365526059,0.395591004788401,0.973529609590047,1
"06037310602",0.396446966666667,155007.231482222,-423484.759153865,154906.61279356,-423421.70070115,0.397777074976946,0.397785881186557,0.0567781340586886,0.36176888589428,0.0138844032119977,17.3549791018151,135.137127473875,0.397777070144257,0.940183423702529,1
"06037310601",0.386743156666667,154147.159888797,-423323.192885345,154196.039098928,-423217.671864481,0.386425306564129,0.386811538149433,0.198973567402926,0.36170551275396,0.126716841840832,17.8935673716337,54.1234548377701,0.386425309285928,0.733753377725772,1
"06037310501",0.285189943333333,153024.419311399,-423233.414282897,152920.543468044,-423236.98530014,0.285849059684274,0.286402448940864,0.0831506922924787,0.285422294461759,0.0700651783012118,6.08750258322805,25.5570744383531,0.285849074368687,0.578133968935186,1
"06037310202",0.33677303,157052.454631951,-424056.688231251,156873.357561826,-424162.236862602,0.37147706332355,0.372272300008707,0.172794942258046,0.400064428051512,0.131995449048447,2.1875248248263,208.209072765597,0.371477046888452,0.90178539780288,1
"06037310201",0.32843373,156240.360706922,-423448.9895021,156213.165811044,-423621.915294981,0.328980672750684,0.329031081582578,0.312726269759612,0.417488075544641,0.379428105558871,35.5458100855153,416.722476884429,0.328980678875226,0.734372400927402,1
"06037302504",0.25897104,161462.447881087,-429686.559338345,161555.670463472,-429671.99110182,0.240265791168433,0.240335139915643,0.187603920509755,0.243571072228847,0.183227680988869,7.9504519230254,17.6528557177956,0.240265773070009,0.999042174748578,1
"06037302503",0.234487466666667,161627.800111218,-429407.604945008,161689.534645902,-429418.751560725,0.235184050744856,0.235122901782565,0.0924984112543873,0.229370386873148,0.0773280118709089,8.69742770157792,13.1795914411597,0.235184059554816,0.997988083824811,1
"06037302401",0.4794402,160495.12543315,-430090.99941208,160587.951029258,-429892.539697009,0.480954945662128,0.480993663198507,0.391695064526177,0.430708484698139,0.358144148900381,2.64640677019371,97.7115508837598,0.481534323790725,0.727177362822695,1
"06037980015",0.231604796666667,158096.517530064,-469530.491114037,158021.312725698,-468827.828655549,0.232555636714006,0.23241145428763,0.175461793357663,0.140267555186294,0,154.98777743661,570.148804069508,0.179686125774513,0.383581837610948,1
"06037430902",0.648227673333333,183104.184315485,-429293.836328011,183173.455787644,-429445.386924223,0.649960076368886,0.650736601297247,0.586177880133168,0.669112819304313,0.650984068445933,0,19.3550601539378,0.631748153809144,0.230930759150272,0
"06037430901",0.517663943333333,183363.214551908,-428529.431552932,183286.420674312,-428457.996737765,0.519091713666881,0.518718837992408,0.178419690903642,0.489755193760594,0.116197939029203,1.73195598956731,17.0887493190316,0.519091711210986,0.786536744687995,1
"06037408724",0.65794891,193725.471174598,-445783.68810843,193717.594767452,-445766.736012241,0.659292330593193,0.659736757830704,0.284775906247921,0.662498687352738,0.295883316757305,6.90065809755516,17.2601871640813,0.650416006613759,0.365382351504168,0
"06037408723",0.457764383333333,193964.206500141,-446458.0806124,193952.89655982,-446463.158923371,0.476392853506752,0.476336549104869,0.0430795642629102,0.471283982564599,0.0403355598627278,6.90065809755516,29.7585939744432,0.468216134056757,0.670685874962918,0
"06037408630",0.764707296666667,188786.590368743,-443410.909643599,188790.312527998,-443398.97793422,0.766482418673916,0.766646231345609,0.297817324520965,0.772392533609397,0.305024299824074,11.5262466599195,12.1635334056138,0.766482456890097,0.0422814059732904,1
"06037408139",0.507138246666667,192724.529196359,-442677.863888825,192673.719487339,-442611.626094304,0.508085050755931,0.507228285322356,0.326437637107356,0.509081603691993,0.335055197937806,2.57680779718553,276.172944139591,0.50808506283729,0.279174674248484,0
"06037408138",0.33544383,192472.626956614,-441904.376955307,192427.341842039,-441957.329121206,0.336130697481217,0.335756026663067,0.219125165972289,0.355438872824554,0.201903990203564,112.054393160444,447.196422546602,0.336130688322746,0.180588608814163,0
"06037701304",0.428840386666667,137963.161683102,-441714.06731059,137913.664194846,-441794.380669905,0.429624514313199,0.429989771762994,0.249593763022466,0.384403017591083,0.230748264992974,1.56925007819758,133.564297313349,0.429624534087663,0.427642338601317,1
"06037700802",0.183191636666667,149333.958590669,-437302.249563884,149237.676678877,-437265.184175628,0.170339256645841,0.170650474371641,0.0412978667508978,0.18573912638971,0.0389313302606209,3.26295974729412,46.0524348284459,0.170339251890857,0.966673919683726,1
"06037700801",0.180686983333333,147971.021650485,-436964.279307634,148304.002926688,-436732.980689019,0.181366431978085,0.181548227638074,0.0718030173413721,0.322626506717306,0.247301099884862,30.1570490880335,60.6260809668513,0.109000573038426,0.743847310602722,1
"06037700502",0.433023796666667,149420.328564733,-434875.601183218,149367.602587549,-434909.977330864,0.433504898198061,0.433186603568663,0.31959069239204,0.444572854899736,0.354346518322771,0.912744103783348,24.2923683086501,0.433504883279899,0.584921353391641,0
"06037700501",0.38462567,148768.219323097,-435182.945380865,148786.147840161,-435115.601002162,0.385420546272059,0.385569037355956,0.315703959226154,0.408970392603894,0.341376198879572,6.81558351193501,49.8521447596104,0.38542053793384,0.932036329200966,1
"06037700101",0.227614083333333,152023.323723751,-434576.898855844,151928.761374796,-434565.527594929,0.227465151295424,0.227351138286262,0.0400802572307838,0.278403623259241,0.0986727465883731,13.560861539077,57.0465727526311,0.227700210044222,0.845419232006584,1
"06037670602",0.193333573333333,151247.082544062,-473209.319327599,151481.821104929,-473326.855302126,0.27070911486873,0.271368158918742,0.241118505373294,0.16124137662079,0.103725997854635,198.467370077411,765.170403200467,0.270709170595564,0.764189292083897,1
"06037670416",0.231708233333333,147727.734255542,-472000.7311064,147945.152739609,-471914.947617545,0.232300191061587,0.231945944684187,0.121932522386208,0.31408226232097,0.0772249771526422,147.932792010315,490.185604743683,0.232300181663604,0.61670497709148,0
"06037302004",0.267289286666667,162394.098176359,-428145.842866546,162407.993758222,-428128.186493767,0.26839274882102,0.268362475362342,0.150814947348895,0.274757595237217,0.16124702382232,1.3574151612598,16.4205476753323,0.268392732340119,0.97278541735475,1
"06037302003",0.224465756666667,161915.499929007,-428162.838155989,161943.561256917,-428149.119984534,0.224569900897497,0.224727440694666,0.129639611898371,0.216796839026511,0.113486426278068,1.41015247761153,12.8958891830704,0.224569872479165,0.999999999999996,1
"06037301802",0.294925786666667,160464.941245845,-428142.978334856,160306.409292967,-428116.38469109,0.295450840088301,0.295738377109019,0.227322629516575,0.326858283268278,0.319157552493608,1.03090258062261,19.194538758267,0.295450839886238,1,1
"06037301801",0.314091586666667,160444.947075816,-427449.982811954,160316.087127524,-427527.789423385,0.31497351485274,0.31459241916408,0.0888165319875251,0.265843436012994,0.0998749324737974,5.24969089749431,13.5840889167084,0.314973537999844,0.871047547200225,1
"06037503106",0.646180483333333,182752.042669925,-453051.822972327,182678.985884594,-453006.720861703,0.64725254108597,0.64784117247294,0.481529154889136,0.67177124688626,0.473035910761627,0.449292454908199,21.3888122694057,0.647252533312954,0.17200582844865,0
"06037503105",0.84709816,181856.762728587,-452690.34245373,181847.655315225,-452870.026577774,0.849004977763553,0.848702994318324,0.693847646363491,0.805271191922961,0.750449681886388,0,7.4698544971798,0.848998908912495,0,0
"06037503103",0.847440696666667,181145.109782628,-452289.006617054,181107.17418779,-452298.723386693,0.849415786141324,0.848973310414991,0.501216531440668,0.853262680066321,0.477747905015757,0,15.3502215732187,0.849411783895398,0.12585086511528,0
"06037502801",0.22607895,176653.018459082,-450930.889953362,176660.329276764,-450994.559311818,0.226382988215375,0.226362102157154,0.145045597783065,0.22136387704775,0.176279320890551,24.1058298621451,102.112184450678,0.274851057083319,0.869218624621323,1
"06037502005",0.279307926666667,181700.617967722,-449642.609239668,181636.135976084,-449622.474088668,0.280017723209594,0.280212527220147,0.215025653246168,0.282801408491383,0.189338981924693,11.6146112248331,57.6142428523853,0.280017696579026,0.990855211325444,1
"06037502004",0.384636853333333,180430.412519148,-448645.814884924,180661.339382721,-448811.68247001,0.38523336531252,0.385352363404349,0.224440643263356,0.341562704661291,0.256157472856368,12.7493948126724,47.1980320250054,0.385233358041961,0.734437238923515,1
"06037408137",0.431104223333333,195463.837097218,-443046.534648371,195482.460625367,-443029.784148325,0.432100754066427,0.43218529310875,0.209984918400332,0.423700025049323,0.197085106369643,5.97528696308074,37.1374701943553,0.432100762858002,0.643690463558635,1
"06037408136",0.3514091,196227.740108472,-442974.322783223,196235.526097241,-442981.317504355,0.32803025728821,0.328354839916389,0.137058167239082,0.32983011319033,0.14290265740362,8.80352338668654,30.3772555240449,0.328866993377277,0.984264396654478,1
"06037408006",0.43605816,193774.610706011,-440188.822380166,193610.818352559,-440521.472442603,0.437275102642108,0.437616632956707,0.335418095161992,0.390932402651522,0.120139548555471,18.2157633190929,183.98027855923,0.437275126736023,0.353257761440094,0
"06037408004",0.076439016666667,192468.57429191,-439857.154682004,192430.556022423,-439838.617235554,0.07637157844105,0.076301869672865,0.0117816182300295,0.0844037337651706,0.00214104528384395,66.2287860288992,135.651744368674,0.0763716044368912,0.973358694763251,1
"06037404503",0.470212646666667,192606.072035383,-431778.201988537,192661.279548211,-431743.679298477,0.471089198410807,0.470393942652434,0.269692957047962,0.455324587588779,0.298710457186599,9.12707288956567,36.2064832464635,0.471089196580342,0.054468748811257,0
"06037402406",0.399922,204644.275864775,-436339.876704799,204675.087180252,-436387.634788327,0.401032474490011,0.400797492250118,0.106443760165475,0.416231745856558,0.13309225535343,7.76716321656661,317.207505320403,0.401032452761096,0.540491903347955,0
"06037670328",0.097701326666667,146790.993523481,-470216.259334895,146920.541906137,-470219.168095586,0.0981807198791831,0.0982667029456316,0.0178173457977939,0.146659532459886,0.0347656225143628,50.0433442767731,215.323814678047,0.2110566779214,0.551252888755447,0
"06037670326",0.227965146666667,148008.842174582,-468545.085574884,148105.984769415,-468630.432127233,0.228884367600154,0.228989600799442,0,0.304912680029641,0.0697538705522242,159.048566696724,301.102261796463,0.221241883441655,0.253202341959414,0
"06037670324",0.153593536666667,149919.964961836,-467201.10898877,150283.279948627,-467112.757606182,0.154022150596975,0.154272489486739,0,0.210780512097461,0,243.362414845098,401.297104198151,0.154022203985084,0.444794460504242,0
"06037651402",0.244696103333333,153237.995034812,-467396.072832254,153265.30754235,-467355.351511958,0.245314954601162,0.24511542081573,0.107504800868548,0.269006249108279,0.125231390477224,41.9977793102109,145.451675993945,0.245315148095124,0.852006052172728,1
"06037651401",0.278012213333333,154340.393634053,-468503.642416582,154274.496450338,-468489.289291089,0.278201437323516,0.278826160105486,0.100530512488401,0.289857982685124,0.131306095102212,22.8082523509451,129.334538213439,0.202243007844885,0.919193678942224,1
"06037651304",0.24997619,149643.678860003,-465702.560884828,149693.690263651,-465636.247690556,0.244511527008965,0.244162682574531,0.0365789510770745,0.2376147267618,0.0430408502046364,28.7375601478529,195.558222013527,0.244511541095969,0.891326650157102,1
"06037552002",0.44122042,176961.245422025,-454008.411963377,176920.142762869,-454012.432169779,0.442266546711849,0.442220700100585,0.0263979939010299,0.452106104844983,0.0249585654958719,6.53253935778927,30.4199686714445,0.43591810787899,0.788266258835604,1
"06037552001",0.37408201,176159.690963668,-454117.959343415,176173.787771835,-454098.682099449,0.374956617596073,0.374568493055608,0.31893717718129,0.380450413792605,0.307373020505377,10.1138816620631,35.2032853039047,0.482478330347739,0.559680664442205,1
"06037502003",0.235570623333333,181204.765206383,-448377.181261676,181195.799967621,-448364.424348419,0.235727653302605,0.235984536105371,0.0058125965374398,0.237603152221287,0.00813218434049604,12.3593298676027,62.5472300458362,0.235727643515017,0.999999999999988,1
"06037501804",0.169014826666667,181598.953209028,-447623.079660948,181551.735676513,-447575.468547848,0.169849178299121,0.170108160020611,0.109717321387346,0.145862116993521,0.0948107649684796,14.0601329432282,61.3413930893874,0.169849184272012,1,1
"06037501803",0.17256066,181048.840616999,-447431.096380648,181109.121624068,-447413.778802457,0.173143034362627,0.173206161620207,0.136298365871949,0.171295466314755,0.126017947041805,19.495139032779,50.8323359469478,0.173143034640899,0.999999999999974,1
"06037108201",0.2395708,132155.50874917,-413341.811768528,132203.125137299,-413035.372153538,0.150107472253324,0.149893585398879,0.0218247481515217,0.232151072308359,0.165581144208053,84.9168939159858,184.324367050305,0.149760104229127,0.952250532995296,1
"06037104822",0.867505503333333,145421.801782684,-417683.651134362,145520.391077714,-417755.816378297,0.869358606504469,0.870200959327852,0.50346844753723,0.854082025473183,0.530544318066194,0,11.5163772038663,0.869358611707203,0.0315524081886401,0
"06037104403",0.501741303333333,144148.519396191,-416266.840062586,144285.931065875,-416401.972451909,0.503460303049481,0.503150670519058,0.440469006889881,0.606733291175999,0.512614143197266,3.54141154770257,30.0860975634204,0.519515541854176,0.470618792713916,0
"06037278001",0.497438573333333,147705.626743136,-449667.657262926,148060.239519637,-449551.144508798,0.498734277771845,0.497657982017534,0.145339197386113,0.581054294770149,0.374895408205749,46.1629188139708,121.972040884164,0.494832658966792,0.457033217606634,0
"06037265202",0.590355623333333,143891.032121113,-438117.969704389,143993.772629176,-438149.639062692,0.591514050764167,0.592043199353195,0.28901253682478,0.58558682153324,0.280047900066312,0.287432587794668,31.8457554585863,0.591515198225854,0.513479029255853,1
"06037264102",0.13904658,141292.620129575,-438426.977765472,141337.880579371,-438459.204336329,0.139458884293102,0.139562408429968,0.0692456867588081,0.149656301954451,0.0967343778831731,18.6428186563154,18.6428186563154,0.505764937532034,0.694999491363082,1
"06037920118",0.918389066666667,126510.489658716,-394292.892642256,126538.26356512,-394270.851095506,0.92037313944421,0.920809094177556,0.475271868137778,0.923032026518704,0.482320736937676,1.37811810246567,10.1131486751242,1.40288145140471,0.181039078843512,0
"06037920114",0.498808056666667,132098.540276098,-397294.279659563,132285.467485854,-397170.206093667,0.263023077455172,0.26273810568987,0,0.191344047280926,0,114.422066981512,388.418373749094,0.287170509567848,0.452484700206587,1
"06037900201",6.57969941666667,186752.555975919,-365758.691142896,185797.549882623,-364940.676010859,6.59177754242941,6.58958162456949,6.51581148105842,6.36331083649845,6.14680391794501,0,0,5.40198468915666,0,0
"06037800203",0.672553793333333,122373.433137979,-427473.175799774,121535.645398912,-427288.848935998,0.656790707377146,0.656432343098055,0.129637778580002,0.512337261822189,0.191618159012755,85.326430081082,199.022476172943,0.65679065612596,0.157108459819066,0
"06037700102",0.40130979,151895.981680076,-434945.031067245,151660.350147736,-435000.228013705,0.286177842135413,0.285778970518509,0.185847301025247,0.38423811342794,0.328953529168288,13.5560347763904,31.7880013453757,0.286364380314637,0.741951355454357,1
"06037920337",0.5598029,136730.890591277,-403638.664652012,136586.566149626,-403632.960430145,0.561102502605313,0.560313407382087,0.380999329503786,0.508165555579266,0.298649170496826,5.03305140502812,271.728158575154,0.561198719095902,0.228073326054532,0
"06037551502",0.423200973333333,170805.057785984,-452593.337737329,170898.410800244,-452451.353767429,0.42441780265776,0.424183385390354,0.0115120280575628,0.434948613293688,0.0389468179158012,16.3312792875424,118.195604884359,0.425053640782338,0.662882210647192,1
"06037551501",0.317498616666667,170303.800650353,-451655.915326848,170507.666472381,-451795.79502645,0.318166553785578,0.318770859300001,0,0.362767944878971,0.131023081374647,120.501150175212,142.091329222359,0.318166542584416,0.207749004244798,0
"06037551402",0.740050366666667,171397.973399411,-450983.357142724,171367.555522029,-451073.028540682,0.742214011148997,0.74197689978768,0.682414375680588,0.742223992333544,0.6404738147397,0,156.230599516295,0.742214032438765,0,0
"06037551401",0.351943563333333,170465.223593299,-450720.774791265,170473.835738535,-450717.49122262,0.353038644830387,0.35343784179244,0.251478986328169,0.356100624218488,0.257133490016958,36.1242182011568,236.150808849439,0.353038662836397,0.493503667393958,1
"06037551102",0.48696501,174054.719206138,-452564.001532486,173733.886222499,-452503.439345253,0.474019686943631,0.474013418182537,0.418341592603795,0.589028897347285,0.525609675493628,4.09918971380942,61.5478750227617,0.474019689045011,0.326657271482016,0
"06037551101",0.34799896,173267.81652725,-453129.191883117,173404.627027193,-453204.632343822,0.34846026421241,0.348083768164841,0.140307984941552,0.318973419962978,0.0804807871205666,17.9002244814201,32.8617490767928,0.348460255672402,0.717312308289751,1
"06037550902",0.9357021,173305.905104047,-450253.453830773,173025.561522393,-450200.878677343,0.938251838644024,0.937445384121506,0.735325655456042,0.86774181580623,0.5682096350596,0,17.4710041208188,0.707196735914986,0.142051192981581,0
"06037550901",1.09244674,172967.441334492,-450886.901828458,172922.798664072,-450723.868620269,1.09513993292618,1.09480899419388,0.821914136055865,1.03910151322757,0.724511403827191,0,14.0103500716803,0.708427549197676,0.639921556024904,1
"06037262704",0.16263555,134836.535846198,-440377.992721525,134827.104956518,-440280.979503437,0.162707632827453,0.162824169934823,0.138447158864446,0.211240311764101,0.180302889623719,48.8675735976655,229.395986475612,0.162635812310137,0.509675613862497,0
"06037240401",0.29701651,158465.013588863,-450290.433472977,158420.812594532,-450278.727676564,0.297870084489939,0.298129486544487,0.130354653739857,0.292846955839877,0.150378117229685,11.5997395720666,18.9435033052239,0.223172871985603,0.96865672596924,1
"06037237102",0.474937116666667,158573.752053105,-446310.87645861,158516.378525188,-446322.443600046,0.475877724244974,0.47528986339724,0.308389923142799,0.4610464903918,0.281482396959351,0.518866805017698,11.9373999375067,0.535402251512039,0.510109239800087,1
"06037211704",0.812161656666667,155852.238919757,-437734.89869685,155834.161961103,-437706.925926999,0.813716256304647,0.81410585034061,0.78462384915974,0.815157239714103,0.799366930078729,0,6.92503778964831,0.79306886622673,0,0
"06037211122",0.435055156666667,157894.283762319,-436678.988748229,157943.244586283,-436796.832665268,0.435940472416464,0.43652838185462,0.306365019124249,0.412966010120047,0.23411924441935,5.97159515429883,24.6249728977595,0.435932874915539,0.40518160811933,0
"06037207103",0.185902903333333,162520.414971357,-437503.86654496,162321.20795023,-437484.701761788,0.186262643247456,0.186218888998261,0.0611354297973304,0.20817366830577,0.0290787560794636,16.2153370881748,145.015552585067,0.117215504347697,0.99999999999998,1
"06037194101",0.040620646666667,151932.841264875,-432486.914914403,152189.530563572,-432728.076623608,0.0407091000401243,0.0406268470727367,0,0.102447193746507,0,273.767230578416,386.627976158285,0.0407109411950545,0.999999999999992,1
"06037192001",0.41449761,152512.121552653,-435383.612862985,152455.646149187,-435375.726611436,0.356896089816038,0.35754659791995,0.181393696290835,0.344504741525918,0.162705616552109,7.90804668033658,42.7114553833745,0.35681611442688,0.738163819830937,1
"06037190202",0.2082073,153562.617985859,-433347.745745639,153643.776873747,-433308.781752093,0.208645709084514,0.20900172956855,0,0.213422290992237,0.0236076446965786,6.25893800359818,210.40426426243,0.110495736786526,1,1
"06037189903",0.27147388,152441.041383712,-433466.320109642,152453.383448358,-433466.749102321,0.272346524979923,0.272251362245921,0.193913070991908,0.273006490158131,0.196278029449334,58.8681957440778,333.835866960605,0.268732545455774,0.999999999999974,1
"06037143604",0.195172683333333,150520.301141591,-429180.881874327,150400.795283271,-429098.648312404,0.195265843931505,0.195199789238535,0.0826181384540505,0.23823156810315,0.132069604010439,25.3367117813561,41.2028079784518,0.195231710178334,0.430875599534478,0
"06037141101",0.978568066666667,145067.498002111,-428150.830482992,145013.540156721,-428173.545029842,0.980574305853498,0.980426228181359,0.940396836867957,0.979494563609303,0.92114463189678,0,2.93845578222049,0.980574303360418,0,0
"06037534803",0.557360823333333,163997.159256675,-448038.228259693,163995.848901198,-448051.614747288,0.567154348310268,0.56795705406575,0.11926737525647,0.569323711858856,0.111298861602656,3.57886088327995,27.3665589229323,0.56661051769793,0.692021947323897,1
"06037533902",0.258733,170628.187154412,-448118.416715975,170538.458265279,-448137.482204752,0.259070066554016,0.258532270017901,0.0501501269726607,0.282635894378336,0.0129316038097612,13.5237194948327,149.598270218538,0.25907005770221,0.967709815887672,1
"06037534802",0.54472232,164340.841104803,-447821.930404749,164344.586339108,-447818.543803355,0.545732834988939,0.545898949902967,0.2817514315068,0.544702310742248,0.284208874839141,3.57886088327995,36.1568843812423,0.55071777640859,0.349377298118722,0
"06037534406",0.285786956666667,168668.866454011,-448453.240164233,168660.736523877,-448479.246951886,0.2865040462706,0.286426168545998,0.18030466847641,0.284764397834382,0.179904910011307,17.353926816125,22.6038939349334,0.286504061769682,0.961422360590615,1
"06037534405",0.39826915,167929.861804124,-448324.413949347,167919.410225463,-448280.26300373,0.398956620946753,0.398274884745884,0.0289556034856787,0.404355321527302,0.0526076083555303,7.01771102044187,25.8214971970276,0.398956623983684,0.735140482994912,1
"06037533703",0.266298046666667,168821.245331793,-446382.678523263,168541.316235604,-446419.065457147,0.267402895919589,0.267491727924115,0.0613682403205282,0.259280916099374,0.169416099868723,12.1500047836335,19.6363619430596,0.283967048224226,0.782493018176749,1
"06037533403",0.440433043333333,167491.024806335,-445902.188979311,167482.10650188,-445821.441557161,0.441114709969555,0.44065090929633,0.317687385910376,0.429056079422365,0.267556572492222,0.547698784659126,18.2597802649915,0.441114722308806,0.934102320613936,1
"06037533402",0.301000826666667,166749.010975327,-445703.9403255,166733.794357867,-445664.536699544,0.30168203332788,0.302060537462143,0.246917914740325,0.311999839965092,0.231362515211553,2.13676111591008,9.70192909949391,0.294024749297144,0.898783657559354,1
"06037533300",0.282376343333333,166075.747864759,-445392.3168021,166085.08411881,-445349.252547126,0.28258689348317,0.282721092992709,0.0647266163193452,0.298470241235318,0.0835148331718782,0.76208247191355,3.82232081889555,0.139544007447567,0.999999999999925,1
"06037310100",0.05764417,156137.683482889,-421697.660044612,155148.261006035,-422013.609831131,0.0572616223775976,0.0571517467940989,0,0.159310898648433,0.124011861151993,425.026390124772,1411.09551787667,0.057261617470248,0.959379828547424,1
"06037113422",0.924661096666667,130771.686001791,-420293.278492599,130392.410566417,-420226.213671621,0.926713244043875,0.925186646651221,0.409656587317383,0.860520389683059,0.64547239405737,10.7485128957767,16.3123206184707,0.926704653522783,0.335729304865539,0
"06037503602",0.228758403333333,184755.495818312,-453968.237788971,184763.962651295,-453559.196364273,0.228902089117917,0.228783277845373,0.195939451040663,0.242843912448244,0.222476845718158,128.857142083699,287.852580274418,0.212078386414346,0.862786368141062,1
"06037502302",0.313028226666667,178522.482738733,-448119.02782206,178402.365662821,-447912.088906467,0.31388033028114,0.31337240253676,0.035566429412312,0.331762357434312,0.176746942551178,10.6649703050014,34.2117281354493,0.310292195829478,0.828417207298894,1
"06037502700",0.58830847,178241.927838247,-449364.084128143,177206.984833842,-449369.033346997,0.58032781060285,0.580093142132433,0.556727447299857,0.146886562585774,0,0,40.3248754341651,0.577767401017311,0.423231640144449,1
"06037502402",0.48592868,176521.351870953,-447381.179284541,176493.67979023,-447354.218482235,0.486442616070073,0.486511898107536,0.168898148206255,0.504560342798193,0.192581644016049,6.63355121077066,47.8968839768787,0.485628771329578,0.0158129933997185,0
"06037543321",0.841826,161871.053715463,-459573.621770719,161333.438921452,-459221.226256744,0.843818884989985,0.843304351040549,0.476791861033257,0.568523872619477,0.0988353526112971,0.601326463282208,12.4640038612815,0.844081725313324,0.169133627832434,0
"06037541500",0.560810986666667,163964.962240796,-454081.415888772,163966.087356027,-454101.213659961,0.562146401800029,0.562972850079284,0.474490501169306,0.565500502236651,0.486644661683547,0.760567212394221,17.1105364390669,0.56214640320869,0.270040288610842,0
"06037550300",0.279700136666667,175553.716082172,-452722.440568764,175646.916943468,-452743.538770427,0.280457653417376,0.280222707052432,0.155262822997147,0.294470321139151,0.120124429447301,10.1811589791882,66.2463510411681,0.280403378346956,0.774598463399689,1
"06037542401",0.586310816666667,165501.526137173,-456543.803130351,165633.238373272,-456550.050856469,0.587843573151832,0.588496087870666,0.535934625116479,0.614610736428046,0.560611121690532,0,27.8673834330408,0.587843571808797,0.311709379030864,0
"06037543702",0.547971503333333,160222.045860112,-465380.643702565,160252.635023108,-465367.758701233,0.549622295007443,0.549172944857268,0,0.56105151502406,0.00553293983937779,11.2775788534221,28.402062517992,0.54936653456176,0.846203672912754,1
"06037541100",0.557179133333333,160878.209100974,-455952.322353636,161120.83697165,-455931.722890269,0.557927736469004,0.558860139246601,0,0.535457611897173,0.0480371481652414,9.9945193024948,20.3201496653019,0.568078866239899,0.694757076992348,1
"06037405500",0.694236143333333,191171.500968181,-435327.510810766,191184.682438112,-435333.589575058,0.695786346651049,0.695867998877498,0.38190997980531,0.696093654825183,0.39014757707284,5.60418182452502,18.3762365907808,0.695786346027624,0.408509639586557,1
"06037405101",0.702517936666667,188066.839163956,-433515.303228106,188073.060027955,-433530.609297362,0.704214162708299,0.705843420490433,0.560496988340551,0.707315364692201,0.551342799814642,0,96.1288302559678,0.735945205026346,0.0431921124749437,0
"06037206020",0.44231867,163234.088494267,-438260.930962696,163386.434452342,-438141.222914455,0.443966729595359,0.443763331961668,0.335061325875668,0.509487138477815,0.442881131519884,2.45129871542092,84.6984599136298,0.496626937853432,0.34400938200597,0
"06037206010",0.17460303,163256.450564951,-437011.308935657,163253.174535303,-436991.832523748,0.174946814853067,0.174732709058567,0,0.171502150781666,0,103.708823038501,257.859782462683,0.174945256178322,0.801329783622082,1
"06037207710",0.211609573333333,160493.356454483,-439495.795822536,160812.007352895,-439501.309658056,0.33032669798631,0.330109991348254,0.152671197146771,0.236272434911236,0.174909006334623,5.73571617636588,10.5558389531649,0.330320513746887,0.859373872344166,1
"06037207400",0.10101593,161959.298606417,-438479.886107481,162493.61348018,-438754.527324072,0.100700342999032,0.100822366717496,0,0.196184028793057,0.174426834646506,24.0663842264195,47.5460842860875,0.100700345544304,0.909516138122541,1
"06037206300",0.24480974,162205.871802028,-440102.911566891,162055.628291525,-439970.08754936,0.245106926624533,0.244916385955632,0.0533985345490033,0.24471324332083,0.130091576775233,1.13520477241981,16.9817646919645,0.281281270246271,0.999914685449185,1
"06037208000",0.114818436666667,160976.517475779,-437747.597016206,160881.266484731,-437637.887792915,0.0918328312784469,0.091822637360255,0,0.0977392500782188,0.0572674045193831,18.2588061899561,77.3383452589675,0.0918328368230596,0.95325397110943,1
"06037208610",0.466649103333333,158583.721949779,-436725.185008189,158564.40154634,-436804.90285393,0.467536310272023,0.46812170529807,0.314283205875157,0.421229341172685,0.264262731268548,0.731389861005721,51.8307772401882,0.467973574931137,0.0607445631341305,0
"06037208620",0.402931496666667,158940.186986903,-436989.294198528,158868.641735903,-437052.126296273,0.403639320338288,0.403543457003254,0.282404202846606,0.379368913281367,0.224167923443338,2.06321272466061,58.0815099197981,0.404273727628447,0.242529113403121,0
"06037208710",0.188766116666667,158526.593866918,-437443.866016784,158524.313178814,-437435.486511327,0.189675047393639,0.189519118923921,0.0427065741426313,0.18890144249007,0.0389082111830226,22.44027503109,49.1696151027585,0.190414879523592,0.999999999999978,1
"06037208902",0.304342783333333,159483.679398462,-438452.436638625,159472.990183736,-438421.442463316,0.305111540117016,0.305304692606238,0.234336905477503,0.310473391867102,0.219701764177019,32.3463711480793,58.8898963702394,0.305107496846404,0.999999999999999,1
"06037602600",0.572957806666667,155445.774464213,-454726.914839581,155445.736035793,-454749.507727585,0.462566823207965,0.463559682100947,0.0882080413305509,0.471833548609406,0.0886282980992911,18.1270463935894,151.060629912676,0.462566842697019,0.504986836082855,1
"06037219800",0.46977803,151931.359452416,-441528.057556246,151881.999226849,-441610.223865501,0.470467766418285,0.470332926297531,0.374212886965071,0.445291809978878,0.332833604541549,12.1608660411609,45.3233676795214,0.479742732735158,0.423541718150276,0
"06037219010",0.475491436666667,154873.894716309,-441734.472371864,154850.69465286,-441714.090508301,0.476253822560657,0.476391088687746,0.191035939229961,0.481650123906686,0.210062926751961,0.626786242394455,3.07126257817143,0.42535199923168,0.767035024783586,1
"06037218900",0.431548316666667,154855.245512499,-441170.966604506,154821.236516776,-441239.219049699,0.432437681643356,0.432933354721022,0.213636317359919,0.444803928054076,0.256478239140502,2.42448542313955,4.87638802359039,0.343619672970145,0.711085974479702,1
"06037220100",0.296493903333333,150840.009587383,-442221.634589207,151089.008224978,-442249.992342725,0.297119371522203,0.297503732554451,0.0612318597852936,0.323589959649008,0,14.0540962848835,242.245176437337,0.32577996921659,0.999999969653372,1
"06037219700",0.33748496,152460.792892551,-441759.387222708,152555.875489838,-441497.99234001,0.337837259830128,0.337864918495872,0.131674335518807,0.349126387823316,0.137987221396835,29.8914633561596,42.7084122504164,0.32898245597714,0.955964156144184,1
"06037221220",0.41075766,157326.800701884,-439919.552914851,157438.111260292,-439851.55385812,0.411673533878306,0.4111775813475,0.186878374519818,0.441434277921642,0.254304696202621,3.35537931383645,11.4999397143324,0.411670215668398,0.621840123316189,0
"06037219020",0.696525456666667,154907.776645618,-442333.377642748,154903.968894041,-442313.237756565,0.697929628231066,0.69846708177171,0.279067293731069,0.693685163165473,0.269513958041003,0.626786242394455,4.20744284147167,0.686438800345222,0.562586159660336,1
"06037221110",0.43711101,158078.609470284,-439667.978753128,158109.791009753,-439664.151459376,0.437266681566199,0.437098496438204,0.351466971479375,0.423758999455091,0.334058213538397,1.63640465541931,19.4458684567935,0.437274721058708,0.451559608326533,0
"06037221120",0.359757913333333,158079.297698743,-440069.644950028,158059.782822458,-440075.665269057,0.359873937291333,0.359373561770549,0.19277301864129,0.371006393225781,0.203696944682054,1.96098820004466,12.9440812992228,0.359872458557998,0.629120194629159,1
"06037221302",0.586798566666667,155901.169538763,-440147.176831413,155881.179261513,-440144.801939806,0.587727553304492,0.587843388991244,0.534631603867995,0.589838494255373,0.535305328805363,0,9.25480174585208,0.561394809598088,0.093513417215771,0
"06037221500",0.36460308,156548.515110963,-440902.063420951,156553.833097393,-440933.263382098,0.364923782944347,0.365076795166327,0.281070016484936,0.359040078396698,0.26140491471868,2.80008951620517,11.4571239722545,0.36492378478334,0.692528743348511,1
"06037221900",0.484087266666667,157956.614424069,-441773.895433936,157928.346309442,-441733.110439013,0.485681870295761,0.48552271351492,0.407734792361377,0.464762965101386,0.379481480642421,0.766298829785049,20.8483639347968,0.422016833871759,1,1
"06037221820",0.355534343333333,158231.913986008,-441358.867998629,158208.694238494,-441360.601905419,0.356227401858289,0.355557654715798,0.180818138091774,0.360493710648992,0.193677317546827,3.84894246999396,21.2383040502087,0.308525994204322,0.999999999999993,1
"06037221810",0.328166143333333,157695.549209704,-441346.31700559,157718.176173084,-441357.027357679,0.329153561737773,0.328497081890414,0.183057023329252,0.334493419276579,0.196482121968923,0.571734877246845,19.6543915277658,0.329155120899907,1,1
"06037222100",0.27433403,156771.959791683,-441733.104627906,156865.050708585,-441730.371627755,0.274997870555824,0.275398166053552,0.177272435858495,0.274752356233264,0.195327070575749,5.78390880393452,9.86329359599537,0.275008644087695,0.994073127825944,1
"06037222200",0.22303809,156761.37044178,-441334.350022916,156843.462578366,-441329.696737909,0.223269297133183,0.222816750973223,0.0301813923312221,0.206525752883191,0.0808975645695148,2.97417174139562,10.0470571029783,0.223269297585544,1,1
"06037222600",0.460696736666667,157384.413391264,-442329.950871394,157377.90435169,-442333.130455787,0.461663900669324,0.461329468771487,0.41524880576595,0.46003356901178,0.411387675876485,2.52577907804407,23.4094782445676,0.459744474049251,0.999999999999992,1
"06037536103",0.242434193333333,167785.708524708,-450910.579097459,167795.840987165,-451043.187655405,0.243020310864802,0.243299598712317,0,0.297963802675509,0.0325259990421464,86.642234311446,93.1034005249616,0.353668002881114,0.921046162445055,1
"06037533002",0.379957423333333,162714.101529641,-447152.79971425,162560.98455836,-447171.659216772,0.380850255657094,0.380957623869972,0.337468208811751,0.387652214029639,0.307342649298116,10.7914812189388,40.0886657628006,0.380850284084442,0.947376077843764,1
"06037480304",0.53021559,172389.451490796,-433798.003590939,172347.625222831,-433796.363926625,0.531334162388547,0.53061942396092,0.41458828603007,0.537529985286955,0.436228123648914,7.08862288982207,44.5906449435442,0.531334120112732,0.411432204529169,1
"06037125501",0.832596383333333,150658.653143411,-426864.889770912,150618.186675252,-426866.995052553,0.834766445130161,0.834025327127994,0.762491402635981,0.82268563377328,0.737327009814306,0,57.8155917672604,0.834913043545143,0,0
"06037125402",0.418575363333333,149912.305833862,-427499.785602929,149862.834150377,-427341.343635572,0.419916977117749,0.419960384713117,0.334405882154679,0.406750706008612,0.272945171178748,8.82203521990923,70.3911456881947,0.41991284013534,0.572948299203618,1
"06037123901",0.73789485,148033.308281344,-424340.945876614,148284.996136366,-424180.399995899,0.739075614685956,0.738192423788042,0.234044131888633,0.730163822051805,0.416703497841322,15.1964997840379,59.7534147337491,0.738533540946397,0.740856985547661,0
"06037121802",0.834258843333333,148194.205435021,-420591.923284802,148173.357482601,-420746.11436391,0.836585607796704,0.835734919273563,0.807339287863379,0.838102907601776,0.787440973192766,0,42.3935142999944,0.837796373702512,0,0
"06037121801",0.694512953333333,148068.91323665,-421450.618110454,148087.239967733,-421465.623369546,0.782207044343154,0.780966830687283,0.74754521865753,0.794344125249405,0.76102934572621,0,30.6846953421489,0.782805711994956,0,0
"06037119202",0.386873063333333,143412.435058578,-416652.743340383,143403.673533402,-416733.990089105,0.437012237563668,0.437164303503938,0.13236748631729,0.471399121877892,0.182907503600896,1.87018109779962,34.5515592512274,0.445664978918468,0.599126654591818,0
"06037119201",0.836575853333333,143539.960719179,-417629.093246846,143550.399654812,-417647.724333165,0.838864022767819,0.839593282994424,0.737531729790798,0.845254830518113,0.749544830353189,0,7.64527182479541,0.685611879722296,0.217105362848577,0
"06037119002",0.918401363333333,144761.010309138,-417688.607184198,144666.479019775,-417608.439820899,0.920432074038368,0.920958712983191,0.748679947078092,0.92209103601731,0.76305109339333,0,7.28826882423579,0.932626851881954,0.0435703014275191,0
"06037119001",0.46299642,145706.981954738,-419182.428448452,145686.615595343,-419150.443614792,0.463690461830832,0.463047890781686,0.180354765163756,0.473427001009921,0.173092923102563,13.5869711973977,70.0028537741234,0.46369048059785,0.58247375861944,1
"06037117202",1.02868197,140091.394906832,-418094.927917097,140120.872825575,-418275.358884686,1.03055663931617,1.03056622226369,0.656115609855955,0.95069846502291,0.586417381399761,0,7.01722643450459,1.04881343731021,0.102095204296758,0
"06037115404",1.32379193333333,134369.032087143,-420138.593802447,134403.56966201,-420225.764702988,1.3269275220641,1.32699059465434,0.468308245225761,1.33320902495517,0.52578359896965,0.511183219454095,10.9193727097855,0.961947197404146,0.0109165306739353,0
"06037115403",1.34890907666667,135254.349706392,-420188.715332275,135255.029790044,-420247.350112889,1.35190397914633,1.35238929623494,0.904310246763319,1.35223440567593,0.922555842953339,0,2.43976894482079,1.17013943826278,0,0
"06037900803",0.797078563333333,168707.138971128,-365599.898680525,168708.924400122,-365638.786481103,0.797888485767069,0.797166076843813,0.60317044608302,0.793965341242172,0.608185912395972,0,23.8053274758895,0.797888471004504,0.105382610552798,0
"06037900805",0.97621138,168758.890357028,-367220.798319872,168777.76201157,-367224.626995189,0.977692577780706,0.977209804141716,0.791549805010038,0.968609560730772,0.780953718178918,0,14.7160469533197,0.977692567357226,0.0219930355172861,0
"06037901007",0.859578523333333,166442.222161986,-372109.59947103,166516.124730975,-371828.976877474,0.862068022392631,0.86316096284023,0.256325996350328,0.832862293206157,0.428867732976147,9.29813629867107,9.29813629867107,0.86184951438719,0.116585565425663,0
"06037901101",1.39398980666667,162373.121612143,-371390.835359643,162392.025280575,-372022.86199422,1.3961232171609,1.39484184073375,0.511127283682307,1.19979624253153,0.118624033873117,0,13.6666045382787,1.47024416000484,0.254100965132698,1
"06037900501",0.90106345,171886.826603377,-368752.853482026,171993.524722786,-368733.57245718,0.903737382299474,0.904276579676593,0.563433749195759,0.919245782829567,0.551777363584131,0,7.67333876627011,0.903737386501888,0.0405824172773828,0
"06037901004",1.7182212,164224.126299699,-368271.575466798,164469.516568436,-368590.279103904,1.7221597241141,1.72384532278274,1.22371694775012,1.52501689448105,0.974904657505933,0,0,1.78206113629505,0.0166852034296086,0
"06037901102",0.997140696666667,163964.608553648,-371337.034469782,163918.661820139,-371653.694300691,0.999062919510023,0.998459063573833,0.620921098577881,1.06374320330219,0.774032507572409,0,64.8944985697446,1.06474435399654,0,0
"06037920015",0.382345463333333,135135.630886331,-392594.466562914,135146.729672555,-392665.988509223,0.385902010243833,0.386313965442568,0.194556688892307,0.385133692125876,0.195230562663142,22.2082257164009,241.705383697125,0.590611050992908,0.351223764161477,0
"06037104401",0.31076365,144296.201205492,-415349.036330878,144335.562775843,-415415.749299779,0.312062916633169,0.312124511315482,0.150360521561866,0.351470804081818,0.18103333541243,25.8990572905956,39.5506818358962,0.31205455992661,0.75795311552441,1
"06037104620",0.717832616666667,145257.478092997,-416347.080883045,145276.261300705,-416358.914361577,0.718928528153923,0.718659136783215,0.416394214493257,0.710933186020433,0.40346165726064,0.137684795339435,16.4049498041439,0.718928535001105,0.347062672117694,0
"06037104320",0.73711184,145432.408572766,-414655.748474703,145547.494187571,-414658.672378805,0.73886205187714,0.738085560124514,0.437470737533404,0.726771292417924,0.38460909737115,2.97959465923388,24.7063564881404,0.569680347635131,0.264147804690469,0
"06037530902",0.575397846666667,167940.221757796,-439617.578640461,167918.275969751,-439625.365058365,0.576791711155954,0.576780274840014,0.237678533045716,0.576890233423563,0.246327720546765,18.1591905816395,26.3806593957707,0.57678500386709,0.833835644448393,1
"06037530801",0.503543,167246.795190665,-438923.288429266,167225.011496108,-439011.779720486,0.504894390126029,0.504280393292906,0.492350028742324,0.512596310669422,0.501621316553166,0.0352018310144947,36.5919417249016,0.511985906367126,0.0601556144401346,0
"06037530901",0.67390184,167244.611706676,-439769.188966183,167246.586987704,-439754.277626076,0.675266601909502,0.674977645787699,0.592611484163479,0.672679551014695,0.586576491274962,0,34.1271980906841,0.671739805053895,0,0
"06037531000",0.47231534,168606.790188941,-440018.980221567,168549.367835606,-439911.68517421,0.473355906285677,0.473219781665224,0.186946760583389,0.477573812681976,0.230873339864908,10.9354894412043,69.9557676494352,0.472048111282067,0.664483747614478,1
"06037531101",0.76614754,167267.62214161,-440567.717199614,167248.587409756,-440501.803892304,0.767721366190436,0.767432776976656,0.572812852385741,0.778247148828853,0.582715888173359,0,27.2299717932436,0.768410045822771,0.0257921559771399,0
"06037531102",0.645499976666667,167906.791364311,-440470.013474885,167903.481946888,-440433.237832986,0.646789787953118,0.647773711048776,0.173356604284967,0.646409042385421,0.174865369429102,10.9354894412043,26.3806593957707,0.646856369091301,0.900388039545711,1
"06037531201",0.67965928,167507.679091801,-441266.176454119,167490.817478689,-441296.876318566,0.680852353421204,0.681817957725415,0.450678958278219,0.675785531412628,0.428991183521364,1.8956752506477,19.9938250693277,0.687823805153954,0.242747489629573,0
"06037531202",0.594919496666667,167529.071204914,-441708.010373319,167530.946653489,-441694.848670507,0.596122803139459,0.596843617312314,0.239515901230179,0.597793038898136,0.245249887695694,7.92089766414994,17.9966029719693,0.604437875072352,0.630786854556775,1
"06037482301",0.45442273,175439.24682861,-436188.401802064,175438.017029835,-436159.179743168,0.401919020956817,0.402430175336786,0.317467798837488,0.412421627635559,0.312720164379713,8.64601990916958,33.9298163956249,0.597608929891336,0.559821561012043,1
"06037481103",0.49646274,175465.204913763,-434040.376876119,175426.932555231,-434018.526869278,0.497769997097705,0.497320647621673,0.359241095551859,0.48024422307893,0.336268230119996,5.02684963342281,123.135365298444,0.506058715276232,0.661294028669251,1
"06037482401",0.354697696666667,176632.288348388,-436900.187567974,176618.50601123,-436924.752162016,0.355464223822657,0.35529545728518,0.129385562081776,0.354767161499284,0.11892525717621,6.96418208276859,50.447556586462,0.35523408840208,0.836057095337333,1
"06037482303",0.247141436666667,175482.552909851,-436741.223932249,175407.005023905,-436744.304197719,0.247623272921341,0.247899564032476,0.0841748017606054,0.247178261395347,0.11038082598358,13.8541674627026,31.064123368118,0.586750666213496,0.61160027362247,1
"06037482522",0.337563876666667,175985.855839496,-439861.046195543,176069.501085987,-439892.117761285,0.337952826939119,0.337443391640692,0.136293956563395,0.312153692349216,0.125318693093153,6.99095727889894,71.6191870522801,0.337952840914356,0.667818183640336,1
"06037530005",0.590562426666667,174402.871526708,-441293.861392395,174394.911318742,-441394.270116294,0.616485259438803,0.617310165682502,0.441951414142997,0.603919835639669,0.387306985446392,1.89973198265277,17.3664041560759,0.616485245290819,0.445815899343765,0
"06037403312",0.839811676666667,200483.641028143,-441908.712221769,200600.237594538,-441928.208696455,0.841397064369859,0.84157828736534,0.617928372332614,0.81274787864246,0.551853008104773,0,172.170332215315,0.841397069199761,0.0684560240865094,0
"06037408704",0.75239116,194640.100626625,-445965.174089432,194611.335588796,-445857.42682588,0.753838461983454,0.753141742103061,0.490562347491897,0.771512753972438,0.500332581419928,0.0437288761459505,19.9871468727429,0.755394309828916,0.0758563235078873,0
"06037403324",1.14443913,201899.979973632,-445970.456435944,201909.502026895,-445339.512482891,1.14726794084489,1.14816210553522,0.897269114989349,0.838648458299571,0.510678691509777,0,4.53387467451803,1.14377259571657,0.149671372669646,0
"06037408211",0.895971933333333,193017.964270487,-444222.368758904,193917.162473177,-444962.051230944,0.898093980417661,0.898368337003353,0.852037884368734,0.986032348094889,0.783666755848788,0,10.0773959932372,0.830618199874469,0.0775911992596961,0
"06037403325",1.76015283666667,200891.480818165,-448494.235516132,199501.832245314,-447201.817126585,1.58763013540641,1.58754575652771,1.18122398509614,0.523088901206651,0.23690470576631,0,0,1.96899213998718,0.0799336441912733,1
"06037408212",0.68170242,195919.164039048,-444606.16689837,195876.077794767,-445016.979342984,0.683146732320264,0.684417090873927,0.292024931677143,0.724262406132054,0.0404485965153161,10.1815868413098,11.0446136534987,0.683569490538681,0.353923221966169,1
"06037408503",0.590972323333333,186181.160611466,-445763.855513474,186433.432014203,-445738.980886037,0.592533066245887,0.592537786142306,0.491668925720718,0.698328710640562,0.648416304839554,0.631819242529005,419.468648711669,0.592533094438089,0.208381177146402,0
"06037407001",0.608179683333333,186664.504444347,-437419.36037998,186747.763709949,-437428.972020462,0.609924558835342,0.609596253223867,0.151360836814251,0.642680534500395,0.17072639589354,1.36579123074498,14.3870525443445,0.609924544135879,0.426792017790815,1
"06037408302",0.2073322,183009.696351557,-439980.526648386,183517.57255636,-439904.770805196,0.208162717181824,0.208465498791973,0.114829154632296,0.353685660606177,0.213755175516051,50.3297507842824,116.484142213027,0.208162725270728,0.15790680002276,0
"06037401202",0.31321543,199804.971501892,-431308.007186302,199342.40705856,-431494.277916944,0.314144927544748,0.314810807557904,0.0868826922720374,0.381323968063729,0.209048638157474,26.3688557102789,84.3977414775768,0.314144957772356,0.417587581089777,1
"06037403802",0.668284163333333,198687.451358213,-432475.621166528,198713.160102966,-432484.973064546,0.669880337171973,0.669491034500114,0.633835220182284,0.673056182617339,0.648607290817776,0,32.1527251979013,0.669880322017206,0.0685746650445839,0
"06037401603",0.323610293333333,204942.350668497,-431470.311259662,205027.952885983,-431464.126782216,0.323935770471697,0.324586580669869,0.069849320341943,0.314089415797545,0.0198174053301123,7.17837854883056,56.8982212413972,0.323816275289984,0.663462073150948,1
"06037403901",0.42887293,196159.550812175,-430487.559591942,196018.439311656,-430467.102173321,0.429509044642298,0.429000151244231,0.354767887558579,0.457069416161819,0.398613585872048,7.58240778098112,140.227409911614,0.422689661838681,0.475817906868225,0
"06037404901",0.85540553,186662.493058712,-433556.93092348,186838.900377899,-433608.10200394,0.857209151497522,0.857319498134097,0.545795598018229,0.84080201747168,0.64464930711005,0,16.5716150739491,0.857209153328583,0,0
"06037405900",0.563154353333333,194639.537625694,-432569.490154448,194617.543565173,-432580.072502566,0.564539779462124,0.564916805574748,0.388725306324009,0.562755337678247,0.374903988349927,9.20377494298012,48.1044795041366,0.564534006397165,0.437375738064619,0
"06037405002",0.55701477,189221.763860311,-432663.275727798,189252.835693729,-432774.597411756,0.558355589900222,0.557749382268622,0.266688927303768,0.586976370381749,0.33647058040517,86.701119448025,563.91642726662,0.582331463577402,0.0707745811949447,0
"06037405102",0.646491663333333,187990.758545685,-434251.112353591,187924.042428212,-434223.978921487,0.647689477992238,0.648589091792025,0.101550076967304,0.663825503700082,0.120102905117254,9.83138271201502,11.7894847903711,0.647689497922654,0.685588979047244,1
"06037183820",0.138168103333333,166329.652408485,-433053.647898276,166324.451615123,-433042.535548392,0.132299065706251,0.132363828141858,0.0315815758737574,0.138135101885285,0.0387999680398265,165.358221461666,410.701140552051,0.132368834708661,0.999999999999893,1
"06037185100",0.211195513333333,165103.411368078,-432973.30960402,165256.667712417,-433007.410730742,0.212471791004331,0.21260578275852,0.179732334972235,0.29439133965546,0.270355481855806,29.7016792106961,219.570456787886,0.193413980695201,0.843675782797727,1
"06037185202",0.417664516666667,164507.682311283,-434074.96864572,164609.81421223,-434249.091570681,0.418475888396759,0.418557852682991,0.403148656218746,0.396534533983134,0.28231771404366,8.35454815028586,168.360903396617,0.40990483730471,0.23773131713274,0
"06037185310",0.33332994,164002.107296509,-434404.239480619,163979.42118107,-434360.124438727,0.334149804986739,0.334330826263871,0.201553006139827,0.34736768108573,0.215764300483543,6.25184372636875,250.025961456446,0.217407028560039,0.816202072536973,1
"06037186100",0.73265552,163247.334272502,-430391.297794126,163234.552419562,-430386.995170298,0.734708493959486,0.735096250960312,0.713096977092157,0.730036103965377,0.706175378419027,0,14.4105291869605,0.734708172529265,0.0132565502069352,0
"06037183220",0.35601066,167017.720418412,-431262.845752694,167012.639527692,-431282.082468872,0.43303471282187,0.433086920643397,0.421248940036965,0.428699305401413,0.424172045214638,10.1689075581587,77.613524733068,0.433805065379299,0.563828171307604,1
"06037533202",0.317569486666667,165426.041564441,-446998.177480117,165433.44669292,-447004.835197193,0.317989099913971,0.317681403541722,0.18160239845045,0.315747994505328,0.176003261713711,31.7783203845814,44.9840022274736,0.317989106954103,1,1
"06037533502",0.196822456666667,166789.55863235,-446239.146923093,166802.523150477,-446211.498407895,0.197696343065444,0.197825585232875,0.0686338412531498,0.209849116027608,0.0751239143292329,2.89073913986846,27.9753032934552,0.197303289446192,0.999999999999967,1
"06037533201",0.465154583333333,165568.387761119,-446608.350883462,165427.541592785,-446579.603777569,0.4654677239518,0.465739422763253,0.394477382824732,0.471445449222825,0.424833183732786,9.58258662642197,43.3770957841427,0.465467702962717,0.586020459619385,0
"06037533503",0.30222865,167138.947452827,-446285.576200017,167136.483223042,-446248.06625254,0.303146030752664,0.302886939041051,0.287599347104522,0.307964119057852,0.283593516205074,3.04909156064487,14.8631701630322,0.30311016885433,0.880667674202768,1
"06037533702",0.36628697,167914.5178598,-446381.859840459,167938.023804252,-446387.164354164,0.367105106409691,0.367133560500591,0.355643407904042,0.365600029834011,0.34925461593769,7.07768170729844,19.8124332097072,0.367105119982969,0.719436690788736,0
"06037533803",0.356991163333333,167815.448393023,-447355.705058204,167862.311421755,-447384.525505619,0.358109716353142,0.358035562762915,0.270215298087007,0.37008645951616,0.301541380586852,4.86842198887525,32.3505368802376,0.349535498100516,0.481287424318022,0
"06037534202",0.25534138,169961.154246228,-449001.986075564,169949.229384332,-449004.159005979,0.255491927178744,0.255133262101475,0.108813275964271,0.261258067892654,0.112080345233894,27.789638261128,162.145225542533,0.255491941989082,0.975918495183931,1
"06037534804",0.589437063333333,163837.033479865,-448715.382022282,163830.196718328,-448698.928801435,0.590324260893551,0.591534881981173,0.282941322942824,0.59523037934956,0.276369137358547,3.57886088327995,29.7060889656616,0.590581006101568,0.490609102912217,0
"06037531602",0.45141437,169496.089400487,-442454.567470551,169497.480241552,-442455.028476791,0.450330968846132,0.450236388411222,0.307928513665023,0.449924569369348,0.307031901424179,11.5522010440244,18.7373314022147,0.322190141993871,0.00143972295190301,0
"06037533901",0.557550893333333,170444.227054231,-447390.981948483,170429.944542087,-447477.616654885,0.558533354164769,0.558296972647212,0.431781571489045,0.529046012269006,0.379268376921629,0.258817385822447,18.0756163032834,0.507805454237218,0.324745310155465,0
"06037534001",0.18122953,171259.998932141,-448049.735484289,171328.163561645,-447938.136243404,0.181720650988749,0.181479875478182,0,0.224066635661669,0.00144116322413777,16.8379348478035,151.630301367044,0.181720655148771,0.999999999999989,1
"06037502500",1.05108118,174639.894939798,-446946.465313024,174657.018527601,-447799.847331702,1.05353930263438,1.05387391656527,0.923331497791924,0.837133512696498,0.758742378187078,0,5.17552559745802,1.05353930432105,0.0110814632802439,0
"06037530400",0.283011553333333,170377.515820806,-440199.345093577,170250.970675997,-440048.946697651,0.283953482179818,0.28418228518471,0.147248134074349,0.258219240744503,0.0715207129616484,49.373534609861,54.9293793960094,0.283949150356038,0.86234491458899,1
"06037501200",0.166632843333333,178956.155479342,-444467.554559874,178997.26857991,-444553.788737115,0.166863714600321,0.166929774156728,0.124840180948598,0.135306136445764,0.0922109698704872,18.7035507367946,123.22511973934,0.166863724678447,0.992897244152503,1
"06037501501",0.13960984,182222.997879617,-444431.071183495,180551.736304946,-444603.200746467,0.0989267009210825,0.0990104800713441,0.0672425961590226,0.238681409596218,0,321.859318377724,877.735919705195,0.0989266980323583,0.73527737618194,1
"06037501400",0.08828944,180415.397913818,-446309.05634075,180491.887611765,-446232.547997613,0.088162361912783,0.0882801487175088,0.00553054866863837,0.108731975398607,0.00219168570266905,31.8545535879112,105.091545399864,0.0881623869092496,1,1
"06037501300",0.112283306666667,179872.196477473,-445296.409699052,179939.384492303,-445342.383579372,0.11271204827116,0.112694846877157,0.0840465221271332,0.121526190736764,0.056025489132989,31.6501118147315,264.08389986058,0.112712054931619,0.999999999999999,1
"06037500201",0.655257456666667,187248.020593051,-449028.291195028,186934.675014603,-449726.374315269,0.656972892299634,0.656699953637426,0.432769333162105,0.703274565669832,0.515153597371063,2.17451037695442,75.1312082010886,0.65211581392016,0.276414590464547,0
"06037500202",0.290439336666667,185293.889241182,-448643.980343006,184959.195244985,-449021.771622197,0.291426092399297,0.291486095611266,0.156680597641386,0.251630998376681,0.0406187201792897,78.75126653211,530.955870764346,0.291426082572654,0.384267000515253,1
"06037501503",0.229660186666667,181419.114261734,-445829.931366097,181347.663393944,-445867.172371093,0.230269359285597,0.230209447689816,0.155130994640307,0.235612096965497,0.110059567184572,56.4352113053349,527.699590748585,0.230269344028225,1,1
"06037501504",0.18510609,181385.576907835,-446590.857816591,181361.636271681,-446684.872820173,0.185462549522569,0.185789547228941,0.053143094533478,0.203332436835466,0.111451159207675,20.1768733092164,163.849758405342,0.18546253501215,0.999999999999984,1
"06037406411",0.627981853333333,193823.272435115,-436281.279605036,193891.857660319,-436305.589027176,0.628833584981657,0.628648239710292,0.412980374385194,0.596773349634053,0.367771866633773,6.00055243056387,28.9357545764606,0.628833578824689,0.237362720447001,0
"06037406500",0.776485046666667,192247.304290473,-436726.034900522,192147.952406308,-436702.344363943,0.778437750188077,0.778716067449142,0.218581923224718,0.758815741943237,0.232474480357543,6.35419051050685,6.35419051050685,0.778437753893368,0.350628971549009,1
"06037406412",0.62155598,193994.377763182,-436865.037672083,193927.18144442,-436903.756251754,0.622711243320602,0.621533338032484,0.283364045232856,0.638492756813531,0.327396924665357,18.6555900872149,27.8859203243792,0.622711252596941,0.285955857389024,0
"06037189702",0.130445313333333,153037.655223992,-432350.517358885,153127.618063789,-432699.829590212,0.130547151274844,0.130722836099665,0,0.151040238316486,0.045177811597124,146.994563946313,587.251482232263,0.141091153576822,0.982264458837442,1
"06037406601",0.69895615,192315.855677445,-437871.71947133,192317.653071061,-437865.990576346,0.700680126841271,0.70096271352451,0.38317448454009,0.70100634741334,0.379690443919198,6.25278440210458,13.4291338522472,0.700680135244623,0.271340610849728,1
"06037406402",0.762294166666667,193802.84322731,-437586.818724487,193782.850151767,-437578.466088498,0.738382061271537,0.73973580693812,0.617195050147924,0.743034942432302,0.621471280416359,0,43.3693597462138,0.738382055247778,0.0248200263477141,0
"06037406800",0.836897883333333,188893.36967229,-437006.786891478,188827.723958261,-437023.394248613,0.837986946497137,0.836680981464725,0.242793227951376,0.875376403480566,0.282959965486779,7.9893058070098,7.99017317657463,0.570403405629673,0.383579912267363,1
"06037400604",0.317837943333333,193937.863334231,-427041.32707448,193286.69131829,-427981.813818004,0.318318189264182,0.318885802478955,0.280949914157812,0.0991742767678984,0.0607748833851686,78.6895493642057,379.974951552607,0.362208200742961,0.434158698120377,1
"06037404501",0.453062503333333,191687.967184808,-431761.224845579,191819.365580644,-431879.364521696,0.454110596412476,0.45444914479401,0.143299652060062,0.486673674340157,0.138851339370275,9.12707288956567,57.2722188340082,0.444797591935356,0.605258729277457,1
"06037408134",0.226812133333333,194114.823539939,-441522.516986862,194167.572336005,-441472.655941825,0.227532492904729,0.227267778818015,0.0225010925399377,0.248902103011162,0.0274569572902703,91.1038353051304,155.357394036085,0.227532474933387,0.999999999999994,1
"06037602900",0.65248915,156817.238452303,-454862.219706602,157483.971405514,-454583.900573013,0.654199790592958,0.654713876955011,0.590845342510075,0.566467638473275,0.438686834098597,0,112.591009921157,0.63634350843191,0.173805383676495,0
"06037602301",0.2907972,151152.012033738,-455210.146717123,151188.418385511,-454914.361514213,0.292109329461545,0.291491921309616,0.244909551475346,0.316622919613561,0.269578832702475,10.5538646532738,20.8696358757206,0.310540395366764,0.478324472411418,1
"06037603704",0.475753346666667,154395.524358566,-456087.753249192,154425.509224772,-456099.556290776,0.476846518675774,0.476176245672887,0.0787649021388069,0.478939496390163,0.0847490951585897,11.8424721157303,58.6749274328023,0.476846505742211,0.764944140035732,1
"06037620001",0.21027866,147589.557482154,-452969.02058799,147577.972567085,-453006.683369388,0.210487720060241,0.21040260807388,0.10632725330842,0.224303073629675,0.116989535980457,17.0576857684128,55.5173996987533,0.175556870523266,0.895523279486679,1
"06037600302",0.52677439,156746.254445519,-451922.220849328,156736.011317735,-451910.786379348,0.528120110973145,0.528780248442695,0.399739404574012,0.52410666247383,0.398761298759256,0.673468255527666,45.7276905508536,0.656200092707933,0.271012372123941,0
"06037603703",0.418516463333333,153589.5759499,-456106.854894531,153621.491921558,-456092.269941242,0.419631006186894,0.419240404627308,0.260957801838894,0.420287073639224,0.243329110123599,18.8813363897626,113.125916364496,0.420075801317437,0.750817150683282,1
"06037603900",0.35393855,151926.312836716,-456522.737545401,151949.49026537,-456464.608122288,0.354174987952453,0.353829606080339,0.0169769597993539,0.359548346534241,0.052589236048723,6.02841771770022,25.504684416599,0.243042894656016,0.886796671998567,1
"06037603600",0.521843176666667,155198.747627814,-457061.072050183,155231.188755916,-457052.499104453,0.523151678741889,0.52295164183145,0.393108663639664,0.5175581518528,0.372316590020949,4.48029832517226,93.8550821850626,0.523410251702641,0.453022644137641,0
"06037106114",0.682580646666667,144756.377052728,-411380.758580109,144625.704102429,-411292.905939761,0.683790122011493,0.684110501319882,0.563709694174113,0.731572126859734,0.591630661561259,0,46.0070406423481,0.684024088432327,0.344559043178096,0
"06037222500",0.34239536,156583.319225339,-442341.027848118,156624.850742069,-442331.990279347,0.34295556310023,0.343493671059544,0.0703536649915178,0.342030033257561,0.0650519246472298,2.94467364612366,13.1150307359646,0.349392320380067,0.895305204770473,1
"06037187300",0.361089836666667,160832.30606061,-433415.515009368,160808.770880092,-433388.680050049,0.361886315503724,0.361472201212832,0.264810244406446,0.361723972232402,0.257783237480165,61.0649656048777,179.740627781378,0.36188632264489,0.456290036509187,1
"06037222700",0.575477356666667,158329.70006069,-442415.827615732,158328.816941545,-442461.431898152,0.576769199028028,0.577923816617298,0.200484829890034,0.585402007371474,0.172165444264815,10.3938910464777,15.0250668237211,0.336922465806989,0.999999999999993,1
"06037224010",0.40384865,160120.705946022,-440623.505735028,160066.954019797,-440546.100413028,0.405162269109311,0.404973476077192,0.0936097611363673,0.388856888585668,0.0756703539411695,0.35697320582428,9.13214933451706,0.405160365710167,0.759136192300021,1
"06037224020",0.396507396666667,159880.978294265,-441326.869768014,159956.299606668,-441520.999538152,0.397909694972965,0.39803079377014,0.342841578593076,0.41406245800244,0.330993811178824,0.991917782877903,9.6429669664756,0.397909702426516,0.819104345455128,0
"06037224410",0.23106622,158823.220141035,-440831.494169737,158716.736470321,-440934.808623762,0.23153941822872,0.23192582382763,0.198846117968446,0.204620386748445,0.106829764234773,7.583678866525,9.5378358478412,0.231466275844991,1,1
"06037181300",0.713937866666667,163814.899355237,-429536.045950966,163901.528377557,-429599.920385822,0.716012641580453,0.716001392986152,0.552781055854028,0.754832982842413,0.615885446967283,0,23.3606301225744,0.690006484872626,0.140084630906284,0
"06037224320",0.172439953333333,158730.523814844,-440115.533642247,158764.902675098,-440020.85516871,0.172934448603157,0.17297704273935,0.118393687700062,0.178675780328743,0.147220083087542,4.37555987198889,9.52198683105211,0.172937986038453,1,1
"06037187200",0.235135006666667,161706.314834116,-433223.722843805,161800.845437949,-433286.613007744,0.235315293314511,0.235422334110866,0.205325313744985,0.210753506841003,0.167762590104595,34.7491672681125,164.037332675625,0.218608008568663,0.912395541104247,1
"06037224310",0.208241993333333,158555.556762814,-439810.031292345,158559.013438474,-439845.298819394,0.208269371900215,0.208497812580186,0.0630621433175928,0.19984911620655,0.0759821025629249,4.37555987198889,22.4706906755444,0.208278603426803,0.999999999999955,1
"06037115104",1.19984143,136069.454941789,-418758.623830193,136119.66301163,-418016.858000808,1.10470554716546,1.10381875402868,0.776004118359498,1.03299834304702,0.810453353286864,0,9.11742218399176,1.10469072817582,0,0
"06037113102",0.464128183333333,131790.835704988,-415740.72195405,131851.485080109,-415876.257189742,0.465594340767515,0.465969329675907,0.422016760356518,0.521773192671356,0.494685828928385,9.26260662185986,85.5442381633967,0.465632073049449,0.636641096988018,0
"06037113101",0.678347266666667,130106.764518603,-415842.656519186,130156.905815202,-415937.199681638,0.680042557250728,0.680256524833267,0.447364364660522,0.695910119745745,0.398750627008766,2.27155408393872,57.2954260064612,0.679839002324566,0.212172066000508,0
"06037111206",0.653667456666667,134924.74487379,-415442.744671971,134914.605691938,-415455.711115272,0.655243801945081,0.656338840512486,0.603899444635336,0.651901599762478,0.610265831116463,0,46.5542273018157,0.736834435430629,0.155285504596606,0
"06037109604",0.630826443333333,141302.123935748,-416008.007497461,141372.057395409,-416011.327213659,0.632203761029822,0.632752609867268,0.46343836125478,0.6190418757651,0.46834992840417,1.28697403233168,24.7498105054794,0.63219496347219,0.0375599167361074,0
"06037109603",0.9716238,141310.551230617,-416883.765923486,141280.778351139,-416926.401334336,0.973887769851155,0.975116801253472,0.652313308730071,1.00001877933698,0.676045676364198,0,4.83728566197532,0.918431695120545,0.0738769546889087,0
"06037106648",0.27675156,142122.000186907,-412494.846323337,142171.831980755,-412544.616312128,0.277239711886428,0.277436159241252,0.159211947815121,0.269498137932032,0.176451423092209,24.4667567659497,38.990096059124,0.431987779535952,0.531324668352284,1
"06037106408",0.798939766666667,143534.271818952,-410231.980422461,143534.668423981,-410237.584958807,0.800676406198159,0.800580001467664,0.417938742830213,0.801204410761545,0.415517298673643,12.7742060984231,23.013768668149,0.8006733345443,0.342251168057676,0
"06037106407",0.8324671,143861.747120662,-410525.522381232,143801.991657861,-410593.293871706,0.834435691593246,0.834487897645507,0.442258062650638,0.833011096739518,0.389753343799738,2.84994260889836,20.0238203649267,0.834429498915566,0.0489330456510749,0
"06037106405",0.729147233333333,142776.076006816,-410088.138780913,142949.534658286,-409866.772843812,0.730870766226086,0.73209773619396,0.32581348464826,0.674279086644296,0.449714906434822,12.5367285451256,23.5633292231927,0.730874355042165,0.410701426466285,0
"06037104821",0.810130696666667,145846.664679952,-417594.93904978,145862.970615744,-417602.624064759,0.812087744436527,0.81303419958457,0.431262132686035,0.813372712105689,0.438295316599764,0.137684795339435,0.647780807043103,0.812087745951778,0.269541925792862,0
"06037104704",0.33947018,146500.536797025,-415812.635689399,146849.453304502,-415658.563483829,0.340039568096578,0.339971328107879,0.166407344204004,0.223805128381497,0.177933718563093,23.3899092775846,276.227908762883,0.340039559211997,0.554133612193603,0
"06037104703",0.405160863333333,147276.946609756,-416609.563705053,147078.499175617,-416468.665555798,0.406227657427156,0.406504614812643,0.291954327337072,0.368945592213571,0.143855553246111,37.263145363271,386.67265415061,0.455988577703654,0.391680125684381,1
"06037104404",0.60217747,144673.120759484,-415689.159878906,144637.185400182,-415712.81431752,0.604060449930382,0.603282814457082,0.44142587481376,0.5895597544704,0.429814808126608,2.92064667108143,38.1894088373017,0.604055449502579,0.209247942598407,0
"06037104124",0.415798683333333,149586.841161069,-413014.641312522,149082.097129775,-413773.492389565,0.417120906519483,0.417924331941156,0.378100774272502,0.32090704081861,0.0118425566629577,13.622809731829,387.989422823639,0.463348737797719,0.411616531959365,1
"06037900102",0.76768461,205569.874454654,-367251.986321094,202727.135477361,-370119.631006642,0.767922810907626,0.767452979844884,0.154271572139033,0.840868801558631,0.277177226773628,39.1199846465006,195.720556754154,0.73847155866199,0.0477773343515558,1
"06037910201",1.67296683,170913.125393814,-376282.400191723,171350.075166499,-377522.184940708,1.676277545672,1.67862561321266,1.44243935947536,0.867947756553771,0.633461393898979,0,0,1.67627752676468,0.0821214164532948,0
"06037910302",0.394153163333333,163003.083335589,-375536.734959644,162977.713495182,-375528.050846249,0.395274688810327,0.395616432418255,0.273910097208494,0.391587037151241,0.270816440855761,13.5189129086598,156.167803911337,0.395326437422874,0.37599542410744,1
"06037910402",0.509430876666667,171871.973389995,-379724.772765305,172015.094378111,-379697.202743246,0.510176195318441,0.510082734591027,0.447700212162658,0.452417153683769,0.357213547615959,4.27277160511401,45.8290725378361,0.510176202187723,0.244658312987786,0
"06037910403",0.537721393333333,171906.330651559,-380539.165289756,172234.144371843,-380550.199362344,0.538509055986105,0.537927978859102,0.502553937888513,0.352771070249267,0.302180061278353,0,90.8799504559464,0.538509046055158,0.30729534738691,0
"06037910501",0.186091666666667,173079.9865579,-380064.450515758,173258.146741411,-380017.981170557,0.186416372238294,0.186646330183531,0.159333132554788,0.253653254440901,0.239796012849776,16.5619922776764,17.6405368663736,0.156650473897062,0.917511355140966,1
"06037910601",0.749269116666667,176385.927153619,-379601.703988388,176550.116155115,-379556.763670301,0.751072002497973,0.750947352142434,0.497703591287278,0.830080343594522,0.533279278768294,0.0405174422364288,56.5873432715026,0.751072005533796,0.0379759311161754,0
"06037910502",0.465675343333333,174155.209926158,-380065.135507456,174218.892280112,-380198.043788229,0.466196833465371,0.465657676784132,0.404355461618605,0.429444615721187,0.353198176587075,7.58647911405109,85.5031844146251,0.466196838266486,0.354232240048412,0
"06037910401",0.860850186666667,169689.199362124,-381022.207483678,169756.345991707,-380416.770546153,0.862197639854928,0.860990357501103,0.630096180439612,0.926826221735334,0.599505308281643,0,79.6263902658638,0.832085510167056,0.149744568888568,0
"06037910603",0.545163596666667,175635.009631755,-381651.15996515,175607.453361651,-381588.264165136,0.546699992935227,0.547307099424919,0.45185222017381,0.533027898338159,0.477084809167404,1.52424154990233,104.809307752106,0.546700012458104,0.238129591495138,0
"06037531301",0.56045537,167873.044901206,-442144.785668718,167729.615264109,-442117.963509191,0.561452737468101,0.561218887546846,0.367943960866953,0.573911337708323,0.316924449818892,8.41143132342797,15.8187102319997,0.56145273445833,0.545552553559738,0
"06037531603",0.407012436666667,169772.021827539,-441213.762278775,169772.047446506,-441288.656918482,0.407848163296433,0.408371849879951,0.27504135656624,0.429118017200115,0.319090455430033,19.7541464096114,52.0172576552737,0.407846885629543,0.848208056969413,1
"06037531701",0.519033163333333,170661.761760669,-442098.156615427,170727.980400309,-442089.850055828,0.520839448670181,0.521242717001505,0.271042506425838,0.534496230004488,0.294715667473145,2.18612364139047,21.7734109719894,0.413467579760512,0.555519513580737,1
"06037531604",0.476432796666667,169704.919103084,-441876.91353289,169716.019197348,-441852.907718339,0.477132297800253,0.47751161564606,0.357340819561935,0.47142845338911,0.366016840303918,2.18622745364632,39.2674084607466,0.411502536182625,0.409121918864728,0
"06037531800",0.403902766666667,171860.922334069,-442408.053573072,171765.204999687,-442363.68004939,0.404436285488789,0.404740892438047,0.330573372833136,0.431786819562238,0.380781349100497,9.58612020912516,142.28074548485,0.40443627305197,0.499371695029437,0
"06037531702",0.38282365,169963.467389877,-442756.167953502,169918.592781344,-442785.692902674,0.411980253485046,0.41228922075685,0.136766727360129,0.417774514288196,0.160050073839568,3.1062999684931,25.8524499410302,0.208925695783879,0.0969755614934823,0
"06037531902",0.587157406666667,172496.79726109,-443162.024464153,172546.154088563,-443201.053191848,0.588631990084752,0.588376288107995,0.216127992252564,0.598171258758777,0.251388106811595,4.82561831040412,23.4441983966428,0.58863198856643,0.760239055274316,1
"06037531901",0.647897696666667,171577.809460802,-443017.324494065,171581.898228669,-442994.11752069,0.649115231181098,0.649615431399622,0.288738562881956,0.63980037865392,0.287474795868993,4.82561831040412,17.4427838836434,0.649115221438109,0.648500168305557,1
"06037106643",0.486763736666667,136036.825513019,-412995.477923171,136241.618577776,-412855.177920151,0.488032336377988,0.487954833605475,0.415356363587074,0.634295676544597,0.549236779636713,6.68919367263799,89.2123073191822,0.488032137029945,0.289594884377009,0
"06037482600",0.27638154,173982.775279264,-439084.144829932,173891.395722328,-439000.022664744,0.276889685018426,0.27720561600992,0.216808710223439,0.288752620336781,0.207329005114532,30.9338237636646,61.7412005418098,0.276889697620702,0.831853749959431,1
"06037134306",0.8288166,128829.996662697,-421707.841808807,128723.196252974,-421753.161706888,0.830719001098306,0.831833028921527,0.255912398557603,0.842280867811212,0.2827987061273,19.1999006782713,19.1999006782713,0.627124556756165,0.600122742865422,1
"06037482800",0.235713733333333,174060.951606789,-440336.930442127,173218.104337651,-440171.243343788,0.390809960702941,0.39103393275447,0.258043122606915,0.300144626943172,0.108769885244809,8.62795299085784,48.1098856013573,0.390809973263228,0.348148874482144,1
"06037431001",0.34170193,183934.778205861,-427768.458196818,183905.546081078,-427796.960225744,0.342068575056175,0.341619250195906,0.118339155918985,0.345837530200838,0.13703425051859,5.74654881501336,22.0292960043225,0.215888305678008,0.843526211350675,1
"06037460100",0.39061942,173663.644488431,-423081.52693483,173275.783197301,-423182.749135586,0.391708036127412,0.391683126896707,0.20273496564349,0.400427584492194,0.392380701477156,92.3228610781407,749.981965930404,0.391707236024941,0.384280151446521,0
"06037432401",0.432448093333333,182507.721038405,-434219.361632077,182540.394764292,-434318.680252188,0.369582382473105,0.370352841133525,0.281689471899536,0.388207053534954,0.216779619579001,27.640912096479,154.377999188846,0.450056705801542,0.632917244490879,1
"06037408629",0.5373084,188467.082506638,-446575.396776732,188529.378375559,-446459.753175299,0.537921968581327,0.538143339391804,0.378787713574786,0.578322980680779,0.455562659912967,5.79201462208597,224.247880663178,0.451145772778631,0.287362496610433,0
"06037404703",0.509556266666667,185595.151248151,-437046.853970466,185478.21837818,-437043.777226533,0.510802405088276,0.509988793389475,0.271806732274882,0.493381361425704,0.215031878486275,4.55957713405166,26.1000513357009,0.510802406963242,0.467566071716451,1
"06037121900",1.00636201,148948.297754804,-420729.517434038,148914.830530497,-421226.850372076,1.00868330859322,1.00734792260742,0.491698842832004,1.03222626531101,0.594110769644964,0.40784384300736,17.2619156034441,1.00932375922242,0.00633182022870554,0
"06037122410",0.827592386666667,148165.823899047,-422226.44033706,148165.640254753,-422023.993077412,0.829898608433453,0.829250724003713,0.63416003465369,0.829466285495896,0.717481789249179,0,51.6261441151275,0.829898794796083,0,0
"06037123010",1.14496618333333,149771.598175212,-422391.188088853,149766.612905139,-422186.547557172,1.14747424760825,1.14869718739243,0.922635852286951,1.12258744908263,0.896587142491775,0,2.71775336012248,1.14742474959055,0,0
"06037122420",1.08965939666667,148967.463867981,-422309.386920448,148896.594166125,-422259.898896383,1.09204993702237,1.09241748398001,1.05598184989302,1.09586969092894,1.02482387524078,0,0,1.0922512489447,0,0
"06037123020",1.02348094666667,150512.0787061,-422157.41884344,150466.97921838,-422103.827424581,1.02589136407865,1.02721223020999,0.916302305718837,1.01989808846884,0.876850337555553,0,7.41636168579341,1.02621618986235,0,0
"06037123205",0.91661528,148959.114340615,-423313.364432523,148956.322488721,-423590.095225566,0.918448457516977,0.918502064012647,0.68971294505402,0.832211026865896,0.62346170121778,0,10.0092682077949,0.918893793226052,0,0
"06037123203",0.933406713333333,148259.871319772,-423140.084883216,148308.298572872,-423239.940040542,0.916765334347906,0.915724706617074,0.559731185199996,0.926077474741347,0.57887761416079,0,72.6524311126366,0.917243727316364,0.0607261167646003,0
"06037123204",0.872985986666667,147968.062946555,-423399.850726115,147969.044454686,-423284.751433585,0.874979802368638,0.874239288503697,0.345340394200527,0.874717182176789,0.377566215437714,26.5926625864004,75.5844064708435,0.875509097868657,0.686540713306961,1
"06037123520",0.25819715,145179.4940225,-424024.490702806,145113.921961246,-424051.00422975,0.258889050223048,0.259067774170251,0.119515241377237,0.282517335478932,0.116732389496781,15.897704502028,34.1648648151068,0.327536895781995,0.468223558990077,0
"06037123304",0.51021549,146879.627625353,-423129.979084271,146862.625175264,-423311.300011707,0.511385545329432,0.511505824167765,0.0522011902121262,0.531003138795135,0.0646634030486985,56.2892615547683,94.6755016075015,0.524154544152454,1,1
"06037123303",0.53806258,146370.157239772,-423056.036476897,146354.668424847,-423178.681639851,0.539178216970729,0.538844211937909,0.36795208390762,0.524037642535329,0.378859419968498,29.6493077647445,92.4948852681049,0.539180994158682,0.369013506414761,0
"06037123410",0.356853623333333,145446.551151871,-422995.464343324,145426.047200284,-422955.511661817,0.357623650886492,0.357750692447061,0.227463268520458,0.373248388811213,0.251144647927959,5.83150410502965,32.4320781061571,0.458192189022231,0.53156262633232,1
"06037123301",0.53658127,147424.874516042,-422703.23662018,147475.458390891,-422776.015393854,0.53821983487123,0.538909054792001,0.098938910975187,0.569676821103895,0.0866287322017649,45.0509422331318,74.2527784219975,0.538221113456026,0.76020914317184,1
"06037900300",3.03561987,175333.295069755,-362734.586842546,176601.766232542,-365720.128258771,3.01835545321423,3.02014793772742,2.43276315212199,2.02452503211435,0.657591531176002,0,0,3.01835543311944,0.00617827438238412,0
"06037301300",0.35353752,159331.409995654,-425293.058781202,159304.578510166,-425375.228101035,0.354484218857657,0.354651738428745,0.235712069449483,0.398415336841458,0.289415783426015,72.4121073814027,460.93081154676,0.300177740864405,0.407306580934041,0
"06037301203",0.49206912,160317.9552218,-426255.097981018,160336.686058566,-426263.017684387,0.493208588803452,0.493107771860691,0.13808986120575,0.494807790657527,0.148369346188738,1.44629036216529,95.1515514911417,0.493208581556233,0.590024244701641,0
"06037700400",0.455355906666667,149395.722343642,-435874.106400483,149660.062934893,-435783.029704322,0.456797355064076,0.456683678381202,0.157587009144601,0.503727768989315,0.314192305774257,6.11512889709482,25.6105990147211,0.456797358107529,0.410259069534784,0
"06037127220",0.731660376666667,142530.896492358,-422285.564894652,142559.574064642,-422308.697432847,0.732990817979825,0.733296951354057,0.684317077889502,0.724057585506713,0.700660179028619,0,4.93195067510514,0.823268184810998,0,0
"06037702400",0.231369733333333,149192.626753978,-442072.379834068,149087.128775744,-442156.395481731,0.232089797544212,0.232089879606578,0.148164867785569,0.254564466013993,0.20502136859527,30.1469591949195,161.8668873754,0.305487930129601,0.832569933343549,0
"06037702801",0.156099636666667,146845.385358304,-443665.799664045,146836.461943207,-443577.081243439,0.15640925406208,0.15639407779193,0.0865096410490684,0.161872567913775,0.0326465919065111,20.0178042056446,35.374945911984,0.156409252278455,0.885489144003842,1
"06037186401",0.169516876666667,161836.115029959,-431638.27491361,162184.599889781,-431513.214353547,0.162368277283708,0.162254730013681,0.0495048662222682,0.121409537105933,0.0509345493054679,3.99596755751467,37.6171811637362,0.229685202251102,0.959525075777642,1
"06037187102",0.226534813333333,162461.402475031,-433496.536404409,161103.930579543,-432238.977478754,0.155593951480522,0.155466062594839,0.0528542548220083,0.271675142705244,0.12640117767109,54.0992743214766,216.106318696007,0.155593940933127,0.864915755029757,1
"06037189300",0.55807022,155964.377417158,-432434.41509075,155922.30632528,-432506.542787629,0.483950207176573,0.484211329936978,0.0928656556241054,0.507883182337673,0.124033893536158,75.3910540685961,462.273328699325,0.571800877915802,0.311430959346878,1
"06037123420",0.42567036,145915.104765874,-423474.833824269,145938.181795772,-423290.285802133,0.38735923230755,0.386813476494414,0.263694810077555,0.435678634224659,0.333962735053096,13.7517077179489,97.7510640273531,0.518049514675343,0.278369152733133,0
"06037189902",0.33309891,152333.102048949,-434171.526677298,152315.689549656,-434181.344369792,0.333850438930619,0.334196900927007,0.181967811292446,0.329866091299985,0.171381090727482,7.51485193598144,125.197115494438,0.333847865799306,0.981163337152676,1
"06037190301",0.36709173,155437.787875518,-433272.419175705,155529.21889076,-433278.673948393,0.367749934023367,0.368007148888452,0.285660109981061,0.367218719733796,0.327044039926585,5.38570934974304,56.1227491426949,0.32849915514813,0.294492315426105,0
"06037190520",0.490625893333333,156496.194329552,-433681.622621654,156474.011631659,-433678.55933565,0.491467335187849,0.491492140143954,0.420318601606708,0.492601178322132,0.416616556151237,1.35244712719989,44.1554880139585,0.491457560576102,0.337842608780149,0
"06037199700",0.252588846666667,164275.912073218,-437123.810228642,164405.608900788,-436937.745824718,0.253669271260003,0.253761373656267,0.1682775005526,0.223295535189358,0.193843548989855,18.2699188645826,167.760667869285,0.253641388715169,0.839740109428552,1
"06037190902",0.30292929,155103.549305774,-434320.82044332,155091.082085661,-434418.384695456,0.303317136277044,0.303361491231035,0.19767951903054,0.333136402768606,0.227813745371665,8.61707501361122,17.2787017144996,0.378753276752326,0.878171492573333,1
"06037191110",0.359195903333333,156397.893175656,-434054.999333097,156501.040040657,-434069.958489941,0.360294619697414,0.359931250933663,0.18785262592072,0.391869923350554,0.225682912013245,0.34419066992801,33.8059077383144,0.371866722189071,0.959826099607967,1
"06037191201",0.424852006666667,157202.665626687,-433819.404538695,157116.629952484,-433871.635258827,0.425549837616093,0.425301461371448,0.0875854202672925,0.431120283992073,0.15005049972797,14.3103110756912,23.7866413324111,0.425549138080208,0.971528449589127,1
"06037191204",0.476142593333333,157019.483854554,-434434.097881889,157042.534971138,-434422.177799614,0.477229699604686,0.476816005610257,0.462320809371104,0.472698852705995,0.447885167036879,1.89515795832783,24.4732022856863,0.477243115572269,0.169630432411887,0
"06037535804",0.3811774,166082.091722601,-450405.361570487,166081.804061197,-450378.719541523,0.382716142912712,0.382729930008172,0.219992099706299,0.37043477364368,0.203551480641855,5.78046232712186,41.308210322526,0.875819434748118,0.017315318695491,0
"06037535803",0.27736435,165461.789692184,-450362.988821122,165451.353301068,-450342.166530222,0.278325302095996,0.278652108890518,0.235496529451689,0.267985826838651,0.22333546589142,7.75651542323386,18.0506338743332,0.716122312349542,0.533844528162447,1
"06037535502",0.561587483333333,164950.518382288,-448885.052573179,164924.252390394,-448884.524298678,0.562791325709162,0.562895356066163,0.524346525673798,0.563159742865522,0.527881708271271,0,34.6989176462768,0.676453929556533,0.00252298142424887,0
"06037535701",0.485201816666667,165982.887650142,-449011.661897073,165998.867226646,-449007.450544363,0.486260335096173,0.486627225275066,0.229498210622697,0.485103546023839,0.232328318495428,3.02511799905694,42.3488597055271,0.723339743784364,0.0351976755881379,0
"06037535603",0.342906936666667,164134.122357168,-449502.010026471,164354.977603512,-449594.677792501,0.404470744755296,0.405406177516651,0.179809719808066,0.318764485615644,0.140815151319105,7.99230120831239,20.4231138827838,0.406344853463044,0.816616728635752,1
"06037535501",0.518870106666667,164322.995997818,-448933.967003872,164358.102135441,-448952.961203414,0.51988321760626,0.521165326670866,0.36857852411709,0.517813535698764,0.382858267483504,3.57886088327995,18.7452719112444,0.530688826338724,0.569943281941537,0
"06037535503",0.316412613333333,165039.181164763,-449575.170484103,165029.420754527,-449584.55278742,0.316837474149752,0.316937879726562,0.202948444268776,0.311289639413906,0.196532327541151,10.3046231816887,22.8977133186764,0.557778297394193,0.949908277129522,1
"06037535604",0.30668572,164158.394376979,-450100.666111845,164140.898160079,-450085.588926595,0.30712753291308,0.306728575573628,0.0886992954856494,0.308846550378527,0.0965004176176852,8.71317380972749,19.6991441187282,0.310875811894676,0.980521511472193,1
"06037535606",0.383017743333333,164054.624765577,-450438.568090651,164075.073174859,-450436.490526409,0.405833540896375,0.405854095986386,0.282255829481172,0.406980146018356,0.274691928046629,6.61452588425686,18.9708128047209,0.405833546926234,0.353858825588108,1
"06037535902",0.65507483,166795.577529249,-451303.098179271,166805.874755968,-451316.127571906,0.65645200132139,0.657268947238674,0.476413836830526,0.656687167592729,0.47453790755435,0.375510692809923,122.181321049591,0.735206726368834,0.211845445221756,0
"06037535702",0.301651046666667,165915.195105406,-449667.45234974,165923.483537797,-449727.97176329,0.302308670180546,0.302338727012594,0.213653403876274,0.277510980044647,0.176861773845207,6.69992758309297,24.3771562719306,0.789557688165613,0.22491084639475,0
"06037535901",0.452105386666667,166951.537337847,-450543.312196977,166921.478429802,-450501.213505558,0.452764838582148,0.452152286621795,0.246897485161343,0.45815873203902,0.222892992669114,42.4765545781,94.5979505480394,0.752804032607624,0.625055085106793,1
"06037551800",0.453529176666667,173332.465324161,-454078.923540851,173485.655764609,-454050.78539422,0.454727307062617,0.455599593710634,0.389699987413628,0.462586670576924,0.37342106425249,9.95666868995612,49.0181422369013,0.454727295183385,0.466251463812975,0
"06037501700",0.172667643333333,183005.678381379,-448489.992972335,182932.396100978,-448473.337107165,0.204403411396407,0.204454151799559,0.104292895371641,0.221101907487824,0.071235277546712,19.9649196812031,203.575778686912,0.204403407814063,0.967831095475908,1
"06037190100",0.38066683,153001.682384648,-433792.76624159,152940.737988757,-433769.237918755,0.381333439773379,0.381370709384537,0.30379624107694,0.395917954842454,0.284714821001284,2.76210988908496,178.156179180307,0.373569114354342,0.924694389214873,1
"06037407200",0.35434366,188388.412952789,-440417.84723724,188286.572650145,-440388.641978165,0.352852982217355,0.352875602836449,0.276983360006133,0.341494948163182,0.217725557382881,15.4170381761027,30.3331006192284,0.614197930552326,0.539827169521129,0
"06037407701",0.82765028,191200.888789969,-442533.518767464,191176.163892266,-442621.043371574,0.829381314276134,0.829409879865548,0.119653104522311,0.875320231570577,0.175252247742064,161.377491070605,430.045421843025,0.610032745176109,0.0110836898939409,0
"06037407702",0.775093346666667,189676.116821039,-441839.168352768,189758.90487315,-441922.930574899,0.777052262889269,0.776683732645941,0.467369029072827,0.791326225583264,0.432648832129142,1.23984882637611,202.215372036192,0.273711520375782,0.607791674631202,1
"06037402101",0.468760666666667,209117.495481255,-434121.970289292,209150.504460957,-434152.848907457,0.469714591928127,0.469483865145624,0.355435739426426,0.465255757990014,0.337809724200877,6.10769539401432,42.3023921228613,0.469714569699749,0.467143278790441,0
"06037408135",0.203094656666667,194155.911970856,-442222.924502768,194244.105614559,-442244.848784416,0.203588788999727,0.203987722878838,0,0.223315300668024,0.0219700820011877,77.7995305068049,152.21288161346,0.20358878278586,0.974656056191347,1
"06037408133",0.159894193333333,193072.918508382,-441356.776094832,192947.890022322,-441205.156093289,0.160164349425389,0.16019617231574,0,0.165828712174496,0.0165805625336926,54.8318040658266,316.680748934722,0.160164356239264,0.984097336536045,1
"06037408202",0.897311396666666,187944.578390154,-441769.257928575,186020.483009642,-440506.882599846,0.899474846366336,0.901008548586061,0.73647218908559,0.546019019266792,0.144758875866909,0,23.5110383300821,0.847209548021739,0.126085818022275,1
"06037407002",0.46476486,185330.504196254,-438106.544051826,186090.730733635,-438398.176092098,0.465830060349606,0.466001073555883,0.30510562781717,0.596895841342699,0.0800126563005164,9.78740619788352,57.7549359926021,0.465830060170532,0.449891747582872,1
"06037407102",0.76476866,186795.398031819,-439320.469213683,186842.601055704,-439341.126633224,0.766528883061979,0.766045717819034,0.700363006276005,0.770351610982193,0.731322067421582,0,25.9044150244399,0.76651778598321,0.0283787812032665,0
"06037407302",0.413990516666667,188279.32104952,-439759.761576591,188297.259391985,-439674.654086408,0.414957162024222,0.41544783809051,0.00741231293244559,0.458782244110709,0.0479372566927995,7.21375088085607,26.308526586459,0.704735730761531,0.970482142742272,1
"06037408301",0.481135286666667,184814.820243578,-439080.182339147,184912.133804278,-439210.81538132,0.482580244251725,0.482100106959694,0.318954912246755,0.530627141498698,0.415883622830397,12.3183950236274,93.1437915150292,0.482580234948026,0.374929075877472,0
"06037407301",0.795773806666667,188459.523421321,-439090.689683125,188453.902771272,-439091.440497241,0.797405435176317,0.798818727359284,0.395890582831936,0.796234990955344,0.393626555686037,6.73764415899062,8.10290953711934,0.947959941926559,0.222037608480533,0
"06037604100",0.246854353333333,152818.295221259,-457975.022821034,152848.134254755,-457859.96157176,0.247189507523494,0.247149758605568,0.190495592953584,0.243817928426719,0.242344645889531,82.8128340257646,233.972467593567,0.247189494777875,0.986724760447378,1
"06037601502",0.44688569,151286.990409577,-451507.257619841,151464.368338553,-451510.604906508,0.447572829763937,0.448304046175778,0.293160914079806,0.412826823585713,0.199443859007733,5.63567973379963,7.71873828076546,0.665698327614141,0.589772468822469,1
"06037603101",0.47359597,157690.520946017,-457307.307134938,157689.821895943,-457337.975041556,0.475122240755557,0.474853680843057,0.237127270150897,0.479926827127786,0.237012934467245,4.54919066267152,36.9154758810132,0.450991578969599,0.838021455826461,1
"06037603102",0.272786603333333,157730.972429333,-458370.28016161,157747.149661513,-458251.415179109,0.273242570697438,0.273773992342063,0.0423625077659013,0.300706661630272,0.11558425314846,18.6853996059843,61.3702847711572,0.486974386713878,0.875024888585976,1
"06037603200",0.489579873333333,157258.377025385,-459250.158984557,157364.806821996,-459378.287057704,0.402569646048202,0.403072284318022,0.277417911956448,0.397243246669143,0.184730489142078,24.1946764137207,66.0980532354039,0.464927011167538,0.207338823470576,0
"06037603301",0.07467658,156701.76439899,-457622.068381555,156699.060225603,-457616.630933164,0.075316988268757,0.075405966229268,0.0566406848593401,0.0731088350325185,0.0571921343552892,5.82687327265691,22.0112271551624,0.0753169828395266,0.966476550159068,1
"06037603302",0.505343006666667,156665.625959261,-458437.37237962,156743.079502823,-458365.920694928,0.506721566540467,0.507710259791745,0.416650784402427,0.483940779783853,0.378371755142807,0.717035407298111,43.3901610100326,0.506721606041512,0.186804861744681,0
"06037603702",0.253342856666667,153965.173533567,-457320.23643691,154030.106641613,-456885.54668429,0.254242050297649,0.2536911925532,0,0.322641239582975,0.269622916055238,154.424520420012,231.087087625518,0.25424204776239,0.49209850903115,0
"06037224420",0.2048925,159115.374720949,-441209.391656526,159111.148984753,-441038.371381192,0.205329879276351,0.205417279491849,0.136025401858511,0.190720895106828,0.0834988734962748,4.48388704704759,11.2793716218949,0.205328223541394,0.999999999999977,1
"06037224600",0.49409253,159604.436544706,-442237.972271935,159822.685439663,-442241.69130977,0.494993966243214,0.495388583955111,0.357475420745902,0.463550448388466,0.353576645537124,0.535633034551275,19.1710755612828,0.487253742812536,0.586902694061047,0
"06037224700",0.368279283333333,158838.337483993,-441815.732126197,158761.420304325,-441692.636118058,0.369322418618478,0.369578147278926,0.336375574502267,0.328799160660615,0.267518646065692,3.7507477182238,19.4905339276267,0.264523794723284,0.999999999999994,1
"06037226410",0.44274282,160480.810857054,-442009.82401093,160449.65556142,-442031.412043957,0.4439979788227,0.443292040141514,0.0080428370305723,0.441411886441016,0,2.06295149703415,6.77077608834061,0.444494477710603,0.999999999999999,1
"06037226420",0.494202593333333,160967.29515396,-442264.563625614,160950.153602393,-442273.95680085,0.495011920789964,0.494779101990223,0.309911755836393,0.49694134669343,0.319461077451174,3.51111094701113,10.2616064389087,0.49759988678955,0.908320710215347,1
"06037226700",0.453189506666667,160509.386768786,-442769.766163879,160507.023557473,-442757.26273979,0.454388597269039,0.45499145802952,0.434297756795272,0.455363330255067,0.426415776334272,3.36300026274514,26.93651186683,0.520993215538985,0.370978537451107,0
"06037227010",0.390858436666667,161903.171447852,-442615.770521833,161691.721614764,-442518.015018139,0.391709878100964,0.392422909127627,0.23663520454963,0.38986428737734,0.0948630018536424,1.71066072357514,14.0942650564381,0.391086624662543,0.764494615136161,1
"06037650102",0.510043703333333,154290.146361127,-459258.347369138,154300.483141894,-459248.147274568,0.511434423951354,0.511434212252956,0.192285186232831,0.508392566386104,0.193937827112239,6.46741342358753,132.639250913014,0.511434417453157,0.550574862298644,1
"06037650200",0.624596383333333,154376.027493231,-460025.759742793,154027.929288607,-459997.229293574,0.70829488839472,0.708273422080445,0.62605658680761,0.620176666737237,0.492718283960934,0,53.5000108358356,0.677773494882405,0.358299119748999,0
"06037650602",0.527160683333333,151844.403259567,-462344.877881207,151715.109163827,-462397.80939206,0.487947130772581,0.488651522935922,0.222631991724663,0.447227729707883,0.141660867388519,6.60316267309398,38.3526318405208,0.487947141480919,0.498217165358055,1
"06037650502",0.208688686666667,150833.253059002,-461172.333064959,150868.461397544,-461144.927181148,0.209474360311707,0.209387293970643,0,0.22632010189032,0.014717928688453,50.0445692580567,76.5884941938573,0.209442568302099,0.999999999999987,1
"06037650501",0.357535286666667,151908.066148324,-461067.38162885,151931.824634647,-461102.619060188,0.358900963220345,0.359176134248696,0.107109833288154,0.379741050802782,0.121454912598133,6.81013342587641,129.068463745495,0.358778505734535,0.80694919221299,1
"06037297202",0.27684358,157685.180655051,-475280.668389872,157691.655169113,-475292.766321551,0.277118055348721,0.277063182904898,0.0437501274764939,0.276040247818796,0.0398016099110662,12.8913322205197,169.779122657266,0.373395089122765,0.998687853593189,1
"06037297201",0.29083899,158388.784051323,-475249.235101237,158403.339126536,-475243.70096263,0.29135342680335,0.290929479615126,0.190979436264725,0.291199584137998,0.190619953383834,25.555179491623,164.370053485449,0.298872992783358,1,1
"06037296902",0.25943882,157978.674287683,-474196.701951443,157965.831137559,-474178.56060933,0.295870843007697,0.29568592158452,0.0834497905068792,0.304542336834882,0.0948315651459821,14.2138178576272,73.0547782309991,0.427732150186577,0.999999999999981,1
"06037296901",0.20676944,158085.974228419,-474671.463404494,158248.942926816,-474666.223594324,0.207414498347627,0.207739399563267,0.118867038382928,0.266826799365698,0.194644687439271,16.4773728994333,80.4895984517295,0.36644472978571,1,1
"06037296402",0.19734528,157192.042173459,-472868.742378248,157189.810098342,-472974.27273996,0.197651134710372,0.19739601977049,0.122866690755311,0.231384232367002,0.183776252689149,78.1601392546626,115.795328224788,0.197672280002982,0.999999999999991,1
"06037296401",0.3694985,156246.660465698,-473416.667767949,156227.897754136,-473370.733739042,0.371017988190131,0.370630089184798,0.352663096429042,0.34587176020926,0.329800578045373,10.7747522123487,242.419003971393,0.431177397537864,0.999999999999988,1
"06037294701",0.456445103333333,161660.638500999,-469299.969295799,161540.83942707,-468961.327342171,0.458042875031691,0.458458858011504,0.442634923922347,0.248960327493643,0.237669730617066,1.39925916358349,45.8821333349666,0.437291549071133,0.627977270612591,1
"06037294421",0.439091413333333,157687.880286179,-468001.276457252,157629.395899886,-467863.159839881,0.439834968326334,0.439923365011577,0.223905138110402,0.441127150279464,0.308451011983216,93.8863910292684,323.916166935467,0.439834970253035,0.889225232249999,1
"06037294302",0.540688606666667,159485.257654648,-468575.426157749,159578.499624647,-468636.404848942,0.542497646979456,0.542972388660967,0.215757018901611,0.587380186696413,0.284001392675707,49.9575022759551,320.239800809337,0.54249763945937,0.641856265318925,1
"06037102105",0.443169606666667,152088.963440792,-421562.054213629,152060.451086738,-421556.14395634,0.44403074880846,0.443765874058075,0.264598562372231,0.4501710021244,0.255602013017985,7.57529971451183,205.239255313608,0.444077404866062,0.477902958885748,1
"06037101122",0.42078493,157420.362281958,-415044.990666853,157363.508062781,-415159.620896643,0.421912701877264,0.422103913355203,0.169431519189087,0.467330635739695,0.209943170479856,130.663553287078,751.672606319106,0.400984002431487,0.407839307913132,0
"06037201602",0.471530176666667,169084.429863441,-435974.558401563,168975.246463668,-435825.491416848,0.472501243360042,0.471748148247108,0.354325379758453,0.47514419428191,0.392507284974781,1.92029536881452,16.6333914048857,0.53983971080073,0.337358094210957,1
"06037201601",0.545316643333333,168209.813581487,-436488.550003663,168236.574351693,-436487.576816648,0.546876337508751,0.546293309550901,0.262826342104132,0.550870823195158,0.273134321826916,17.6529720946623,114.596417982133,0.26660571444517,0.347381697020542,0
"06037195903",0.293030616666667,158505.249229672,-435766.982019749,158504.391956584,-435744.865538489,0.294241101439494,0.294026469923794,0.187981752961599,0.288755367957856,0.174536701079142,10.4610722160443,14.7724507983523,0.318565290090436,0.995265129111552,1
"06037195902",0.19784755,158781.532507407,-435145.144771938,158809.515984368,-435112.348604896,0.197904119098538,0.197760155528633,0.0654939071759389,0.201325914216447,0.0911362078111716,9.64475680086557,27.7991964586918,0.197904128807723,0.999999999999983,1
"06037195901",0.352734253333333,158501.24235092,-434882.531028022,158507.158365983,-434873.628680103,0.353239033551284,0.353114387091844,0.17570681292182,0.354269612035139,0.179785718897798,9.38244111181364,19.0780019604105,0.353283144113597,0.575820573824716,1
"06037195804",0.46421671,159397.15887347,-435976.527597657,159400.575244171,-436033.141682424,0.465987938478343,0.466312492259675,0.265341415242664,0.487826893708823,0.298803677893844,0.321723624800257,39.2903686944484,0.465987927474163,0.00250307034723439,0
"06037195803",0.236242933333333,159012.222383306,-435646.978918127,159009.357635266,-435666.690705845,0.237033965609012,0.237095352387423,0.115876581355683,0.245236463303373,0.124258780511743,9.64475680086557,17.7656742634476,0.237033960181482,0.640804554527591,1
"06037195202",0.590976673333333,158819.545857325,-433304.13094488,158769.718222455,-433311.540402682,0.645230953632234,0.64443409375456,0.405686850492129,0.650808454426836,0.422658025077864,4.23260064909923,133.465713848636,0.795892547611067,0,0
"06037195201",0.478107013333333,158810.420766421,-432662.682230946,158867.042319302,-432690.097681333,0.454229570334957,0.454019597478199,0.0996822763198539,0.438480206841662,0.0825428425836198,4.31720049510429,226.152989815131,0.673606334399114,0.00134159675344588,0
"06037910404",0.77286264,172050.065334801,-381751.586380291,172000.293550862,-381642.722667627,0.774791454266843,0.774992255924006,0.545366146421208,0.738055210106558,0.514224181037234,0,79.1417410016537,0.774791442337827,0.0268062375717251,0
"06037910602",0.371206866666667,176008.355290257,-380420.877614832,176391.407477352,-380427.541596232,0.372089628141587,0.371485862698977,0.0975433426749378,0.497494927220706,0,35.3638124767738,89.3401154110716,0.372089637109692,0.622849424146186,1
"06037910706",1.68983784,183035.86639694,-382836.246423161,180571.527076542,-383121.321267618,1.36467953897307,1.3636706349056,0.586460371585981,0.698507681276766,0.422511374601199,0,51.0268415182608,0.5795134118126,0.0606206698217505,0
"06037910707",0.851372096666667,174551.688912848,-383855.916116765,174386.158085757,-382990.577873232,0.853315778666628,0.853081098071182,0.265398754843811,0.802338887110738,0.470730879965683,19.8427879050571,30.277605622897,0.853315788573039,0.0843726391497074,0
"06037269000",0.42094986,147511.716488156,-440087.149317447,147394.105831925,-440302.81742239,0.249323894278186,0.249055640271447,0.192484416903838,0.196668080185953,0.185520545142052,52.02905040476,185.548429513604,0.238711570797486,0.678428050996183,1
"06037269500",0.503800666666667,148296.763680906,-440096.149188405,148323.552822905,-440087.41851894,0.505008782077302,0.504711665610632,0.351180767946474,0.510727532209937,0.367714636904277,0.384997970779475,63.050703184393,0.50101660416997,0.436748926800682,0
"06037269300",0.257562266666667,146447.028892277,-440456.276750075,146345.635705853,-440659.895051187,0.258149580313895,0.2586067975846,0,0.282047886186407,0.07190090331881,157.689411468702,188.774108054062,0.258137078575442,0.645475309759912,1
"06037269700",0.405484413333333,148928.810275444,-440870.307183642,148916.218743295,-440905.99073712,0.40582231248679,0.406738082386529,0.0425985717327808,0.391448030646669,0.0411329247794691,1.03003732399901,13.6249816853679,0.443142561078978,0.855556658045265,1
"06037269800",0.513630533333333,148042.958803038,-441359.368847244,148083.354850316,-441386.52166493,0.514957391661079,0.515770721567551,0.438954312658953,0.523009391809715,0.412141393892954,1.0936529555227,13.4032655543125,0.511785494550406,0.311426540772827,0
"06037270100",0.34196955,148130.81223021,-441879.46275911,147922.69786593,-441941.617136334,0.342067673876869,0.34184020817798,0.147804261355993,0.408609583050482,0.251622984176278,3.24803458629958,51.2979175910332,0.341828445095201,0.895059428808039,1
"06037480802",0.403543743333333,170479.033508568,-435405.082899172,170311.173155868,-435527.30738125,0.404987881603978,0.40451352667525,0.197374242520612,0.348944448537295,0.264926041395077,0.897502571997796,8.59257289082398,0.522345416864601,0.422822389481022,1
"06037480901",0.636931123333333,171619.315105569,-434835.605225906,171677.866753851,-434712.820022418,0.638490594781587,0.638118679344106,0.569545237485542,0.606809958960616,0.563928358499942,0,32.276999899393,0.638490610393978,0.050710050537902,0
"06037531302",0.495591606666667,167838.248647522,-442682.966768602,167834.610960012,-442699.189940533,0.463434454781279,0.463043923025784,0.0828291149902131,0.462647579589402,0.076615732529282,1.61051767574951,24.5139987597278,0.463434462617385,0.841435303036344,1
"06037481001",0.546832843333333,172528.782951131,-434740.387975944,172453.886804042,-434823.37782055,0.585165649273561,0.584544628814289,0.3448711021982,0.604891928900931,0.294769204499115,12.6009861340619,90.0620084221204,0.585165641568905,0.453644776054288,1
"06037481002",0.292710216666667,173555.475653602,-433886.64380769,173500.830521484,-433961.079543807,0.293142707472889,0.293066468384072,0.25405279604522,0.297706602775546,0.229439510625637,60.5997863440477,147.695034476345,0.293142711015003,0.452763295360662,0
"06037481102",0.472934136666667,175807.542847783,-433325.807695661,175683.221691489,-433259.87689385,0.47360777724852,0.472884759247843,0.40506625730246,0.486186431055671,0.347615239425891,2.90040443682367,15.7570288503027,0.473607788935411,0.559300741918816,1
"06037480803",0.436570713333333,170372.201612108,-434421.637698003,170242.428320653,-434395.029757265,0.437516476199524,0.437427505500647,0.388337264067973,0.439998398060611,0.355295471147412,1.75842960460177,20.4252629239042,0.437574370633376,0.4248632249337,0
"06037481902",0.439765483333333,170695.294952778,-437237.277145693,170703.270022906,-437338.174572016,0.440625829868965,0.440506737797412,0.24550672222424,0.422019015176904,0.265664660245179,17.2991272136658,75.7591026457844,0.440625812908719,0.688572348953221,1
"06037430502",0.166192656666667,179464.109806179,-426362.707511106,179327.111567622,-426363.003580161,0.166933750163019,0.166937309392847,0.0074301089251454,0.155349918919597,0.0887384491715388,8.26677520402821,105.385859696338,0.168071385241507,0.957409780302347,1
"06037432300",0.40372835,180496.697939613,-434675.366989152,180861.892848618,-434638.484765362,0.404139514849679,0.404057906124782,0.39018537218098,0.365228493168341,0.26444970799061,7.43040423290429,8.64470407599575,0.404139511884911,0.3457080557889,1
"06037432500",0.50176031,183982.907445024,-433703.958515072,183710.559569101,-433786.105088893,0.503076629354785,0.503142102447391,0.41322863526119,0.482578716536268,0.368818376773614,5.96185931541934,206.484790535879,0.566524433879325,0.287359763239917,0
"06037432602",0.572718673333333,184078.202839477,-435191.220285711,184045.985096319,-435221.835247473,0.573562420750129,0.574151822472335,0.250146789495152,0.568504116135317,0.268320133178927,5.94489851455605,32.8805546653538,0.573562433844694,0.0372979064635712,0
"06037432700",0.414152356666667,181394.706747905,-435860.988502575,181908.273963511,-435745.545912828,0.415756866495431,0.415717103454104,0.372429159101934,0.656574864154109,0.635805929870612,1.39961682609288,14.9594427089551,0.415756869387976,0.0799259542884761,0
"06037432801",0.30110676,180245.351598066,-435759.149310646,180140.040559273,-435864.463172306,0.301901477420066,0.301666789263184,0.269905866391549,0.294058213126774,0.258445009883525,8.98058460412244,13.99994211159,0.301901475224417,0.643642236329854,0
"06037432902",0.44644552,179039.271102368,-435604.807762144,179062.431469751,-435755.436848302,0.447678619670542,0.44712856223311,0.395996876164606,0.47661375990522,0.361767867133395,3.64483908713825,38.499320035705,0.447678643407746,0.166738486936852,0
"06037123510",0.260426153333333,144909.96085684,-423319.908909494,144911.942641808,-423349.645412448,0.260704858874634,0.260237793896941,0.179635019123893,0.257805289628537,0.17935679894431,5.85875302022799,23.4849576606248,0.272486812291829,0.428627403511616,1
"06037123602",0.521280153333333,145043.399223669,-424860.322060506,145020.666533719,-424707.993272499,0.522234153666315,0.522276790197866,0.350825954197253,0.482092122226239,0.360666505924215,5.69593026001329,39.0044623902929,0.550635142485745,0.291579059581767,1
"06037123700",0.411990466666667,146585.515389257,-424430.254932276,146619.244993615,-424483.583448571,0.412819575391232,0.412536465278852,0.324934947751412,0.403081593976111,0.329668740327628,14.0841407393154,102.397907298597,0.490534810579031,0.479280247373889,0
"06037123800",0.554586416666667,147340.078660311,-424985.284753502,147321.295244854,-425089.932256206,0.556244623566402,0.555463110894339,0.23807285112268,0.570115527379542,0.304097764152272,8.78158087760617,53.0355298074761,0.64278487989967,0.573198692235322,1
"06037123601",0.228894876666667,145818.773444875,-425209.639268028,145805.368544653,-424787.252305399,0.229213289263379,0.229207661931998,0.196875715872264,0.14827678074669,0.0126811102585211,22.5199123656943,36.9702500177007,0.47294430532096,0.889519766227948,1
"06037124300",0.386695336666667,150770.330881212,-425371.169986677,150715.171945621,-425363.711476329,0.387170704733959,0.38676053284111,0.0981488629636131,0.413496729944872,0.119107136621067,13.9868264416457,18.7356917347421,0.186914906661933,0.298985750497289,0
"06037124500",0.77869639,145019.317896906,-425853.238345456,144965.733423542,-425730.948917253,0.780089652353101,0.779772253597698,0.721367341675178,0.767052729484669,0.710574823282306,0,20.1602333834451,0.823430510344256,0.0394089943049689,0
"06037127300",0.96560392,140991.589622799,-421911.146828478,141084.169104374,-422231.011431629,0.967674223530308,0.967672401793776,0.536693716852718,1.014777122821,0.708181537577108,0,0.957307760530124,0.967674189335673,0.0116294397347375,0
"06037127400",1.08813879333333,140164.07714426,-421652.140301067,140222.642929741,-422204.937979753,1.15319436438277,1.15269762983638,0.800897320623492,1.11051460153235,0.966874367509123,0,0.287768223388752,1.15319432575749,0,0
"06037127920",0.4031067,144156.531903191,-423060.880277278,144194.591332963,-423081.782432056,0.40412578928593,0.403786698777863,0.322478447396637,0.41052164013284,0.295693773771432,0.400991257020945,10.5168491309022,0.5257264447546,0.103031800833918,0
"06037127910",0.41491884,143351.085716193,-423074.241694813,143382.497191649,-423024.57802944,0.415438700736882,0.415135377488238,0.123873570662329,0.410486585303836,0.156415154836488,4.23556922290956,4.30155860781522,0.487344851375874,0.93592628236063,1
"06037128210",0.933014006666667,143378.214845436,-424625.043924914,143525.168370081,-424578.675402253,0.93529647985571,0.935235071653332,0.721673937731916,0.910216221323151,0.701745232392137,0,3.90056735079427,0.697459127381929,0.364872037816455,0
"06037128400",0.522426363333333,142053.58581178,-425428.730746671,142119.483909074,-425643.88760833,0.524119679035305,0.523530340994509,0.334670807844416,0.607279515439144,0.471394241046624,6.06522607622832,215.264217029804,0.524119674004361,0.00409270720329606,0
"06037134104",0.73534831,131254.522992776,-421667.765141374,131216.346153285,-421759.448688847,0.737013293159858,0.7379887041746,0.434945630912317,0.721568701680662,0.387802791940339,2.24958683805567,22.2428349776438,0.735834346357964,0.149929162685554,0
"06037131400",1.19418523666667,135274.881238505,-421313.637622368,135210.127984362,-421381.965295943,1.19681498159523,1.19819949820739,0.945981539438423,1.18630623039443,0.909690641513433,0,1.26570899766386,1.20429199226955,0,0
"06037131800",0.632782843333333,135695.995210725,-422402.808808173,135647.139508153,-422364.73828132,0.633815522703584,0.633245546343737,0.267111635009562,0.658475611524969,0.285901676337879,2.1303156559265,3.86787857112176,0.89019978539866,0.140815251005454,0
"06037132300",0.417986266666667,135707.185979582,-423208.887819822,135732.075953299,-423163.44018197,0.418912267436809,0.418960145345425,0.171808151037096,0.41680849864543,0.155115318901899,2.1303156559265,40.0765043546186,0.630983132541514,0.35438058084602,0
"06037702802",0.44514748,146268.250502876,-444351.973632409,146207.692046269,-444306.930854619,0.445868716812498,0.446060365136276,0.330435576805051,0.462562801928916,0.377218185361506,6.45633887138199,38.9814199043914,0.362187560002271,0.212210794394591,0
"06037702502",0.084204156666667,149228.342201281,-443379.577468219,148843.852812867,-444000.038100994,0.138294264323953,0.138234180747352,0.00757346561735528,0.398869792540861,0.22142035185777,124.126243189328,263.117317757805,0.138358199564356,0.800808536496226,0
"06037702700",0.150934426666667,147592.635439602,-444300.242758647,147581.123364209,-444331.041196428,0.205550835796506,0.205391728209746,0.158887165962416,0.213449153963616,0.161253931483044,23.4174073275874,47.6933845210977,0.262807752545138,0.726638226382555,1
"06037702803",0.38626139,144758.626856724,-445455.048072903,144998.70033004,-445363.6348864,0.386618598575644,0.386742763368147,0.122208224198152,0.411221630674113,0.243198816959197,3.17575963479979,16.8113900739998,0.342653670780586,0.62932207649185,1
"06037127210",0.816105433333333,141902.258375227,-421901.645185751,141911.64112474,-422128.837747835,0.769402281281999,0.769213767798284,0.525114505728874,0.818639891827173,0.646156937061624,0,0.984149675584334,0.770568265402567,0.014323925465641,0
"06037181000",0.384560786666667,165717.97607031,-428623.891459728,165587.034272441,-428828.06076235,0.38591376226676,0.386742323883568,0.238953189129052,0.47045583037544,0.373739697574115,28.9421609188963,206.221262303121,0.370761668506633,0.325227048514898,0
"06037191620",0.35952052,156619.183579406,-434937.734033166,156650.765063673,-434932.588449534,0.360926468854619,0.360955929890855,0.12696493122512,0.37465343283117,0.144874729386108,3.93346347104723,26.903921487072,0.360924422607015,0.941880844266611,1
"06037191720",0.340090346666667,155728.629615922,-434931.662925102,155768.89097917,-434912.499300275,0.340856045590045,0.34093717774109,0.293393563947138,0.325469204767006,0.288054403419287,5.75027725603936,17.3509960760455,0.342220485417855,0.997155368877333,1
"06037191420",0.253996703333333,157974.15437175,-435298.40065228,157979.416159007,-435298.132485134,0.253992724921762,0.254215061997387,0.110865605386681,0.253064760386345,0.111059871772186,10.139348591244,15.2094214039078,0.395847721726681,0.794230236362771,1
"06037191500",0.472647373333333,157237.943344322,-435074.54792651,157056.946346894,-435024.384445269,0.473569301828592,0.473226104134443,0.414628264323174,0.49698721638257,0.312877905928083,2.57792008840483,30.3778978530994,0.528473904787677,0.179605663439001,0
"06037191810",0.51264382,154311.928656533,-434941.69873323,154441.242523135,-434950.019743067,0.51447965012514,0.515145816806187,0.151774092755474,0.534287823717141,0.20764814450308,3.1164779553745,13.4416295625436,0.514461858764743,0.775786470063723,1
"06037191410",0.353348313333333,157965.591766429,-434894.496360722,157958.060074553,-434917.956065625,0.353924230622249,0.354428000532212,0.289774617906437,0.35125748998204,0.302640012996351,10.0210390754783,29.519732479599,0.440460134918782,0.94421866499606,1
"06037191820",0.64037641,154319.783133708,-435344.169090342,154400.78973604,-435324.96911018,0.642035980063989,0.64319634252362,0.389875591858943,0.647636540599585,0.392096283855133,2.97901243631196,7.39649556784851,0.695215722356415,0.191499761816087,0
"06037191610",0.360628206666667,156325.810187317,-435187.769088585,156331.082882056,-435161.540343549,0.36163200855337,0.36224482505647,0.0526697006092525,0.350958164326236,0.0490239956953973,3.76128265861711,15.5615284495331,0.361626814517542,1,1
"06037192300",0.633682203333333,154258.94099694,-435959.625131852,154337.064141368,-435929.660111797,0.634737099488116,0.635074447975014,0.410759117406555,0.613066013688519,0.39898839089027,0.109745421233243,4.90300409789017,0.875611564294499,0,0
"06037194200",0.24062683,149920.840865973,-433399.351314492,149869.015697087,-433422.543088107,0.241479485813456,0.24169934665813,0.187451976425683,0.244761052975625,0.152224088576539,3.72331724525674,46.4674368095064,0.19905201244952,0.129086258066722,0
"06037201120",0.288839386666667,169433.189966486,-433994.9404545,169428.001869623,-434056.121327718,0.289751204678301,0.289639432053256,0.210302821427482,0.293181355725944,0.18344300050939,4.88915796788062,32.6826187755625,0.325854107016018,0.35911569131587,1
"06037201504",0.58890062,168530.147076907,-435577.637385604,168519.828105852,-435568.766081478,0.589813304951251,0.588745371353032,0.414806166538578,0.593407810864443,0.412055584077703,6.12921496477419,63.3050148417693,0.517204680129378,0.449237393671402,0
"06037104103",0.64933937,147966.175787228,-413616.068580271,147966.83805074,-413576.966856252,0.650612609091734,0.650206735762627,0.614487775734159,0.660725973127901,0.621347677880134,0,245.348199672634,0.650617205852863,0.0232730851630772,0
"06037262301",0.244889106666667,139115.803248436,-433533.544774146,139266.842745404,-433684.217870997,0.245828745738767,0.245476958841124,0.00874050075129218,0.321292914582361,0.106301686731746,90.4449477306653,568.441924122878,0.180805960554546,0.536488889784218,1
"06037400304",0.166357993333333,202884.484658049,-432055.5730623,202958.232170613,-431878.708470008,0.167004516140225,0.166920563779172,0.132582775195689,0.186138325091294,0.168565916213344,16.8887719038426,141.419768946649,0.167004496852321,0.640597814509761,1
"06037920326",0.174183356666667,128000.049058484,-405002.292776851,130753.621403232,-403040.333954282,0.174327131350513,0.174218661894516,0,0.233551037603724,0.146166950563501,478.956191797704,1408.80886862138,0.174327116434091,0.0925302749474382,1
"06037108104",0.227637616666667,133822.079925675,-412490.064499404,133865.571860204,-412512.991108308,0.228302510864921,0.228210590900729,0.134636929613773,0.226470444557908,0.128051520340952,117.884255357565,231.848781477778,0.228306735654394,0.912022499670087,1
"06037460800",0.30670057,168011.446478317,-426565.878727313,167921.524844922,-426265.369831162,0.307018891455802,0.306742578626749,0.273288103628115,0.25183131195787,0.17479210300129,82.1929443474396,382.908130249636,0.307018886052867,0.34699086019545,1
"06037535802",0.720678176666667,165712.441419596,-451161.259928526,165677.144372017,-451163.814172589,0.72255278126107,0.723875359626978,0.711783890620837,0.719931758531455,0.715747770309398,0,38.9453640756033,0.78724256469278,0,0
"06037482521",0.545986646666667,175473.131213868,-438790.263887999,175539.06019912,-438817.234824991,0.547074625120695,0.546614813936619,0.454372058002774,0.535775443580841,0.438588775139584,0.954412904245121,37.7666490406861,0.645889604184787,0.108769626656572,0
"06037540101",0.738005766666667,167336.526480743,-452216.41303328,167324.434431733,-452201.151633929,0.739870744109645,0.740661380088884,0.565813535740502,0.737741412434047,0.562811542007587,0,87.6575105711648,0.692315499639226,0.182145963708863,0
"06037536102",0.303860376666667,169352.741796604,-450901.809375614,169501.965862457,-451480.611155551,0.303827201631863,0.303642124476794,0.196040467851612,0.198053495948854,0.0364084147463037,45.8440753390706,166.167952931938,0.246793845455842,0.371075908409108,1
"06037536000",0.489216703333333,167126.70744791,-449577.856679335,166993.575291271,-449723.618262963,0.490066987692976,0.491050432441393,0.349760186723001,0.480641857106029,0.250974948515219,4.64881412220201,104.664474165313,0.636879440493545,0.343407918832789,0
"06037124201",0.453064746666667,149796.491557466,-424375.06789237,149763.138165138,-424430.148809539,0.453862657845768,0.453938840873923,0.158320834685934,0.45309612681549,0.198328613430336,6.48207572542831,14.2438796863069,0.450369019990952,0.766547813294854,1
"06037535605",0.30202961,164864.529881025,-450297.700386005,164871.030308361,-450286.320883429,0.303060825328036,0.303078278244016,0.235058475630739,0.298263991801842,0.227593903063363,10.9601385699507,16.3676247361472,0.556072372157022,0.875980066275958,1
"06037403305",0.406918206666667,198817.730248841,-446359.465573232,198726.663170939,-446312.217062818,0.407974084008876,0.40835899625892,0.32509560067491,0.396057033297191,0.268141585951949,9.80823948488594,22.8676807612812,0.407974084056268,0.775198998133051,1
"06037402102",0.33774188,208076.389645811,-434253.442958238,208056.160121836,-434257.510471174,0.338281557245004,0.338471385936152,0.0573720315334827,0.340629037894408,0.0505225104691451,16.1135294631946,30.8013294961639,0.338281552946136,0.853665376041881,1
"06037402200",0.47170031,206247.241486775,-434660.359629284,206538.650057544,-434906.102965449,0.473246661725531,0.472395336085112,0.107580595486322,0.478597158259047,0.0897364043533171,27.2826463891358,198.132392121882,0.473246667920355,0.445678424447008,1
"06037402301",0.354156326666667,205817.286762658,-436199.14728821,205802.882808587,-436267.971095351,0.354734592361508,0.3547688184185,0.0413045507393431,0.348796018578677,0.0205246223630332,6.67129717665197,99.0865979765205,0.353441791527161,0.709726275857917,1
"06037403721",0.470043836666667,195839.395711341,-433338.321333844,195717.677837844,-433308.954621702,0.471199744534717,0.470797164810525,0.239590727575598,0.454870063762968,0.173055005612295,8.08610902053411,25.4326785405808,0.471200329573084,0.756762819643758,1
"06037402702",0.713963523333333,209715.658927511,-436606.727823365,209701.720748481,-436499.509954824,0.715806456322275,0.716409211522273,0.314731102023524,0.702932152604173,0.310810936099111,2.65496538755532,5.94423044020535,0.715806456261574,0.480991519197044,1
"06037403200",1.18017312,201952.93417022,-439469.779101732,202397.263463654,-439405.881715992,1.18281862890462,1.18274495241675,1.11802217299235,1.12766886622283,1.00347711869337,0,0,1.18281862279349,0,0
"06037402703",0.334388606666667,209914.444673858,-434987.947010162,209966.753537493,-435004.25188718,0.345758396788811,0.34630637703245,0.271626248393404,0.340228811348974,0.255459975450089,5.44046093242791,24.4332146055546,0.347346119402953,0.476681120762161,1
"06037402600",0.470769413333333,208288.878453354,-435958.108806029,208310.034565121,-436061.056028079,0.472043809191916,0.471441110733523,0.0941449747920985,0.477140817064684,0.139926461329621,3.03085161261356,25.3612737020154,0.502823356187261,0.933057517954249,1
"06037402501",0.37941514,206377.586846081,-437711.824152707,206273.075826505,-437742.438857048,0.380110098462352,0.380382951919742,0.232056840273646,0.40366382959705,0.209924736797936,10.2147896527309,37.3485232022118,0.378690083003486,0.916168135706156,1
"06037407101",0.861884956666667,187196.771630433,-438855.417148725,187289.955773131,-438921.925137921,0.863598497633438,0.863752214958258,0.746197287647531,0.842297821908448,0.675330665378104,0,16.6094684870299,0.872519349122936,0.0278361445220334,0
"06037189701",0.129841076666667,153442.49233083,-430493.687003981,153120.351713423,-430277.609800585,0.129988482371711,0.13023233974448,0,0.234953915364269,0.0682849517283403,251.284949374675,749.656410986512,0.460259978439815,0.212628753373219,0
"06037189600",0.271321983333333,154078.083419165,-432458.148518752,153991.236819274,-432687.10635932,0.221531043284698,0.221814872641782,0.172402602902901,0.281421355937046,0.246002974409398,100.080818150565,369.028980424938,0.220630856056227,0.394540255996936,0
"06037189500",0.478980046666667,154867.128722661,-432771.008787934,154816.734047753,-432814.329676167,0.502572352643358,0.502880366225511,0.432434184054248,0.484308810203212,0.392279125246081,0.955411418335786,242.602852134308,0.495310433082186,0.00814076612320327,0
"06037701202",0.72589888,139453.318226815,-441293.917040812,139452.189832171,-441299.177482953,0.727136020570283,0.726747412823158,0.548649793361637,0.726529935325435,0.550290260404083,0,14.0422769245211,0.727136006441239,0.0629102794368017,0
"06037700902",0.239385553333333,148207.327969152,-438025.200365349,148234.744351188,-438017.584508915,0.240270156749074,0.240462946671339,0.0147942342211577,0.236685370791492,0.0103282359003593,4.14141680163595,63.8556980132396,0.240270162558282,0.629219022860656,1
"06037311600",0.473829713333333,153182.011502007,-427861.117109852,152786.490295379,-427727.343881979,0.474270390623756,0.473456961028866,0.446282207659354,0.597525506488079,0.518280761143096,4.08137986446798,73.1876285429015,0.474208240201201,0.351238489015485,0
"06037700901",0.299103296666667,148923.896541542,-438104.406223272,149263.619332459,-437952.610198857,0.358499756130716,0.358649699877361,0.319350658018936,0.208150544109463,0.125517681630447,5.66128251748613,27.8031077973945,0.358499755398784,0.761785057380191,1
"06037189400",0.143689696666667,154857.006350841,-431475.389010686,154861.252734802,-431680.928111954,0.143709757085015,0.143427410316462,0.133172419616826,0.17542756326996,0.172563437497465,153.766924662239,923.380033005684,0.14375762302365,0.6171107701276,1
"06037702501",0.233682216666667,148080.10013639,-443260.276360553,148223.470320659,-443285.459473032,0.234094689852555,0.233893829446434,0.0839881056415021,0.245799298211624,0.142625480688978,17.1227105441986,132.192811981949,0.285981519988092,0.914422674906943,1
"06037106112",0.5045107,146090.230619035,-411053.086751333,145681.74019654,-410192.668991357,0.505816145657483,0.505869722879071,0.226947006019199,0.250833691394677,0,37.2278324146,233.236136867651,0.532304330806665,0.381383908202842,1
"06037555212",0.421987063333333,178898.887833112,-463482.813660852,178870.41099435,-463460.746775913,0.422877979596047,0.422337459015947,0.165525942348052,0.424828351401746,0.187367239960359,1.59059240053947,65.9148960807136,0.431172076865663,0.731976827295189,1
"06037555103",0.283061736666667,179059.919402638,-461814.19541012,178984.437681726,-461818.732135675,0.283626654541563,0.283294079878695,0.126633578134059,0.294269000447224,0.0796711852326225,50.8514586367434,170.712485011527,0.283626676469652,0.742585055814271,1
"06037555102",0.433444873333333,178010.058845543,-462246.827696885,178017.26648453,-462174.954640421,0.434298751339893,0.434839462524322,0.203228553022795,0.431057116953618,0.237307887347552,23.3094654336685,98.1800365166497,0.434298750710392,0.820211735615407,1
"06037541400",0.558901296666667,163345.731318055,-454277.3181653,163372.825581721,-454425.890940001,0.556059583976894,0.556295491463159,0.417444047592877,0.548577932111737,0.327813483787987,0.272782390872781,31.8672215941764,0.556059574409186,0.513870080737834,1
"06037555001",0.30377142,176903.060181041,-461783.219538686,177050.540336854,-461808.938016024,0.407988497987331,0.407952158913329,0.328458893045085,0.463925351067964,0.408956136851133,48.8753184550523,148.405980463503,0.407988495096975,1,1
"06037570100",0.55964075,170897.707976441,-459533.503042891,171020.346265829,-459474.321797967,0.560811563842352,0.561458107068171,0.500820445332808,0.543764909175031,0.498791687151589,0,19.4159473166257,0.560811578954977,0.216115687859254,0
"06037570002",0.68704714,173093.882535368,-459471.922046263,173104.396270706,-459509.42900374,0.688968924638348,0.68939068458676,0.343565943021614,0.688552217363335,0.324600954191637,10.2007945835577,27.5084266878069,0.688968916526614,0.385822611379406,1
"06037650603",0.388668196666667,150900.635576236,-462158.480650094,150952.685582508,-462188.01061501,0.389646523264658,0.390016010034394,0.282877613108068,0.396746520214122,0.247578848327683,11.2281186281862,67.3439136937549,0.389646528951361,0.812850078937361,1
"06037650702",0.339114256666667,151123.589526831,-463474.257447926,151146.856073245,-463512.029991044,0.340102451405135,0.340027459155565,0.222126812564593,0.345754283428156,0.237096623094515,15.7346710744415,46.7025186070493,0.339728401060405,0.792917325469844,1
"06037650800",0.319514906666667,154047.074259073,-463964.865036024,154107.521562763,-463976.642762831,0.32069025529367,0.320556449512264,0.22784424942082,0.342451086508699,0.264666918295598,51.3639106985748,102.928467281466,0.320690257301127,0.999999999999973,1
"06037650701",0.553573396666667,152476.182257083,-463501.134627886,152121.786015854,-463399.463008695,0.554239023004159,0.554067326921676,0.505212276632455,0.589753659184612,0.422950098418236,0,63.8712867612583,0.554239033340977,0.506239912903847,0
"06037670001",0.29369049,155897.421502158,-466534.657090148,155882.140054257,-466532.324084125,0.293977352442628,0.294452798132501,0.128463829225605,0.296521893834476,0.137932300141221,11.3340525268999,22.0300477463553,0.294013276427995,0.771604376824351,1
"06037651221",0.224136336666667,152306.806841855,-464600.193564433,152297.107652418,-464527.78027758,0.224939188501316,0.224776971627409,0.119237157979924,0.224510525758947,0.0820558930525565,2.00439628079853,67.9693695775436,0.224939172008612,0.965627859330948,1
"06037650902",0.196174303333333,155609.889993855,-464174.079919549,155832.79428031,-464243.439752806,0.19665008838411,0.197084658691633,0.0229101407222119,0.249560575378877,0.123134565289741,50.3707704167762,59.0384796077035,0.196650096770399,0.999999999999998,1
"06037651201",0.103297806666667,151150.711826689,-464721.336485189,151174.316247157,-464697.814991467,0.103195527666407,0.103365910606512,0,0.103264804541507,0,11.3844297330228,58.5035567475261,0.103195516629762,0.918915598713896,1
"06037294301",0.2915597,159346.596002776,-467494.619336437,159504.467211516,-467498.883494196,0.292577256010387,0.292425016649727,0.054493415500349,0.373409977696982,0.151240942710552,29.604621515338,179.893803760601,0.292577268522015,0.0373283669537056,0
"06037293307",0.42659932,157142.492578251,-468345.622057008,157146.911597325,-468406.855241942,0.451804265841594,0.45135657738083,0.385061236299856,0.438114840104767,0.372340863646274,19.0122678269799,349.756394337133,0.491196708231901,0.11447043597749,0
"06037278102",0.058482676666667,143583.181691734,-449349.0685973,143500.39210618,-449616.580183213,0.0806983572931029,0.0805840221963021,0.0134443926258972,0.135158063432392,0.100061120699952,215.045093993013,535.250567781476,0.0806816037288349,0.512825295799783,1
"06037980009",0.874939403333333,156653.00563518,-429527.711733786,156867.693497897,-430469.260906752,0.877201583441643,0.877217537652288,0,0.665282916364279,0,500.50313379837,1822.48609331155,0.80034627745093,0.160167995516656,0
"06037980008",1.26354813666667,139060.870188913,-421694.946790357,139399.792291616,-423256.478386444,1.26608986969635,1.2658493850931,1.16048694632745,0.560798621762564,0.186337658646461,0,0,1.26608648906102,0,0
"06037980007",0.20777808,175817.296142524,-470625.564681067,175970.177234353,-470323.043766666,0.208459946501334,0.208366628784038,0.0895961555196407,0.178845237526259,0.138323786861823,196.802055143663,350.046663885464,0.433215386499752,0.107276516992157,0
"06037980006",0.16722944,177128.241231585,-464973.648883981,177192.938123737,-464964.387879886,0.167614448096191,0.167683268498966,0,0.183285088187222,0,289.077109551623,646.868464248527,0.152123544521786,0.388501423882957,1
"06037980005",0.792301716666667,154804.073978681,-461081.007003325,154807.241921378,-461054.79574848,0.79405999803323,0.793794823049317,0.469875484314022,0.793777738643061,0.48486393629032,0.646184573293624,3.39910448212661,0.625749919478825,0.304556226018323,0
"06037194402",0.46855098,150241.544980094,-435442.972279453,150234.807827782,-435427.018026498,0.441967129145845,0.442068714891002,0.260697598110611,0.437715005956362,0.251005698548075,0.76944056111031,15.8900914728113,0.401364269163874,0.613527305910652,1
"06037194401",0.49779336,150951.273317039,-435512.392225309,151013.361508436,-435497.26870633,0.499141292649285,0.499012180596576,0.266276384563426,0.509188471305612,0.251507423778242,7.62345390004518,45.4561787549359,0.299806410364286,0.0165925151471539,0
"06037194102",0.341536473333333,150702.695164841,-431904.668283557,150736.361265749,-432112.604637028,0.342479257142379,0.341795208163838,0.285934653554733,0.369708682206606,0.335299328328681,27.3484525505468,347.527044972533,0.336406162294245,0.376937136675893,0
"06037192002",0.367852863333333,151775.466953149,-435582.557527554,151815.450884047,-435571.923632264,0.368584924815762,0.368919749034067,0.210436812964721,0.371415469406853,0.235291633723707,13.532740449713,53.0621874184996,0.388431367492921,0.541827391192406,0
"06037191902",0.67077729,153296.893134835,-435531.254733159,153240.656332177,-435528.879087554,0.672683361593227,0.672609081748872,0.627240498124074,0.6628572431836,0.594753775430472,0,17.9726884080246,0.672467566968416,0.0315597900324573,0
"06037191901",0.431796616666667,153326.137720039,-434764.434536247,153323.215952052,-434504.471836084,0.432772559275509,0.432323189301316,0.377263043344116,0.390504632881201,0.247855808090703,1.66528341686877,19.6085930399998,0.432565064954703,0.697936941957512,1
"06037191302",0.44784377,157924.512669175,-434068.11710025,157965.32853805,-434196.084394633,0.448775445234922,0.449204726331405,0.222437356578921,0.423919450857548,0.157694863119897,13.5162176935335,24.62967359664,0.448780616490459,0.976906253106485,1
"06037191301",0.42321928,158100.032817278,-434495.603307519,158051.746498699,-434504.522858751,0.424405505862435,0.424582551097058,0.165534579321407,0.415226572413496,0.137538155879444,0.559681235418529,25.5484560285459,0.424410182227809,0.91886760485435,1
"06037190802",0.266146536666667,154098.027409431,-434342.459774756,154043.024417026,-434443.672521459,0.267040758096303,0.267232115760378,0.129722400585166,0.264690593944488,0.0806524649337079,4.7148091276991,15.6007573510537,0.289158171124234,0.996512993593903,1
"06037189905",0.312546133333333,152086.503936833,-433685.022388216,152147.384172109,-433678.780250148,0.313872707041499,0.314157506439945,0.161094564569171,0.32511274315196,0.193659343684846,42.7200187626143,261.955847252305,0.313802419159788,0.999999999999982,1
"06037189202",0.41620485,157213.366777179,-432406.518905279,157236.492598178,-432597.849833344,0.416978354763388,0.417580175845424,0.222908366572885,0.422559236117508,0.242020336477027,43.9846374377102,551.226741236814,0.416958045318817,0.414004184890587,0
"06037189102",0.402429533333333,157889.094203797,-432249.203288143,157877.509445017,-432434.627233676,0.403503080645756,0.403387411273205,0.135488368532969,0.452695489709571,0.184223657721751,33.9491886333011,585.724872286646,0.444256129867385,0.494701890857239,0
"06037189101",0.520923453333333,157897.855119197,-433123.45752151,157894.567333377,-433103.480234671,0.522240087109213,0.522167942822144,0.345267604672382,0.519063657089569,0.351614136387525,13.0317086271503,53.232751508042,0.545156503406536,0.476883222637396,0
"06037188202",0.42410508,158681.019098302,-431818.779801761,158730.66586193,-431871.845265714,0.425187435783611,0.425201710365645,0.207458721988882,0.432048321303102,0.244913664368362,139.218043525171,649.45060975607,0.484609456121192,0.670734793818838,0
"06037270200",0.412708203333333,149524.615253001,-441194.702214352,149547.580389424,-441166.371528412,0.378473966347137,0.378836279507269,0.346442609868756,0.39080875823165,0.354013742802915,9.47786296311946,32.8608971597422,0.404640697197345,0.765504618043145,1
"06037270300",0.566228326666667,150423.548397372,-440466.185729997,150524.076913528,-440445.699832064,0.567067196489925,0.568151677867882,0.224217549848339,0.578880412596163,0.205443558526435,0.751520703764268,13.4238551313248,0.336481904664967,0.783010853467886,1
"06037271100",0.758404933333333,145272.700211359,-441201.120711822,145206.908363995,-441192.964768233,0.759665536285237,0.75994899627065,0.477661589672522,0.786060696747919,0.518552889400189,0.32769859296553,58.2057865322528,0.771402164928363,0.336297670775712,0
"06037141500",0.880341496666667,140293.385549317,-429454.691229256,140277.099797662,-429435.166647443,0.882120491560585,0.881832542508298,0.846012668459772,0.887378527787967,0.855560152551672,0,11.9703101136052,0.783354802072547,0.0493240433083845,0
"06037271400",0.419370826666667,143413.607794081,-443873.295845403,143429.543248429,-443880.166438119,0.420293592366639,0.420508602640048,0.365445234652714,0.418674498345191,0.369953962735878,13.0449413542426,92.7489953787863,0.43727472723842,0.524817921264942,0
"06037271600",0.52528996,144901.481078944,-442616.666647921,144948.065609903,-442511.683849206,0.526382197184263,0.526316784780955,0.241761520962548,0.58272302970639,0.282013116179999,19.7289207930694,41.3727288916917,0.556266048909849,0.652960534766556,1
"06037271500",0.214204563333333,144247.174019482,-443127.878129579,144236.158965481,-443089.234147527,0.214992699340697,0.214734068965011,0.119947305816176,0.220156794710649,0.134805241404034,24.6947804205212,47.1538138906969,0.287062640497977,0.797075407249998,1
"06037271300",0.674051866666667,143942.607149306,-442103.568919703,143862.850234679,-442110.33958371,0.675235467850703,0.67680202478364,0.598203725551993,0.669671380984656,0.582217236636395,0,39.7082009444999,0.712304259890279,0.0723792439521071,0
"06037271200",0.927091326666667,143875.505997833,-441500.482196106,143937.364309584,-441440.251989807,0.929143465317084,0.930623407485074,0.763231520428693,0.958921299758847,0.774530598834763,0,9.70468817275121,0.901600765766431,0,0
"06037271701",0.548221086666667,145981.388450617,-441940.610405098,146118.796968966,-442014.290331157,0.549337613408237,0.54937154592452,0.39253066193579,0.542232859679968,0.427604069018274,4.62768197269282,33.3880486867316,0.549802394096828,0.350290427105182,0
"06037271801",0.47554615,146091.768931173,-443093.134963229,146106.81504262,-443178.255424212,0.476357859757573,0.476090266624596,0.422921815675806,0.459324190773844,0.444051572698618,4.24915634475211,39.1089669690539,0.475445618744385,0.362053854673817,0
"06037271702",0.700301573333333,145355.577466048,-442121.779140602,145394.032930611,-442222.278333673,0.701483283154473,0.701190158260147,0.418218512506387,0.687856923754203,0.356675935765587,4.46564702412293,24.5396973859248,0.701447710125932,0.214778950366734,0
"06037464200",0.862691543333333,175289.353677328,-430449.88405207,175337.486384832,-430579.958766193,0.864938971590929,0.865974102840945,0.545305011396781,0.843860882395561,0.566797010172145,0,158.550120462322,0.869034947031868,0.185614327761544,0
"06037139502",0.99572934,135859.04159366,-427046.016908438,135807.070772223,-427028.810492481,1.01801028845212,1.01663475835702,0.686381832512881,1.02859743539992,0.652587950887889,0,0.183994262154945,1.01863697766135,0,0
"06037530204",0.425163406666667,172863.086357444,-442347.287123704,172881.718162304,-442405.94192143,0.426784153390571,0.427551714413652,0.280773053504024,0.463575200934011,0.314831812180816,7.93069719889575,161.188901852715,0.426784144928197,0.651316333819348,1
"06037530004",0.20223196,176887.630720194,-441914.780254255,175838.76340953,-442396.6446893,0.156834653235179,0.156861163607295,0,0.414097781696874,0.264825468738054,196.821900996979,428.697877584532,0.156834632414374,0.596969184663477,0
"06037530202",0.22243611,172080.728487868,-441454.950251772,171886.222942976,-441516.779652916,0.222464264959399,0.222018116706788,0,0.310053143649756,0.0520949696384829,147.650971254211,152.798674737658,0.222464255549453,0.793585783387871,0
"06037530203",0.190225956666667,173015.546811657,-441502.341964768,172913.123611644,-441545.151437861,0.191405123260683,0.191206214371763,0.149562647890338,0.148986577964816,0.105653180690742,89.5288377957614,165.045592539951,0.191405154223835,0.99642353249699,1
"06037432601",0.583944003333333,183238.143542323,-435151.889972309,183223.641929515,-435184.396091929,0.585075689467547,0.584937801416313,0.325340878343746,0.583215319444068,0.329549507160118,9.29207552399219,22.1342573052315,0.585075703233062,0.294521659056974,0
"06037431300",0.61196476,183846.533957088,-430349.755595494,183861.049379159,-430268.609568092,0.613420301201731,0.613846299834938,0.561240665667761,0.611938630844586,0.545288142736658,0,11.6607527720775,0.610977882519067,0.1138266853212,0
"06037432802",0.335787223333333,179652.606257748,-435576.09970839,179675.374158286,-435664.535317242,0.336094727141227,0.33642534054742,0.143551251202103,0.3089801597495,0.0906600721025713,4.94880026851827,28.7218033119603,0.33609473585276,0.927073363867405,1
"06037433401",0.626244146666667,180683.279998389,-437689.52900535,180753.420888948,-437725.386230529,0.627498375902592,0.628437713121501,0.482712590881296,0.620403003873719,0.472868773576571,0.198745057987291,9.617430900982,0.546931129882372,0.142038770835419,0
"06037433901",0.547156833333333,182762.310867699,-437745.679760206,182777.016547619,-437768.120358228,0.547861535275965,0.54700072395535,0.143872727078795,0.537508204627985,0.136439166502555,9.77436617920945,50.8164069442412,0.547861525898244,0.754718688642229,1
"06037134303",0.680335013333333,127756.99248843,-422655.755011335,127791.947888526,-422672.151847289,0.681948631861542,0.682695331825665,0.521071397730436,0.684468389960074,0.525661155303386,0,15.0597088145108,0.571797049175401,0.00055527400003477,0
"06037433602",0.202797146666667,177550.404622354,-437850.89638067,177373.522840997,-437825.727802296,0.198594938237716,0.198676712415818,0.105937651562454,0.223125628654415,0.168663980925736,133.42590433369,450.677352520951,0.197794188113859,0.937726601808555,1
"06037434001",0.345714366666667,183328.657087809,-438469.833013732,183262.226226425,-438587.348660909,0.346222443659366,0.345881219487987,0.228873756396245,0.355512719918193,0.233235085229877,49.5971398843325,95.4963618432974,0.346222443226652,0.140392687525343,0
"06037433403",0.68829122,182114.183794433,-437309.909431973,182090.353765587,-437455.122710642,0.689705286620036,0.689306873901538,0.477143754214941,0.698600495290197,0.420468153455587,0.842472773260707,13.1607171127321,0.484049173223061,0.302008904043029,0
"06037133000",0.804959233333333,132908.56625808,-423487.466092164,132904.222894291,-423418.740179038,0.806436947588049,0.805324574111202,0.626858181672517,0.80483090389725,0.637770318897102,0,11.6604084066228,0.848538367455927,0.0259718894801034,0
"06037132700",0.380298146666667,135824.434216353,-424036.651074308,135688.18340239,-423927.520799112,0.380974879834022,0.380976347591102,0.315347066369429,0.403295465277821,0.242953258778693,22.0651006722172,112.981688244184,0.380978089538015,0.747774695912625,1
"06037131900",0.57432834,137303.713942486,-422377.455095303,137312.599525955,-422359.688047035,0.575545833372767,0.576285025550197,0.257057727539536,0.586119955292748,0.267969987327073,6.66171371929901,11.7145431248156,0.684867641460062,0.35674695705126,1
"06037133100",0.456463956666667,134184.192124666,-424658.053967777,134244.561623648,-424580.064331987,0.457520232935817,0.457892266206886,0.355510019673238,0.409215281853292,0.302615520084195,2.20623339318755,48.5628179742065,0.4546604636154,0.35570748406922,0
"06037134101",0.928950726666667,132055.826486474,-421394.989618997,132008.334999631,-421349.277344657,0.931212504228227,0.931992062620341,0.554465400637722,0.921047158027711,0.515454091034853,0,22.2428349776438,0.748038440760506,0.132896858137616,0
"06037134103",0.863277173333333,130832.979133828,-421196.828746074,130965.307328614,-421087.799690204,0.857360286124605,0.858379236112687,0.51972034050352,0.860709927186068,0.413565036867164,0,22.2428349776438,0.856702071308332,0.0959559410783474,0
"06037131300",1.0786659,136079.202309261,-421293.623502482,136082.080258639,-421268.225006876,1.08078692439585,1.08231387165711,0.994919225600017,1.09461137777476,1.01052672571396,0,0.0259424791759459,1.23748705536965,0,0
"06037134201",0.885082436666667,129797.140877241,-421503.919694637,129835.367595985,-421607.320921323,0.887372430015306,0.888246758705105,0.621636121535773,0.896454638257485,0.661020252857434,0,19.1999006782713,0.848133843042674,0.0127226849087869,0
"06037131100",1.2052402,137676.41452295,-421271.884014161,137674.166387772,-421262.914165563,1.20815356277262,1.21027174589902,0.947463947135972,1.20935384938051,0.952854944222152,0,3.31097368048908,1.20814530870823,0,0
"06037131010",1.25037445666667,134477.632859797,-421299.373666709,134601.563009141,-421409.451806816,1.25321174776122,1.25542036401678,1.12596865157904,1.23120683853242,1.02722050056441,0,0,1.04006177026198,0.0271540079834044,0
"06037134304",0.626994566666667,128035.97667969,-421495.849852404,128069.090254365,-421448.427829994,0.628656889655477,0.629344263171622,0.282215703201221,0.606911479952071,0.251530098159003,17.1888402426106,39.7573845652929,0.607061004553678,0.293320969288979,1
"06037134302",0.7439656,127091.888661986,-421472.661185489,127094.260041299,-421464.553702062,0.746039425993459,0.747560167052833,0.606172622644818,0.741104180196787,0.600930951855037,0,94.6045826107113,0.76050638781958,0.0782684981164903,0
"06037134305",0.539913756666667,128821.544384316,-421073.340923019,128694.46666448,-420991.621462883,0.541421931706178,0.541816616343326,0.0114682346477407,0.517119028888428,0.0617859576240161,19.1999006782713,25.9109811910047,0.541178977743669,1,1
"06037134422",0.55083754,126112.489741486,-422698.932317268,126191.117111814,-422686.214546732,0.552256292663927,0.552290780678452,0.22230976341723,0.560267228792792,0.260452379598423,1.99665978563899,18.2280524189643,0.552239513402759,0.398708661801335,1
"06037703002",0.371016483333333,150330.310800487,-446263.35730594,150257.134491067,-446456.482618598,0.371851115506649,0.371267460822344,0.252394271177732,0.432242312831425,0.365227852552317,26.5106785803761,159.581690291098,0.372018461483611,0.156663716062434,0
"06037231300",0.339717066666667,156597.149158985,-443154.242685554,156663.339641507,-443125.316364955,0.340740023957693,0.34098786305197,0.156766612073981,0.334076692788811,0.198911547184033,6.64540943982882,9.79871861043784,0.34226263078262,0.987962663065204,1
"06037228710",0.323419673333333,161269.10473733,-444751.765936101,161267.998841957,-444690.870745761,0.324363389476256,0.324382613542812,0.25138614387329,0.327148330010255,0.220250751947892,0.447150035402919,65.6570881462936,0.326759034209858,0.778150183131982,0
"06037228720",0.33720192,161670.952117672,-444744.814280976,161665.017955629,-444769.530057107,0.337294503198371,0.337496800880532,0.324527738865305,0.329405683101874,0.30875418334698,6.72618306102524,35.1511488852652,0.335338815262871,0.981259940854208,1
"06037229100",0.238161993333333,161486.667890858,-445547.690119515,161511.611637746,-445505.013249646,0.238384186661431,0.238217880963341,0.163615207249249,0.217898710033875,0.134335300436572,11.9098615045916,41.8813130393584,0.236422411853234,0.990672991504423,1
"06037229300",0.229271513333333,159851.14457058,-444922.086236513,159839.402297559,-444923.966369262,0.229115137495034,0.22912702594527,0.00969660574621402,0.233673246840714,0.0170154420580801,27.4451788167518,48.9569465340811,0.229586338708146,1,1
"06037229410",0.18414513,159872.982830951,-445569.148910591,159798.342880141,-445545.093631223,0.184831558532295,0.185237722413842,0.0208761016130701,0.181637294528154,0.0197320048161459,31.353911400788,32.3769724870698,0.183791877836312,1,1
"06037229420",0.35201561,160680.07692196,-445521.571649389,160698.859522028,-445438.75541952,0.353594256743204,0.35370705349081,0.26049129365971,0.334499399449625,0.273230809253331,15.838858922639,49.3746665165261,0.352114721824851,0.837235541875165,1
"06037231800",0.579778973333333,159112.143768455,-443895.681352495,159160.796113494,-443881.609054879,0.580569717946836,0.579759056831353,0.457842866493074,0.550211652538246,0.427430398593966,2.59718010458445,46.6342390947784,0.604333653093485,0.228792841977497,0
"06037231100",0.527200173333333,159182.348830768,-443028.098190563,159293.42109888,-443122.239576441,0.528041717318829,0.527639935264976,0.469739092033336,0.496647750033534,0.384696454004358,1.85806473874741,29.0135087612717,0.58624304952353,0.218902540104996,0
"06037231900",0.42749011,159141.446479369,-444747.138628002,159160.144164446,-444750.622961806,0.428266706811485,0.427815053809351,0.300045646273893,0.428336316466235,0.300554728628551,2.06695917964031,47.8783859369556,0.429036953995221,0.712078403732169,1
"06037231210",0.440112533333333,157199.393837719,-443144.664963751,157198.834363527,-443143.343233501,0.441398731765447,0.440667073509868,0.174613338358867,0.44104946906635,0.173760367833819,0.134936583584761,22.666165909519,0.39599457358636,1,1
"06037231720",0.552618413333333,158502.977679297,-443908.539177984,158454.475514399,-443871.897616496,0.553886595125224,0.554991766257249,0.471000429083463,0.553107403913621,0.476639068948372,0.140685311894347,26.266895121831,0.462653153806465,0.466737341099737,0
"06037232400",0.625846563333333,156046.143213109,-444846.144775094,156058.275390278,-444838.287374337,0.626889667905251,0.626919753013919,0.443162787906048,0.629158434969373,0.449651524248121,1.82807952884094,20.573769585309,0.626885874265428,0.284178286489476,0
"06037232300",0.477307913333333,157218.810658582,-445041.718756039,157197.756986758,-445054.542927367,0.478185748251785,0.477656361490611,0.181488710897566,0.491074049336198,0.190605834231542,3.02901339129823,12.222765825633,0.478176667122553,0.779928642892585,1
"06037232200",0.412540346666667,157238.720752143,-444564.242144801,157206.810619903,-444555.149503019,0.412776628114588,0.41206852555567,0.0801214489266718,0.428720845122938,0.0875357358658937,3.02901339129823,6.63666367129885,0.412772850381773,0.969935436318117,1
"06037232110",0.209508193333333,158032.970568451,-444797.208544095,158032.394618492,-444750.30047656,0.210122672848114,0.209884651156425,0.134100052690361,0.200712839543901,0.112169198380793,4.1303386506643,4.27713599933984,0.209583188849944,0.970384721653917,1
"06037125320",0.674193086666667,150242.188064525,-426385.200315508,150455.58739595,-426404.324271968,0.675936251637542,0.675235775641648,0.509071920776153,0.734026549769911,0.641447413298236,0,66.1382203295791,0.675897538873901,0.427315353586716,0
"06037277200",0.770956523333333,149541.142155244,-450144.561868719,149446.758817433,-449740.708789225,0.772567021559035,0.771496807049964,0.380190037839102,0.679740454223774,0.236061845633281,7.89772707365641,9.83224744076304,0.772091911478162,0.218875082505042,1
"06037291110",0.313238013333333,158424.704903063,-453599.427359214,158455.639790215,-453622.378468537,0.314110915143991,0.31345392286086,0.277465888433302,0.318781976243679,0.296029541348145,26.665980354388,27.7832000173515,0.314110939601114,0.854543346841708,1
"06037703001",0.344091493333333,149297.155105817,-445398.426757608,149204.210598319,-446725.30909949,0.599211314491608,0.59994414672941,0.466802111579172,0.399755791462463,0,1.74013334994263,57.104860430984,0.599211337760997,0.356543925387846,1
"06037231600",0.586179296666667,157212.773284684,-443949.214904852,157253.983216793,-443976.522802219,0.587214223703382,0.58798761770807,0.462526356962294,0.578453534470048,0.445135901703368,2.5129630544727,18.3067722425001,0.546197144258915,0.529312584114213,0
"06037291120",0.408900113333333,158429.93982843,-454407.744883352,158188.386326328,-454332.72052988,0.410255121235547,0.410200844243678,0.377034355054335,0.35777235415981,0.245131086784801,7.62951499999127,27.7832000173515,0.353355659832172,0.516255503134353,1
"06037125310",0.627554753333333,150623.060601266,-426063.756505358,150476.795988817,-426088.502486421,0.646646612132421,0.646373781052919,0.471545584574819,0.663534959196471,0.545086817997853,3.05453412613246,60.8545759727893,0.556536402033781,0.199591716205148,0
"06037291130",0.77208563,158428.78594953,-455557.244543226,158289.409845475,-455599.037401797,0.774072311009017,0.774619132706135,0.427281994843276,0.729453568516322,0.377973548678466,5.39530938621718,12.4032030023719,0.524304780303094,0.374520285289072,0
"06037124600",0.93700575,145022.735307256,-426983.872880996,144995.898425476,-426948.987977192,0.938844833817048,0.937755895999615,0.752566218488463,0.942861915665839,0.736259578489294,0,48.150981645594,0.938844825457581,0,0
"06037540400",0.46059599,163813.409279153,-452101.668107441,163767.405823271,-452062.109235852,0.461983748727586,0.462125172548499,0.235721866139323,0.44950418380448,0.222256359931899,2.61086134312081,26.2737125374534,0.462076112123069,0.818530461857482,1
"06037535607",0.689250696666667,164453.07822226,-451064.42772895,164713.584038283,-451177.539501406,0.690830828886512,0.692354325943715,0.63158289312601,0.702532696134478,0.581901261631223,0,21.8785279226541,0.690830830983816,0,0
"06037124000",0.70991936,147051.53094203,-426903.97881482,147089.617263417,-426908.009373048,0.741056088209384,0.740992222060483,0.649607541869909,0.741345373405177,0.667659997303802,0,20.1769870634458,0.745880400856372,0.138664849240485,0
"06037532700",0.28587684,162493.585298982,-446294.102833751,162314.397898386,-446344.188538956,0.286604018340487,0.28653916502347,0.207213233077447,0.289956476933519,0.136639095644925,11.9294481807016,32.152162597318,0.287880081903039,1,1
"06037540502",0.212243846666667,165201.081710947,-453929.837033574,165172.563120735,-453953.102243154,0.213027752714346,0.213495724939058,0.0930933794303184,0.213796628816669,0.106413660837908,3.9380781858535,30.7967488136191,0.213027744950304,0.968003776087784,1
"06037540202",0.514745003333333,165851.806583961,-451934.406070758,165729.232183744,-451947.690518646,0.515705866592948,0.516134153050821,0.317451394703446,0.495317376244543,0.337200279605177,22.2937622210544,41.1226990351404,0.515705858517304,0.469943859387269,0
"06037540501",0.234385603333333,164653.73925825,-452971.612067079,164732.276616192,-452969.321158483,0.233688660700394,0.234044768764447,0.06395265017486,0.224844337132648,0.081624420643578,4.03928050311449,42.2543087272439,0.233688673792131,0.865149784227803,1
"06037540201",0.68275203,165064.503974155,-451154.059543097,165160.632804857,-451194.751916399,0.695419035872018,0.697098527916796,0.58452756550166,0.703723860490009,0.57017793400156,0,15.4892604226298,0.718884941143374,0,0
"06037532400",1.02348039666667,165185.371324803,-444356.280711602,164350.350940325,-444377.623047101,1.02532782827312,1.02672755584047,0.806576789571371,1.2833436041602,1.16928676516895,0,0.339025131004236,0.92112907121274,0.0297498165445818,0
"06037402801",0.583983726666667,209284.20834849,-437513.984966185,208807.332061317,-437659.25215985,0.585700801655594,0.585652494296395,0.392732972041166,0.482348407603149,0.232485739413665,5.34408747372317,23.6416789805988,0.585700822001449,0.174740449826381,0
"06037402502",0.334516433333333,206754.616777879,-438432.768900237,206784.545590709,-438416.76304522,0.335332678956225,0.335005199559453,0.289529362426417,0.340387578391069,0.303823635098991,21.411878537939,41.9259750695714,0.335332686821128,0.896614149961394,1
"06037402402",0.432598356666667,204130.733701232,-437828.510702401,204568.923320998,-438063.06027324,0.43361502190487,0.433278716691635,0.104091594350942,0.409027709719808,0.134176973724148,16.3104177459173,25.5164657784502,0.43361501246349,0.132677041901596,1
"06037402403",0.952229896666667,201872.946474123,-438261.978590048,202255.419547516,-437960.386358643,0.858195015736168,0.857732766712377,0.526093404573578,0.600769108844656,0.287356476943825,0,6.69032308558076,0.858195032161646,0.299110358072133,1
"06037402902",0.38038291,208221.619798419,-439913.953973248,208211.039771907,-439945.571676755,0.381030179372216,0.380989614453817,0.137483677760969,0.369630889861127,0.138647180685549,3.98425304873071,10.9938560715685,0.373675682206723,0.550028553112646,1
"06037402404",0.80109024,201223.62025886,-437717.419182763,201333.624564817,-437214.586362822,0.802703365989626,0.801267786188541,0.622407726442763,0.760502719676092,0.55878807642641,0,19.0933099481204,0.80270337242187,0.0941144832053263,0
"06037403303",0.755753013333333,197926.165371927,-443605.271315126,197896.715430325,-444198.230949301,0.757654445329599,0.757787340384203,0.605633021678812,0.768215759308462,0.566000472369595,0,14.6227124146605,0.754120371281424,0.0915111101182395,0
"06037403000",0.34544382,207084.24620904,-439558.995220664,207113.982720983,-439517.671612663,0.346120403403689,0.346279215630985,0.0588278238709908,0.369902153117304,0.083477527698331,5.51238213322169,42.8951529759571,0.346120417397779,0.660397088057971,1
"06037192420",0.462440186666667,155841.253327354,-435918.42142938,155827.377520967,-435921.326893821,0.46322117489766,0.463123528850258,0.36519304003506,0.465562732083056,0.3579206732669,2.7991969210583,7.41747380733129,0.612288123857244,0.444048586336839,0
"06037192410",0.521110666666667,155216.702778148,-435931.67585831,155291.042256239,-435908.784495442,0.521830437826297,0.521509141221918,0.271117525681252,0.522335815183713,0.272809596161292,1.78652614251567,7.23495987360586,0.689438018918792,0.628991876743734,1
"06037192510",0.420210126666667,156255.933186084,-435911.913571747,156288.978277366,-435873.594699062,0.421100863379935,0.421204359144546,0.228551017952421,0.422904157472096,0.231986413345016,2.97726208151314,7.30517294108736,0.649696172194503,0.300929615869166,0
"06037192520",0.336937373333333,156658.036479551,-435898.341103133,156655.674654167,-435851.059367092,0.337551955733252,0.337745898992606,0.175040521931453,0.339287096508778,0.202419434056936,3.67144616695456,7.87147398897756,0.674333265139408,0.357488869729981,0
"06037192610",0.345996876666667,157238.669399108,-435728.677560705,157204.225115909,-435788.185406889,0.346126358167957,0.345744571646859,0.169709141500852,0.345243261670157,0.139210286747586,1.24370070900659,17.1736433274165,0.569544998067669,0.138229578191266,0
"06037195400",0.39400993,159255.892983008,-434546.17269965,159178.243131331,-434569.306900039,0.394417368844162,0.394171158387049,0.365902566015765,0.419812311619673,0.341415100766208,6.73620768354254,138.120858197353,0.389764789442473,0.304748332867636,0
"06037192700",0.203516463333333,157984.25099155,-435865.182966902,158002.16399817,-435821.741126479,0.203924026520375,0.204125400824804,0.0182276186644558,0.19553951656985,0.0464228047301021,6.15756308286621,18.5813546642275,0.387203768595527,0.940942515396504,1
"06037194300",0.418909606666667,148768.697129374,-433624.591066242,148765.445041887,-433572.860489755,0.419417432672575,0.419034474744394,0.0775088687944408,0.413330797470654,0.0823861142903907,10.3210665233252,35.1176087893971,0.461060397397144,0.0767115249047981,0
"06037192620",0.300220383333333,157255.316603052,-436137.880341113,157264.595231246,-436132.376679681,0.300981987811122,0.300481556210661,0.0496639612489647,0.299091745963021,0.0446728993935284,1.86972974478787,18.2638903325498,0.62514646349477,0,0
"06037195600",0.53695336,160063.762279922,-435736.890056625,160038.77863874,-435739.453914715,0.538387601371571,0.537973663194584,0.410747631449219,0.532034769257554,0.419142970538678,3.4523854211728,104.487496880551,0.538387596455777,0.325076279754266,0
"06037195100",0.26580177,159904.339236268,-433521.842348674,159805.284546295,-433387.434198698,0.265728504837931,0.266007762833568,0.0217450552828792,0.345930043448031,0.0816938473071478,114.40908151753,147.319153268906,0.282375980977663,0.423003634112395,0
"06037570001",0.72273286,174239.754605525,-459580.375634856,174205.703238362,-459584.356004596,0.723846144355442,0.72333675217257,0.703163816198617,0.73564344943538,0.696575748136305,0,42.1858130105239,0.723846133289148,0.0399926298020396,0
"06037570902",0.421761793333333,173894.465555509,-460723.605763471,173903.299188775,-460719.032845232,0.422778929514924,0.421960917044558,0,0.422327512869095,0,9.96447582248189,50.4020019966409,0.42277892308991,0.924132923787751,1
"06037570702",0.285943513333333,170340.00089301,-461086.802051851,170359.228798215,-461092.388844287,0.287089297417262,0.287235703985931,0.142498770257458,0.291648343482642,0.151860941663809,16.2301595524211,49.4027452275524,0.287089287508759,0.649393534303206,1
"06037570701",0.52473503,171300.312648217,-460699.666489714,171337.789512911,-460794.690151484,0.526320745653856,0.525998065544433,0.407079089296455,0.532683873922157,0.44945957669674,4.06682782166784,34.0886354102074,0.526320737277019,0.297189019680628,0
"06037571101",0.20660812,174357.463034117,-461815.967090619,174338.698300233,-461805.668002597,0.206814365041752,0.207210289809613,0.0173964979762119,0.211187150160886,0.0304746245434815,15.4828827711018,138.606202954405,0.443030270516148,0.929261255846685,1
"06037571300",0.469853483333333,171301.347724654,-462294.4392748,171296.804671132,-462085.873847412,0.470897815175497,0.470449671052816,0,0.469969027038459,0.121389791131731,121.248236612333,186.093082854543,0.470897819955441,0.213061518047415,1
"06037570003",0.56700277,172097.535594691,-459495.468910206,172091.012305265,-459517.7205202,0.568304349555507,0.569198183381245,0.382276962818769,0.574781389215403,0.393097192400814,2.19778515209762,25.9740494130353,0.568304328452164,0.451518535258456,0
"06037571102",0.35847367,174371.164465594,-462625.922827618,174475.370916091,-462626.009079741,0.359318319129799,0.36026281587025,0.265995717902939,0.359176610530577,0.264911228749438,72.3958095020293,169.542678188942,0.394620781068841,0.999999999999995,1
"06037555211",0.259343016666667,178045.908045586,-463474.650857596,178049.837439565,-463547.647432671,0.260477784651301,0.260049627705942,0.154649422846156,0.254220861329938,0.162858306779155,21.2810037342891,284.075418899061,0.260477796906074,0.76751368119379,1
"06037570202",0.458750526666667,168523.728873856,-457923.617647726,168486.51321834,-457893.505739442,0.4602152476622,0.460267542825379,0.193756752770997,0.446249055167549,0.169545591965537,0.680622361122035,31.4504192495493,0.460215254763745,0.564673396260932,1
"06037503802",0.324129496666667,184665.603131556,-455503.379952778,184719.561250653,-455570.281598599,0.324835132678614,0.325522812635808,0.30711488010756,0.33591429829665,0.305789508404506,65.3728672688833,254.972848701656,0.324746622389492,0.584685374723726,0
"06037503801",0.183428606666667,185621.892631428,-455714.005079662,185571.220593751,-455769.729811714,0.36122298186779,0.36100559125457,0.264655531102733,0.375938944403976,0.305818345324836,22.0656762683727,205.906866420694,0.361222984300904,0.566829625155524,1
"06037503902",0.90693143,183205.349385577,-456810.587152735,183228.564525283,-455758.092890522,0.908894455176503,0.908327254217683,0.752681996139065,0.583419793356704,0.327601076481393,0,12.7787919297064,0.908894426789731,0.139037454366961,0
"06037504002",0.498437033333333,182749.479604988,-454325.277038961,182760.486445792,-454369.422997567,0.499487418306195,0.49960526049969,0.0523829578037395,0.498583364520203,0.0760886124624648,5.11725752892297,67.4412255415982,0.499487394727367,0.714690754322325,1
"06037503901",0.467287826666667,184379.916459766,-456452.03253331,184366.914242688,-456387.186876594,0.468437303965731,0.469126100807839,0.0680182381891855,0.436702112214569,0.0274675572926563,3.75338364186459,34.1230104676857,0.468437325272404,0.676949798743375,1
"06037480102",0.83718228,176665.926090499,-432379.692753315,176689.080345836,-432430.177801812,0.839043388045813,0.839563947531634,0.760614863485309,0.823011422093503,0.730458298950291,0,1.82603577855903,0.840247335578455,0,0
"06037504101",0.503399363333333,181884.954123301,-454271.092863229,181839.631877366,-454204.529786739,0.50430538821728,0.504290391288022,0.211998043539138,0.521307855706729,0.185131215735835,5.00852645068184,18.5445580966179,0.504305361173584,0.544726526618624,1
"06037980004",2.26149501666667,175658.020048102,-374550.494263195,177021.166352513,-371869.99325859,2.26786847968769,2.27181784283374,1.79475590644982,1.58312607612102,0.515835715746734,0,0,2.26786849163894,0.0102842181662567,0
"06037980003",10.2431220933333,187046.119113198,-355836.824286199,181782.449798076,-355710.968066396,10.0515367387335,10.0464671490454,9.57126977685454,8.65175856833011,7.65917539812922,0,0,7.13932444921743,0,0
"06037980002",1.22581855666667,163102.498832699,-465690.369935637,163101.361520811,-465679.655152019,1.2281589359854,1.22906696614347,1.22081656552505,1.22915266935128,1.22243859176368,0,0,1.22801893672068,0.00737837545154029,0
"06037980001",0.915551263333333,151347.608329629,-422701.207161409,151347.296357021,-422700.692340532,0.917221893594857,0.917662370211035,0.743699944672575,0.917353736208605,0.74406590817999,0,5.56214560544408,0.917221893502905,0.00584129086926742,0
"06037930301",4.98666848666667,196651.196550822,-410504.018895051,203853.505108143,-410204.573915818,5.00209917031501,5.01239004296055,0,5.04780347382676,0,502.425179932258,2009.70071972902,5.00198187510189,0.00227308163904547,0
"06037920338",0.625356293333333,129028.146656462,-402377.239230109,129308.461353533,-402236.317133164,0.626557252505933,0.626696755359545,0.263867696776574,0.551481370716563,0.0973635114367287,15.9416717417868,76.6750298494209,0.626557228390532,0.374082366734824,1
"06037920119",1.21293625,124606.916613371,-393664.505729148,125013.103532147,-393549.820759824,1.21524652519109,1.2148253090261,0.921335734419715,1.2500273286353,0.917270741349462,0,2.40200030113934,1.4351179504919,0,0
"06037920116",0.816400026666667,125414.888713537,-391862.844340024,125780.306113478,-391737.530583153,0.818239643524577,0.81850854513116,0.562453793651636,0.678854917521368,0.459653375370151,0,38.0641540360017,0.818239629395589,0.137644893657338,0
"06037920045",0.614297606666667,136223.674483761,-394797.783332782,136241.387153584,-394795.689538614,0.615394957575497,0.614727344151391,0.56629932758677,0.612416505604638,0.55752778739429,0,27.68092873391,0.615394932495946,0.148877755469652,0
"06037910713",0.810593253333333,179887.173888981,-380758.416310073,179950.076634942,-380937.52752637,0.812181442548889,0.813233971717695,0.394175071794462,0.725063709000624,0.356332536890358,13.064962959363,37.3580044794106,0.986523608999584,0.348153091362668,1
"06037910712",0.67225967,178706.414299329,-383261.071381266,178693.907683844,-383324.401240983,0.673578694090177,0.673100557394989,0.506198725147427,0.698184039184729,0.525740916816327,0,54.2260908386608,0.799683255231522,0.163054276195499,0
"06037188201",0.25391163,159385.480499632,-432308.425816442,159252.724871369,-432288.751853946,0.243141777514395,0.243078536070555,0.15700057072922,0.251808386017715,0.173023814821726,40.1901935540809,276.922866816615,0.367168349172336,0.503820932410645,0
"06037187101",0.46985451,160592.909000798,-431885.114232136,160656.194592006,-431854.766860818,0.470919699599268,0.470460721769747,0.414861012062941,0.495531440714373,0.458281062559908,3.44500948625743,103.460709196006,0.473326874835202,0.53196713176267,0
"06037186404",0.441284406666667,162789.520514386,-432810.808206505,162819.819609269,-432826.215377421,0.442594385769385,0.44220192374253,0.378568976078638,0.448325610502383,0.375826931973116,14.2694997723863,132.91578038135,0.442594357842018,0.363806176633379,0
"06037186403",0.37727035,162405.454496556,-432254.355299245,162456.009667369,-432222.063917582,0.378341129358933,0.378486402038286,0.373192300685347,0.376157884942376,0.348002452785661,19.3524523246669,70.9035751366383,0.415818348033657,0.242160382660904,0
"06037186302",0.268258073333333,163383.681500522,-432140.549474186,163294.263898098,-432221.208381511,0.268891611100385,0.269257338738851,0,0.284066233611185,0.06942535937219,13.0937630743019,88.1671022418867,0.268894897469796,0.380577597579852,0
"06037186203",0.26394647,164624.938076766,-431859.42297373,164726.894009905,-431777.811059545,0.301588294307125,0.301991035588175,0.191371659134937,0.318025242457492,0.178680014061373,21.4577163075786,56.6820480838977,0.301588305138255,0.611725842589526,1
"06037186202",0.576850853333333,163796.401160858,-431316.644591725,163723.447876771,-431257.298328338,0.589732422178344,0.589745317486984,0.417932240544432,0.610625941278405,0.406697977254107,2.90861365008906,27.5392421206087,0.589733821204527,0.106326375055983,0
"06037271802",0.54115202,146617.543512403,-442731.881172247,146660.20963036,-442761.74237902,0.542060722058587,0.543140797327505,0.41161229275542,0.529333838367802,0.383736901379991,3.27390307556784,41.9386553311486,0.540557830838652,0.0363991289297556,0
"06037272100",0.703216903333333,143895.624624206,-444572.970983758,143925.717665022,-444575.484407906,0.70516003188347,0.705730845862126,0.656296753500295,0.710503899162259,0.655656386446389,0,52.1045248126749,0.659327895865183,0.127674990887787,0
"06037272302",0.763972163333333,145270.251434212,-444727.333667425,145308.641145804,-444741.46333159,0.717600425610453,0.718213400415197,0.663748909230687,0.710665294005616,0.66865971251506,0,13.6216072357332,0.71760042629351,0,0
"06037272301",0.714100246666667,145745.4025327,-444396.934251504,145743.286127162,-444392.772939013,0.701489320478484,0.701043847938406,0.58769157757874,0.702025053484654,0.590209426186543,0,35.2608119244864,0.64355915223312,0.00910590235332054,0
"06037139802",0.27342478,133124.060238468,-429305.052366883,132891.583143974,-428722.626130952,0.332178263793182,0.332104264794825,0.0884165051166051,0.345927287536304,0.306155866896388,39.6508356153371,799.674841115825,0.281691986066565,0.383682433630386,0
"06037185320",0.214182196666667,163797.226601813,-434837.73981223,163788.36284038,-434665.052238745,0.104182185108807,0.104155311055544,0.00961791260402776,0.140690708758207,0,22.7532446886314,397.644625487616,0.104182194025967,0.972627066645917,1
"06037139801",0.947999613333333,134101.016111497,-428197.091038888,134182.388244203,-428017.768101446,0.950205580248482,0.94924829752346,0.765252645523725,0.967660739357429,0.841957624042275,0,67.6748122357727,0.950259857198174,0,0
"06037135102",0.592062966666667,127279.11985467,-424318.326654223,127315.179081229,-424231.301566939,0.593533824522003,0.594757598022912,0.362213523542426,0.573048469734658,0.309679635049984,10.0973355694553,31.0497929306757,0.593536210820053,0.389618112950776,1
"06037139702",0.51990755,137747.405168793,-429460.062384411,138370.037846814,-429360.264751972,0.520723438687676,0.521684437264853,0.0612593080101315,0.614804333912581,0.308887806814254,26.9795929748688,130.501259135369,0.520723266471687,0.178970214522832,0
"06037700300",0.204714253333333,150213.819080875,-434688.069950597,150241.733333343,-434739.345101979,0.192355646141731,0.192615966993681,0.172242835161632,0.192127804788733,0.152535966751529,2.09560587235142,12.2068337197753,0.191598928163427,0.999999634163507,1
"06037113213",0.55561186,128259.896319985,-417113.916279128,128412.349051182,-417165.235974859,0.557441664260904,0.557527908023528,0.495765383287677,0.644313579784341,0.594918321799193,0.0136042386116227,217.248279504475,0.557445101852419,0.184355931699693,0
"06037530301",0.36581783,170357.923683197,-441242.292917037,170384.628757732,-441250.460835309,0.366926295565745,0.367712713802828,0.250349009749189,0.372442062512101,0.246352917796188,18.5573243146497,50.8909082346844,0.366919213391702,0.99630408371156,1
"06037530302",0.551283316666667,171027.89385048,-441412.844524897,170997.25797114,-441517.547018405,0.552694549292847,0.551958937023497,0.41334885356524,0.554943096936071,0.374834072932034,1.95849103847159,151.915885631118,0.552686260974924,0.328310204530099,0
"06037532002",0.518341776666667,173903.288466569,-444046.925056489,173825.142281267,-444226.960094383,0.519199820438639,0.519655571115709,0.315755475154852,0.52853702844105,0.435753159979624,13.4771890151792,30.7564643882255,0.519199807829235,0.581709129067654,0
"06037532101",0.49086301,175023.15063632,-443870.688936293,174804.284482147,-443827.371998033,0.492108551710193,0.491735080895582,0.219004740422755,0.479809329968244,0.209980899768934,7.59561275636877,37.2953746232225,0.51482754256856,0.530391861496359,1
"06037138000",0.221497916666667,129915.408891741,-428695.102179485,129585.156070563,-428504.427054874,0.221649099285848,0.221908628883566,0.155456709964516,0.384662219052901,0.358700010663575,121.29901876763,441.065858835254,0.221649122309226,0.775765133356403,0
"06037481714",0.41023521,172699.203274158,-437329.241774791,172723.111622674,-437310.075535845,0.410718487712953,0.410451752585242,0.0888716191536141,0.402277690894584,0.0714872364298941,7.82990536362746,27.5333236998956,0.17782979481698,0.790985566719536,1
"06037481800",0.548404576666667,171614.898495937,-437239.411927125,171617.552795593,-437228.311250497,0.549504324729097,0.549398570168451,0.242362742217965,0.551261971295287,0.24254580746828,16.051791489297,35.8080948095209,0.544786289639345,0.552325724538096,0
"06037433200",0.45040547,181201.517190318,-436769.323743348,181010.623688996,-436790.498045806,0.451731340322359,0.451835756636356,0.0955393434703689,0.421980515066843,0.141988085596083,3.38635093352264,7.95126428703072,0.102824775530566,0.680999289643256,1
"06037433302",0.546876336666667,183287.087737482,-437260.339901001,182877.492594347,-437044.264318702,0.547924719890038,0.548044399584193,0.465262238362179,0.635936110092785,0.569785320154882,1.46497487098312,49.8129981898586,0.547924712731239,0,0
"06037433501",0.31007192,178585.04573143,-438035.650451022,178722.187291736,-437876.397027643,0.311457915802784,0.310821564154141,0.279033776081933,0.375502669550695,0.351845212841403,108.102347439034,522.49081416721,0.311449465497158,0.77308611898664,1
"06037433402",0.662548966666667,181418.467845999,-437683.743178102,181443.508282727,-437684.031544762,0.664002237475402,0.66394453108212,0.37278719189123,0.664171704917478,0.377134176645939,3.38635093352264,14.2397417776934,0.407337963534369,0.481565518721069,0
"06037433700",0.423858516666667,179244.7228401,-439176.932821924,179967.45166103,-439026.858639989,0.424233822814424,0.423644993865007,0.0806053854152841,0.220178369566643,0.196059484140733,198.740081509173,856.48996155542,0.42465046546278,0.735078071727099,1
"06037433801",0.570927263333333,181280.048547749,-438802.264721229,181325.570515523,-438587.414385318,0.572653845380435,0.571918582104395,0.553370155156188,0.641293110212452,0.609215355852078,0,31.5269356837814,0.577093278002187,0.032065940599898,0
"06037433601",0.4477988,177573.785218025,-436922.695838344,177519.577901427,-436928.263719189,0.448908412459096,0.449293056248752,0.396337729180952,0.452618587196492,0.401927211967215,1.24631381031216,144.047812988997,0.468822653201328,0.315217591517705,0
"06037134710",0.70752515,130920.109734385,-422485.282870904,130999.084967092,-422381.643891559,0.709061611774304,0.709531348378842,0.320964057914762,0.693685709331612,0.270790751330259,5.93051435917314,9.75484842427628,0.707578758743131,0.425619022087043,1
"06037134520",0.95693693,129072.409924707,-423315.988405581,129102.167095745,-423303.657993819,0.959075179733287,0.957166046375833,0.631847816641762,0.965401861427719,0.613191174865073,0,3.82433406510314,0.73027820065801,0.11339775909251,0
"06037134720",0.832446326666667,131872.279478715,-422469.313829622,131745.119627368,-422457.749040612,0.834768333233102,0.834892162445014,0.211120103548725,0.779694729706955,0.132241902863304,5.93051435917314,5.93051435917314,0.832982778263427,0.622269156954663,1
"06037134800",0.94431423,131653.889980966,-423396.025950128,131654.404034979,-423384.959180797,0.946418264036031,0.945273185237723,0.50465331924771,0.944272133441719,0.497900033295208,0,9.75484842427628,0.944750720021559,0.0878141354650035,0
"06037134901",0.953243793333333,132611.470627067,-424432.013693693,132696.55630309,-424418.967268719,0.954794206030156,0.954163250561075,0.889165012005784,0.912347615752121,0.837988588374199,0,8.38334928983672,0.964775126302091,0,0
"06037135111",0.687673183333333,128067.35534322,-423889.833490088,128063.963466495,-423908.568311824,0.689476650731502,0.689644835357819,0.508623031267466,0.687784785548343,0.508884016163576,0,13.2601639723655,0.658974308557397,0.0680875806407523,0
"06037135201",0.770505363333333,126496.191981129,-424363.157233559,126466.087332983,-424187.045357337,0.771955434730173,0.772321901132711,0.52518887657156,0.745381451808985,0.465299645556317,0,12.7050242449732,0.771959752056023,0.0170832556868002,0
"06037408628",0.395396846666667,190044.169734291,-445914.740275788,190249.739092172,-445627.291766216,0.324319446788946,0.325096321887139,0.0553650124651343,0.277059150295358,0.162055420919536,122.834293924587,712.93338911179,0.324257457989265,0.701573614399254,1
"06037408705",0.734333026666667,195906.189125782,-445954.044557537,195809.077901997,-445939.016803824,0.73615968217776,0.736046079661455,0.391524804395844,0.718237934030753,0.38503688180211,6.6225199709468,15.4833412462735,0.737754443503465,0.220730669612001,0
"06037408703",1.26189166666667,195149.344848976,-448520.025983114,195168.489461184,-447786.708882268,1.26508790889767,1.26576681958355,1.03267585896106,0.976278414963626,0.64711654769322,0,0,1.2655144062163,0.182610850902116,0
"06037406602",0.519937783333333,190915.38223467,-438061.999924453,190840.609136012,-438122.347012348,0.521368342547985,0.521510334361361,0.00808838089730389,0.554633396829267,0.0289031417840993,5.57165706749895,11.0552295150412,0.521368333049015,0.591996743867624,1
"06037408800",0.23386424,207664.773690834,-437297.833277376,207732.40904748,-437351.955331477,0.234316365222127,0.234183892108815,0.141998303796871,0.227583986320409,0.10249422370325,4.36445376467806,36.163156845859,0.389176908390631,0.946816216829015,1
"06037232600",0.626065246666667,157247.191163571,-445632.71590083,157255.509727525,-445625.843584458,0.627305004905491,0.62836671174045,0.548472316836446,0.628250530798904,0.54428936431922,0,19.5662978101147,0.632603654420666,0.0928679680620702,0
"06037232500",0.356743486666667,156063.099069528,-445655.559535339,156048.652149125,-445646.54199509,0.35770515320038,0.357727573345566,0.111086296622755,0.355231369421262,0.101242836089868,8.88640875963991,28.8973681303647,0.35770529170459,0.839170429969947,1
"06037232800",0.33857731,159167.227600636,-445563.721797999,159198.766085963,-445533.380948445,0.339044182335986,0.338818968937996,0.218602022483211,0.327879691400573,0.209443078846992,7.12137898236477,33.4058460663287,0.339044179441745,0.993092340571717,1
"06037232700",0.51423564,158366.806304094,-445584.603939236,158354.567981815,-445551.236886076,0.515668448688813,0.516335735884517,0.447761210966011,0.500318397298892,0.426427957877519,1.0978790950487,12.236861564605,0.515668459851332,0.327203802226635,0
"06037234300",0.31568672,154349.870472458,-443988.20623754,154455.857536661,-443988.494138003,0.315864570481325,0.316197444628802,0.172304770848443,0.298195431762496,0.106794075944653,1.64843954325447,14.069328221296,0.31492814128609,0.13322343849949,0
"06037234700",0.436430603333333,154514.407168962,-446220.646613615,154556.534445793,-446222.588874713,0.437102749493828,0.43723578147008,0.206217718648459,0.434880051797448,0.213201903702346,0.209140389133534,15.3434357841629,0.43707930139862,0.803400618858447,1
"06037234800",0.51903072,155041.615360133,-446811.114772152,155026.711048532,-446816.339389854,0.520704772031362,0.520484589099827,0.410289179427997,0.516987270252883,0.403010647041786,0.209140389133534,15.7931160697658,0.520762502144535,0.388146145813515,0
"06037235100",0.56801633,152795.835419448,-446470.826667294,152835.765112383,-446475.435526137,0.569152491771,0.569365394491595,0.337188244618292,0.574434759165972,0.339599635042029,2.31043409786931,73.8522051203956,0.569152508358186,0.352029123532042,0
"06037234600",0.434532296666667,154508.381820062,-445668.334358605,154608.637154014,-445650.891229407,0.435242963364872,0.435558209022498,0.266454087435326,0.409670365453392,0.2546992261573,4.93688584389224,16.5189004960227,0.536317656970694,0.360915169817091,0
"06037234000",0.63002523,155036.759311472,-443454.104454662,155100.973795129,-443469.425526876,0.631228189649159,0.630867933381326,0.391824741449855,0.631177238726985,0.409066285255027,0.501268573758145,8.94054068616879,0.639932663265369,0.0157339712725166,0
"06037235202",0.495856146666667,154292.359551298,-447793.857269414,154273.673849311,-447698.269917482,0.497137351128674,0.496776018495781,0.449307777229143,0.483382093333277,0.389086985070346,0.376812947755687,51.9442316347575,0.496754172154751,0.368007093043857,0
"06037235201",0.489547916666667,155051.999097916,-447618.139532799,155049.376580457,-447564.319879514,0.490468554805588,0.490199340579421,0.240169704630362,0.501592088766317,0.273638670232653,0.173350450953958,2.27777825393288,0.489685935097907,0.0105100831299125,0
"06037703100",0.296823603333333,151994.39627978,-445617.582157998,152128.815920503,-445732.478355091,0.298194344042864,0.298663364855068,0.268562458525481,0.401091751040582,0.375206154931915,53.3434483684016,276.899222366386,0.298194312420816,0.78993905392752,1
"06037700600",0.366728113333333,147563.196230144,-434917.210450883,147642.249303738,-435126.660881714,0.308775358472198,0.30819954293659,0.0190738785151517,0.348591695275653,0.139097692046429,19.0182251493557,148.282827666584,0.308775342479198,0.48247859178431,1
"06037703200",0.372228826666667,153338.229937062,-444981.028707777,153385.30864284,-444994.786458463,0.373003550606462,0.373134246670045,0.141767971559492,0.363826109393276,0.113906076366089,7.7439383022656,48.1590883439824,0.371916059972697,0.689738111928883,1
"06037701502",0.39828124,139705.595665561,-442230.732304137,139683.821206765,-442260.108873925,0.398871816357032,0.398790984118434,0.28668097098457,0.389382506527736,0.281067413639632,6.55697227786156,50.3217194768779,0.398871804528932,0.731210123187913,1
"06037620002",0.20617962,147574.380295048,-453795.310071606,147448.529444683,-453684.971846415,0.206922009198978,0.20651883466021,0.145572753002094,0.175378758375962,0.0688186987014346,27.3664476074246,77.7255912236346,0.206971577913069,1,1
"06037533701",0.270711193333333,167962.854101262,-445794.37012428,167986.286376503,-445776.173822698,0.27109078146331,0.270772690532668,0.202189031444064,0.263800760173788,0.188860887682352,5.61144879991468,18.5057504340542,0.271090789831181,0.972242956325419,1
"06037191000",0.344919336666667,154843.658182135,-433597.816533426,154999.10451022,-433618.389643705,0.345443679735425,0.345201329134278,0.151798225681296,0.312251133006994,0.0555153366296189,5.01751426902639,19.6392487488348,0.26321236749296,0.90288204190386,1
"06037533107",0.45991978,164814.700503659,-447438.187259477,164693.044096484,-447389.656398418,0.460911262039705,0.461034310614979,0.311281443128983,0.469644295509494,0.275005910964723,5.43029144242244,45.0659503168022,0.47666815256614,0.937406105904596,1
"06037534302",0.242196093333333,168625.64800418,-449052.258080699,168609.779707235,-449011.400082924,0.242181890423302,0.242162849288594,0.033931222027387,0.244359700330915,0.0464215633442671,11.9388382832543,35.4981901314468,0.24218187105233,0.98478449375096,1
"06037532500",0.775518576666667,164332.827850191,-445736.042547356,164492.127001159,-445875.221523491,0.842257386349284,0.842446159977235,0.733698255857264,0.818866088869275,0.626309585921204,0,7.30592528379631,0.84225737736006,0.0168944828797011,0
"06037534404",0.475617,167220.285669451,-448315.817131324,167235.325367157,-448342.04992998,0.476813469153444,0.476725997042048,0.161187663185101,0.479689186125861,0.162177405932194,5.39246053990164,34.1099098533012,0.476813467953727,0.918304036890055,1
"06037481201",0.810550836666667,177970.514861721,-433528.575397407,178003.09987253,-433549.280690341,0.812384288358628,0.812636773418686,0.779907754824409,0.81368168345219,0.765444729280244,0,20.3023424391799,0.822894845268126,0.105433268650058,0
"06037533401",0.423210226666667,166888.419631352,-445280.528933536,166890.413909843,-445294.891986505,0.424238501327586,0.423454962666037,0.343934895994286,0.422386903059059,0.341307552187999,0.57453533859321,6.45538347839043,0.424238498124585,0.953354773162103,1
"06037123206",0.844013466666667,149761.934501559,-423394.650170062,149734.194551884,-423580.459372867,0.845565073162609,0.846950243066829,0.310477494664439,0.744261795530427,0.213112020535034,6.48207572542831,6.48207572542831,0.844158536691587,0.0979406909607297,0
"06037534201",0.29755116,169397.24521019,-449185.364073031,169354.689850878,-449200.382781746,0.298801206905808,0.298532371287114,0.143069717770433,0.278849369184025,0.117979771289498,9.58594284905007,91.6021015152208,0.298801201329325,0.836354004707466,1
"06037534900",0.536634836666667,162944.023567431,-447894.097373392,162924.450071182,-447914.406206673,0.53786630299652,0.537673228528672,0.250867819409734,0.541827149228856,0.238522459420051,24.3409726851895,35.2120226073236,0.537621430829285,0.536702336953002,0
"06037430801",0.205487333333333,182034.977598151,-428970.893356273,182024.063991005,-429207.411461437,0.206178666565223,0.205857008206479,0.0672235818554874,0.233467279046488,0.195729661597657,53.6876585099452,216.518559691477,0.206178665273462,0.949957694123793,1
"06037430724",0.39992617,179006.312990029,-430241.292378712,178911.396065453,-430251.348329258,0.401056726631639,0.400480087498305,0.115236771858741,0.394554379068357,0.0879536085375887,1.25591592574213,55.4151855125981,0.401056760888448,0.918798573111674,1
"06037403304",0.247643823333333,198254.710330822,-445224.850738961,198284.950100108,-445084.593421245,0.247648403700497,0.247820562336315,0.142266655622205,0.274144340718108,0.0961201912559793,14.5645413955624,14.5645413955624,0.261500100031115,0.198937260394188,0
"06037403321",0.53090539,204467.094019122,-441854.813303297,203660.274403151,-441563.305197309,0.245683153356916,0.246195066757766,0,0.504766253287359,0.407959692089052,87.2804585916562,127.806944043705,0.289358356734796,0.161222150839255,0
"06037403318",0.351576126666667,206358.636535296,-440344.92136899,206049.553880203,-440192.451242655,0.353004424906555,0.352983481742153,0.284717889461156,0.208640393023305,0.153633606860185,13.0022870775357,46.8928640752853,0.35300442715345,0.881866714771279,1
"06037403317",0.5262856,204612.111378002,-439459.208386694,204778.277003824,-439669.387111956,0.527153311358467,0.527504694943726,0.197449951655752,0.459694923309492,0.0467556760830735,21.4890743870332,69.1432653068072,0.527153309206625,0.380827967307485,1
"06037403320",0.368290193333333,203552.878775306,-443224.243821309,203610.442248709,-443369.461643253,0.368544439886828,0.368513727493618,0.338530835301219,0.321385211646116,0.247336902137494,22.0551841667455,164.406080926301,0.357725877559004,0.671366436531404,1
"06037195500",0.28167139,160134.73987745,-434919.310600342,160100.564577346,-434949.460155076,0.282549281035044,0.282897304719084,0.261562319198591,0.30411084526021,0.28073830956159,27.1226788946587,151.946100814941,0.273763617761822,0.610328300562072,0
"06037195720",0.39099194,160278.946364849,-436515.486696086,160288.185193804,-436444.637945626,0.391443910782414,0.39163308283893,0.103372084405458,0.41369788541954,0.0987802485259886,28.5697872782361,96.6379064612924,0.391443915982638,0.999999999999978,1
"06037195710",0.468991583333333,159793.370072661,-436417.222155221,159743.220045445,-436407.007433377,0.46997437779474,0.470151105447187,0.378298261722489,0.472096137646308,0.375611414023606,16.2923011860286,39.1558240933043,0.469974373841402,0.676911113475666,0
"06037197410",0.397292113333333,161434.13604397,-434368.413622631,161392.475626318,-434525.4045314,0.398478617625621,0.398425552884322,0.187620918611073,0.449566618223215,0.287598858726427,42.9152720208925,473.620052088034,0.396048821773683,0.278445527544954,0
"06037195802",0.55169486,158953.77963107,-436329.648714795,159074.104286712,-436379.700559222,0.552955296279958,0.553636880125837,0.494568665288254,0.541709598618593,0.501329653388764,0.0270768861691281,35.8247608380633,0.55295530039933,0.122631773020597,0
"06037197300",0.312182373333333,161309.863368748,-435678.35107909,161261.304779989,-435765.933704406,0.361020450301736,0.361367175098746,0.0499231837047667,0.329471799174199,0.0557430817719502,143.309958597524,399.037668617965,0.361017543990829,0.838229187127776,1
"06037197200",0.24982066,162907.678115612,-434620.76269198,162959.542654138,-434649.909133209,0.250626964670274,0.250989345013334,0.186814573502264,0.249963370926719,0.188579164240532,146.562973360678,527.255611087628,0.250626972521719,0.543905045944631,1
"06037542502",0.270189053333333,164092.070802331,-456553.49847275,164032.324259417,-456559.288142663,0.27085942052009,0.27133407876005,0.0813659429769711,0.262151041396023,0.0896861428199377,9.29413811645373,19.3139933152849,0.270859425253375,0.270488803543144,0
"06037543703",0.729169676666667,160222.80442296,-466494.953513796,160415.938897796,-466458.526917739,0.731288055294845,0.731092073133794,0.612267169303829,0.80117940301937,0.599464218714809,0,34.9725678189272,0.731046312130795,0.00163284974879065,0
"06037571000",0.304948453333333,175727.214509462,-462283.156408505,175693.296408799,-462344.919621681,0.305271511776896,0.304949597040428,0.28571670497971,0.342527784476275,0.328032977387072,70.8588985086394,211.871147802609,0.305271497553401,0.558624745396024,0
"06037570204",0.574719696666667,170658.990899527,-458746.170611751,170590.499496591,-458722.509271198,0.575725322144443,0.576101499506723,0.0611119605637285,0.596893307713192,0.0657197189501705,7.46515593541172,11.4347438445885,0.575725326616241,0.98098446919568,1
"06037570303",0.21262325,167325.935492703,-460106.01701894,167431.243149714,-460147.770126939,0.213547288270447,0.213700166095007,0.017150558435637,0.261941193524078,0.0851436758935479,30.5917713221184,77.7723296576829,0.215854239165739,0.893879261528047,1
"06037555104",0.45113978,179027.708937139,-462598.178226856,178997.107196486,-462598.722010097,0.451885951337068,0.452646643817362,0.239998356304391,0.457778544503184,0.258976330834452,20.4029545186955,92.3926816359495,0.451885954404397,0.154456932826087,0
"06037570502",0.82704796,169633.063248904,-459227.276398308,169344.421389309,-459127.35590171,0.828768335256326,0.828033685023805,0.735651599103764,0.870534663303237,0.705232976757024,0,28.8690673132986,0.828768352154592,0.0414361828756059,0
"06037570402",0.338032103333333,166694.273580016,-459150.581165675,166551.987602459,-459066.899568263,0.338150467658225,0.338203969776431,0.19794279340384,0.426039197962598,0.27123782024706,32.2917366855536,69.0961195572315,0.341109992872288,0.628167775760124,1
"06037570501",0.518355983333333,168441.212341486,-459114.451855929,168513.59548998,-459206.916857737,0.520140361248906,0.520180613099899,0.144403976988886,0.572990662285073,0.187888919058977,26.1481250625381,57.4146052830806,0.522605282983765,0.800387724261586,1
"06037570603",0.329407193333333,170069.647550306,-460360.14156166,170142.196890853,-460317.463204835,0.329681736903741,0.330029826488207,0.241379607576204,0.335987702718057,0.224696246248297,10.2655548760827,24.9677358722835,0.329681757287297,0.647405101030885,1
"06037570301",0.22031589,167567.736991772,-459088.194636233,167595.955393777,-459190.442937833,0.22112511741549,0.220681733452289,0.0997901323589809,0.243056569338204,0.137295754426715,51.6762356033964,70.142157148526,0.223554290891327,0.863337409192988,1
"06037570602",0.391738803333333,169089.636219224,-460492.048155476,169078.095135011,-460465.044861637,0.391964830027726,0.392480943099588,0.307113858066227,0.409362266582267,0.324053947677567,3.08746865088479,25.6300821010173,0.391964841126388,0.593410252690819,1
"06037570304",0.22787239,167219.57658939,-460541.38427972,167292.090333686,-460549.310202964,0.228261383718529,0.228447022857791,0.128535174795083,0.225741876491728,0.159651586899449,16.6934229134281,85.9350025522606,0.228261390515887,0.983288486454205,1
"06037504102",0.74028893,180923.750680887,-455343.282562407,180869.047528927,-455151.796720908,0.604210030619391,0.604143554326884,0.309150481780119,0.562172008469924,0.348750341435852,3.63396864928429,20.541680293935,0.603844520002193,0.10123364926928,0
"06037480002",1.17762612,176533.510725016,-431032.175606915,176512.804047631,-431048.416787956,1.1804199294889,1.18067484405671,1.11585711484117,1.17896041385876,1.13219099298643,0,0,1.18041995812183,0,0
"06037620102",0.237488263333333,146287.64705991,-453798.304151001,146240.178447338,-453808.819437728,0.238351367467674,0.238483054113306,0.232865573568829,0.224319465811485,0.21362557186334,26.6150640620594,128.181950140399,0.237455892813373,0.999079059699311,1
"06037293301",0.63570505,157065.5675573,-465707.277833436,157091.639670058,-465706.513740228,0.637190492215895,0.63756058509085,0.458412940327677,0.64548521671695,0.47461692530965,2.25377781251074,35.3212151115253,0.628101148001911,0.12997794558798,0
"06037300100",0.45526592,162605.04624542,-417800.870522004,162416.195087872,-418182.588926636,0.456293497662362,0.457260104146456,0.150925184710484,0.391816165905067,0.0939327416458998,7.65886733013246,355.657571787491,0.456292640871359,0.245562917239844,1
"06037300501",0.675654593333333,162110.458247312,-420179.540217526,162002.97740493,-420185.931553524,0.677071771417913,0.676550790913129,0.528857466632572,0.66481595744975,0.593825523418266,0,68.8186644038902,0.67504466781772,0.191647966443626,0
"06037101400",0.307179493333333,157102.330872173,-417812.209708781,157519.433195504,-417498.296005416,0.307789263991191,0.307733846712148,0.00201926288283805,0.370430713635584,0.319323036972415,9.3163098605706,451.000860046382,0.504509093863215,0.492429043820595,0
"06037910210",0.634547783333333,165461.90892254,-376091.843406054,165454.013990124,-376141.773965938,0.635631578772162,0.635783673011555,0.016692544082926,0.6149971900937,0,3.50280843786685,20.5522640742708,0.283603994328152,0.484401894664878,1
"06037480303",0.470762293333333,171828.196199896,-433925.391050199,171806.333630745,-433875.69461437,0.472116933651884,0.47158969916298,0.234953390783298,0.452949098559808,0.202633814378204,10.1895741143839,26.377487673213,0.472116963942054,0.553687183014922,1
"06037463602",0.416970003333333,170974.270965235,-428876.192770299,171080.894872035,-428894.144028474,0.418037117197266,0.417907154175156,0.176882110445417,0.428033917121089,0.242972508888529,9.23352596063842,32.5200581598949,0.418037105824697,0.827982282262863,1
"06037463601",0.46741801,171808.92059826,-428852.658572562,171758.726975394,-428921.019752314,0.467744047051973,0.467268407173072,0.145407783518847,0.473043356107624,0.12468241141495,2.80134420089972,46.8194293871391,0.467744032091037,0.719862193340918,1
"06037462302",0.61581497,172715.785220324,-427927.710263218,172757.01048833,-427949.520147922,0.616995870504886,0.617591099724841,0.451744058997709,0.609854888637179,0.435278378131064,1.93661720140815,26.8582281057355,0.616995848294014,0.277244793103755,0
"06037462301",0.568026816666667,172686.209447072,-427270.849126276,172703.793778709,-427268.042174337,0.569407494299435,0.569051254554479,0.411845691016888,0.568570974078029,0.400868927988836,4.92203689737884,23.8039329670885,0.569407475920146,0.517735208388756,0
"06037462202",0.575368343333333,171783.862649367,-427957.609570438,171774.898282309,-427908.734879253,0.576974608579354,0.577235512221122,0.455283868668047,0.564509726781707,0.42799772486827,0.639152813525748,31.6265383000937,0.576974601648714,0.207582119745832,0
"06037462201",0.434873433333333,171767.20783615,-427296.880218552,171692.510382184,-427296.954804005,0.436379595511116,0.436116202716079,0.268932622960347,0.399480345407717,0.22305679205635,11.6670983439264,30.9952459184588,0.436379583672615,0.643436604639899,1
"06037462002",0.310232386666667,170698.722285971,-426380.675213689,170729.97807237,-426417.899800378,0.311456329544623,0.311468440839776,0.138324692308243,0.329568486458905,0.157194292683732,16.6668593082166,47.4756922280405,0.311456331002051,1,1
"06037462001",0.383969296666667,171116.236967149,-426370.455713738,171119.787203415,-426424.146088852,0.384697180114269,0.384908276730199,0.296324546227875,0.364141864196851,0.266647698799989,12.4180338926788,39.1068022932324,0.384697164869363,1,1
"06037461902",0.269955296666667,170752.250501184,-427998.402528178,170836.475578269,-427969.736099912,0.270469827246052,0.270909076267098,0,0.267205166814119,0.00336805444592299,13.7150880214367,73.2278664643266,0.270469828397169,0.983391427258737,1
"06037461901",0.38331993,170669.725219706,-427371.39013906,170867.590298027,-427311.012686841,0.383697016168553,0.383678943357753,0.275759707651516,0.314565792514317,0.151853889646678,16.0418576034263,114.283870729837,0.38369701687558,1,1
"06037461502",0.543520193333333,170871.968790945,-425060.260933428,170839.160115893,-425078.650476999,0.544676347535428,0.545150853795158,0.363630785885168,0.542999188275485,0.344289095379426,4.39394994251115,81.3339709807116,0.544676339781249,0.348740515526106,0
"06037186201",0.763491303333333,164287.042808727,-431165.546011101,164168.652865716,-431043.79201629,0.674231940701206,0.673643686631502,0.643687098275677,0.72765825407284,0.704715938548039,0,42.6139085734108,0.675642053085435,0.0139758087983588,0
"06037183702",0.117610126666667,167517.969435921,-432862.441678342,167547.767286702,-432915.219987327,0.128204304014346,0.128114252822902,0.0467887365909366,0.151827562533226,0.075809532525144,74.814256551232,326.223209357485,0.099822108254861,0.999999999999985,1
"06037183701",0.14847425,167172.255915073,-432443.739299451,167119.158069983,-432515.769830396,0.148474684065074,0.148592100156922,0.0944708956971547,0.167195867453975,0.113471341839727,74.9244628694997,271.751413225784,0.148416633337444,1,1
"06037183402",0.667748446666667,164505.344122663,-430674.016242193,164520.948026471,-430659.361575152,0.668640430010758,0.668881337638411,0.564151204012091,0.664773295964823,0.550953450821502,0,12.6465820541171,0.670099742768195,0.0371719445898198,0
"06037183401",0.40292813,165175.235036417,-431110.420670768,165150.850206493,-431108.291337213,0.403218999651807,0.403405185531282,0.105062133380257,0.411891728166882,0.120162123492372,0.293580929195766,37.8694336220517,0.421243496699083,0.918926913611343,1
"06037183222",0.669380886666667,166258.303570499,-430255.117446369,166263.925114945,-430204.306839568,0.671037686110844,0.670573590904855,0.567679676128422,0.672084537680135,0.567249568427865,0,23.459523032762,0.671041308153952,0.153600727936996,0
"06037183221",0.689036376666667,166854.137671417,-430660.366888775,166887.559894223,-430698.615402523,0.690415020329595,0.690909111460194,0.635844100586514,0.684492658740356,0.605288608543036,0,20.3137447402875,0.701767714751886,0.0440511532598992,0
"06037143603",0.23642145,150119.388150785,-428849.07183825,149966.922455347,-428829.044977482,0.282916163371271,0.282803574042584,0.247252698567157,0.32382582458001,0.258493258137598,23.679006867877,31.5238894455702,0.284501705146772,0.630129748990343,0
"06037701701",0.15126528,141074.949323742,-441445.167632746,141240.599450125,-441276.606936308,0.151727438663203,0.151685106565821,0.0452616969502186,0.297834125276115,0.191216229088672,6.13417134635477,43.1651781581987,0.151727434630296,0.890201195309865,1
"06037701100",0.576271923333333,142440.375404027,-438618.870996281,142271.616340872,-438773.134143921,0.577753103692188,0.577143601657266,0.540352781693414,0.571666440803434,0.549436461208535,0,45.6274496557937,0.57775835318328,0.199764532453262,0
"06037701302",0.419061276666667,138723.028557476,-442026.912532092,138713.86592711,-442055.426594197,0.420044153062304,0.420033546000887,0.294632296754142,0.407641170641672,0.280251019875186,5.09481941606123,123.532742417079,0.420044166636233,0.644898739707647,1
"06037701601",0.47637332,140386.813402189,-440678.252077606,140320.599709686,-440790.725296326,0.477004143632659,0.47790051162107,0.184260909688116,0.424138096043637,0.115742360284796,4.18299981286574,7.44353984792002,0.477004150926392,0.606291383488852,1
"06037701801",0.14772605,141686.205785708,-441975.473120546,141634.433304355,-442151.44464636,0.147962622504978,0.148186010476676,0,0.163205973310405,0.0513890862651868,17.4560382034604,74.1423225335352,0.269559532172446,0.872217230655264,1
"06037701602",0.234121243333333,140778.416737704,-441150.892943942,140854.871403645,-441078.690508405,0.234515868644035,0.234696669054207,0.175963555410276,0.27111491120044,0.2229047602046,7.2236646205513,20.9126080009623,0.234515889864866,0.784368582600145,1
"06037701501",0.565042273333333,139407.367635729,-441933.547661616,139355.397311341,-441983.6668107,0.565940391974161,0.566113112657886,0.464334807771594,0.551675799498983,0.419503876199931,2.21179066721766,24.3633986630338,0.565940395823672,0.558076904278876,1
"06037701702",0.211931266666667,140002.077096069,-442522.825682849,139980.713244816,-442544.697170052,0.211937157217066,0.212006146092502,0.0491151649108441,0.207528281770054,0.0340767302608249,15.6637980780303,68.5076184904311,0.211937174164868,0.99999999999998,1
"06037482001",0.16867328,169878.968220517,-438382.056316231,170368.034155933,-438078.093601016,0.127425651212915,0.127433467979394,0.0625364134607984,0.270004116092581,0.0293168370178298,54.1951029331795,58.9397014197781,0.127425657582956,0.381299504052889,1
"06037482002",0.43184136,170957.067142933,-439081.355942988,170951.591910178,-439278.952230288,0.43307150325399,0.433465997557939,0.171728156167705,0.45514764137681,0.117190298059177,5.10909077587551,54.8435975124766,0.433071495890524,0.588926860214576,1
"06037482101",0.380440763333333,172122.547865361,-437958.033464747,172186.849331496,-437909.352959207,0.381099791875167,0.38089136505069,0.291171880481759,0.399001889731506,0.335674440191154,9.01610525775431,34.2921243055927,0.381099767480493,0.656208279664582,1
"06037482201",0.414994303333333,173358.748867202,-437905.264420433,173388.266939058,-437931.231011833,0.416130257730229,0.416214741935038,0.207208271924039,0.419485111063452,0.224973384970387,10.9093077027771,35.9458408075858,0.416130258098743,1,1
"06037482202",0.438689173333333,174241.843300103,-437893.005348953,174255.661326219,-437950.060375892,0.439623217973752,0.440635039616128,0.333504758599774,0.428632593378328,0.299555542643788,19.3691011008392,35.9580299108303,0.439623234435274,0.74705817133981,1
"06037482102",0.439624043333333,172373.066877403,-438851.044296316,172378.836007996,-438834.118868882,0.440592799027641,0.44086854192348,0.364719849658945,0.437583949282978,0.360013983598748,2.45219603493534,43.5723641597824,0.399309674927108,0.624602524222302,0
"06037433802",0.225399273333333,179220.295740596,-440751.65973774,180709.873759966,-439806.638134742,0.225607391519052,0.225840564183267,0,0.239226044592982,0.117794820995291,460.347780684519,1485.5946411816,0.225607398455897,0.399200836545527,1
"06037433902",0.67380946,182152.712119081,-438439.87693096,182173.574615032,-438379.074868542,0.67479593213635,0.675417217639075,0.303025496239771,0.679132211739696,0.266985789457563,9.77436617920945,40.0448387840576,0.674795963954498,0.646998202925041,1
"06037128910",0.36852883,142135.58380344,-427080.829189833,142181.785202448,-426996.997892051,0.369313443340417,0.368664313913545,0.0884660698925782,0.389756755591627,0.147931095333048,3.4276723366059,96.9641763202735,0.369313438596161,0.60418415615049,0
"06037500500",0.18274482,176959.546829535,-442675.861644522,176968.082074097,-442686.317405895,0.18342663681421,0.183583088346631,0.100879832846596,0.186224909170413,0.0934013345711022,110.980689094806,347.571786139382,0.183584989321218,0.959035193518074,1
"06037500402",0.2488215,177693.827575458,-443964.54574246,177552.577436556,-443946.927570673,0.249171252184985,0.249227844409287,0.199729688897878,0.27901073167279,0.178129806103,18.3554360253822,48.618104492406,0.249138958257596,0.823939090343143,1
"06037128702",0.730232493333333,143831.412954698,-427211.492930412,143738.613076565,-427125.983921999,0.732163745799229,0.732328933890952,0.00999075276067007,0.726929819721536,0,62.7260426259321,65.548551618342,0.732163748572076,0.363581460249176,1
"06037500600",0.38793622,176582.381593043,-443499.711197014,176506.190297246,-443526.851144605,0.389278317363723,0.389599747863716,0.240150189651792,0.393149930763358,0.216099744106922,15.1631036489397,118.247035330296,0.405182273021403,0.621680809479344,1
"06037541606",0.41442491,164802.806810887,-455735.627213851,164820.206541848,-455683.92735695,0.415458616553279,0.41594417570303,0.117805901854246,0.425172975082196,0.151587608561275,3.72799964858757,17.3246539348957,0.415458631541998,0.99967449867935,1
"06037128302",0.457945716666667,141885.553030565,-424618.358056208,142105.774973313,-424489.252479331,0.459253969832999,0.458828793946247,0.102594235019399,0.617556129841964,0.260276605125757,6.06522607622832,170.021553666025,0.459254584925098,0.757852417091096,1
"06037602106",0.38236577,151825.895511704,-453680.168463785,151799.245369788,-453670.726569341,0.38342017407598,0.384032178436694,0.129790306967956,0.376672726611226,0.11476736430609,5.39420305225971,21.5782543322194,0.38342014530481,0.680302908157587,1
"06037602002",0.323896523333333,153470.621721693,-452893.628891658,153462.379699546,-452880.346658341,0.32493936293523,0.325637809735573,0.0219269532475351,0.320421772786164,0.0225292170517477,0.477744216680938,16.7382884609776,0.324939351491069,0.915157421693002,1
"06037128303",0.8483629,142638.565339475,-424693.556578092,142577.265247875,-424663.544478075,0.814102625346898,0.813643320081083,0.541481221922342,0.792448330901365,0.505263849887061,0,9.96579342702259,0.639757095433051,0.242234498898205,0
"06037603001",0.588466466666667,157636.890802435,-455714.348021577,157650.37289956,-455745.993451947,0.58946831545578,0.590215038094126,0.387125748690244,0.57550827576337,0.366767125841627,8.83753161805198,13.019953900946,0.337515305276897,0.53780117038317,0
"06037602404",0.481340276666667,152780.119098986,-455259.158765486,152805.565421594,-455268.694249294,0.482328141666656,0.482191167051578,0.258290872434518,0.481652639096596,0.241900220609818,8.70548482528196,33.7390906836996,0.476356595187678,0.816764484634422,1
"06037128220",0.79509463,144186.614879785,-424615.286496791,144199.396426003,-424601.527637193,0.796581332196732,0.796453437585794,0.696754810689407,0.786664156693247,0.68513959471493,0,12.197595761553,0.732568718184694,0.00016088025748215,0
"06037602403",0.47545283,152768.82017901,-454476.371600242,152820.828516585,-454488.493630521,0.476025069565357,0.475977807377166,0.348880504404085,0.452940682745307,0.332345761224363,8.92993145990533,31.7991798815864,0.476041128465533,0.508964383302997,1
"06037600703",0.588252676666667,153731.795014769,-449452.844976827,153948.708875162,-449503.689831094,0.589429523483186,0.58865182395521,0.368884416645466,0.554398557105078,0.233198379793856,10.0469524963282,16.3987065816571,0.589429518399512,0.192615924205715,0
"06037602402",0.509056883333333,151968.802088701,-454925.222568232,151956.813676568,-454895.974973089,0.51078912773719,0.510572182641803,0.0927430106918785,0.501602328785194,0.0919523721178134,1.69400262395967,30.932274939061,0.497205217694048,0.731977768970004,1
"06037600602",0.678806993333333,154318.164573815,-451283.426401646,154437.80595302,-451179.718142308,0.680471618446907,0.681329511554152,0.57697121809862,0.723025486992588,0.672465218304771,0,16.0588812532069,0.680471592334826,0.00251271758097228,0
"06037601303",0.559246283333333,151391.605134406,-447722.633225498,151363.01306798,-447720.977251384,0.560479972840625,0.561064549796823,0.307443176625639,0.558478785446266,0.31233376618965,12.6654712302028,48.8841969840433,0.582288851314439,0.481087064699421,0
"06037236000",0.34175812,150993.320223592,-443639.719525941,150878.864741674,-442850.370259459,0.342307282153846,0.341737253306576,0.012608359542589,0.350510358800056,0.177050461513396,242.75032177691,437.444677880112,0.342295445593231,0.893780983428447,1
"06037236100",0.614564206666667,153306.821808326,-443422.325063502,153093.783552263,-443446.283619746,0.615722147444422,0.615984115726948,0.531651472525085,0.558967685704761,0.39856278191575,0,75.8192861104608,0.612499614561035,0.296146715642052,0
"06037237300",0.41248663,156065.97312556,-447185.46776359,156091.269116249,-447166.966989225,0.413316081067499,0.413929279145845,0.29530924582415,0.406251061445214,0.277449375468719,3.26521188254289,21.3768516014892,0.412308517274025,0.3423903894037,0
"06037237500",0.233079586666667,158078.223424348,-447147.622490524,158088.654592989,-447048.49927592,0.233741465726933,0.234222311329213,0.138683325417944,0.216322171339986,0.199926094447571,3.96189926599747,14.9862327350812,0.275091679523191,1,1
"06037237600",0.34953525,158579.057091213,-447114.97626819,158531.972417604,-447102.390797677,0.350949180108309,0.350862994331386,0.245395978755651,0.327977605202242,0.229116433681512,3.74720042440077,8.90272462122091,0.261265477284151,0.999999999999998,1
"06037237720",0.32561805,158385.950574519,-448141.141248419,158448.254222525,-448151.042766265,0.326863785142834,0.327224087571357,0.158304303367953,0.350890506634556,0.1927579606755,3.60293674854402,23.6516192639227,0.364125073196253,0.899406352625213,1
"06037237800",0.570660266666667,157275.537202607,-447976.182710386,157258.178793195,-447931.531283815,0.571313666219208,0.570754337774441,0.544827173025225,0.582063049331703,0.571945670961637,0,14.9081470037656,0.676321122960194,0.155682500264433,0
"06037237710",0.287704996666667,158380.923951141,-447763.497905956,158353.865906504,-447777.116975894,0.288374351681012,0.28818323800456,0.157350978246239,0.288550823043622,0.139262817366526,3.53901857460538,6.6052992937568,0.227094970946029,1,1
"06037237900",0.498284023333333,156069.414697384,-448001.270741812,156100.437665684,-448018.687773149,0.499671357372451,0.499772370317978,0.116341432618029,0.508974037153254,0.135843117522624,0.171176387409928,19.8984852676586,0.498728106164122,0.0196074497711587,0
"06037239330",0.52782762,160498.075198018,-447094.334737097,160107.596123515,-447074.84331524,0.529443393544203,0.52928837728931,0.289612943258718,0.467124230961762,0.267643928841561,0.28698765966477,13.7730506135183,0.491683616789418,0.469026585805833,1
"06037239310",0.513640416666667,159185.421150838,-447102.475573554,159194.478215941,-447097.475962726,0.514789434257429,0.51497406042487,0.470407309961808,0.515968928882736,0.473350141857958,0.932778907282361,11.6014619815255,0.474296576270308,0.398692078619376,0
"06037239320",0.453744753333333,159699.574140642,-447088.644811779,159699.300000226,-447071.868278301,0.45483871896275,0.455361062602255,0.399374396063195,0.452247245847151,0.389001221338541,0.404643002314153,13.1605593774871,0.45839386687795,0.364939197393302,0
"06037238310",0.38728372,158395.095422962,-448501.022288062,158345.856107776,-448515.323668054,0.388403231568846,0.388883102916413,0.278290590828166,0.374698297128376,0.246617905163944,0.359265157794171,24.3557335962199,0.517622240942406,0.258062996918065,1
"06037238100",0.456220403333333,156083.167828187,-448811.201497678,156154.815416001,-448792.939195902,0.457505234184054,0.457660234690555,0.261490288872013,0.478327161035066,0.276607952100483,8.57595660997502,10.234500007172,0.457146944074601,0.528824358608431,1
"06037534002",0.292729536666667,171898.755321049,-448084.930814007,171971.01087366,-447930.08928528,0.293344709262064,0.293022996144139,0.205028128413565,0.271162453109608,0.239944423782678,18.8597721156328,115.728123757289,0.293344691885018,0.977354617389705,1
"06037533203",0.16490339,165573.669793228,-447455.546749574,165415.93243244,-447438.050906576,0.164612912506485,0.164515707184324,0.0212393207359431,0.245130087117769,0.0874607622847474,35.2486619476877,46.0809701281922,0.241509822606489,1,1
"06037534301",0.457913753333333,167727.368511417,-449002.169434517,167662.464056834,-448847.529973664,0.45891678867445,0.458390373119775,0.273596265525978,0.44501442029358,0.248732834471183,7.01771102044187,65.5453964624637,0.458916769287709,0.301733765438501,0
"06037532001",0.717123393333333,173329.354753433,-443784.691501051,173411.022864533,-443332.19025221,0.718609694249069,0.718735721603554,0.427544443225585,0.668806859101639,0.369568579087369,3.37822770065385,30.8925987172277,0.718609686019395,0.300750926575239,1
"06037532303",0.91768162,171281.56404749,-444312.869469163,170722.679052667,-444125.461599472,0.920285171160867,0.920711684395184,0.495408846291455,0.758995593957587,0.143994347664793,0.0321751665564492,15.5654941490658,0.903779825688106,0.12733144900099,0
"06037534403",0.388117793333333,166615.629568776,-448110.682640694,166600.178391901,-448075.584601681,0.389249184823194,0.388897033781901,0.248030902279593,0.386311649179666,0.271308718415225,8.58968938223973,54.4956005497334,0.41714597161999,1,1
"06037534700",0.498430116666667,164984.303974059,-448129.967888251,164982.595674147,-448129.049403513,0.499388757765036,0.498572414435738,0.453432010962544,0.499635169996284,0.452499860960299,1.22911670324504,44.5109914083849,0.596495210051239,0.0727629595970787,0
"06037430701",0.26020255,178983.859594259,-428684.947960395,178912.8396148,-428969.600397297,0.260843738547691,0.26067331930862,0.0398804291935581,0.184764440677834,0.0206723340325934,99.6662196457031,131.395747898309,0.260843791145743,0.941177914275494,1
"06037431700",0.44174637,180585.069225636,-430846.375791416,180534.372682351,-430828.271799308,0.443128862195207,0.443862468325247,0.325389470497562,0.428307375074671,0.303138941174225,4.99250444528998,129.551629160127,0.443128860929772,0.551519029623602,0
"06037430802",0.323651726666667,182591.597511913,-430273.255033771,182623.863521462,-430254.815165975,0.324395748220896,0.32423957155817,0.159275310078499,0.33787847234922,0.157563817833632,8.36273906496394,86.6927325711675,0.324395763787495,0.597324681466045,1
"06037431400",0.381197413333333,183585.971938507,-431901.084360015,183470.781301899,-431797.975629728,0.382145628723361,0.382211300544542,0.278812409266262,0.375869015944051,0.281572068822699,27.7435011686969,165.019213613417,0.351246996645673,0.930420276293739,1
"06037431800",0.7131115,178840.783794303,-431070.139703445,178865.460649127,-431036.446447155,0.714486115743076,0.714535363133182,0.59016042675056,0.695380044816399,0.569654512137235,0,10.2295464189632,0.714486105493409,0.121558263332838,0
"06037430400",0.305354466666667,181991.160073908,-426244.677352638,181982.133376071,-426746.322254707,0.305512949900006,0.305390004195928,0.2133937037263,0.242879618473695,0.179925893806559,64.7195756401266,419.36287447568,0.305513542098983,0.440602896084732,0
"06037430600",0.403980353333333,180074.038680991,-427170.579637516,180263.983332538,-427117.044358789,0.447415322901289,0.447821413447127,0.285149810721363,0.480089471545039,0.387898021097394,2.84870652684157,124.767647471887,0.447415343140727,0.46862268008861,0
"06037401602",0.139365266666667,206276.229843536,-431965.797281556,206326.603371998,-432034.463327184,0.139580126486364,0.139873786869944,0,0.137453112622544,0,39.7059990877708,48.6274806443102,0.139580132002579,0.973245004438928,1
"06037400204",0.266150783333333,206730.873800565,-429077.291763341,206264.896607285,-429094.610653098,0.267166904499764,0.266732219753881,0.0204855312828616,0.239085901384163,0,131.642444047368,273.14340936123,0.26716690308048,0.473941751924608,0
"06037404000",0.37126795,195021.068640952,-431338.980087331,195053.17746986,-431464.730881279,0.372081251815065,0.372798105344853,0.00714452929091465,0.421689936568992,0.0174124935726728,22.3829633883924,46.4133424709944,0.372081257408791,0.768283567764646,1
"06037401601",0.45214995,206241.768840756,-430734.964184551,206275.796275229,-430784.512043369,0.453295727138594,0.454064751579385,0.321057476085043,0.445547694132566,0.357048166811826,10.6162593478188,112.82968860208,0.362950747820662,0.414364473191355,1
"06037401701",0.34696116,208142.69932079,-431002.23246499,208134.641299848,-431186.772765908,0.347297869961152,0.346994743071968,0.234006690039152,0.415074059493405,0.31381000111761,9.52281615138358,16.6811293840025,0.347539958281489,0.330406642376556,1
"06037542402",0.33823562,165382.683157739,-457696.880056673,165574.432332183,-457503.036210157,0.338872439943455,0.338359674792015,0.0568174218156882,0.359800569361638,0.170905052570287,8.15587696550423,14.2068152198863,0.633024354143032,0.315134679361413,1
"06037543100",0.323168723333333,161539.943212854,-457876.389632671,161874.185771648,-457523.859902622,0.324514154899812,0.324457788391664,0.212465351855296,0.31010875008879,0.232558591885507,12.55669277972,39.1805642216068,0.324068763393527,0.412070741173858,1
"06037553300",0.58127936,172098.329539295,-455083.757662807,172058.459774773,-455024.167463927,0.582539034909837,0.582383613463633,0.409090352047099,0.577427719220501,0.37089625130102,7.06300900088189,30.1474951690068,0.36826056606782,0.153503900966569,0
"06037554802",0.51300194,177594.210551611,-458855.357839989,177675.864672917,-458873.812154008,0.51427726294575,0.514886542920853,0.432773729624752,0.528293370902379,0.483038874816448,1.44009343946297,33.5928375484171,0.549068965177673,0.193173923150229,0
"06037554900",0.49207987,177748.085395239,-459754.196552188,177750.089421014,-459741.431743926,0.471206894150166,0.470828967303079,0.027577491837139,0.472699405588915,0.0354639380662014,14.78958852464,38.5092348702639,0.493094463335857,0.67153119177312,1
"06037106604",0.532516746666667,140460.517616945,-411262.253064688,140919.712283062,-411450.657419495,0.533376692131867,0.533903801474258,0,0.506336873150509,0.260102269905166,7.63372107483535,7.63372107483535,0.827641718944494,0.410531737336432,1
"06037553400",0.284860436666667,171360.822739129,-454670.583195704,171323.424046311,-454663.611059755,0.285603129844755,0.285459238383887,0.0147449016204141,0.280817432620183,0.0372587391893632,8.19487861094302,37.8356697587649,0.264963642044889,0.984741201701378,1
"06037554002",0.178461766666667,172648.205953111,-456418.471371372,172679.629704916,-456397.598180895,0.295461647924706,0.295788855772142,0.119849695626575,0.313184030386728,0.140916543202208,11.8577041419229,48.9715890493587,0.295461654494635,0.0867448360893769,0
"06037570601",0.449014656666667,168343.276671713,-460418.864429502,168353.76905161,-460389.568837319,0.449849979096681,0.449989722902565,0.412176549406686,0.464390637917505,0.431460208860529,4.55447991429676,80.483354441099,0.449849970022207,0.452570123228712,0
"06037570901",0.246466916666667,175018.452137632,-460789.637872646,175030.882551817,-460798.994563304,0.246698509932326,0.246190156539527,0.00765118902059565,0.243449000289677,0.010444378359959,17.8346668268618,107.646095341234,0.246698505170247,0.892806163794172,1
"06037570800",0.54636581,172713.685827367,-460709.301299954,172880.007642357,-460565.325011264,0.547301655095734,0.547534232148271,0.186068401784718,0.512755768977115,0.100602457873192,17.4280899228589,39.3640153108733,0.547301645955662,0.63294597883302,1
"06037571200",0.41089001,172759.488082967,-462259.07656523,172763.52176692,-462214.186989999,0.411614689264259,0.41162909257503,0.0930608175678876,0.424135058146309,0.0898986865746223,11.9714495655325,136.351072693887,0.41161467154983,0.76318772230618,1
"06037571400",0.508868386666667,170334.104290479,-462839.292302345,170283.307289478,-462303.709242229,0.510277350034208,0.509395404731693,0.290054989395406,0.460079104027591,0.411373565429708,61.2220022026621,199.840805743887,0.510277367495555,0.0421143369199325,0
"06037573401",0.230133983333333,168520.826926965,-465243.893956012,168694.90876365,-464932.830807998,0.17146808028673,0.171574386776879,0.0047509218549104,0.233791474482187,0.18188680888925,51.2852539779951,84.7849076280742,0.342999918383033,0.968767317190055,1
"06037572500",0.478332093333333,164979.18746299,-464962.616345922,164975.595808183,-465024.708502315,0.478976586161727,0.478520513730583,0.19364080929889,0.487731647175039,0.181125808397374,11.8431383435086,23.8182355032852,0.478976586427958,0.584439956716027,0
"06037571502",0.205817353333333,168074.069785549,-462060.581914854,167993.858721895,-462091.384951446,0.206505111485695,0.20649386200056,0.0791644984666375,0.213380018072388,0.0749301193738768,29.4294627771332,61.3980235031662,0.239809367706902,0.988568366835771,1
"06037571600",0.225133006666667,168321.852541653,-461203.469216377,168314.680499721,-461160.356671518,0.228000938020554,0.227913080527922,0,0.238304182217367,0.0185766995017529,12.9688738759525,47.6557796019005,0.23129023937397,0.999999999999949,1
"06037208720",0.161853393333333,158666.477827975,-437764.917997163,158701.533804475,-437703.099352602,0.162438721702836,0.162314658613309,0.0841281276287026,0.17559708110388,0.111813180688554,41.4728079440475,49.5565216531509,0.162764571855653,1,1
"06037209402",0.213961696666667,159039.601397182,-438658.565742273,159072.265498363,-438680.697529025,0.214630081651625,0.214731689971702,0.110996022988171,0.215636686468133,0.0939614557737303,32.5185531689198,44.7882714922961,0.225281392580589,0.999999999999971,1
"06037297300",0.198914423333333,156454.536509677,-475843.706504483,156866.991362116,-475464.345022667,0.273659661366974,0.273552421230383,0,0.490536881760064,0.31880207607007,125.742463269292,232.670270411157,0.273659660026346,0.413383697702632,0
"06037530500",0.397726043333333,169352.382303103,-440231.669105607,169443.118340706,-440157.486567424,0.398312499698493,0.397577940092516,0.239899825866143,0.390597580929836,0.18221722080744,39.712307358604,66.8036049355888,0.398317306269071,0.620066586758112,1
"06037297120",0.2635406,158968.422130027,-474885.92147335,158970.343059969,-474870.134939016,0.263683498979009,0.264011914604965,0.0963030572074523,0.266214402403267,0.102561127583941,41.3615480956033,107.499636513163,0.224059849733926,1,1
"06037702901",0.3026959,143363.391616441,-447600.198057132,142790.669249493,-447568.146620702,0.303170808479444,0.302991885162666,0.121377406710233,0.26686153389177,0.23745512015758,56.7189481684275,550.298434126123,0.303894926921831,0.303321679435235,0
"06037701000",0.261143153333333,147159.865349252,-438067.13135767,147135.840863649,-438069.525250624,0.26196183418353,0.262144286862456,0.158087439023462,0.254496225829789,0.156826179050884,30.4904876587316,71.5376129101355,0.261961811793039,0.828473877699625,1
"06037194500",0.677449216666667,150469.759107663,-436199.947835326,150632.315644773,-436192.274999523,0.678691641981445,0.67853766627094,0.49928691887965,0.620004297023688,0.403701006625893,0.000321875493231065,43.6761261329788,0.597469453033765,0.0188024898606256,0
"06037701201",1.02320225666667,139023.522984187,-440492.391066308,139071.004238418,-440553.283778039,1.02539072659201,1.02472634260927,0.859932069640355,1.01354587546591,0.818307574308852,0,4.18299981286574,1.02536540697068,0.00290237278672613,0
"06037195300",0.613617606666667,158353.176000302,-433724.456089238,158342.941813911,-433689.638083325,0.615200139050157,0.615169060760378,0.533637185690495,0.613217328111429,0.527727274576284,0,25.3982627275716,0.655782403608548,0.211593879004973,0
"06037620101",0.22122779,146123.313781723,-452987.34030444,146133.020725352,-452929.058559944,0.221469698129229,0.221876801355655,0.197774435821922,0.218706730883094,0.200712055787478,15.9338169706863,136.544463420659,0.221469708675756,0.98122398894523,1
"06037620201",0.243701556666667,146114.049408261,-455710.223459121,146165.39156808,-455669.865871851,0.24437153633034,0.244266278986223,0.0376646477615632,0.258050848109403,0.0772072305174133,36.6492111054704,93.1845255509212,0.245177335525807,0.0518856092467583,0
"06037275603",0.46016032,147237.438804378,-446453.064851546,147099.074251072,-446402.590135611,0.461750463596217,0.462445277519365,0.392586227179448,0.404391705464119,0.311534301483384,1.67008398157731,22.1423195544363,0.528008246845065,0.000890135329150251,0
"06037275500",0.198318906666667,146486.241577504,-445797.133604363,146644.411005922,-445812.598254361,0.198630664363109,0.198512872882444,0.124194426617009,0.182667582956162,0.056924761215392,14.6353636383348,27.9535690396511,0.27832005961223,0.366769031046254,1
"06037275102",0.282673453333333,146819.597519535,-445163.560133543,146818.058477413,-445251.230715876,0.283159373401189,0.283280079726239,0.220155731300908,0.263981511552424,0.217714978690198,15.8402437572078,35.9753753755231,0.291836787339535,0.439938995136653,1
"06037274202",0.110045773333333,142347.173924486,-448134.537465108,142289.453867661,-447903.890041021,0.110385488670227,0.110568585145883,0.0116759312114895,0.0822025542204351,0.00356401814928204,77.328748331598,294.312665436161,0.0472998421185828,0.235250647268158,1
"06037273902",0.227901526666667,141875.485725011,-446769.085657658,141869.933491679,-446757.309320779,0.228794198359151,0.228881982990323,0.114912867891918,0.225133765192703,0.109467718652645,44.5733491983287,146.614382242733,0.228803548791433,0.881447373817904,1
"06037273502",0.212877136666667,141362.289304312,-446345.691039308,141384.357428288,-446349.153594717,0.213843061609535,0.213780987761443,0.2061178663453,0.225052832335628,0.218183019223181,63.9756286016031,148.305097537316,0.200845158335411,0.999671725060609,1
"06037273402",0.20623692,140712.307932478,-445811.735614215,140668.753499462,-445781.037078071,0.206354983201087,0.206389235607184,0.101770996859755,0.224687692122035,0.0916764291030561,81.673428090873,164.48842355756,0.209426337904736,1,1
"06037272202",0.669669193333333,144197.991739121,-445250.905635414,144261.1014025,-445164.258455232,0.648004985524293,0.648556445505709,0.365427510123137,0.66764581954813,0.381136740085856,3.12458918795327,5.00383815488931,0.424689450543173,0.773239984584246,1
"06037272201",0.67521802,144656.701595265,-444929.286661318,144608.529189298,-444935.211633008,0.67658678576598,0.677976468620164,0.450180185281949,0.675284078596918,0.450026028122614,2.13276206832104,8.72031095723461,0.578818600209897,0.248623013919747,0
"06037271902",0.494991766666667,144865.832342547,-443899.48786784,144932.722397107,-443923.088512572,0.496634368588292,0.496751876436789,0.447694910655576,0.528486199857542,0.457793237240184,2.05785004548361,40.7454655195898,0.609587273035535,0.22455793163816,0
"06037271901",0.582955506666667,145548.51678652,-443419.686140517,145622.058379765,-443414.422728443,0.58401697920041,0.583242524483098,0.299883501083513,0.56200481010796,0.321145571852683,19.7289207930694,37.6139191707854,0.584535855344033,0.63130662166739,1
"06037269905",0.516196586666667,147594.823778784,-442498.215502682,147517.953265871,-442468.205753083,0.517271174515551,0.516865621873776,0.474270640249717,0.528149188395299,0.494470935695595,0.416206631529291,42.2266099496516,0.514670238071679,0.309934630623904,0
"06037269904",0.475670486666667,146662.734820249,-441857.326926711,146672.135411047,-441880.117591756,0.476921238165409,0.477572513051095,0.170157799578479,0.485560788846103,0.166150551388129,2.58085667870982,36.8302717903619,0.475606598719895,1,1
"06037141304",0.514086616666667,142673.448320433,-428253.253426055,142734.494801114,-428212.278352966,0.573917639313236,0.574382944352579,0.408704677890258,0.586344846364156,0.453003160405142,6.98981265949185,153.837994208871,0.573917574976911,0.194172461639707,0
"06037141303",0.509176813333333,142424.785289768,-427818.343511722,142415.718706752,-427772.545927323,0.510425395763099,0.511141836309381,0.315372963562102,0.503737008046737,0.287434118359161,0.941633294029624,129.140600568221,0.510425355924287,0,0
"06037141202",0.31000602,143626.762653515,-428659.209059637,143533.84301598,-428581.985034259,0.310461856594314,0.311124203757707,0.262567337343729,0.358859352546686,0.305102623251213,13.9668464307434,171.944468172611,0.291404844877742,0.435126847823022,0
"06037141201",0.592887276666667,143610.472723885,-428044.692894186,143816.750725526,-428047.300373538,0.594204815297433,0.595558631419803,0.467076509833379,0.606582642500636,0.465159455047166,4.27034994326003,101.967514095197,0.594204825477478,0,0
"06037141102",0.704500513333333,144550.539715802,-428432.665812849,144505.080956039,-428382.573653687,0.733074234037666,0.732743402872531,0.69008042486509,0.731312236138531,0.695435915680368,0,52.6610112321495,0.733074263106337,0.00642366799442351,0
"06037139402",0.765176436666667,133502.967886656,-426536.847613902,133539.273232838,-426568.895172648,0.766805933471291,0.766426009399973,0.422628501574721,0.76640382032286,0.440704544701615,3.26428895256053,5.75608231244099,0.768368545608573,0.0218296631832136,0
"06037139001",0.437266493333333,137183.255504017,-425631.189881147,137196.377612617,-425710.474996163,0.437912701812609,0.437521154311897,0.340552375602253,0.4500741047132,0.35032423769868,82.0595784315395,477.83698957997,0.454515815168115,0.0564251280888079,0
"06037137104",0.79022006,130437.110312639,-425916.994436252,130836.689526259,-425857.939874232,0.797832169015463,0.797432130271509,0.609335739723043,0.946884982264267,0.605503238988777,0,22.743399427528,0.684723355436189,0.0898120079892189,0
"06037134904",1.02710607666667,130815.168048257,-423986.97111284,130660.72207837,-423856.248464572,1.02970607977579,1.0300723162918,0.592562409160823,0.973330404230357,0.467906047295736,0,5.45834410812035,1.01488873410822,0.0452197278183509,0
"06037702300",0.383094643333333,142608.404311822,-442975.717035879,142391.350005885,-442797.150989701,0.384014835768564,0.383407344917534,0.0501577049448792,0.405281430766379,0.149359757413266,18.9603927178302,106.479614213051,0.384014810813477,0.820639134712787,0
"06037139600",0.56598254,137352.579408606,-426889.499834372,137317.768511398,-426764.985640255,0.566798574168923,0.5666137152639,0.43025197817537,0.578797295642439,0.483344866417174,3.16847421225096,154.862146700306,0.484769990059325,0.21768648844878,0
"06037702201",0.434636183333333,141043.75665175,-443548.658386422,140991.185734983,-443590.834559857,0.43558861257379,0.435767117110948,0.256305462724409,0.431102992198726,0.26006770262195,26.4884472201856,130.693288225133,0.435588623611144,0.563258808813578,0
"06037702202",0.18191264,141585.800834181,-444116.802534052,141502.249859356,-444145.934573087,0.181866196539059,0.18199710909488,0.145337954868765,0.208740857821896,0.174175543600413,48.7847158417714,136.510155726955,0.181859557525911,0.961386530382604,1
"06037701802",0.166031383333333,140478.86992016,-442945.829402387,140633.151289753,-443052.438427473,0.166601562612531,0.166540217750469,0.0248983367677802,0.235369549836145,0,37.1178151654724,71.4699592663647,0.166601555383283,0.900638915639288,1
"06037224200",0.306102436666667,159114.787386786,-440216.824538695,159104.798749135,-440114.867318883,0.307434702394569,0.307110846661016,0.122503118595767,0.300352811192735,0.153522730423403,4.67724796336135,12.1311430903176,0.307426674611659,0.960212083445006,1
"06037221210",0.372519146666667,156696.684514878,-439922.299656689,156688.166588279,-439945.114151849,0.373037432452268,0.37361450773266,0.155339230631599,0.377053772435277,0.163047530581698,3.35537931383645,9.6201021079559,0.373040056184423,0.986389651530851,1
"06037530700",0.519810583333333,167640.510210588,-437991.818687096,167474.139539395,-438137.728164214,0.614150609170993,0.613675672123245,0.599114248686656,0.537119493413635,0.48769660806136,0,82.8474187745395,0.613114624032739,0.109519978975154,0
"06037482702",0.35069894,172305.94788787,-439867.470122739,172265.322100942,-439926.099848891,0.396183023400309,0.396183383460342,0.334883358851239,0.404143874248766,0.358533935768834,10.1724348746995,150.125026553833,0.380449644606922,0.716669810621318,1
"06037137501",0.518555846666667,131201.394420131,-426885.589960859,131141.779206327,-426892.01927679,0.519698202934933,0.519575699271491,0.124990778010556,0.507037392951598,0.087771596953942,20.3356417465462,97.4495327481034,0.320489119223083,0.184185413645665,0
"06037530102",0.449813293333333,174056.90911804,-442732.917780563,174154.368059693,-442745.178069711,0.450661218337467,0.451067292174041,0.266437256093205,0.436653828453819,0.265121807118815,21.4109319741112,26.033693961907,0.450661217879175,0.784449099359519,1
"06037137402",0.618442086666667,126779.505726627,-428003.24506028,126757.35399317,-427911.685786914,0.619166259394208,0.618419953550095,0.331928690215604,0.642290899620204,0.323151256996663,2.58632542968533,11.0999021694115,0.514640480839998,0.0156491000871895,0
"06037432201",0.313855103333333,176919.890692231,-434712.22887015,176966.390482142,-434793.72206566,0.314645172558847,0.31489250442151,0.0620668478289604,0.329253179500977,0.110328940494294,5.9526990534733,32.9662639129368,0.314645173090562,0.950334859690257,1
"06037481300",0.32976228,176960.573015712,-435916.638601255,176947.568038311,-435921.294473028,0.329927550367855,0.329820492708526,0.245236773974218,0.334559367412416,0.244332970067399,3.27771636624422,33.6938476416927,0.445217657523376,0.470021770526257,0
"06037404600",0.269304366666667,187840.095785189,-431712.717128035,189660.722613555,-432322.582411778,0.18845507305671,0.188070627392069,0,0.36405522920258,0.064274460480986,372.303882648616,1116.27075945696,0.54811676692116,0.237881322545986,1
"06037540300",0.451188923333333,164604.189724546,-451989.111335492,164726.029085923,-451977.473992425,0.451500799588953,0.452339801603808,0.201094949946372,0.431624347012,0.137924092318041,1.862399226637,24.0967509334463,0.451500799088968,0.265449330921288,0
"06037540203",0.328407346666667,166028.922034231,-452635.268129133,165980.933996898,-452615.407492633,0.329380261844078,0.329204522408057,0,0.318638659131868,0,37.2826286679541,51.445454319175,0.329380257342935,1,1
"06037541002",0.60453484,159692.712270219,-458470.447340041,160042.580087911,-458667.50916194,0.605326348647137,0.604238332394525,0.303701319331621,0.422811116806037,0.0809992932743541,0.687356902879772,21.471078489376,0.60556977322943,0.225561121556209,1
"06037104610",0.590901446666667,145572.173927978,-416061.268681802,145538.208467201,-416078.793724976,0.591839068938439,0.591938607277335,0.510260116161053,0.603320771407253,0.5023954190583,0,21.3558106199544,0.591839074963279,0.255850301191193,0
"06037106111",0.407911883333333,146521.700115,-409304.010718534,146493.692315224,-409346.532167576,0.409087735260994,0.409388558555172,0.335396507979871,0.389206669531966,0.304114258202195,47.6861662193833,496.999839375116,0.452520890043673,0.381328416708743,0
"06037111201",0.912372166666667,137152.753090611,-414601.001323579,137404.926203015,-414620.663704522,0.91428111105514,0.914144902948737,0.843624670868101,0.891331763980023,0.750385229916635,0,20.4386687585628,0.914261307181966,0.080836415762031,0
"06037109800",1.18602298,139819.968497867,-416901.17423201,139835.839642342,-416887.525254639,1.18883164672443,1.18965621134212,0.958512302719387,1.18934794705184,0.962628475225311,0,1.18700364019462,1.21301368617503,0,0
"06037111100",0.728639333333333,138554.292484978,-415301.49288094,138563.943063955,-415309.320259651,0.730274162682064,0.731062379218922,0.25514424116185,0.730198811929703,0.251241292986606,17.7767572891817,19.7891791608324,0.730274167157405,0.386539686910558,1
"06037600911",0.41671735,152264.045049713,-447211.08452504,152288.001422498,-447256.098486491,0.417462762781677,0.417009645160807,0.231873424383237,0.416823248238383,0.225530290046406,2.31085522356719,85.8262279982984,0.421576566983108,0.813881679725534,1
"06037601202",0.585350443333333,151883.999742689,-450499.370817339,151845.298233549,-450462.249137417,0.586764524052923,0.587806776181678,0.268395405190865,0.58317398891708,0.2533415620201,1.95627568053493,10.2618472206319,0.586764513426022,0.652687349778548,1
"06037600802",0.607668476666667,153764.335230126,-448602.474782248,154234.7425805,-448789.34291784,0.609144946892816,0.609589873804935,0.522731173480527,0.580159125769028,0.495638760414754,0,67.4897472537266,0.609144937972316,0.333154222556081,0
"06037601301",0.581918606666667,151188.767505308,-447173.238673104,151248.158409177,-447176.933779183,0.583115833104119,0.58424697223975,0.369074963124395,0.573295957858578,0.348648747316425,5.94909811875668,100.791402384004,0.600423029579129,0.250112045828961,0
"06037601001",0.344528476666667,152618.55264656,-448793.146568522,152722.793843395,-448790.09145859,0.345248087073363,0.345335954688595,0.238442059516886,0.344209307756364,0.186158671509767,7.80339886534156,65.7359214850466,0.345248067066678,0.790752254210021,1
"06037601302",0.407413626666667,151150.087536761,-448267.805417887,150933.660564635,-448030.906199322,0.408158552971144,0.408226013840708,0.136295551820889,0.492817291867393,0.327170025427155,13.8772066907009,19.183821371802,0.408158551262219,0.4340340098278,0
"06037600704",0.486168136666667,154917.321142233,-449643.76441559,154899.378323614,-449687.837485562,0.487350594887486,0.487020259079626,0.299487449753432,0.497144033505026,0.28734963259468,14.0340759192846,44.7398603988583,0.487371466688631,0.256170113578049,0
"06037600912",0.316762226666667,153254.31095422,-447378.451301876,153277.683661587,-447250.929466035,0.317342659333836,0.316927961808242,0.063899298747134,0.326201097386003,0.136866758045612,48.5496043552454,53.4725947551848,0.3173426510769,0.912442019208959,0
"06037201401",0.302915276666667,167512.702462953,-435669.530817318,167634.044670486,-435472.168734211,0.303508335023839,0.303709710668725,0.209367721938749,0.369822043378225,0.28310887708045,59.4860632133145,215.575862762668,0.308161533757454,0.775180533951478,1
"06037238320",0.332912936666667,158400.796430536,-448934.496076102,158343.761552919,-448880.230316885,0.333812386035589,0.33399280880142,0.267325752553548,0.329767956837293,0.297179770707744,17.0801414007557,24.4839432035828,0.577065151266908,0.616049557160189,1
"06037301100",0.59125993,161642.939290917,-426666.56129058,161445.444941675,-426701.206780713,0.592377409445529,0.592827734051881,0.438294633302593,0.643947144549994,0.562772069778825,1.78141923987735,39.6448400540342,0.579802499930976,0.29776507518796,0
"06037301400",0.4224741,158223.17751088,-424597.877417503,158148.381838863,-424668.985773796,0.423219680799409,0.423406856844367,0.25309256427309,0.478160678116499,0.306085156752329,40.8434279551382,411.757955609122,0.390565030096478,0.558214835314752,0
"06037301502",0.689042413333333,157748.216345967,-425621.76236706,157676.053550834,-425524.604361438,0.690565240249496,0.691368440070884,0.531846339368571,0.704696485413897,0.573819829549187,0,33.1818913981082,0.690565242241715,0.250227049379693,0
"06037301501",0.71147488,157901.58668929,-425298.945407621,157772.170010832,-425190.20685525,0.713050542446025,0.712809732543123,0.644318245129944,0.698729430801595,0.645289402720887,0,99.9315090853995,0.713050539151667,0.107046349849626,0
"06037301204",0.445080256666667,160436.75904678,-426780.386077583,160382.965476061,-426749.952298181,0.446288467797412,0.446652980534694,0.347946336118676,0.436465371799768,0.313364863424036,1.61033599033336,11.3675778034742,0.446288473133334,0.343997182834576,1
"06037301702",0.35139287,159588.013030487,-427942.774406718,159666.420738859,-427952.783348479,0.352421006316905,0.352336797955747,0.146657510416089,0.344002121267878,0.118130012467348,7.9828779303818,227.516076076689,0.364389080287139,0.765611604198903,1
"06037301701",0.360571733333333,159156.005269942,-427140.439985126,159174.193874514,-427100.382578504,0.397759188443937,0.397488716304747,0.256383455546604,0.402346700516821,0.254030218069297,18.860544086982,183.320676691219,0.420839747530056,0.854660309539121,1
"06037301602",0.373885383333333,156790.470241285,-426831.412273285,156791.815872828,-426754.089732866,0.374098088717808,0.374053269411956,0.231569522048926,0.391137586610657,0.27351664054838,99.6352574326024,569.627295505994,0.37409841520588,0.402023991868887,0
"06037301900",0.498567586666667,161663.553851385,-427490.82461087,161563.058494221,-427551.653202646,0.499246925403434,0.499185583373376,0.346891173907884,0.494451721006063,0.396372266342472,0.511060128824208,7.87659200513635,0.499246912984574,0.375962913539603,0
"06037534501",0.312405676666667,165642.839052075,-448182.481055358,165662.782347604,-448233.031779258,0.313068136989771,0.313585006388453,0.111948757726349,0.326724098231611,0.0963804609687507,28.0723763422764,50.8188220087375,0.523965475977865,0.504754073209234,0
"06037204920",0.668938853333333,166477.105138283,-442641.024092117,166479.080150725,-442402.220511503,0.670911398718163,0.67059434619406,0.474651801965034,0.597679696606563,0.39135036801386,0.351733572447604,19.4877649667619,0.684103325955179,0.112338317016698,0
"06037206050",0.427631576666667,164111.465308636,-441129.438020271,164236.193643793,-440509.472407755,0.428197004793737,0.427881478795484,0.387186162334932,0.344795243017462,0.13063925064935,6.82223958731305,36.0422268715896,0.568235997320708,0.382720900696505,1
"06037543601",0.53132917,159119.896203482,-464507.547923493,159063.460755069,-464506.261126687,0.532259299374051,0.532858465982828,0.0230324470446427,0.544183089084003,0.0325882089922895,12.3129612472472,39.4838089644559,0.532321802831465,0.869779338603536,1
"06037532900",0.482758176666667,161518.629947719,-447001.888073756,161468.822754988,-447063.946766376,0.483579391350721,0.483492624609036,0.269961470284519,0.511943353054864,0.307612016268671,5.26627626203902,39.1354694448046,0.483579395875795,0.473458954773275,1
"06037533103",0.460951473333333,163439.058869955,-447180.184843581,163511.504587057,-447156.630921269,0.462617830301219,0.462815844606651,0.184547528317911,0.479640392528495,0.194327141499528,0.180294159332249,35.7198444443554,0.462617857360144,0.905644592570504,1
"06037535102",0.56638996,161855.714457161,-449250.180860303,161862.568175575,-449265.998945126,0.549169936549315,0.54879122823827,0.26719573713062,0.551409156619519,0.263097967739318,12.6183236369183,51.6906600162338,0.484010764196007,0.640561018468222,1
"06037535200",0.430193663333333,161682.713298627,-450083.96574711,161638.568933707,-449972.912029155,0.430511305112357,0.430559921901766,0.38319462472913,0.469402365672384,0.415443211939755,23.1034498911619,60.7575257697055,0.404145755067879,0.674222934297512,0
"06037535400",0.515648946666667,163468.48176582,-450112.096943606,163049.859669932,-449865.338474475,0.39337040360485,0.393022573342312,0.328562930296889,0.464226328502789,0.425146287676099,5.54506184948882,32.8241718280129,0.393370410147817,0.596701120234938,1
"06037430501",0.223835503333333,179883.689024196,-425129.27865211,179782.973908614,-425379.134670665,0.224150374122227,0.224623349997906,0.0244293618078495,0.186662519454501,0.0514419941832452,154.478551540342,833.242483411835,0.116935147737873,0.610010027752538,1
"06037430200",0.580268926666667,187314.813992542,-427140.272855755,187482.28370345,-427730.403344596,0.581273394355576,0.581579842246573,0.498471532138168,0.415238218349213,0.302350401134755,0.0418523167814412,286.379378365985,0.536363491462329,0.0748291473013093,0
"06037431600",0.361685436666667,180566.421871346,-432090.320361983,180532.72029265,-432084.484908238,0.362557000900703,0.363200754957354,0.104195509221701,0.359890771580092,0.111183008927475,2.70463116528147,26.1334678830124,0.362556968556086,0.635392748833184,1
"06037463102",0.557830156666667,176959.687127179,-429132.138024197,177021.95551649,-428904.679379091,0.558801091242305,0.5580765909788,0.177429892486949,0.575740777592383,0.209909123633989,5.7664073034956,12.9624629268728,0.558801113474037,0.182948862453214,0
"06037431900",0.399203036666667,178957.288635547,-432099.617630278,178957.823031542,-432087.230134244,0.399629192969583,0.399605724093061,0.191559998788724,0.405130918126132,0.198205221063225,2.99781999608893,21.7121085970416,0.641000367160306,0.668141610363295,1
"06037432000",0.46383219,179464.698153399,-432975.347763287,179559.681481989,-432970.107340186,0.412681901220557,0.412665039107068,0.337172498130229,0.414806699673574,0.278577630808015,15.8943521462006,21.0471471801015,0.540151794612602,0.566251179780641,0
"06037401312",0.29226476,200302.376692094,-432908.582755167,200139.753207783,-432819.619795039,0.292726856625046,0.292677717899272,0.240347262037515,0.320002725161229,0.131647860256738,32.3756802267389,228.642204963112,0.210573550516761,0.591863600195143,1
"06037407900",0.60788767,191305.699657323,-439508.730875105,191308.00026133,-439475.996808063,0.6085121365317,0.608079538417576,0.450859061431993,0.615510520612529,0.453424219341288,0.397352950444703,70.1520006037503,0.613932917663994,0.0466350597900629,0
"06037403401",0.336287673333333,195951.212114823,-442401.506927373,196575.26877238,-442421.489669492,0.211404984934948,0.211523989154705,0.058148216486375,0.267319419558313,0.134044250475445,12.32015023743,68.8870697233934,0.211404963918347,0.999668290217757,1
"06037403406",0.18523974,197972.780132983,-438928.844126667,198090.64846471,-439011.4371838,0.18606969732795,0.186059181260929,0.0411403279753395,0.206288304503896,0.125919223602527,48.832865773028,358.854084963103,0.185945728864948,0.993799055067446,1
"06037403405",0.611027866666667,199215.944039373,-438253.888304521,198762.831460168,-438064.491535114,0.612559310110943,0.612697418784694,0.197291744922655,0.519286235227586,0.00509866527536468,79.5438059189506,244.981303022976,0.449920862425101,0.554270345050683,1
"06037403403",0.442980673333333,199389.466463774,-440202.434506414,199428.714708157,-440336.928900023,0.404794612818173,0.404501618212373,0.102557755183857,0.409217473363725,0.114897548337212,27.6759174795453,78.3001644348845,0.372113666059361,0.862706894590214,1
"06037189800",0.392546433333333,151404.096835411,-433952.628601159,151411.787498822,-433975.80203419,0.393620397337332,0.393893887752848,0.333552336640835,0.40003544088259,0.34102168913657,7.39068381239671,180.601745611116,0.445006821630659,0.654242807285444,0
"06037554201",0.409352266666667,172237.183872082,-457361.040527257,172243.458793231,-457443.924499801,0.40987667079744,0.410302771188512,0.255952640771883,0.405940070737628,0.253312162797023,14.5126929429814,44.7409284450559,0.409876682220008,0.610241200840212,1
"06037554404",0.544415063333333,173068.515870533,-458467.197794345,173064.663442983,-458490.233730514,0.545969665619917,0.546675747472557,0.331951517390183,0.557437392730013,0.33899127363844,1.95628910976909,33.36749546823,0.545969670280978,0.441299557137349,0
"06037106603",0.40549237,135886.008201954,-409874.586951483,137068.410241354,-410953.382285104,0.406371895757412,0.406312194247718,0,0.213332719975574,0,434.902522328125,1037.32699178721,0.353905326369238,0.29616890230184,1
"06037554403",0.406845873333333,172262.237997866,-458487.515359556,172309.006925734,-458533.619544724,0.408023000358955,0.408553999525612,0.206840590600328,0.427189477890866,0.236380522323861,5.13441930181203,26.007545376373,0.408022975846676,0.96823021982614,1
"06037554519",0.167388536666667,179896.158824926,-460591.325672735,180026.385331484,-460444.886347437,0.167594830514472,0.167545256308163,0.124081167579086,0.172443281867512,0.0970857711626911,121.934549807136,164.518774617853,0.167594846819353,0.992727557685499,1
"06037554511",0.435401926666667,181500.236450638,-457611.399687291,181141.872327149,-457695.502558555,0.43676854881245,0.436682351753417,0.152427974422659,0.326966223275541,0.102654010596921,5.17209255477225,33.7548679051386,0.436768538675212,0.48392105669609,1
"06037554518",0.57246501,181461.941321946,-458949.777724377,181313.109943258,-458950.468333088,0.575593530149509,0.575440666919732,0.238349014428672,0.515390721207937,0.207666228437715,3.85528208532989,31.6668464161823,0.575593553492469,0.701534986444057,1
"06037554513",0.34677496,178727.900959569,-457255.098799543,178699.163685232,-457247.091229838,0.347767731660289,0.347920794067055,0.0466175681794937,0.341791501285073,0.0522154008006332,6.05383941625147,84.4140915139194,0.351126567497295,0.891775461693452,1
"06037554522",0.360624026666667,176528.774768695,-460756.475762627,176660.262724147,-460727.291044422,0.361635518097778,0.361057409129097,0.196922005803862,0.411453800520685,0.180483593952026,24.9501348776197,134.066088250905,0.36163553025674,0.836584353773696,1
"06037208903",0.38315111,159385.689142234,-438082.313800414,159466.521821706,-438000.623766231,0.383998917189901,0.384030360638221,0.0992314587400124,0.39318278224307,0.164145808135912,31.7149234412038,60.9523660707643,0.384003663079402,1,1
"06037209102",0.451538626666667,159933.278490406,-438584.297172044,159910.455091221,-438516.751916546,0.452969974231478,0.452577695833351,0.30940398248278,0.451495733485058,0.338596103617942,0.062951598276894,58.8626692017986,0.423046030085533,0.242416149473464,0
"06037209300",0.408389913333333,159870.815035614,-439079.674811672,159872.424241254,-439058.204468522,0.409543523787415,0.409180736010367,0.139029209356369,0.410238488486223,0.135904010410357,0.317106645393666,52.238946690561,0.409539535420885,0.25363816318945,0
"06037208904",0.373513443333333,159687.875486863,-438101.94284438,159679.39903208,-438115.123558465,0.374381756071111,0.374037195959607,0.284591157630323,0.378625634314949,0.279143784794631,28.1433431199297,69.2851573280364,0.412561947887154,1,1
"06037209401",0.194665293333333,158637.869574165,-438437.100113056,158643.924233869,-438467.132889642,0.195613782155264,0.195897491549391,0.11094334586012,0.207187123052247,0.127067108243098,41.626127124251,48.6289667105934,0.264516262071576,1,1
"06037209200",0.458585843333333,160527.175686594,-438678.92284156,160414.803790163,-438698.906282187,0.459432993218508,0.459931806375515,0.347540258590744,0.479521331265344,0.396580498526892,1.64316628616726,62.2575800093042,0.369716656814551,0.89513733305794,1
"06037209403",0.214948366666667,159354.382780783,-438822.523164899,159367.143385444,-438820.229858263,0.215614645345929,0.215549706417648,0.143533568645852,0.217496863253044,0.15158096688215,23.5327668961437,50.8563040421131,0.215615107333965,0.999999999999986,1
"06037209510",0.329003743333333,158605.847099882,-438854.850415136,158594.515885997,-438807.970998373,0.329727409888062,0.329960223776288,0.283417384572955,0.315491179003885,0.293215404563336,19.6796490562415,46.6008907113525,0.383622140621329,0.958362256529647,1
"06037209520",0.30277593,159073.894115369,-439114.820352309,159072.441945796,-439112.056750047,0.303348808807658,0.303403513721971,0.136434477820626,0.303352782132448,0.134851866822576,5.71242264868688,46.0738826935628,0.303354795464735,0.99882560947194,1
"06037209810",0.405498166666667,158577.89323371,-439282.274049742,158553.735211954,-439278.68081014,0.405969302493726,0.406503849823802,0.279114412867386,0.411937817725193,0.287206860846247,1.48304399242643,46.0220733518178,0.406061393317567,0.70743867415894,0
"06037209820",0.34642149,158959.190701847,-439486.483730854,158976.027025379,-439472.38828919,0.347209731738449,0.347859485102605,0.1836097829051,0.351469604254306,0.197172221738328,1.80526000754322,37.8633981549412,0.347187456556809,0.909572881508987,1
"06037210010",0.42047433,159509.476390709,-439517.852984713,159442.207538952,-439514.277816972,0.421953433272404,0.42203979631752,0.322425651639018,0.40475931239976,0.334270299054058,0.738884184361783,40.2943923773089,0.421862664882312,0.244744935824629,0
"06037211000",0.701359523333334,153981.2084232,-437292.216589437,153898.908385922,-437342.430924929,0.702524642266099,0.703568795957869,0.651851871988777,0.710891649592805,0.674119079736014,0,4.21986020910615,0.821164306674349,0.0748930502764318,0
"06037211410",0.53758624,156226.210003124,-436717.491812079,156225.42881476,-436750.009278949,0.538899680137391,0.538480140025077,0.322870544573457,0.550464919693402,0.339798515937398,1.14332426312524,5.30452800206158,0.799015703747412,0.0383307771432224,0
"06037211320",0.484682266666667,157446.061129146,-436888.128303542,157405.152791281,-436890.185147081,0.485945635946396,0.486200558294324,0.27501819635867,0.484595212153288,0.293843179151627,5.45518346507219,17.5765994856632,0.530170528197017,0.352694890660325,0
"06037211310",0.500507423333333,157044.269031577,-436893.362469853,157032.589558765,-436901.983276058,0.501690832976531,0.501929593845213,0.47807588949993,0.505615971503599,0.477793880449267,0.349668093051462,12.1385478048759,0.645441428108129,0,0
"06037211420",0.52933539,156629.751546576,-436707.816425536,156696.433874672,-436750.795351287,0.530877886687726,0.530618003102215,0.260844243376801,0.527139780337077,0.296112549175254,1.14332426312524,11.5776906042459,0.779965826721857,0,0
"06037211802",0.792786126666667,156483.241612518,-437719.897851018,156502.504833392,-437650.285998595,0.794316259857295,0.79499602199296,0.648999031465565,0.784902029915062,0.68804754999796,0,10.3030006840083,0.633398947056799,0,0
"06037211701",0.672271283333333,155212.079301729,-437540.570306106,155377.008637148,-437459.542560745,0.674121005984403,0.675246451689485,0.610506092845575,0.691186417313189,0.631496676318924,0,5.98026674898718,0.734722190795548,0.104726967017154,0
"06037211910",0.643424586666667,157050.156586384,-437302.551060351,157047.1243627,-437305.464608815,0.64497924078924,0.645611940503064,0.454764275834589,0.646603057411278,0.456692691679328,2.13348911203548,20.015071139849,0.548262050963866,0.0899095001814514,0
"06037296500",0.07865626,158187.724443435,-472657.236299254,158130.33393949,-472758.869163743,0.078634772158917,0.0788400707433987,0.0100439154064803,0.0682076478225897,0.050105541521681,42.2171024943903,163.200345055976,0.0299602269765845,1,1
"06037297110",0.222057323333333,159038.895266015,-474155.353722445,159048.672834858,-474198.177232952,0.222487711337937,0.222444833471313,0.108785921994586,0.235279536956641,0.135648369739237,12.1034241290486,77.1963820064533,0.183894066607307,1,1
"06037297400",0.34206992,155574.974631056,-475325.533880986,155643.479144268,-475331.719927565,0.34286515238077,0.343782049936191,0.325979588118884,0.338096140423628,0.330047081246649,92.7259983994662,463.241324435977,0.342816917973515,0.599862844029458,0
"06037297500",0.27942072,157492.916789259,-476325.060989172,157507.248348123,-476043.904288784,0.279718189274414,0.280030710451028,0.268312174426138,0.418535737261186,0.375825631190089,62.0770210699826,254.183817608712,0.352577807901198,0.756376946947788,0
"06037300200",0.578349036666667,162266.017755309,-419340.297346121,162102.087152934,-419275.70511124,0.579475746531207,0.580170423190969,0.320599023823866,0.605416875751463,0.347027337317925,8.19166975217258,40.1064912187474,0.578530096460475,0.322464672801291,0
"06037609900",0.466358406666667,157573.731789156,-473471.514253119,157450.792256284,-473566.171496521,0.438890556003713,0.44006561825774,0.354604538546319,0.493155924936831,0.429685074792885,4.88218147191636,125.292794978701,0.440332968987307,1,1
"06037296220",0.198372593333333,159063.343783505,-473446.336474774,159041.298891876,-473370.831148008,0.198483686621643,0.198182404964012,0.0996445816373543,0.195334480972648,0.0612133191938854,10.7587092957747,68.1540324389944,0.253234869759266,0.999999999999982,1
"06037670413",0.27731558,148469.983842727,-470133.571571216,148454.690179933,-470087.119560097,0.27775039173871,0.277839158218213,0.150310739641997,0.295538241700254,0.180694559421,44.348649310304,239.467226314283,0.277750424613635,0.604266847372371,0
"06037269903",0.499373683333333,147172.990316284,-442610.401456917,147166.624523164,-442597.81721002,0.500404406066322,0.50134602717039,0.468988364517004,0.502452810341153,0.460392549009258,0.844970990986423,26.8151019893056,0.498107596221054,0.312436253517439,0
"06037269602",0.57885738,149160.449795148,-440096.97017962,149173.718931693,-440191.347396815,0.580359314697927,0.580517936315526,0.38256301743499,0.58003921919007,0.441618585768038,1.23547493424326,2.65051022902175,0.454524880756772,0.402401958935362,0
"06037269601",0.609947273333333,149627.112231657,-440244.21282447,149579.002600448,-440340.639554068,0.611303757758228,0.611320640011336,0.56210764942815,0.602867664643425,0.497678824001864,0,9.1452262497118,0.433133853244248,0.0229379363770734,0
"06037267902",0.52517796,145855.801160126,-439676.051716199,145903.718452351,-439606.656124556,0.525746019427073,0.526228052456674,0.182293124507167,0.531866301473155,0.199985968845383,75.9665009567711,186.199814490753,0.525738324209706,0.0697458879874144,0
"06037910209",0.618331853333333,165532.551384301,-377459.073432516,165782.662021883,-377519.831369498,0.67805780591157,0.677814836296824,0.634276038437793,0.697060014632138,0.484757105599298,0,199.95903084132,0.677981216916057,0.0694143287290716,0
"06037910208",1.25483026333333,169097.247633701,-378319.791497746,168975.791343143,-378559.677240907,1.25722046380506,1.25529436799569,1.12500750307025,1.24549584219484,1.07259234689261,0,0,1.18331135537505,0,0
"06037910207",0.46664941,167377.735204897,-378507.792945004,167360.398369601,-378483.919087427,0.468014323141815,0.468227411400066,0.10516068164389,0.464727406903695,0.10841738017639,28.459256499287,120.600241895998,0.266523392428987,0.558796768620475,1
"06037910101",3.15462089,181438.786735299,-376726.657882506,176423.577523593,-379120.168422521,3.02628712687001,3.02927958973413,2.55082987598108,0.982486179759009,0.79688053952504,0,0,2.27391078131306,0.00555422686071423,0
"06037901210",1.49699273333333,147740.358570038,-370070.818791605,147839.074983934,-371492.483059806,1.50001531420439,1.49817698190592,0.975751644167345,1.68191696259482,0.627600061061681,0,0.62362368937358,1.50001520255461,0,0
"06037901008",1.80737922666667,167124.623455007,-367257.795837031,167025.401956732,-367522.532667406,1.8104074435804,1.80904637996576,1.76399175302055,1.75574169269241,1.59086563679041,0,0,1.81040744061341,0,0
"06037900508",0.944250456666667,176944.009019283,-369033.275852526,176646.932413988,-369488.341243955,0.946821537753514,0.948184703295963,0.491926003779008,0.81713336814924,0.171435463613646,0.11097167761913,14.5861773900392,0.946821525908943,0.142873432980909,0
"06037800331",0.349485036666667,110653.509826837,-428020.078097293,111012.061335317,-427846.46852826,0.350151488157257,0.350304868176345,0.0218163458644193,0.279883773526516,0.0405913424696724,34.9660370259155,41.7002805654706,0.350151492568701,0.581774004080649,1
"06037134424",0.148511043333333,123772.244729972,-421597.822558745,124190.764078186,-421777.837935832,0.148622801460221,0.148693842858139,0.043216609556409,0.160632323928959,0.0401105746737339,111.583568128092,471.088872360839,0.108596608627766,0.505234788896984,1
"06037134423",0.387580426666667,125897.773803045,-421509.157119173,125986.268278825,-421556.391622539,0.388766501752223,0.388935586217068,0.259356246044302,0.418471978097058,0.307113576962779,16.0625611521526,258.492185271431,0.388749526921097,0.436936081237104,0
"06037134002",0.743093583333333,130327.037962937,-422822.621535335,130312.365655164,-422765.737067109,0.744762409187488,0.744490819097657,0.19467084108196,0.744139941495437,0.221474948551206,3.82433406510314,9.75484842427628,0.618852197792266,0.58805663973387,1
"06037134001",0.78302827,129865.27001721,-422817.402275023,129853.465430816,-422713.20767897,0.784541218666,0.784312040500484,0.217815499218995,0.784696436710876,0.275020537018613,3.82433406510314,4.15630634759524,0.626618944881361,0.612770183841549,1
"06037132502",0.36450005,133774.992952821,-423974.904155581,133803.10852105,-424019.729683471,0.36484274775716,0.364271646437368,0.124330539064889,0.361620243408251,0.137365157943212,11.6604084066228,39.9180287348836,0.38207242655968,0.916756703896542,1
"06037132501",0.511944553333333,133735.479789226,-423241.707968412,133721.548077218,-423165.486688066,0.512480108727386,0.512489596890074,0.274551124399183,0.553331942873933,0.321787457995599,9.67078769987755,16.5431742439148,0.581574700364012,0.620019880963163,1
"06037132102",0.724207146666667,138458.832616384,-422650.558325662,138450.528920588,-422689.809754497,0.725795799238587,0.725891720228934,0.595205960407261,0.709921248999917,0.587075097924113,0,44.841475706763,0.802404161823977,0,0
"06037132101",0.326164143333333,138637.860517269,-423960.516638621,138713.810956573,-423948.134862242,0.32644243453657,0.326654845432431,0.287901689580207,0.309868510822393,0.270332831180863,115.916165109759,597.754085722868,0.326442437439164,0.23126599933253,0
"06037132002",0.364617416666667,137566.234849291,-423463.420531611,137493.975831946,-423297.333730041,0.383991438723459,0.384849485706823,0.238040393733171,0.385837429890506,0.229321896346615,11.4038559310953,250.086487386641,0.527567066005502,0.561250368904386,1
"06037132001",0.442477553333333,136926.9387589,-423787.047687277,136957.237653814,-423734.844762833,0.443335856897833,0.443662086374297,0.385148201798129,0.441805002902727,0.395974742835764,28.4577652369524,223.569098239517,0.502447810504994,0.723354189291729,1
"06037131702",0.886847026666667,133721.403072644,-422434.602581924,133719.946375304,-422531.044746716,0.888332334718245,0.888721110292502,0.763751024141127,0.846403931958536,0.704693972256187,0,9.85476154899702,0.86268569092567,0,0
"06037128802",0.622101816666667,142397.869680981,-426317.113856345,142367.918570611,-426304.480653025,0.623393134058211,0.623172377893937,0.501300174586685,0.62450210498845,0.520768114887868,0,130.18251987859,0.623393128799261,0.226253364241967,0
"06037128602",0.98510983,144206.235481467,-425983.899062271,144195.77247578,-425828.79324989,0.986989362763258,0.986185972783567,0.583016802271691,0.991244400202012,0.6569559853427,0,65.548551618342,0.986525353532029,0.115609973585805,0
"06037530802",0.614447796666667,167896.024610612,-438757.886842321,167887.078076033,-438793.404595112,0.616058523457448,0.615244669571916,0.161942431816389,0.616549097146456,0.156392219208427,15.4451699545664,24.4480502052918,0.62204244466591,0.693927387567546,1
"06037530601",0.601025876666667,168420.004111526,-438562.16829113,168436.733828313,-438464.528841951,0.60186057390827,0.600953864206354,0.247274159464716,0.611191071861634,0.307385598214226,15.4451699545664,61.8105418593567,0.601860565587469,0.150557529740034,0
"06037530602",0.498179626666667,168789.72126268,-438685.938665636,168822.509662104,-438272.47466179,0.499043330368569,0.49825794786384,0.352240606778695,0.529783793159781,0.411330281368187,11.2975326967501,65.396637282412,0.499043325659996,0,0
"06037574500",0.438601853333333,175960.465881026,-468006.051398775,175990.81883297,-467926.611677911,0.439258069741597,0.439348418576333,0.324632783761383,0.412947664808606,0.326097964737425,7.8868514618459,137.975820948085,0.439258069481299,0.193895087733787,0
"06037574901",0.2798894,173648.955279708,-467502.977643378,173598.580209002,-467486.639744102,0.280421018492424,0.280764689913342,0.226529707746704,0.283221515198733,0.25780688161675,18.2592853077893,104.585568082559,0.280421021605098,0.989031273627085,1
"06037577100",0.442921596666667,171576.232308879,-469911.465223885,171540.672388932,-469883.275162876,0.44378350603278,0.444123480178956,0.421936265277143,0.442935374084855,0.421039876208429,4.61858952246815,254.898792832612,0.478028003681073,0.999999999999993,1
"06037575002",0.363344913333333,171968.298834963,-468242.151210767,171904.009292508,-468282.091417934,0.363729737785103,0.3640717728043,0.260621928786801,0.353601325679516,0.263761130109768,25.2645463317909,236.089141636606,0.367863990089902,0.773161147377325,1
"06037572201",0.43587551,167137.906006235,-465063.131808616,167064.860638239,-465074.149721093,0.437137257403821,0.436834629081002,0.307430478708373,0.415710372745449,0.321073347746901,11.0499858462108,54.8658969010558,0.437137266580436,0.199220516216751,0
"06037481901",0.609469726666667,170282.55765276,-436633.334083886,170380.50064416,-436589.328148604,0.610789482103885,0.61101656533393,0.493288573763724,0.615946693405476,0.440151275007045,0.0677556063729546,56.0211528956345,0.610789461739649,0.0484717205916651,0
"06037481401",0.14102197,174967.376381744,-435188.018803146,174922.142431847,-435267.563205945,0.141442578089835,0.14123854303828,0,0.172316076851077,0.0476409711364997,32.7418259344806,144.337185737783,0.141442599245026,0.985508244189014,1
"06037482304",0.303364183333333,175479.232129694,-437260.64385314,175436.656278764,-437256.2008288,0.303961062165037,0.303745358093852,0.138757968894204,0.314363535365628,0.143149298984533,13.8541674627026,32.6550082719253,0.554801719583483,0.478794656098259,1
"06037482402",0.25167834,177117.26482004,-438922.186713834,176764.536430856,-438637.458368182,0.287251851957986,0.287817038210698,0,0.239271261032143,0.218429679531998,201.944902537712,630.867685872723,0.287251846386139,0.377101944745513,1
"06037482503",0.393856083333333,175864.520749885,-437896.80729523,175818.656786696,-437910.69660146,0.394108950683592,0.393898862965298,0.194686791280189,0.413964702637932,0.204603451588707,5.76778152955528,43.7466868623101,0.506650980801152,0.169009924934587,0
"06037134421",0.491668736666667,124660.693285242,-422864.89651842,124707.485032962,-422821.031113605,0.492988544171853,0.492989998225864,0.420956502163428,0.514713077357794,0.445930395799212,3.05970057157459,173.776038255007,0.492990111571806,0.486352050444978,0
"06037530101",0.495967433333333,175453.023223797,-443049.96127461,175415.400337421,-443066.489423374,0.496857729213076,0.496835080110187,0.363463368715597,0.511945793437217,0.382578349823026,11.3618962717798,68.663610395875,0.496857720124609,0.229423047337782,0
"06037294820",0.350738923333333,160667.633012498,-469121.432725758,160615.149167526,-469095.209395586,0.351275344104927,0.351266275147831,0.199350632753138,0.365652080197997,0.225618666604295,5.88408211116004,69.8164427922017,0.351343852812457,0.929933951599377,1
"06037111204",0.55880341,133610.24525205,-416073.205186226,133683.943535908,-415902.092114628,0.560157083422226,0.559934387455799,0.379069920471093,0.556479291565504,0.395351254968367,18.9859897673899,63.4753280887292,0.620439132362484,0.327741764736437,0
"06037113212",0.55566837,128682.293980899,-416299.774550206,128790.807788082,-416274.27040699,0.557377576544941,0.557013635561489,0.477545103231623,0.597662833164735,0.477538890611088,0.265095437121864,222.557949850259,0.583037624098323,0.151666525581167,0
"06037113234",0.73872134,129526.941289168,-420114.059277977,129571.656487847,-420384.566112918,0.679946138827273,0.679875296603898,0.278396439751051,0.723486260178712,0.384945673821662,1.42047200657499,20.6203726848462,0.679683779247744,0.344934994464639,0
"06037113211",0.093003166666667,127494.224970212,-415719.878538676,127853.88706959,-415796.244165294,0.0930200183257336,0.0930871499219586,0,0.196837029979393,0.0607826347967304,232.83056930776,774.46915540902,0.0930358605384271,0.88651194868055,1
"06037113232",0.455995813333333,127806.664915146,-420181.064242241,127794.713737877,-420203.585095867,0.342314803660063,0.341700673356682,0.0944299816641779,0.335272091209407,0.0926797918595773,108.519142310008,529.988867853767,0.353501179494587,0.997942377288946,1
"06037113321",1.06756536333333,129723.824668331,-417072.112519169,129831.152100104,-417092.097227388,1.07018004032649,1.06992584308798,0.775066117416489,1.09192978528496,0.726718493935082,0,17.0861747428628,1.10064498610801,0,0
"06037113231",0.29081758,124293.545757627,-420137.698881437,125406.118148985,-420593.175443958,0.223699440623196,0.223770712041498,0.218767036017138,0.239467214240531,0,206.060081615735,904.898688059091,0.232050518938703,0.364490204196863,0
"06037113301",1.05678956,132770.080845862,-418083.308320949,132740.785775652,-417688.608182901,1.05907397148904,1.06011868440778,0.884590839141116,0.998315803927813,0.766903435963494,0,6.72087432174087,1.03012285390413,0.132591715829756,0
"06037113303",1.32952071,130885.769094637,-418136.801065015,131285.663511262,-417851.314099444,1.33247819203341,1.33415240951411,1.07369915169367,1.22481900575634,0.91457017915534,0,0,1.33247351520204,0,0
"06037113401",0.97651626,132398.096432478,-419955.550388329,132358.666753769,-420181.986852003,0.978662355150017,0.978929393452567,0.523832666844399,0.940482370071753,0.464129769534464,0,25.4028263054988,0.80342583335289,0.220090681011694,0
"06037601401",0.483079156666667,150652.909336226,-449413.30452267,151068.122322038,-449198.062208826,0.484114013611177,0.484748526603995,0.0823565534534223,0.427483684532729,0.163324824767032,1.66324269111803,18.5704005852473,0.48411403629823,0.525007425583524,1
"06037601211",0.37221314,151787.230861412,-449023.681704545,151666.52858603,-449027.979013971,0.373172941468989,0.372891869657907,0.167439407113731,0.368337548743075,0.239268669578024,12.3152904528296,31.8296168173371,0.373172932864154,0.307754527514424,0
"06037600201",0.50614201,157400.95752417,-450493.720702097,157370.245230036,-450471.158041837,0.506852155478206,0.507392367220551,0.460222551725028,0.51869183672289,0.463765600514765,0.283559507981426,51.3751894480103,0.383234221681994,0.168438373833219,0
"06037601002",0.590041976666667,152732.569547842,-449653.939046546,152715.971495779,-449703.421688948,0.591797695658789,0.592623810197584,0.390599248979347,0.613794594562853,0.422973239247866,1.58028432224003,9.29157051516921,0.591797690371042,0.333688286517887,0
"06037600100",0.34437236,157538.940653406,-449726.479868404,157519.595892901,-449721.775626072,0.344616842104511,0.344059313627803,0.217683992599493,0.355072094841474,0.22966066781496,2.01676370782565,33.027489747128,0.617813564099603,0.1762209103976,0
"06037601212",0.51479693,151866.893812,-449750.254563454,151846.601421491,-449747.816878675,0.516166990967402,0.516199709184834,0.289984606100336,0.512133803164135,0.294298816621288,1.0736755228934,18.6631281905321,0.516166977001192,0.101781904298299,0
"06037600902",0.407872536666667,152274.699532827,-447946.067657615,152276.423967617,-447908.714930562,0.408697139445373,0.408702243023093,0.233189883162584,0.407195807550217,0.237003935034577,24.0783824305446,74.0063489382081,0.408697128203297,0.92261458741287,1
"06037273100",0.177293526666667,142280.070519668,-444624.916645614,142250.383421504,-444673.525359808,0.178107038004459,0.178046031607241,0.110147816603722,0.193601581345708,0.139805201618279,70.9840242278178,94.1736756001418,0.177641660283084,1,1
"06037602004",0.527034343333333,154340.727846556,-452092.207998649,154320.502370367,-452074.564915654,0.52870857422464,0.528054385197767,0.327233296426653,0.519994698551145,0.314896127354646,1.94380648158057,2.34022503791451,0.528708552067282,0.482369887028366,1
"06037602003",0.205660993333333,153535.270301146,-452104.58667074,153526.556001594,-452098.491695733,0.205685777429599,0.205989438854548,0.0118065575749079,0.209600922497726,0.0154437110554689,2.27775531730021,2.34022503791451,0.205685766310968,0.988249324469336,1
"06037602103",0.458166083333333,151943.301125325,-452803.831830944,151885.271436181,-452865.21864321,0.459570722845467,0.460253244680174,0.400641837746884,0.455225468436322,0.350318388325037,3.60082577503667,11.3107868148878,0.56160618173314,0.234522932730195,0
"06037301000",0.489815733333333,163062.400794118,-427244.514694966,162976.527804201,-427280.188404669,0.49130603265441,0.49130077537447,0.2593230080811,0.481141328056132,0.302138999688663,27.0365889230893,81.7164978555632,0.475832856566393,0.0667383045812456,0
"06037302002",0.36881272,161310.561877895,-428132.042243917,161307.093376275,-428033.396510426,0.369513804867912,0.369573703722629,0.270016698638697,0.405681913513962,0.276284051382659,4.01417877928823,10.1605506480652,0.369513789656985,0.939218028625099,1
"06037300902",0.307956046666667,165928.33415327,-427478.911133959,164981.856230625,-427663.771685409,0.0549632575375638,0.055085412808095,0,0.123953744494584,0.0325952428802044,201.85751564447,509.040995260998,0.0549632565705844,0.370674715717849,1
"06037302103",0.391219383333333,162476.70503286,-428839.950039053,162480.959619652,-428838.522565349,0.39236028717827,0.392180434709402,0.374422855583511,0.394201978029216,0.374985980418035,4.80528566674703,16.2382507217052,0.39236026642937,0.966090060433591,1
"06037302301",0.301663166666667,160145.256509083,-428650.082228505,160086.404103494,-428647.581889953,0.301757224013104,0.301604108633208,0.0632419968019945,0.324458636847556,0.0998422843588122,6.02129317383583,73.9874648748821,0.246927009965997,0.829444808363042,1
"06037302201",0.236970473333333,161512.664553006,-428649.575871629,161654.014943902,-428635.265390297,0.237179577474072,0.236929394514706,0.202644235283825,0.223235417032833,0.114550938977884,8.1287285888884,14.6646761194071,0.237179571995132,0.999999999999994,1
"06037302202",0.213234686666667,161508.054563894,-429062.362090932,161592.984748698,-429090.769150333,0.213505195866884,0.213302970027533,0.182214045566925,0.198973707244824,0.135966517732062,8.29761140417648,17.4669880882449,0.213505190676412,1,1
"06037311700",0.42000278,154874.484446767,-426849.335169763,154854.841769795,-426757.889914173,0.420707013522267,0.421442192530772,0.308703795739715,0.437650066371512,0.358900899508392,12.4957145097624,252.909023479963,0.420751522243208,0.701767739586245,0
"06037535300",0.55694153,163025.070034024,-448910.296393953,162900.712841278,-448964.425813851,0.558535862894464,0.558176528125059,0.435231107117305,0.547302407542816,0.351960859958435,3.28122643545637,43.954898275531,0.547482569575765,0.35204467653761,0
"06037534502",0.345634803333333,166317.891410666,-448387.374130108,166303.9310026,-448427.11879158,0.368375693996274,0.368211347405978,0.299653432635265,0.374884378116412,0.293509168126107,10.6313055416282,45.8652372588946,0.479641466563415,0.612859078358971,0
"06037188300",0.378450053333333,160114.929338826,-431304.479275123,160144.032818477,-431285.529293188,0.379675674390007,0.379555661745376,0.335628475291898,0.396812837374156,0.345781331058895,24.7797349182054,249.3219401448,0.38119670261049,0.428184984463431,0
"06037532606",0.597447016666667,164390.219282129,-446487.612946235,164386.157976465,-446507.129386374,0.598943657697384,0.598146803437039,0.276899264425114,0.59308741728917,0.266967687578493,2.62186149692729,16.2747314283746,0.598943647747568,0.759699890843061,1
"06037532603",0.333164796666667,163213.413307575,-446344.567155041,163323.7694851,-446580.808719947,0.334138270243196,0.333962051804208,0.0796512281130226,0.344174257073279,0.184594218644574,4.64716498309149,21.1404640889555,0.334138279034739,0.918306617364722,1
"06037532604",0.454923653333333,163635.738040091,-446387.211228678,163650.612977647,-446355.491486293,0.455872755310943,0.455524927572755,0.343386582983729,0.466103078958338,0.350864544515761,4.64716498309149,7.80001087588596,0.455872770651277,0.420721411279209,0
"06037532605",0.519716473333333,163991.65845174,-446380.280272525,163969.501819578,-446491.0869169,0.520914341468199,0.520407537102819,0.481982454009097,0.49177946914294,0.45078475995465,0.209240800826992,7.26902648001878,0.520914358485308,0.273395737224618,0
"06037534203",0.05679785,170548.826917713,-449226.052648473,170556.820083027,-449128.25204862,0.057015400240915,0.0569324328515179,0,0.053452244874626,0,124.126377864697,174.881078744215,0.0570154041711465,0.781936774583394,1
"06037532800",0.34080176,161497.875824584,-446186.035892095,161509.494906787,-446232.15252883,0.341012747755489,0.340928111980755,0.148824456589491,0.329753113410137,0.120686792061648,13.3548398730254,27.0270813706843,0.341696769865291,0.954489253964724,1
"06037533106",0.42559598,164753.698320142,-446967.204669949,164656.788810885,-447039.326645146,0.426272907254193,0.425558305931426,0.0194271010009571,0.469354109730366,0.0563734795169367,2.62186149692729,41.1984312023546,0.426272936572261,1,1
"06037432101",0.70672393,180574.002012844,-433669.366874444,180533.462281192,-433676.169681411,0.708450822707644,0.709871324934678,0.418576157660563,0.710282810734906,0.413370736137297,6.32617767540255,21.4184979106199,0.7084508184257,0.195337043466021,0
"06037432402",0.507439873333333,181967.665268069,-434845.157966913,182129.696839886,-434963.246879249,0.508697472709079,0.507696454498018,0.413820599334487,0.538121828058044,0.322439523366706,5.80278908388986,34.2636112562464,0.508697507964973,0.186371435003214,0
"06037432102",0.785808766666667,179116.379581266,-434048.298849369,179166.796242034,-434000.305807594,0.787579043546582,0.787885167127671,0.677027415915908,0.801500846788787,0.720254636435406,0,41.7367595029727,0.815185779422208,0.0880049165181476,0
"06037480101",0.87255807,177727.826787103,-432247.038985042,177719.473710568,-432195.03787225,0.874011678661108,0.873194467560966,0.630752300477344,0.88730757069635,0.640481775043686,0,2.99781999608893,1.03079688162051,0,0
"06037480012",0.954904546666667,177650.695811073,-431269.020528459,177687.65338909,-431228.564797502,0.956791058629676,0.957517847885748,0.889567036587718,0.936752428924692,0.861111989902992,0,2.97117873288997,1.02233511273534,0,0
"06037480201",0.20408281,174297.994057052,-432434.030199664,174318.881681793,-432459.436654808,0.204856249507365,0.205030303511111,0.0919176668185636,0.212379862631472,0.108585093092866,25.6538347735265,41.3611158469635,0.308687810363711,0.448535242646553,1
"06037481101",0.13708744,174659.408175507,-433425.095854604,174543.862999818,-433449.457114347,0.137112041501953,0.137158125849496,0.0946762897387812,0.140471821258979,0.0536627280844329,8.81678493209423,149.418917719541,0.137112047301235,0.994833216261261,1
"06037403402",0.556932816666667,198020.835049509,-441930.330494778,197952.952067176,-441813.716196968,0.558598014181499,0.558464556805451,0.50051549224048,0.519958900448672,0.502164427084663,0,49.6783462256303,0.558598016679857,0.384341116702812,0
"06037403404",0.36325224,198156.627679529,-440771.774988952,197962.51942141,-440925.427446356,0.364147675002105,0.364589687301514,0.111701496986462,0.384978884873448,0.199375811245764,46.6522071465353,111.671661193923,0.29048631842314,0.797472507745847,1
"06037403407",0.324489593333333,196419.017079723,-439681.08467395,196912.261895092,-439782.652161754,0.309631064045897,0.309949329145269,0.203252143873925,0.298202443143502,0,54.9669643022149,240.958303198895,0.30963105600211,0.493044432591759,1
"06037403703",0.386388616666667,198703.835116457,-433600.637698201,198686.427480333,-433477.589532392,0.386643186692823,0.38696198287527,0.326065203816015,0.454020878733204,0.401431298942944,15.6190393067454,110.656089290183,0.386643192912789,0.0675554377547555,0
"06037403600",0.25521529,197405.451573589,-435522.661268207,196819.739998264,-435387.045504776,0.255984990524778,0.256325339010098,0.230270023702871,0.356713244158704,0.255538517818653,7.75123110193245,33.5023073383525,0.255984989579549,0.0968829449577065,0
"06037404902",1.03210090666667,186479.785056308,-434531.462878635,186483.280802732,-434525.441753518,1.03409877096416,1.0324387417757,0.819526061285655,1.03260556979469,0.819067691551488,0,16.6181316033239,1.03409876701475,0,0
"06037405400",0.734972863333333,190855.691824369,-433935.325203524,190867.120111587,-433869.870848837,0.743770021843499,0.745210049964477,0.511948127833541,0.714118868618926,0.483408953749794,0,31.9387900635099,0.743033311203387,0.0477678498496471,0
"06037554512",0.24212587,179942.529561284,-457992.722760199,180069.662241552,-458269.128004398,0.242491478828951,0.242392164570891,0.183624797590031,0.232648664118128,0.109457295029646,28.8574613440838,50.2253583363921,0.177067244628548,0.78391570236127,1
"06037554517",0.325520513333333,179997.727142647,-459587.514775333,180009.957616052,-459603.723437482,0.326284722357534,0.326540721417818,0.262068753983517,0.326830948043727,0.268108095952663,19.6015032599046,126.820165645893,0.326284731395555,1,1
"06037554515",0.297712136666667,177938.321345481,-460768.999407664,177960.692982611,-460800.954340946,0.298424622419811,0.298776998714426,0.14144256480263,0.298686397923403,0.117902744650018,13.2876564042444,91.3690371231429,0.298424634896658,0.888547289227604,1
"06037500300",0.710164526666667,181085.323592396,-442678.24664748,180896.538124599,-443303.004333822,0.712122039203613,0.712635188695011,0.664828204189265,0.607040359791747,0.365944790609002,0,294.626479769839,0.654857841428129,0.140211140443687,0
"06037551300",1.08327672,172528.773629933,-451646.93266758,172449.675028547,-451816.151417238,1.08561673667429,1.08796800095735,1.04233146674536,0.987720606417413,0.941159962958106,0,0,0.868166818319252,0.106492570144749,0
"06037552800",0.538512913333333,176559.269999448,-455650.835115954,176609.100988197,-455617.916635252,0.539915988589386,0.539507038039761,0.0750127707764871,0.545961611481146,0.0491407399480183,8.34237853136705,15.1294549472574,0.54152652799758,0.808762805361561,1
"06037552900",0.633357896666667,176576.397241821,-456456.974794842,176418.266788457,-456387.853259765,0.634912586999216,0.634439053680061,0.336414444140217,0.615439022187765,0.307029324900664,8.10252730799538,20.2857783227403,0.635138247381267,0.336108038342677,1
"06037552400",0.502875546666667,180380.867271783,-455497.605326519,180187.275755276,-455367.844181222,0.50419585078377,0.505004714733504,0.0334389791001246,0.468046542844641,0.173154542661956,3.63396864928429,23.2841951013071,0.504790469890415,0.713902209276728,1
"06037211500",0.4694364,155493.690099339,-436747.650374617,155667.640902703,-436753.959819857,0.470750994670021,0.470282297739781,0.193699871309657,0.490089767187167,0.2424652509182,1.67678072128243,2.92985040564091,0.812820601193239,0.683306231818254,1
"06037212202",0.261647856666667,158047.182822746,-438486.359676897,158069.098718996,-438500.278834321,0.262431297707329,0.262516086758949,0.0889506006848471,0.266309010303173,0.104892848998009,7.53226551487805,52.0319647443492,0.301244926221585,0.296258592954597,0
"06037212304",0.526591163333333,157118.608516442,-438117.052625796,157056.114564496,-438197.324856214,0.527411830412591,0.527477333941798,0.4159251026057,0.535949359678579,0.354798177279657,3.23980476789491,18.6933837061359,0.347270621439586,0.18691735173803,0
"06037212303",0.4333228,157525.484910323,-438119.952126186,157488.48841475,-438196.765762601,0.433914630152313,0.433948633917932,0.286492239308574,0.440953286842674,0.282034604683207,0.432179163856335,47.527599364585,0.322772876993747,0.0169285183304591,0
"06037212204",0.20572305,158169.487696608,-438101.333726235,158169.605018404,-438186.145514457,0.205997832813452,0.206054950159607,0.159003188422558,0.203053008673481,0.197206285997807,22.9309701121936,51.1173546549306,0.24581859150987,0.996886863366161,1
"06037212203",0.30497394,157816.957389083,-438114.15574355,157814.247298388,-438161.828780768,0.305033846092276,0.304802282631573,0.178850301894138,0.299817165577343,0.151279730266365,9.40462226662802,51.1173546549306,0.284154688429061,0.629442384867674,1
"06037212306",0.43651289,157481.199246191,-438524.078327043,157457.014560346,-438515.529225603,0.437232142548344,0.436437488579412,0.266580989279868,0.441848070855875,0.280228078327687,3.62086713721231,44.5315290105572,0.359072996840977,0.283142282266328,0
"06037212410",0.648333373333333,156721.495778376,-438157.222911202,156773.343189365,-438225.139522337,0.649249111843031,0.64894546994357,0.355635332404446,0.622903952236163,0.312485382599806,3.46588742644191,10.3607138447844,0.456704522144714,0.661199710677866,1
"06037212305",0.480644693333333,157101.767481029,-438534.183648623,157108.510063176,-438523.789831006,0.481443582749045,0.481656751274602,0.200014382590363,0.484453951568049,0.207273457749453,3.46588742644191,21.5786860749168,0.356977304193379,0.981681652228026,1
"06037212610",0.632960926666667,155647.438856559,-438143.471037892,155773.49213412,-438157.454483812,0.634125563336465,0.633880118064593,0.514427131894287,0.635850160884297,0.517711208307306,0,5.15242802419555,0.639157741080766,0.116858925510805,0
"06037213201",0.4372102,156522.740060754,-438926.534218852,156535.15272041,-438912.947660473,0.437940669112968,0.437702957165703,0.172170931368727,0.43884305028422,0.162664700295566,3.46588742644191,7.05987226964737,0.4379351831415,0.920180281780182,1
"06037212420",0.526411513333333,156749.604194479,-438541.225995996,156750.246879779,-438543.971737093,0.527007047617178,0.527180958686021,0.116483278586074,0.525775058880866,0.114768164267653,3.46588742644191,6.97146502166422,0.422638057880266,0.999999999999996,1
"06037212620",0.527912543333333,155727.932157811,-438529.177947094,155779.380062315,-438534.902464997,0.528975233867695,0.52832169161333,0.287345166413046,0.531707672679308,0.295452258967854,0.0836258185986093,5.15242802419555,0.535027799251789,0.707842149055138,1
"06037212900",0.526955,154961.141333412,-439309.149923457,154883.48973255,-439303.019592941,0.528453553321436,0.528321938291646,0.420490742923132,0.520504999186249,0.461589327646726,0.0836258185986093,11.634354394012,0.524687992669077,0.313777630722806,0
"06037212800",0.27979927,154118.843254798,-439055.046753086,154083.8336819,-439109.998795202,0.280760286577492,0.281153252355977,0.0569213753124452,0.296313012646923,0.0320133706438309,8.19325920421901,11.3321854516301,0.223486642028722,0.897769192207599,1
"06037213100",0.540252146666667,155773.802548807,-439163.966807546,155807.651968553,-439080.478046261,0.54127069810738,0.540629314363943,0.161730681497099,0.526370246885968,0.149013488115709,0.0836258185986093,8.41940009004885,0.542009979345582,0.868566094159759,1
"06037213202",0.432856983333333,156532.499727656,-439328.725378264,156548.824657474,-439321.096649022,0.433816167032502,0.433650813728487,0.322386333612279,0.432131159827616,0.313212118783763,6.73285949229522,6.90489255887697,0.433814368339876,0.49607938147575,0
"06037213402",0.532025336666667,158064.060503476,-439209.174455397,158060.874197589,-439236.116580345,0.532902483412578,0.533705752059886,0.491536652768339,0.529941952702048,0.481748192077444,0.07941762687666,52.8058575584118,0.532895214284834,0.0713179037074295,0
"06037213401",0.387335186666667,158056.99618038,-438780.287492304,158044.837609052,-438782.744777565,0.388304800952349,0.388405327587488,0.23436055995688,0.392221636100173,0.233059747076238,0.327161731610832,55.7031719206066,0.427675383937174,0.0738190330041104,0
"06037213310",0.40820109,157139.06384425,-439113.158432537,157131.615569976,-439167.864817172,0.409199258418372,0.40947160037626,0.20332577497594,0.414178482009626,0.226022931118632,6.73285949229522,7.23205429048781,0.409212493437434,1,1
"06037213320",0.45956072,157524.426808312,-439106.302655847,157520.413099049,-439118.93789086,0.460892645212595,0.460985199300778,0.406859105219725,0.461180184016949,0.407326259953023,3.08446471111203,20.0151481740476,0.460906866166611,0.40310074991153,0
"06037460000",0.45562341,176683.026589757,-424819.242727554,177320.241669611,-425453.647895395,0.456783571834335,0.456943026369433,0.413098972003424,0.35369407612687,0.0252343700445779,5.80552078614881,487.126856889786,0.503514953822056,0.323437346605444,0
"06037700200",0.283863376666667,150836.889191911,-434606.275513086,150842.045966161,-434554.822178834,0.285098367772321,0.285255141114197,0.199062183859742,0.261953550234682,0.167074083977581,1.98134593633466,29.0777929630396,0.351251528799146,0.6810423798552,1
"06037221710",0.385922333333333,158118.641183054,-440888.942832369,158103.673380921,-440895.090248288,0.386279191763571,0.386221393793601,0.229834683854637,0.393465860486113,0.237672640452765,3.93121085928224,14.7017850867639,0.386529577721953,0.825444439443614,1
"06037553000",0.192084836666667,175378.247020836,-456104.024890088,175396.062251919,-456071.903974789,0.193123250609428,0.192717011434141,0.0187676912135306,0.194562896082146,0,20.7307830135681,62.3557629092222,0.19343451706459,0.832811629560663,1
"06037293304",0.46640273,157058.449487061,-467763.055807143,157105.451857662,-467767.403680646,0.467699918313026,0.467633460294032,0.405228493221231,0.480479535038141,0.396843294474093,5.98632478135413,186.007287364217,0.498092178245853,0.346044600837229,0
"06037227020",0.354575686666667,161452.859664897,-442931.97230458,161409.642064653,-442861.042682144,0.35488874333375,0.355244779847145,0.324111092220318,0.376522530076539,0.290352016569195,6.97275455087062,20.1995407358435,0.357125005935914,0.81505129305517,1
"06037228220",0.323616013333333,161530.498031485,-444005.394625197,161551.046732726,-443996.040635609,0.290862702852404,0.29072387454767,0.22689439480569,0.295653492939074,0.215824266314509,11.4529105216433,32.189764071159,0.290301286035818,1,1
"06037228310",0.265487563333333,160494.447454986,-443436.821377291,160531.859326727,-443466.952148069,0.266565831205303,0.266342119905256,0.174826694580132,0.282950368208461,0.195293897400016,16.8895327407669,41.7774514628236,0.303160551747996,0.983655227997294,1
"06037228210",0.30281473,161321.296238041,-443526.107805961,161268.041355174,-443544.286252042,0.30299502357935,0.30282767280449,0.258674372500266,0.315442270616509,0.253453659727099,11.5701258557763,32.9708539195732,0.30486733312937,0.94825917136061,1
"06037228100",0.308038813333333,162203.623918756,-443597.580639617,162070.749919704,-443750.906841037,0.309104050736987,0.309500028254942,0.107689655013803,0.278085575131481,0.0649442368551425,11.3806673862225,15.9231704731733,0.309172478994624,0.811073423400771,1
"06037228420",0.28153398,159625.369628258,-443795.977098689,159651.495673708,-443790.912176207,0.281820493181211,0.281738322323941,0.138395300746332,0.267919445224716,0.122546321557304,16.9347486858065,39.0303591227188,0.399089867930468,1,1
"06037228320",0.238082446666667,160388.630946737,-443830.254887695,160466.81908289,-443814.83863648,0.239415610193284,0.239486122316693,0.102254764601879,0.249300681065117,0.151025441534598,17.1242071553603,46.0972293523159,0.238030979721435,1,1
"06037228410",0.229006313333333,159872.478444187,-443181.992168409,159843.402000461,-443184.218316333,0.228740291631363,0.22910403987576,0.0421733887176775,0.236853690784494,0.056276676099006,15.9954128267507,24.2957810189038,0.470273241444829,0.720234107547762,1
"06037228500",0.343792783333333,159896.154140662,-444319.96828431,159901.1638123,-444313.662027097,0.344251339844474,0.344773746041169,0.219128346245993,0.344483677906393,0.215292351577694,32.8231454571788,44.9878498969683,0.343613696518769,0.999999999999991,1
"06037650605",0.479555903333333,152799.819568478,-461934.839499113,152745.25284744,-461980.849747539,0.480515669284341,0.480257409097981,0.134030645660323,0.489889726091632,0.177875299368873,9.92789160671446,53.1621677439671,0.398748801311204,0.869871897488351,1
"06037650604",0.519896323333333,152818.698039047,-462541.820636396,152829.485074977,-462495.602654849,0.520654064066003,0.521133903328347,0.366989766625132,0.515998468120536,0.338483553583317,12.1709842671452,45.9241832009696,0.352245645243031,0.643145181447498,1
"06037461501",0.639865003333333,171703.020475596,-425158.963811238,171672.79799224,-425228.092974314,0.641552976082209,0.641703383490488,0.36710087227238,0.625369469196346,0.325811268617402,5.42633086087142,38.144727595315,0.641552995389884,0.345349524384201,1
"06037267403",0.514620186666667,142495.995287146,-439734.025583748,142481.3993109,-439726.386415733,0.554461850146147,0.554752483970636,0.501939245808513,0.558834094678219,0.509034799284931,0,35.5730617236971,0.480019393411577,0.577948634980181,1
"06037265601",0.755513083333333,144682.880237719,-438774.984076583,144703.383932009,-438763.772955607,0.757298305437214,0.756574022891512,0.507816898674316,0.7642090852339,0.519071549832675,0,26.9846309994783,0.757296105853204,0.0952530582792491,0
"06037239802",0.35231243,160544.501027901,-448865.891583694,160522.082804818,-448848.357242407,0.352979254623375,0.353638572940822,0.250519256182989,0.35554550269776,0.266769888681865,5.27339090830572,10.2971225635845,0.401325478807492,0.200133901144397,0
"06037239702",0.461001976666667,159431.430127771,-448908.63177828,159459.962950924,-448877.070791155,0.46165295493284,0.462243988752143,0.265559927165441,0.45562603039627,0.26665434367273,0.10196196207546,28.6937081376736,0.468017555297635,0.634153539214718,1
"06037264103",0.435736693333333,141587.63071149,-438922.88321545,141600.010977708,-438853.69924031,0.437130022680021,0.438113481651832,0.418103504441487,0.396478585314631,0.380425345677471,8.070042700411,18.6582304550322,0.622986639699185,0.168010873876726,0
"06037262802",0.41575434,137764.202837593,-440344.401732607,137576.422189036,-440605.413804275,0.579927677380764,0.579252606472053,0.413562666660919,0.501734903075522,0.234735005791021,6.36146324955263,143.996700134232,0.57983859461983,0.211779548615216,0
"06037262706",0.146489573333333,136114.557001582,-440889.46495083,136127.79397255,-440750.873444268,0.146737015993387,0.14684294465585,0.0497286534350023,0.131754554275941,0,120.791226882644,209.882821604553,0.186953631582207,0.973364049216947,1
"06037262604",0.35034114,134105.849697127,-439331.953358219,134121.022629498,-439508.582439186,0.227488643631535,0.227017234576357,0.115209375548668,0.26980703486839,0.171962838374882,77.6004428344832,687.152048261599,0.227488794490702,0.136124683148559,0
"06037262501",0.319636123333333,136581.571780872,-439558.196824016,136517.793007597,-439632.169485823,0.320591283205234,0.320869533837733,0.21041537628754,0.345390917503538,0.268767033214618,82.3265682061009,703.513573506864,0.320591249086408,0.701230553804144,1
"06037241202",0.63493807,158495.21409951,-452118.45924878,158521.865678569,-452047.285572485,0.636676810903982,0.63781107916961,0.510989535787157,0.627827721353299,0.466508339294265,0,2.82992313180551,0.636657371451976,0.186879882922927,0
"06037128601",1.00990240333333,143687.96634468,-425188.501287358,143939.575285745,-425124.435398452,1.068891537172,1.07039109321723,0.947426876277386,1.03074087565219,1.00668303587436,0,3.53645630152676,0.933618505163423,0,0
"06037128102",0.6217344,143365.505326528,-423880.462928733,143364.739161551,-423874.495179763,0.623141171224025,0.623463396851103,0.25907035111698,0.620410295785224,0.255341507781971,3.90056735079427,4.30155860781522,0.390913073360893,1,1
"06037128101",0.499859273333333,144170.274700722,-423866.866803264,144205.490535865,-423837.023655448,0.500892873285004,0.500395847199357,0.401878801557871,0.488286146285455,0.37372199425199,0.0659893849056584,15.8317986730538,0.500884159109757,0.185153429092135,0
"06037127806",0.73378382,142181.270288604,-424090.988035967,142076.936309093,-424132.986713949,0.73539149224269,0.735003952831212,0.472735313965417,0.716898983761277,0.416744252938146,0.582471829158426,20.1134440796408,0.623321546155157,0.360696857590965,0
"06037127804",1.01187898333333,141742.496044501,-423108.39948766,141812.555891465,-423098.47284688,1.01386637973953,1.01418249073689,0.94994205192894,1.01287841294073,0.907404873877929,0,3.08068195158252,0.995904252495032,0,0
"06037127803",0.78115743,142547.506970067,-423091.677105741,142571.628498991,-423165.898300572,0.782486443590952,0.782372640872896,0.458443857275526,0.764380116783707,0.434405457347215,1.71931062839126,4.23556922290956,0.749953603899822,0.185026035467736,0
"06037127711",0.473719303333333,141022.995754425,-424177.836655189,140967.531436851,-423957.88759565,0.47457475636763,0.474933320505269,0.301894546502556,0.584849419471044,0.376936462553084,23.0673859142505,278.920223859869,0.474576254719871,0.101559549337388,0
"06037127603",0.63457684,140073.845466221,-423330.049314975,140077.192176799,-423352.608456715,0.63600922041827,0.636533579643352,0.420992549022487,0.626748824223053,0.418513529081628,5.11007231700523,144.619135545288,0.636009194330509,0,0
"06037127104",0.64206888,144125.837666378,-422215.708532957,144161.682988968,-422361.075328555,0.643473216276448,0.644108718943929,0.348325505576914,0.581308323450842,0.309933086792812,0.335001872115287,4.30155860781522,0.8791998669245,0,0
"06037127103",0.702197316666667,144737.942173599,-422281.783749415,144710.186913026,-422287.203833739,0.703663098369872,0.704113835736442,0.658251390774584,0.698242552612579,0.640824919712806,0,4.51595655457338,0.816674409161779,0,0
"06037125502",0.74272187,150692.318495847,-427493.442071447,150635.819807884,-427462.092397667,0.744581963573295,0.744460918627874,0.690123975482514,0.731829066760159,0.70529087945473,0,39.6084040253359,0.744580292042811,0,0
"06037293302",0.455158223333333,157049.328871955,-466766.605000971,157092.330630765,-466940.881941805,0.456400471386435,0.456229809507291,0.19786618346005,0.486960952522844,0.140327139078926,12.7935169103151,30.4224005370555,0.45668457119174,0.637698263926462,1
"06037670403",0.45372206,151160.956303898,-469803.68494804,151251.228950574,-469626.152387874,0.454386764584473,0.455115414453213,0.436702354997264,0.558028156161024,0.51657711474635,11.8372896533918,30.3434370191348,0.454386765776549,0.223147438072547,0
"06037574100",0.633016596666667,173796.055362104,-464984.989483775,173753.826567498,-464971.910254259,0.635156288329674,0.634678994537751,0.403490748855983,0.610042455017697,0.379152246157493,5.72463482534284,152.54189999292,0.635156278426043,0.31098500007934,0
"06037101210",0.37382808,157396.68397046,-416683.425735073,157461.300922328,-416639.880496686,0.374774244463101,0.374327621202789,0.1249071034976,0.387254792393562,0.0913314287115287,9.15329177025876,50.7849352348171,0.380470231438839,1,1
"06037574400",0.26902243,175777.605703298,-466208.742378213,175489.218411273,-466230.941869702,0.269131607430975,0.269164709598308,0.168638718767583,0.414915856187914,0.348147324180479,141.431801606711,411.778883829733,0.269131587956865,0.387090603750467,0
"06037576802",0.418412956666667,170678.917080436,-469819.357231038,170683.274588574,-469815.795849446,0.419725813097847,0.419677276888994,0.317978298342581,0.421082966344386,0.321093141490584,0.979544020083952,96.3878534323406,0.419725805498471,0.999999999999987,1
"06037576801",0.295306743333333,170071.944587398,-469855.20040291,170043.620958292,-469841.846322138,0.295960918657506,0.295903015080813,0.0719657587270969,0.29584979300798,0.0852898497437346,8.69153637387904,95.9508964744074,0.295960931591804,1,1
"06037576700",0.21342266,170435.357617195,-470615.120523763,170436.436787759,-470490.843126046,0.213931056935762,0.214369140260586,0.141030873533483,0.242704014399424,0.21644000134766,60.0224657561474,130.899409494708,0.184710429050988,0.958236242523378,1
"06037576601",0.1265245,168674.764179654,-470471.229571728,168706.123249856,-470410.784786227,0.126839984015097,0.126782429672248,0.0641643379868488,0.16223225214172,0.104748130497108,66.8215581333513,136.093009752419,0.126839982981714,0.956374992187956,1
"06037576602",0.11347619,169454.1651744,-470616.297967503,169429.760607637,-470508.54519612,0.0805880140041475,0.0806024352042455,0.0455505204386586,0.136253011193138,0.104677090279479,57.0548993798493,138.865097036793,0.0805880217904432,0.470503875096532,1
"06037576501",0.302574193333333,168731.224385506,-469807.246651867,168740.739155575,-469834.477648979,0.303317466409323,0.303404639523004,0.178748691014081,0.311744865198066,0.195558931708093,2.29467074097304,123.792369243954,0.275721853861602,0.999999999999989,1
"06037576503",0.274482166666667,169565.837777077,-469836.089942004,169569.074423655,-469808.874043948,0.274881058205237,0.274796040501355,0.1630300579277,0.282559814151569,0.167581362481207,8.50471051215893,109.107207025455,0.274881048302031,1,1
"06037576200",0.274926983333333,167987.996682625,-469804.787450172,168102.476632892,-469802.573785177,0.275608694183359,0.275760316820466,0.225800975084153,0.289308310010402,0.241722005747131,6.96529539607786,139.596640430349,0.27560870587595,0.999999999999995,1
"06037576401",0.235935673333333,168739.020166553,-469059.364666874,168722.472157899,-469124.865125705,0.236157491866255,0.236456878043839,0.104058437150522,0.229333699972153,0.0855399479568571,5.32349618461974,40.8245670893553,0.297490309915172,0.999999999999982,1
"06037576403",0.426742276666667,169543.738197855,-469043.971345311,169541.488909276,-469061.619737912,0.428046644780238,0.428190664205733,0.363810266930347,0.425401685429978,0.370536150255109,3.97885034376578,45.8032573530296,0.428046647031101,1,1
"06037294110",0.53951089,161116.302639519,-467095.563857302,161066.568530144,-466968.363386236,0.540071014835914,0.540207801905424,0.372647799809221,0.615449363630485,0.453829505184706,11.3491310737503,30.6081819485088,0.400804100542351,0.486567155265862,0
"06037294610",0.16687298,161339.212452608,-468273.865592499,161351.828986412,-468407.127590062,0.167073265487296,0.167519561375673,0.131517725229782,0.10545476754799,0.097980803953698,30.8285342993322,35.6145737670895,0.16922060389202,0.999999999999989,1
"06037543604",0.489296236666667,159122.552964953,-465987.381354631,159202.235716825,-465336.0718618,0.490295964407086,0.49051611606817,0.106989697159281,0.478571218032059,0.350509096184684,4.83417981250024,42.9727563468439,0.490090438533912,0.396525460312213,0
"06037576502",0.303090306666667,169162.703784847,-469834.091024563,169153.705647443,-469812.225593868,0.303953477163637,0.303981905859984,0.0827240705953882,0.298731609176522,0.0919321945291558,1.41659411679685,111.509045938314,0.217131304639079,0.999999999999992,1
"06037294620",0.289168166666667,162289.703366321,-468239.098308777,162260.597218912,-468314.516594716,0.289949419228755,0.290283453238298,0.029621179843966,0.30618531388188,0.0332144288327681,4.86026028392039,35.6145737670895,0.230042652266719,0.960102406795722,1
"06037294410",0.243373416666667,158389.779376879,-467572.251951659,158299.865875905,-467663.209152814,0.243493350596077,0.2433398172355,0.0700047899656869,0.27218990063705,0.148200127698932,89.9844347373217,304.801459525229,0.24349336458076,0.856833837628047,1
"06037101110",0.51119205,157173.119794252,-415966.002736197,157182.449085882,-416012.81568226,0.512313857677542,0.512615695762467,0.398671789147465,0.49548432428118,0.401366681485718,2.62820870422319,191.773746730888,0.470629967905354,0.60976996755314,0
"06037294200",0.657970866666667,160288.051525914,-467457.005050716,160331.399002553,-467479.829237611,0.659279608343943,0.657925366016102,0.582834301106792,0.648460203902764,0.552460535171433,0,67.9848189375583,0.540799402522269,0.405174398882153,1
"06037543903",0.450730426666667,161349.870026788,-463657.940769156,161322.669389048,-463816.595116393,0.451356776006412,0.45076527603817,0.0775900426865988,0.460253134679032,0,10.3914289589391,14.1740781207733,0.451647247018153,0.6774368249175,1
"06037572202",0.365266933333333,167147.758568732,-465867.132761426,166964.164418953,-465866.805497066,0.365790322798995,0.365341336573693,0.125936620402336,0.346495899856402,0.239916699782557,13.1974152801861,76.9340087168616,0.365790316809511,0.728865125265501,1
"06037543701",0.575680816666667,160201.142020248,-464486.099434143,160342.977776483,-464492.851740886,0.576949216692514,0.576416870024613,0.447970871235058,0.583177189736129,0.46130391360545,2.59609453117574,43.4535888273077,0.576949220547017,0.247999851701625,0
"06037113322",0.85839162,131483.42695404,-417034.416875568,131330.945812153,-417059.232414914,0.860466454363023,0.86115240500641,0.49058414384106,0.887955614167244,0.453450086996074,0.0712638881829367,23.3220288627771,0.860446505287928,0.049592268990034,0
"06037113421",1.06044951333333,130523.060222959,-419322.791752238,130182.649564869,-419653.006754321,1.06281374406644,1.06153408850409,0.811884763233787,0.930025711055557,0.693793499557981,0,15.3625742825261,1.06258219360923,0.0416756630666352,0
"06037115201",0.808375936666667,134745.152567371,-418012.718684216,134727.294525407,-418098.2651996,0.81048726810596,0.811683706418495,0.54161628056644,0.827691334718076,0.595680828341561,0,36.7399038836775,0.727034643720142,0.0957054030641067,0
"06037115302",1.17026160666667,133573.104542922,-420066.701857788,133594.082997948,-420056.651157598,1.17312862287084,1.17280969935876,0.397017780253878,1.17960740686859,0.389460781990378,8.4763443199792,10.9193727097855,0.749601082192576,0.24943089215036,0
"06037115202",1.11525405666667,134682.885001654,-419187.58246705,134823.125477077,-419156.493511276,1.11825489294616,1.12002591712953,0.454624172340028,1.11173646141846,0.543865894662092,1.88145864536022,10.9193727097855,1.01076360458015,0.374028493937967,0
"06037115101",1.0050438,137117.054329056,-418528.612391844,137100.22118128,-418529.930196478,1.00694651287497,1.00591983252005,0.12402595937537,1.01127105634889,0.134457979850323,9.11742218399176,9.11742218399176,1.01219633774989,0.319091358352878,1
"06037117301",0.956161696666667,139098.2444061,-418192.504408521,139082.457866923,-418251.460003075,0.958496011974131,0.959148636063402,0.470754006545249,0.951265535918423,0.437960694388545,1.18454570404593,7.01722643450459,0.982876269224171,0.331259578603493,0
"06037117302",0.903532453333333,138267.685668592,-418658.122891158,138283.34745547,-418540.67792831,0.905654166763186,0.906157091636263,0.477291668223997,0.894649546876395,0.504032363991465,0.766863345154738,16.1346486184963,0.913871374662532,0.0397376817824815,0
"06037117404",0.797274033333333,140097.487495028,-419696.671281006,140050.449223072,-419673.75686127,0.798755033036313,0.797590663067009,0.550874574294436,0.806340932997174,0.519578083937287,0,10.9097423728004,0.79670913505262,0.128426811214431,0
"06037115401",1.39528550333333,136783.42777803,-420156.61935884,136842.54483334,-420209.413925658,1.39814451676369,1.39895041157302,0.841430467825164,1.38381015772587,0.858282322087727,0,7.71511987259167,1.39795650973583,0,0
"06037119320",0.540133663333333,142426.198171896,-418500.2481881,142503.78201878,-418517.645526796,0.541230854316948,0.541441799166479,0.194542016416091,0.543921512898653,0.15966680539802,1.61139905046222,16.1214959025731,0.372715810837143,0.732711562821258,1
"06037117510",0.3947222,141573.388149724,-419089.861158642,141550.058553291,-419083.990575655,0.395200713530301,0.394785784578285,0.24878816599932,0.402477252145365,0.243090308019712,14.5100968521109,16.1214959025731,0.393929868037001,0.999999999999999,1
"06037119340",0.40055144,142591.334526002,-419087.036959147,142583.827925627,-419087.144753153,0.401418156961518,0.401248546355214,0.171702361911765,0.401441805704694,0.172290699745383,10.9823642409022,22.1233835931084,0.40141135533681,1,1
"06037119310",0.75005765,142697.653839558,-417777.763909196,142792.612821347,-417793.644275949,0.751907915670325,0.75325988211937,0.602476659015329,0.753981718232435,0.594139710181092,0,8.27042401516547,0.468101231447652,0.981693128155766,1
"06037119400",0.846853653333333,144057.847693422,-418342.307817327,144071.041313781,-418292.186288072,0.848625427604867,0.848576009294849,0.828398147898284,0.869717005676389,0.842251861000717,0,20.917211386091,0.807698104179635,0,0
"06037602105",0.533378953333333,152752.922459758,-453702.484581262,152838.818783834,-453721.772538139,0.534284016945339,0.534092179319121,0.296032316056492,0.493771060296694,0.244502461880439,11.4702471408686,22.3851323058357,0.534241548411427,0.589507052757563,1
"06037601600",0.43371514,151272.722187276,-452094.016400146,151469.080085622,-452045.433813357,0.434100359473261,0.434613930626501,0.186383791206689,0.391336963560573,0.170637395360786,5.76246260023053,11.8521885357756,0.670661848474446,0.436915844136395,1
"06037601700",0.57319392,152567.419536864,-452025.683767745,152554.465263477,-451961.049027221,0.57466860803407,0.573515891408686,0.455957884636429,0.575678682425277,0.441356454537694,2.00863001915639,8.10268763814504,0.58462710392963,0.370174189152182,0
"06037601801",0.713067566666667,152496.216041849,-451091.837594281,152499.84924201,-451123.466835678,0.714708147262488,0.714483786875593,0.557176036073171,0.70892561096966,0.545359198218852,0,8.52503569428305,0.71470813969716,0.0187992586345892,0
"06037601802",0.653930233333333,152503.596873159,-451493.422676006,152467.382907124,-451500.201947037,0.655370384632811,0.654830159832098,0.427858452650494,0.646785109117896,0.405212206456434,3.4927093646951,9.90484215628243,0.662438288403765,0.256079472926814,0
"06037601900",0.63677175,153509.988501915,-451301.886686372,153541.869782873,-451378.498706553,0.637817866034021,0.638947693433706,0.486734361145045,0.61099265138564,0.435566135490889,0.210565453122512,6.96182334244331,0.637817848826419,0.14969195653417,0
"06037602104",0.601821313333333,152716.216440991,-452846.121393244,152739.858462782,-452867.563308097,0.602651922597117,0.602771988532116,0.423406921383982,0.591103118937584,0.408349881894778,0.154121162397548,26.0486731084262,0.602651925558612,0.280733029788939,1
"06037600801",0.360548563333333,155071.064610853,-448624.128908501,155083.004105083,-448618.172220903,0.361262544279122,0.361543828491688,0.0998822122439626,0.358576115611797,0.103445220644076,1.48729733740099,23.9525366655977,0.361174792670173,0.855532191511581,1
"06037602700",0.286064053333333,155586.20252144,-453278.974227285,155595.543022809,-452917.508266363,0.286276990154271,0.286976898410495,0,0.496292672043751,0.208855885920198,115.535279376578,154.378671320814,0.28627700151117,0.507365081827375,1
"06037601100",0.8205643,152689.031155903,-450484.480679701,152719.062079683,-450474.909429527,0.822898366360693,0.823453564274059,0.762684031644372,0.82741324030748,0.781894164907988,0,7.46165612454707,0.822898358702166,0,0
"06037600601",0.664769373333333,155121.926710003,-451244.732706916,155104.153721861,-451260.024413716,0.666243396980845,0.666169224425967,0.543288723166742,0.676625188109287,0.557687818551179,0,40.9090850435324,0.660530351000157,0,0
"06037302104",0.455800613333333,163016.938043717,-428513.996126173,163046.861068513,-428559.13188703,0.456764877562546,0.456713677494731,0.162199129166701,0.450854318873865,0.133542793402197,3.13794744267135,13.8777146446661,0.456764873129709,0.942657741096241,1
"06037300901",0.208735443333333,165366.992501939,-425854.680359073,165143.664991017,-425782.801162202,0.208882319393412,0.208945943844361,0.0532927623961185,0.265785406317243,0.060159949555919,190.88940362888,767.097431190502,0.208883026924944,0.0947595884579871,0
"06037320100",0.468661943333333,144732.761393259,-412255.230358728,144496.491512928,-412077.407945928,0.469773551941354,0.468884591420232,0.172827135491324,0.458180428433034,0.102669674309831,7.87898431337271,11.337971697542,0.469977874726828,0.586136944194074,1
"06037106113",0.579049836666667,145190.178592967,-410992.973654997,145261.978960847,-410993.580551075,0.604390705707662,0.605009710080248,0.482992880440755,0.582277372503716,0.45022177104884,1.98138371621837,166.588914196188,0.69550729259409,0.12184503269922,0
"06037311802",0.181182016666667,155678.647760664,-425715.391740289,155634.253047883,-425756.832606919,0.181588973251003,0.181257592941637,0.0371216251534858,0.171518018001427,0.00367632604093272,7.22691295436064,67.0948034860951,0.181588995515827,0.89216519679488,1
"06037302102",0.378470726666667,162646.073538303,-429705.398226112,162691.135904478,-429570.711736627,0.332741653573563,0.332512307747931,0.152803235261246,0.336846135543005,0.103691045941727,0.655475630702681,12.3350703257321,0.332741639560199,0.755427186940089,1
"06037302302",0.296515206666667,160290.655994281,-429131.19186559,160410.792717786,-429176.010126223,0.297358835168034,0.297234036176927,0.160836140570261,0.316386347312546,0.234351297909332,7.21102231955796,64.1414383560467,0.219348907718874,0.998325342803784,1
"06037124400",0.474860623333333,146603.207154882,-425637.771822038,146654.20527289,-425605.463935661,0.476530582603565,0.476605145246631,0.235836369089792,0.491579143061808,0.269918464012247,9.11873947719146,35.4693892021988,0.592994545524548,0.834108588750217,1
"06037125200",0.161187043333333,149031.879150515,-426604.390726424,148969.477232495,-426540.96371856,0.161415623228198,0.161318139436064,0.0806500488769615,0.170483036777512,0.105505875537901,63.7161111540689,65.2279065540105,0.362080316493744,0.931365165888319,1
"06037124700",0.814668843333333,145981.986657848,-426993.210475906,145994.965566922,-427004.034233074,0.816489157476455,0.817931252904795,0.502702118669965,0.816463076032657,0.506645446422176,0,13.607162273981,0.858058969885606,0.219136297149485,0
"06037125100",0.427538933333333,148226.077656094,-426619.417367173,148215.913899726,-426526.036919272,0.42797215790278,0.427325635960292,0.170357309859882,0.42176250521172,0.148014400015905,8.11317867945686,66.2534830255653,0.694576843657891,0.194049959948975,0
"06037127102",0.630534036666667,143322.425677691,-422138.384398944,143286.449739734,-422372.147290063,0.631881863236588,0.632581164605964,0.375111899566487,0.588907717939375,0.294025608583434,0.335001872115287,4.93195067510514,0.870112986278722,0.0333476353716001,0
"06037534102",0.43455604,169888.465338868,-447825.584594974,169911.799481685,-447760.704711261,0.435324363094075,0.435489899526201,0.292421325466696,0.450544719370065,0.293782989143533,1.24015339426654,43.2911225604451,0.271353254066035,0.774693187012085,1
"06037533104",0.492989973333333,164076.646353145,-447216.765467775,164090.095364692,-447230.347346611,0.49407717060521,0.494209421118329,0.350282209001714,0.493987782955842,0.347025645075943,2.62186149692729,16.9607713009798,0.493083645192112,0.535314703596666,1
"06037533105",0.5671778,164803.363482398,-446515.73788546,164803.93303689,-446523.574773906,0.567734079948551,0.567789869818074,0.22130428550034,0.563917742447887,0.216619964397136,2.62186149692729,34.1195236538379,0.5677340902496,0.944180438542608,1
"06037533601",0.293781736666667,166856.760015129,-446741.004133261,166758.960415285,-446724.317786512,0.2945806646679,0.29441099275727,0.259959480197394,0.262979125437596,0.209887558866084,6.51920914590306,41.2674021420526,0.283064631467003,1,1
"06037533602",0.236567463333333,166652.927486943,-447110.308542682,166679.560882687,-447127.098474,0.237712350809465,0.237286453148126,0.113154935530682,0.250425378508161,0.123872459448245,7.34955201752355,48.0743971561461,0.218920283425769,0.999999999999978,1
"06037533501",0.269027696666667,166259.054216948,-446202.364945772,166320.635009416,-446181.389136952,0.269241391525156,0.269253842740499,0.208463170738473,0.239216613320759,0.171831855326031,3.70001784863005,39.9138286473509,0.264994034222314,0.986664216999591,1
"06037205120",0.5341854,165151.873771394,-442527.104277133,165377.949416951,-442251.56886935,0.535664130312153,0.536681648199403,0.12924331394702,0.395854914508515,0.0483717461532485,3.45613631494036,17.8726735953712,0.538220352068675,0.451138076333153,1
"06037533804",0.35786623,168261.217800636,-447298.882868742,168257.382289889,-447298.84459289,0.358423027912047,0.358171916144697,0.134595478074336,0.359039907583126,0.136978045747255,3.85457606092316,26.8938185876591,0.358423043985267,0.909952264063686,1
"06037460302",0.448744483333333,169769.735032776,-422954.251644122,169816.210355102,-422971.825415428,0.449846060593065,0.450028004911917,0.390862009040652,0.448641779262465,0.397932795764493,10.1313885448615,280.192016521477,0.449846110582756,0.696352252650445,0
"06037800101",0.132366046666667,126641.533652559,-430378.191963056,127067.942933912,-429771.945839221,0.132923224965221,0.132787717905549,0,0.434115211357469,0.236554180719974,95.5419515575112,338.700411925942,0.246996642366988,0.695040674424273,0
"06037800102",0.109586813333333,126848.919303752,-433970.86430193,128403.736970732,-433346.852481532,0.109686648038385,0.109614576162022,0,0.533915893356582,0.388057129012701,185.077568592874,826.900001541149,0.116651111931051,0.523767310298512,1
"06037800202",0.441240196666667,121397.237575078,-432565.571409054,122707.068996363,-431012.414589762,0.442126634931828,0.442199420870251,0.375598516932237,0.494339188590895,0.286788855735958,21.4043077313791,364.190033343262,0.442126608668214,0.421042315838929,0
"06037651102",0.26421277,153118.287379881,-464669.641704165,153112.661796737,-464754.28090524,0.286642563244348,0.286490586497448,0.103728000805077,0.310515645028835,0.107936892433834,33.7151034842308,68.2908854286362,0.194253303701347,0.436969230159775,0
"06037401704",0.418297216666667,208343.32161708,-432579.684546928,208344.32852964,-432462.336452536,0.419003073999562,0.418888949695994,0.0690920171304353,0.420216844741187,0.00178291816793923,6.60771112047788,30.5472012573313,0.419227012491729,0.510874310079248,1
"06037408722",0.54980367,193846.508282057,-447346.730191358,193948.758170582,-447182.183584173,0.551526855734389,0.551303506275516,0.32748962240284,0.554519994145409,0.433760794778543,6.63726526759897,75.8079348764984,0.545156225888218,0.222003021500073,0
"06037400900",0.44050292,195787.068861668,-428888.219807135,195776.736107435,-429030.740040316,0.441695215624819,0.442209267431368,0.152078161495958,0.47454770929987,0.234506305951185,17.1231261673898,38.7395290896444,0.446318899589605,0.695829948685341,1
"06037190700",0.18036562,153742.975278061,-433871.413979851,153768.511548047,-433952.994685139,0.192074560892489,0.192454402380319,0.0858244467303394,0.210694522440918,0.133043294955357,2.82109995024284,36.3171616526607,0.192107273985798,1,1
"06037403801",0.609506113333333,196698.886384527,-432540.552585034,196759.790603358,-432505.061428219,0.6102038595516,0.610306547844679,0.492252978374235,0.598078574805667,0.458902407189292,0.0974911480583557,50.4820099013919,0.632696297316898,0.24736820753704,0
"06037405202",0.762400773333333,187960.887481147,-435175.189647228,187904.970060086,-435226.786116447,0.763850505974669,0.76410091407296,0.356203521534853,0.786787530950248,0.381198769415416,9.83138271201502,11.7894847903711,0.763850518155441,0.476476107684144,1
"06037404801",1.06269006333333,186669.595313673,-435463.03189152,186694.002230661,-435381.424337202,1.06505383290122,1.06593116595133,0.885804144960884,1.05865844243555,0.844022308588717,0,6.21261880783854,1.06505386885209,0.0662122276261876,0
"06037404903",0.889151706666667,187072.341181432,-434449.546278994,187071.825729769,-434452.735233741,0.890836080463681,0.889354027503108,0.457559972599562,0.891097875712497,0.457928678876247,2.76341422461657,9.83138271201502,0.890836082293665,0.120803852423814,0
"06037405201",0.499325643333333,189072.87486485,-434702.68762864,189042.583399362,-434784.85107487,0.500641058196799,0.499968916419652,0.0726332389557453,0.503603828958426,0.0913980900832725,1.95810207835608,19.8486339518323,0.51572516554591,0.730192632086399,1
"06037405600",0.80299724,192359.905922043,-435215.011931549,192341.405648477,-435279.82789215,0.805153361905668,0.805282245228967,0.133137636577359,0.79496791483676,0.156794712640131,9.14522884188269,9.14522884188269,0.80515339446538,0.481508774485077,1
"06037405203",0.709383153333333,188548.623427393,-435675.600984283,188546.322199418,-435632.18464178,0.739734627576377,0.740786666314387,0.558263436020887,0.730680422563018,0.533033836696981,0,18.9539617119582,0.739734635431073,0.0645702564167593,0
"06037406200",0.714244713333333,193995.591322212,-435538.462207213,193635.251895456,-435353.144913768,0.599054670705508,0.599899853484442,0.441737003572451,0.704587433465787,0.572195209048115,1.01150358064997,39.8624400453543,0.59908592341008,0.155963876405635,0
"06037501802",0.38177362,182123.864901461,-447831.325334188,182101.91595298,-447756.867291357,0.411510991374496,0.411481721342358,0.382629631193652,0.376221890448513,0.341312168507315,10.5552135668984,97.8156617361821,0.411511003607068,1,1
"06037109400",0.43523959,142179.539003602,-415195.409120366,142124.99573724,-415168.832318528,0.436280869256991,0.435828401259446,0.21227892711392,0.428383863976837,0.19663899889551,17.7140817556691,39.1197299873955,0.436275796128209,0.692791827881635,1
"06037552602",0.4694271,179092.917669469,-456403.016482768,178890.562372719,-456468.111461603,0.470806387601964,0.470905550110324,0.0183547232710249,0.415822216228612,0.0471353783162228,61.5036462135729,84.8932120679454,0.479476075311964,0.0131506518066183,0
"06037552700",0.601897103333333,178222.449382603,-455604.580453877,178196.972528342,-455608.975243563,0.603009962549875,0.604436430758845,0.257977019853499,0.603350814890334,0.257717790312479,43.8236183779971,94.1256219843031,0.657626818577611,0.155550966032669,0
"06037552601",0.450816533333333,177827.732305693,-456420.908118298,177845.499730881,-456463.07760245,0.451226221001874,0.451712055718326,0.280827342761598,0.429926867852917,0.271803055112833,39.9768866223187,89.0790307032995,0.554462633132043,0.402666095683214,1
"06037553100",0.221355636666667,174605.115170734,-456582.138523614,174600.967312921,-456442.751134751,0.221139775167063,0.220870127920947,0.16108373519825,0.243704359395297,0.161223851595972,23.99281816793,93.7864154640203,0.190626593962474,0.536115608927015,1
"06037554514",0.39400434,178606.464482517,-458311.43911985,178668.692872808,-458327.063676846,0.409210372009701,0.409448444014875,0.148004842888729,0.407915623712899,0.120333886073247,0.822063514963982,34.6692229314337,0.409210357631798,0.542911173884737,1
"06037554516",0.276050296666667,178868.668398259,-460390.486652009,178882.731264014,-460440.658859135,0.276345054040929,0.276549544641526,0.121089993196027,0.269356312714351,0.153466922723218,34.5449479962535,181.546247938394,0.276345046467768,0.939977074904117,1
"06037554600",0.550599093333333,176771.372956369,-457291.243386734,176782.105965512,-457343.184260571,0.551523987215696,0.552822256857742,0.529784460445545,0.521424416830758,0.500176359197561,0,46.4550842437729,0.551694825699154,0.15327365484436,0
"06037554521",0.256608206666667,175834.316504382,-458614.369116148,175814.533840092,-458674.152414978,0.256880045527823,0.256452281745956,0.160319555666455,0.251860363837514,0.173957153092327,20.597208015968,91.2188385456455,0.246378577546896,0.581701289859215,0
"06037214000",0.58609937,152420.745918909,-436535.079193928,152422.512275109,-436498.996868176,0.58785429032091,0.587909873622059,0.282471528870649,0.590155304294423,0.280052833653244,30.7593398657491,67.5361620199606,0.629265284801588,0.623860467805926,1
"06037214100",0.902871943333333,153273.112322989,-436542.247541824,153158.528727086,-436542.394424458,0.905085079043382,0.904338970789128,0.80887152640718,0.893013870057358,0.737892113487058,0,31.1662192775195,0.990175761998617,0,0
"06037214400",0.370473503333333,151600.12599178,-436182.842733829,151611.39909177,-436175.252072941,0.371271792047014,0.371692220406995,0.184263968242654,0.367968906876944,0.18274770149475,35.5090603880313,58.2471190439672,0.314179474504633,0.884075360109292,1
"06037214700",0.38446055,150808.236901449,-437491.017736751,150806.465209187,-437529.300766984,0.384964089577935,0.38485039047569,0.224978083482798,0.370327216867121,0.201829472359899,6.18065024359415,77.0590840551415,0.384964086688689,0.444986407366118,0
"06037214800",0.63078563,150162.199263936,-436957.551917951,150198.913609622,-436922.329747568,0.63233999099265,0.632304592428054,0.59872351087615,0.661769741888103,0.628281708681549,0,36.5584734530786,0.632339980690733,0.0507057662604297,0
"06037214600",0.593327353333333,150842.91673154,-436792.725538979,150839.462010957,-436808.572883653,0.594332553212451,0.594791187651049,0.539984770615911,0.595148787200061,0.542335132427978,0,74.8208587738988,0.589071824863374,0.125692989105916,0
"06037216100",0.490887186666667,153427.437238191,-438507.158129175,153392.397896429,-438551.43853498,0.491266646869263,0.490637373615071,0.320880829302448,0.505513407379218,0.342777947949785,2.87397639239613,10.1928799383381,0.467742756670192,0.520333951427159,1
"06037571701",0.109800363333333,166561.770525884,-461389.58200989,166838.800188393,-461387.985863125,0.110065666189955,0.110250851150151,0.0363000858600549,0.233346642420844,0.208359933433406,17.8469749324789,81.6894247069429,0.338227191851235,0.269381128649616,0
"06037572100",0.143029456666667,166442.912671039,-464135.296980212,166607.076878737,-464441.181308537,0.143091439916931,0.143217292798314,0,0.174038558355391,0.112087945490676,13.5169041700807,51.9053517237231,0.143091429592196,0.614693452315151,1
"06037572301",0.524174346666667,164577.709936365,-464767.569789704,165048.666191134,-464334.969902992,0.681495305186902,0.680314925844669,0.470932762955788,0.472077582019675,0.170220516631095,0.614101465301591,13.3504406619668,0.681495313089322,0.463016929457198,1
"06037572302",0.26601865,165707.934187813,-465089.494985361,165596.214978381,-465073.583890216,0.266518307135937,0.26615185546391,0.04597499436939,0.297219944194649,0.017285129522367,18.9505045054358,32.1938599835261,0.266518329353015,0.858871470304962,1
"06037228600",0.299349846666667,160653.363419376,-444283.958665849,160610.731900785,-444261.403418439,0.299959625723263,0.299744788228648,0.233335285820059,0.303938780832514,0.262540302226622,12.8783534410196,57.5339704500516,0.296237928418904,1,1
"06037229200",0.144717366666667,160667.256620069,-444885.016060671,160681.041347339,-444880.607682356,0.145655943140449,0.145381925993501,0.0261902402442219,0.150425766400421,0.0232578320642079,21.121439899397,58.8487752586363,0.145150908684515,0.999999999999997,1
"06037228800",0.30218869,162288.866857611,-444746.032162147,162136.22218184,-444802.088981345,0.303186607896387,0.303254032596585,0.0216163297018244,0.267673637919387,0.0714571755836225,6.38800997466959,26.5268768148365,0.303897882731606,0.936736438658556,1
"06037228900",0.286189263333333,162326.374345878,-445543.31514964,162243.959193026,-445455.310657985,0.287574509524352,0.287207195070388,0.166210234396703,0.23888743716169,0.130380453423055,11.7749448270549,24.9335922142119,0.286290204236925,0.912910446400378,1
"06037231400",0.580699103333333,155816.407666507,-443166.079679156,155811.666212695,-443140.735357728,0.581539412638363,0.581004711630734,0.24196374040022,0.579174355790971,0.245186794747186,6.51047285624406,10.5832013185203,0.595227307907028,0.231246387067045,0
"06037231220",0.56123014,157999.396831306,-443126.986965951,157593.958459016,-443112.72068191,0.562544086544022,0.562921469249934,0.173975322360434,0.509920969128783,0.374921902466508,10.3938910464777,11.0158533961749,0.304505706792094,0.999999999999997,1
"06037231500",0.701126366666667,156032.112799914,-443970.920726304,156028.00922437,-443990.132655582,0.70270291860834,0.70213995958493,0.400401947828929,0.704565298054243,0.412582956781375,4.91217851962976,10.8358324128538,0.70889071864316,0.278229309796155,0
"06037231710",0.509106063333333,158014.80042051,-443929.731436907,158026.54810741,-443924.561972418,0.509803514886708,0.510680043967182,0.393894012820299,0.51339933111563,0.39654522964682,0.140685311894347,14.6596195383409,0.401782854984556,1,1
"06037232120",0.27892429,158532.387479855,-444767.776259758,158516.733495157,-444769.503963552,0.279758789391277,0.279556372433161,0.147509739579784,0.275843979091498,0.137731665437234,1.24812260804161,20.8119656938176,0.279758808852609,0.933593338937009,1
"06037236400",0.262260903333333,152297.162337648,-444099.941139254,152396.911311579,-444114.097580786,0.22432845424632,0.224458950360441,0.140866391337631,0.238721562547074,0.118423766978303,95.5625255554778,280.444611545232,0.224328547771323,0.999999998486678,1
"06037236202",0.2786799,152109.82870447,-442951.4019128,152113.471507312,-443019.494114988,0.279339789787513,0.279887879211498,0.167097463285226,0.257196559950461,0.129716264699447,52.3554970920865,259.348816955743,0.279409756741516,0.999999999999991,1
"06037234200",0.809431286666667,154136.111748902,-442992.615012256,154148.232602883,-443051.138203428,0.810766619379622,0.811854543600808,0.690316292906742,0.794020664159915,0.654895184724735,0,2.27522578564892,0.81113144682426,0,0
"06037261200",0.127862186666667,143540.503819628,-432489.480179629,143648.215901948,-432440.055607312,0.128325949023975,0.128248921801315,0,0.130784259690437,0,110.732377148789,165.50414797272,0.147407230957308,0.379619397837566,1
"06037262100",0.557967223333333,142922.931469774,-434379.936718932,142839.698354576,-434440.077578836,0.620940306890784,0.621086107514505,0.463253195459582,0.67245693548905,0.524411018672022,0.180601899383112,24.7918845787176,0.618509185189365,0.0706409926810398,0
"06037262400",0.248785426666667,137615.178081444,-434903.649048763,138010.056015466,-436738.98338825,0.086441101310896,0.0866417255786123,0,0.314299171536973,0.246213656477134,406.101739603509,1229.32807688831,0.0864939847386686,0.447638099575325,0
"06037262303",0.557023666666667,139669.699335032,-437724.394674218,139754.940237358,-437685.273888948,0.558749269917041,0.558804995827182,0.234129683113546,0.54985530251665,0.244381509367787,2.30325071821083,46.3092367790208,0.558834868387464,0.0921970793545145,0
"06037262302",0.591280536666667,140578.387112805,-436706.009393522,140545.610558256,-437084.933847017,0.593270267115699,0.593163018219368,0.439188332292928,0.634349373985666,0.588062378747233,1.47404402772894,55.4155565916801,0.593219982106743,0.242812040153275,0
"06037267200",0.835690416666667,144287.305341061,-439913.816081079,144320.678592497,-439800.316087344,0.838031638643829,0.838077478342425,0.640123977299117,0.8133318008446,0.621373944701849,0,26.9846309994783,0.711679158890853,0.100375811042335,0
"06037241002",0.39519882,160764.2204449,-452981.292887639,160689.086948847,-453006.432967057,0.395479872671444,0.394826534701161,0.116124222224862,0.429236733256932,0.12411957235666,71.36216286538,135.450620218779,0.395479884230833,0.730119191112777,1
"06037241001",0.57378679,160272.254116601,-452541.606404387,160289.516320149,-452519.657889561,0.574812911969376,0.57443711456579,0.417491221868825,0.572014842745118,0.414346363828992,0.0899144182891356,113.104277779747,0.574812922582297,0.237084041060335,0
"06037240402",0.279305836666667,158497.035888646,-450869.65830648,158479.516045231,-450871.385012158,0.279976400979251,0.280230313645348,0.219185570998549,0.277715147612897,0.222337911940097,0.467873177591639,19.6169715607516,0.213236381266712,0.852441423745857,1
"06037602507",0.515128083333333,154385.118052957,-455484.400419935,154357.209299622,-455483.448710244,0.51659912720134,0.517330177214597,0.443085135889736,0.509417574119568,0.442631926979377,3.6086757257774,35.0418690465232,0.552818936927808,0.235450195261407,0
"06037602506",0.448494993333333,154377.721038127,-455081.351743299,154401.121612583,-455082.44792457,0.450256072109076,0.45004318010725,0.359918739881912,0.462561008312261,0.373504372955087,1.94211649700676,54.8274595373411,0.545635132381783,0.167337101384336,0
"06037602505",0.285481266666667,153380.255503958,-455300.772299077,153440.743742664,-455253.497209697,0.285964996361241,0.286195817639175,0.0290735925200727,0.269687156324458,0.0717981680948412,10.6332673376506,38.9282386794407,0.34182950635395,0.999999999999969,1
"06037602504",0.302295316666667,153781.38386223,-455294.086299454,153795.290112389,-455240.629748362,0.303426377650752,0.30379577738262,0.25599354027444,0.286205779565428,0.245485601373244,10.6476013222887,38.3240952665787,0.388019162111121,0.990310204218886,1
"06037600303",0.40835748,157327.89133296,-451898.610730049,157329.105251395,-451882.743740462,0.409637479401837,0.41017181530502,0.297674608317482,0.400875702596544,0.288498298583574,0.673468255527666,4.6307642309016,0.569295249572702,0.422092283881902,0
"06037101300",0.39042499,159221.042335194,-417116.369412569,159227.506237275,-417434.129917466,0.391360901181018,0.391532430449906,0.333646464369607,0.467629536403617,0.364404306232031,7.76991199023469,401.665638647964,0.39135728725959,0.196104138431812,0
"06037651001",0.402438696666667,156110.255297754,-465596.532996334,156123.124858551,-465644.930663179,0.403156038045337,0.404211471023184,0.0746510588766441,0.393363474627235,0.0445191170949229,7.39861182800599,26.5291741067934,0.403150363180014,0.99835365672009,1
"06037702600",0.277108986666667,148230.120642465,-445429.938741916,148235.604667698,-445345.057321299,0.277794262331917,0.277430208378215,0.147911087397466,0.282147581321097,0.141730973040776,7.04115528642995,29.6528922635291,0.285365969270848,0.70233719342377,1
"06037670701",0.516510546666667,156298.341678853,-471211.181046145,156321.342068023,-471406.99090989,0.499068344907776,0.499564481372881,0.130909132303187,0.432764730780935,0.112445293351727,9.82552391301304,191.001948789987,0.499068361968988,0.577757928782811,1
"06037670002",0.34758187,156230.706223451,-467572.895979288,156217.57600207,-467502.189216438,0.348666999149318,0.348819349540868,0.267863470552414,0.341894706266972,0.312539597546636,1.34590619403993,21.603702357756,0.34866933596072,0.396468171344958,0
"06037294520",0.413370963333333,160635.417368445,-468339.929084649,160622.899153695,-468384.22245598,0.413727353759344,0.413560636734769,0.374153053350078,0.412905389712883,0.393820635230258,11.4696702894458,49.1916376434397,0.410129172536125,0.636770438953425,0
"06037296600",0.432734026666667,158270.954799352,-473601.242256516,158277.406127996,-473585.368171239,0.433928987317362,0.43477725904146,0.428585159591766,0.424222324292684,0.418876087517769,6.36767431546461,98.9566398203487,0.434363728208148,1,1
"06037575103",0.231836856666667,171042.133312159,-468213.739452859,171039.317677286,-468132.047503968,0.232529261991656,0.232715285606728,0.182099504333722,0.239087338443061,0.135700494698925,5.88188589073216,57.88138038697,0.232529217639953,0.999999999999944,1
"06037576402",0.285895096666667,169141.024871024,-469052.082792797,169145.124079668,-469015.469238115,0.286862346894897,0.286963098054371,0.154846124156645,0.289869908007993,0.170348163950776,4.80437812748697,43.3159344910089,0.308582350681052,0.999999999999951,1
"06037575902",0.268527956666667,167206.36451059,-469827.762836328,167175.699412183,-469782.775108004,0.268510423516284,0.268633300660702,0.215860707954794,0.28947630170302,0.245929244679958,27.8896484785613,114.708923087958,0.268510437516633,0.999999999999972,1
"06037575401",0.22426583,166762.730442878,-468287.269434727,167103.227817033,-468268.062113064,0.224382349215175,0.224586455113026,0.154815940088645,0.201948874314892,0.115685396255875,10.5342361392425,41.1624122820882,0.224382342975033,1,1
"06037575901",0.062397953333333,166585.497929087,-469814.176958196,166758.882548297,-469821.866113144,0.0631150068182318,0.0631558600173204,0.0018741840811294,0.156323216208325,0.109716061042155,49.3816183657435,82.7783709349729,0.139656504089377,0.837612142392011,1
"06037575102",0.291220083333333,170238.148312155,-468428.293366178,170173.153482625,-468406.313015011,0.291632290837215,0.291551073869669,0.203850003748631,0.310331005547621,0.238937894315816,6.09757374657232,64.0503452344597,0.291632283989771,1,1
"06037575803",0.25703943,167329.876700541,-469087.255096596,167334.80505557,-469091.966055857,0.257742948864365,0.25832117010911,0.0665249609790027,0.258992891277539,0.0632066533056705,12.8660243202048,70.1169560416804,0.240834622059713,1,1
"06037297000",0.336471946666667,156789.609807785,-474372.79031932,156942.055840332,-474345.853024959,0.337775803646272,0.337030794165162,0.0279448482672507,0.373672860419684,0.122887551627683,18.5591932190921,176.351107466384,0.337969822575229,0.9678551336344,1
"06037575801",0.04055202,166532.820038626,-469080.830956799,166691.464355898,-469135.811792218,0.0410609524937053,0.0409865555506158,0,0.0959629735934052,0.00539054308854649,35.4339479471046,62.555111149524,0.163279443085357,0.971306539286479,1
"06037294830",0.24405981,160552.192775422,-469880.793927436,160299.131581215,-469701.354227588,0.248961587696461,0.249242645423898,0.0588849986438204,0.254678444557558,0,32.1687100331679,44.0892083265124,0.248944316383563,0.933602096389901,1
"06037294510",0.64203594,160093.558599647,-468376.762262819,160077.305272994,-468415.924580119,0.643343497847137,0.64226787998467,0.579170492371829,0.643530104638724,0.567903789849369,0,154.130819374224,0.628185401895082,0.00409658951866728,0
"06037294900",0.352195946666667,159581.818184871,-469688.778960093,159661.753376638,-469587.19014595,0.352884737256528,0.352740234177383,0.210268455632084,0.355708913959134,0.269029286372616,40.1678225690407,156.909213851054,0.352790225425688,0.988157307296622,1
"06037296210",0.178052386666667,159032.956826536,-472719.298522307,159045.269703783,-472863.021918492,0.178558668182906,0.178735750031208,0.143731065207766,0.23936765791525,0.228619855182363,22.229657250414,94.9455339075765,0.160323297506636,1,1
"06037294810",0.454490783333333,160124.570976922,-469159.821836632,160125.242694306,-469159.834238743,0.454978572211814,0.455261636227404,0.323052250459294,0.45477458782273,0.322892117595672,6.91778638603397,117.662961401205,0.455052165493956,0.681984882373213,1
"06037577501",0.14383413,174009.129064197,-471626.381455307,173944.182499689,-471577.464649396,0.144296109299506,0.144279133680687,0.0738807338399515,0.144027723060912,0.0571384095722312,39.9431000425536,273.615015511548,0.144296119046673,0.581797152730076,0
"06037575201",0.112380556666667,168881.167618634,-468223.773370903,168867.276770873,-468222.557623603,0.112404476359502,0.112352451677386,0.00909207595416847,0.114226573275379,0.0176779488933344,23.2816868776288,55.2313715796336,0.112404445024086,0.999999999999946,1
"06037575202",0.294932413333333,169469.270292957,-468281.096459318,169443.013713994,-468265.704615154,0.296083148563236,0.295970374606938,0.242898572770952,0.283884519191247,0.23319618783206,23.0992983815778,70.159196506135,0.296083137502152,0.999999999999983,1
"06037104500",0.787225466666667,144959.55660463,-416617.594881158,144932.204394908,-416598.221896799,0.789083915511084,0.788408992386847,0.465200659776738,0.782965396377074,0.485403047025961,0.137684795339435,6.75995851177275,0.807846466437013,0.272723638294636,0
"06037104810",0.704753166666667,146310.722510926,-417173.49963006,146207.446922033,-417128.91145987,0.70635791665714,0.706128151018753,0.413949406974768,0.699374660219635,0.344051675411958,0.137684795339435,14.5534849245114,0.70635790538346,0.302882041935975,0
"06037106403",0.618646676666667,143436.724485309,-411039.376917097,143523.792257927,-411165.173658948,0.620059803176781,0.620766517746283,0.160083660998007,0.59802064262322,0.252529621959122,20.0238203649267,26.9487303647522,0.62005327508611,0.723923860396174,1
"06037107010",0.493830323333333,142943.62034359,-411483.679630689,142816.335445064,-411404.833995806,0.485423325461647,0.485941134122009,0.308376603617818,0.504305371472932,0.3028784547306,17.9771638197548,25.3662343631244,0.564349120818677,0.341681843534034,1
"06037106641",0.522157936666667,137271.34496295,-411975.716744674,137264.132887401,-411933.739255763,0.523427318166663,0.523949896455283,0.413328439285701,0.505367251000044,0.410592031577652,13.2839955717559,291.155187377327,0.523381274445492,0.225273578711032,0
"06037107020",0.400681756666667,142605.133881538,-411990.427913905,142569.318444323,-411980.939006967,0.440910656133733,0.441015801902445,0.270871548396349,0.445747124368788,0.257431254333379,3.52859594634081,55.8569631631431,0.57140283335463,0.448666744306547,0
"06037108101",0.300425236666667,134246.828400722,-414150.260608892,134251.432016656,-414097.367790569,0.3011459799133,0.301393200506897,0.103716195838141,0.290400953269321,0.0852900867343419,16.0171974097861,158.205118137748,0.301154872632539,0.51241450652492,1
"06037117530",0.43724378,141523.32113556,-420076.328824042,141496.122606041,-420019.407017064,0.438292544821193,0.438901805689699,0.325303348922288,0.432453301792356,0.286182989135164,10.4359153043882,15.4942465276952,0.449563471696048,0.458124275088422,1
"06037119800",0.734879873333333,144595.704280869,-419033.748081897,144571.872475999,-419065.329646418,0.736485960758331,0.735398744493462,0.321633890869693,0.727787435893758,0.330852306454081,12.9878237602343,19.5888588879329,0.73648843862251,0.355192582729063,0
"06037117405",0.60972811,140902.581716321,-419101.725148924,140816.174718692,-419104.955754708,0.610745304331435,0.609785705422671,0.259268958503363,0.623010383139734,0.297321788638641,3.89251593829582,20.8614466113427,0.609251902522217,0.53706533064737,0
"06037120010",0.48630157,141632.68807403,-420846.208195318,141593.320218663,-420803.453341107,0.487304027987345,0.48754902181351,0.225898028428265,0.492394548112941,0.2271031947683,0.463727825430002,15.4942465276952,0.486680749646453,0.746636553275773,1
"06037119900",0.56731417,143579.312285769,-419711.283647517,143569.399151107,-419666.100721516,0.568934076696922,0.568404508582707,0,0.558649487908308,0,6.00188769053528,15.5356356135433,0.568922713777457,0.918989618810338,1
"06037120030",0.624425286666667,142628.140513349,-421123.722921193,142616.818610329,-421107.483233112,0.626357357291037,0.626311660645608,0.132860865065798,0.618155809272215,0.127133583920144,0.696381452195582,2.35533213366768,0.626357343244213,0.853540040650179,1
"06037119700",0.802878913333333,144958.122705581,-420409.158079729,144951.735898727,-420321.812824885,0.804676994613229,0.804454203347672,0.668187936720192,0.788432253075642,0.617632521471004,0,19.7626776146042,0.804679421414686,0.0836426944377597,0
"06037121010",0.297589906666667,147053.556611864,-420153.214126299,147214.197268124,-420355.428335812,0.298517217432186,0.299007952831669,0.18350749851649,0.367165863215297,0.317295665535991,64.016026448196,83.0415529807296,0.29867192593932,0.827558832618316,0
"06037120300",0.824440306666667,143643.885949234,-421102.826550894,143723.968142934,-420901.806077485,0.826528786034873,0.827301832657179,0.763934856225497,0.848710494847398,0.654765340336998,0,7.03327101484614,0.951845326790516,0.0192534474899822,0
"06037120020",0.48809367,142358.46686358,-420779.872467605,142339.805083345,-420766.685075526,0.527996993304762,0.528291559616154,0.225431039088588,0.524466759566935,0.233887918256888,0.696381452195582,14.3544612329036,0.527996982834927,0.614347910002395,1
"06037121020",0.296921756666667,147222.692166025,-421393.48233217,147264.083486095,-421450.690627,0.298174251584675,0.29804998567447,0.254389406593417,0.332576819101288,0.297144269872627,28.0342669262958,56.4042928869117,0.298577753600898,0.692804599128812,1
"06037117520",0.393686383333333,141551.007588894,-419500.545393273,141571.420657225,-419486.779021367,0.394367278951978,0.393925026432663,0.139213151547561,0.390226092986814,0.151967886811375,14.5100968521109,16.2335327367503,0.394127542923176,0.999999999999982,1
"06037121210",0.59608534,146932.231290841,-418369.869357283,147004.047870659,-418577.971117091,0.596998480741023,0.597473771445898,0.544059749550839,0.491410570098429,0.426840192898512,0,55.669233094276,0.629436766812265,0.157462165937272,0
"06037122120",0.99176812,150001.739308722,-421496.191266494,149987.294925366,-421465.158968184,0.993724187034939,0.993136730468669,0.469975115218721,0.986834363421511,0.450553453616474,3.60543244137997,17.2619156034441,0.989130525308638,0.233008847198121,0
"06037127520",0.647006313333333,140974.946624988,-420798.697898532,141046.761335949,-420742.168770162,0.64801903631363,0.64797346687321,0.279498540408506,0.618999658533101,0.271441260541952,0.287768223388752,8.12492547380344,0.657749530459242,0.397443235527886,1
"06037600202",0.244416526666667,157238.412642625,-451123.958868512,157225.038057486,-451133.485935524,0.244524391636363,0.244423209508934,0.103426271314882,0.24216252137273,0.0955843733336606,0.902258699831859,33.9226097421391,0.281061538529563,0.76526584667537,1
"06037600501",0.844212246666667,155134.97503315,-452052.283104538,155118.56394924,-452063.805128425,0.846096982637264,0.846430723644536,0.807628684830326,0.843361746335551,0.804338550608964,0,36.6716516987171,0.840783185345976,0,0
"06037600400",0.752060946666667,155869.028039185,-451774.198336802,155831.568142898,-451653.687971826,0.68546165234374,0.685910954978842,0.604353552286201,0.639075440770374,0.53463670818829,0,53.4755643738487,0.649143432677391,0.0682840297090429,0
"06037296300",0.27774352,157414.712181229,-471974.85260537,157258.031516749,-471928.071687476,0.277927735880088,0.277936873602617,0.157561115184003,0.333905059374465,0.163056907380504,68.4366945717641,195.891486096216,0.278661870305731,0.999999999999991,1
"06037600702",0.785316393333333,154170.35923496,-450331.968070844,154637.214232695,-450344.204347696,0.768345929710474,0.7678553196949,0.190129683746665,0.613949108399051,0.209421935703405,13.9068908777865,13.9068908777865,0.768345911283678,0.114584077597532,1
"06037135202",0.830105326666667,125621.871851765,-424319.313626848,125649.835208603,-424272.053822085,0.831983158035088,0.83185980265895,0.686711154533967,0.833133007299527,0.683063555176735,0,8.10463020598986,0.917397604203713,0.00235726783047583,0
"06037135203",0.33519151,123761.958272921,-424006.438845349,124100.883453336,-424207.868523412,0.238791677599286,0.239282891248752,0.149782580660821,0.386331205065547,0.234111487583972,76.1825440839985,260.631106252305,0.246192473167521,0.614871071592715,1
"06037137302",0.567126423333333,124048.802593588,-425612.507837097,124049.653350893,-425585.55596738,0.567930442121854,0.567468503538683,0.443800795749462,0.575083430115025,0.458034676302604,0.893027322467438,59.6958731254779,1.09342838476993,0.0175256029414838,0
"06037132900",0.30846864,135684.939838953,-424759.381199081,135581.32459386,-424792.767724176,0.309214855277393,0.30904238003673,0.121860410836168,0.334737091893964,0.141534034099626,19.3034123836636,115.813938219967,0.309203050538745,0.935386162399628,1
"06037131200",1.07998954333333,136883.547311067,-421273.621972701,136894.808856332,-421192.60889476,1.08233819124944,1.08387562127577,0.980578920782101,1.12934694709231,1.02726158878135,0,0.437934668696654,1.16343109080812,0,0
"06037131600",1.19920547,133279.797184612,-421380.573103915,133157.07988186,-421414.616278097,1.20225543358334,1.20221794603919,1.13413397058875,1.16909122040663,1.07501724409156,0,0,0.884649340957971,0.361105096397627,0
"06037137301",0.663729536666667,125913.018355249,-425677.456778972,125782.363902796,-425628.469076254,0.720014978237087,0.71886688921451,0.51522122897972,0.708085661591078,0.446570639850856,0,12.231419512646,1.32033843282685,0,0
"06037137201",0.57094652,127656.997407467,-426022.565323021,127791.529980013,-426059.227208024,0.572017606905754,0.572541206878135,0.17496236432526,0.543366397834022,0.188859731257864,18.7612211799447,36.1330686737673,0.572020678730356,0.606446731260366,1
"06037137504",0.18640536,131667.846934442,-428753.861803762,131631.534989499,-428151.753154101,0.186786908636771,0.18718830922935,0,0.144706738609583,0.097658617209121,305.932691834716,787.173075894832,0.186786884927778,0.753866045756332,1
"06037137401",0.431454633333333,128073.069261469,-427573.894364897,128105.746423662,-427469.84957434,0.432381476299449,0.432897111269745,0.1345587280741,0.488161770513168,0.180909653661136,4.1459302621005,31.3654058762606,0.247281762190886,0.230371929727066,0
"06037460900",0.627187743333333,169530.293661637,-424958.881278361,169878.560049101,-425102.594430177,0.628364534337613,0.62791171707174,0.383367445169052,0.593872027975231,0.496938937545057,16.6337296471882,319.503891046316,0.628364525511603,0.133991671451208,0
"06037461700",0.11055606,169252.875405029,-426969.689754742,169391.802120392,-426964.798760935,0.110878025269911,0.110729338510466,0,0.172210563005972,0.0416710272306858,134.627904284826,333.485168785589,0.0524957783832439,0.804284796460177,1
"06037462400",0.424481573333333,172695.850644092,-426320.233848496,172678.568573189,-426322.800803405,0.425530722757939,0.425520213992161,0.0185309876123125,0.421748697673839,0.0109771779872429,5.06543099085711,16.0195167376192,0.425530710468592,0.851426494028515,1
"06037462100",0.37206591,171746.91202605,-426353.184766315,171725.583432904,-426450.434473224,0.372797942372612,0.372727162994431,0.273904857672625,0.375895043314696,0.283829111680447,6.55721011923268,35.7864796851443,0.372797933799434,0.995993046924841,1
"06037461600",0.25217323,169921.554984375,-426485.883532973,170023.728408251,-426436.773054577,0.2524114668837,0.252019075349335,0.0627335931290563,0.262558196701627,0.087440263590446,18.0057550150133,305.937814685954,0.252411470831969,0.883409445427329,1
"06037462500",0.62239493,174977.458850178,-426050.621278195,174643.097407742,-426071.376026183,0.623322859828065,0.623526058867431,0.34392199889836,0.757599331963363,0.492676524401184,14.1655637994774,69.7966270080015,0.623324818455137,0.451366900919838,0
"06037463000",0.520726773333333,177463.087126366,-427144.497636965,177527.449833219,-427125.343896702,0.522451931567052,0.522708021465155,0.462864253845153,0.515106859825763,0.452217570829193,3.03242670105341,89.936078765604,0.521302167834816,0.189854031340228,0
"06037404803",0.981993493333333,187710.46663783,-436671.803783962,187684.547689652,-436725.219707829,0.984177302939229,0.984232495020599,0.671821533040987,0.989431087246469,0.644683108290868,0,1.36579123074498,0.955593747536624,0.0447925494730177,0
"06037404802",0.957590166666667,187451.730048801,-436102.773109093,187362.244017956,-436066.167496171,0.959726905125038,0.960537722394234,0.764796482672518,0.961649301388234,0.751538949769379,0,2.99801915150267,0.9597269041002,0.0040231421590499,0
"06037405001",0.473389433333333,187600.409129948,-432718.281116283,187841.299066703,-432773.849351005,0.474499739537082,0.474556925445946,0.363958087217027,0.483024121823223,0.335766063312217,27.5641862194937,404.707403285695,0.676960617471029,0,0
"06037405800",0.720172526666667,192568.836524004,-432578.381935739,192464.957426182,-432634.590758632,0.721593250476785,0.721441972013849,0.614975806742326,0.770513889397156,0.626564143946743,0,29.8001909811359,0.721595640692494,0.175638458506266,0
"06037430002",0.241584113333333,188539.741865467,-428672.89145235,188594.586611633,-428596.972714971,0.242165397371726,0.242688397960124,0.140774570155946,0.224256460599599,0.175772972845675,11.8314971546572,447.271965180027,0.36572895074765,0.808964881886509,0
"06037407400",1.04045753,188531.681071969,-438327.435101252,188474.814976796,-438364.351951668,1.04245708755031,1.04233026645013,0.848079693270954,1.03509330746966,0.815916497140115,0,10.3616904099507,0.974765499155694,0,0
"06037190510",0.37545626,155796.159092557,-433689.520828819,155852.803578383,-433665.130347358,0.3763543256928,0.37618461915163,0.242378766145032,0.398447212015069,0.279721019129508,8.80034596817179,36.6959843289038,0.439285174083127,0.298477919003815,0
"06037403722",0.604594333333333,196338.412174666,-434251.05695448,196267.605033828,-434235.809179043,0.606031376951382,0.606098290459689,0.287648678007936,0.603225845528364,0.279397375272532,8.50638239867277,31.3327755092864,0.606024999761127,0.456928689773018,1
"06037501900",0.25740153,182323.472588299,-449161.296982511,182374.240020722,-449235.380493783,0.258493437830274,0.258203526002883,0.0652708859367667,0.279500530705225,0.118645755786156,7.83221371193922,59.3399162769519,0.258493442053079,1,1
"06037503301",0.258761796666667,183479.284368831,-450006.095111654,183482.772579796,-450006.572473838,0.259617505941097,0.259983529870635,0.14061047056679,0.26018524581443,0.14033507289173,16.6701921908977,62.3391531928429,0.259617491281766,0.925806785274155,1
"06037502100",0.472251106666667,179993.566266148,-447351.346907865,179844.361055193,-447407.551280126,0.472913493637811,0.47248855554618,0.418092145027899,0.556295085223574,0.516530531191097,4.41099895538801,50.6094318150109,0.472913507046519,0.333747334379207,0
"06037502200",0.482168863333333,178159.072604469,-446920.673835357,178195.64910472,-446929.68959043,0.483335154840696,0.483020454381668,0.357064549338659,0.482350048604729,0.351280452919996,11.9453828622195,65.6703582442983,0.427799434435797,0.489152569087082,1
"06037502301",0.263901776666667,177559.22024937,-447905.458394823,177625.149886262,-447986.569639562,0.264766922334395,0.264674973976733,0.0065698392418041,0.270269497237488,0.0611937633390553,25.1055497493941,53.6205161395737,0.263406737336629,0.950573760201329,1
"06037503202",0.465937583333333,181674.082361324,-451007.937898469,181723.5996136,-450977.783734099,0.466872637091604,0.466582591375862,0.152924702142765,0.439895811420432,0.139804499501566,14.5976185411286,48.1298067092091,0.466872632152137,0.60137500850063,1
"06037503401",0.660081526666667,186327.040125252,-451328.078369043,186246.387844172,-451258.695459914,0.662207793477938,0.662257581100422,0.557581843613846,0.604501465976414,0.493851413839386,0,17.0524947787805,0.662207801144917,0.162249157512949,0
"06037553200",0.511298643333333,173812.832374225,-454865.144437759,173798.422685855,-454863.275691077,0.512344756154483,0.51138993142587,0.27411954555447,0.513127048545206,0.265197219169492,12.8728471836985,47.039294642809,0.512344781301735,0.412765897101878,0
"06037554700",0.265864656666667,177915.370711448,-457195.419852005,177935.665438563,-457226.673704706,0.266130758335456,0.266365955095944,0,0.256608377167971,0.00603526247602491,11.128040695684,81.2728390763442,0.264917655647187,0.909425952918995,1
"06037554801",0.365630816666667,177341.454674819,-458035.214290885,177586.494400087,-457902.106112183,0.366633432451015,0.365890517397024,0.186370207583586,0.357298782376251,0.0514318334823411,3.43318936890531,33.620300393886,0.287296291387886,0.44880664929453,1
"06037553701",0.14607937,168514.149248939,-455178.073627299,168616.40757259,-455524.001658352,0.165773624531743,0.165840796654447,0.0878413707335839,0.0963170312554143,0.0195143034545695,16.0833333969935,54.9928333706204,0.165773641973956,0.781746910365175,1
"06037553801",0.34148318,169401.515035648,-456433.855358088,168985.628109774,-456420.863418415,0.342573851545052,0.342933048492631,0.2747744928666,0.301414272132536,0.236256337165262,8.87370705543357,53.9714373149556,0.342573847456809,0.896875922793522,1
"06037553502",0.29208927,170971.69664764,-455589.677498306,170889.334414536,-455691.875896119,0.29335884153235,0.293338634274972,0.242551874388001,0.287476065214314,0.191627824561768,20.3322673424689,52.0494226330494,0.300015675166128,0.598096702335242,0
"06037553601",0.39095671,169328.735365238,-455106.238360679,169099.563660265,-455189.669583675,0.391837320227178,0.392098223154173,0.355017517015641,0.292658435515163,0.204826732712944,8.64693587547836,54.344649243362,0.391837321065359,0.703531971283808,1
"06037106520",0.796228646666667,141584.856938438,-410753.547564581,141734.344233278,-410808.131594192,0.797880235859028,0.797345080697381,0.729279089500522,0.798020895324286,0.66309497471579,0,25.9111516795403,0.886146538138152,0.0228978500228629,0
"06037400603",0.108245396666667,191504.39826406,-427159.117371693,192429.757816046,-427548.309115313,0.108247122011066,0.10808988841724,0.0750626566326602,0.347777369225142,0.203829363467497,56.1095484713383,139.003299295947,0.108247157136548,0.363497309732621,1
"06037553901",0.351273906666667,171002.025773616,-456388.517793772,171059.327011657,-456371.782435064,0.351835829218246,0.351733227456905,0.00889555857655694,0.344383384861206,0.0137228837734451,9.62996029371685,41.8660677343528,0.357930167886376,0.545815053230828,1
"06037543501",0.479592673333333,158907.516577189,-462469.714482253,159030.03719551,-463525.457608747,0.480361906768996,0.480355987221488,0.358745338263508,0.405448296216214,0.303076313623098,0.878568686343338,36.4676681081581,0.834682474599232,0.373816811676792,1
"06037555002",0.272559043333333,177007.798806344,-462677.651424084,176984.551103445,-462590.625299751,0.273817619519197,0.27323625689378,0.237851010327062,0.269902098759916,0.228213912864373,59.8866970005923,266.531514672349,0.310843343241225,0.674046551514264,0
"06037571900",0.468010346666667,168729.494797478,-463187.211122274,168591.419294154,-463123.03893381,0.454297615304467,0.454884759170511,0.189687940922408,0.453919019735198,0.2751822290634,3.7224066736896,32.392509796783,0.454297607432853,0.601106605461037,1
"06037572400",0.27956408,165819.221751878,-464155.806426253,165805.209682432,-464331.026328085,0.279947690022277,0.279582766310103,0.124979884300833,0.262770829919615,0.145624907545602,6.33527835376244,55.920947864836,0.279947694628519,0.824173945457145,1
"06037572002",0.532132463333333,167433.538736764,-464194.760020622,167480.536480763,-464263.945457723,0.534000764162287,0.533050934230768,0.413658600920285,0.56277607623868,0.457714119963551,3.55290508497695,34.8035478747208,0.534000756041833,0.374965049135333,0
"06037572001",0.515131453333333,168852.720453589,-464205.785590902,168879.140514555,-464206.864722498,0.516056437516499,0.517242023126805,0.273892352899818,0.515465180831133,0.269561665407782,4.30596214696769,33.871058342682,0.556731396794285,0.504516014164921,1
"06037573700",0.30162964,175014.79984163,-463658.398001582,174958.479174673,-463803.157387882,0.302367955319807,0.302785523781573,0.260641556401639,0.394432103162624,0.349918089078562,58.1372815002702,124.15475220007,0.302367958644946,0.465769182847707,0
"06037573800",0.37829997,176056.76447985,-463899.411190075,176007.463218139,-463979.403751081,0.378724343142358,0.378243908277625,0.34662741799684,0.422869195796626,0.383983972397724,41.462225445287,393.437614093489,0.378724345128686,0.0457867957842341,0
"06037573902",0.327150203333333,178034.198613533,-464991.32722739,178003.621043521,-465058.907125427,0.327960588974539,0.327717411390974,0.257325511416623,0.317623160807738,0.240486374679824,75.4757023461951,458.366930929996,0.314162814155895,0.342828394198429,0
"06037264301",0.714309346666667,141778.074302863,-439361.968578917,141784.61204019,-439368.483539509,0.716084445042408,0.717638060110748,0.709996252186791,0.717825462067458,0.705326208099272,0,32.9081454426923,0.722010531002341,0,0
"06037265520",0.572819026666667,143800.212038139,-439289.986387304,143875.858920381,-439300.073582206,0.546294453484925,0.546906374035175,0.169689831807588,0.568230878108088,0.205978621202343,26.9846309994783,26.9846309994783,0.378992528795396,0.789749371785177,1
"06037262601",0.389390766666667,133316.718591446,-436966.395938622,133125.199388509,-436918.626012355,0.435073391406936,0.435321966360121,0.383614690394419,0.460378254649699,0.359407111054291,45.8968277123005,1179.37013369303,0.435026666458165,0.40863136168244,0
"06037265305",0.732414336666667,143166.312167233,-438039.102815626,143102.023543006,-437874.146295854,0.689542018919177,0.689159958279292,0.541422369252918,0.747019587488501,0.639630237821213,0,28.3815381664979,0.689551407826544,0.243533431104733,0
"06037265420",0.68276495,142193.332645123,-437196.404502054,142203.435001589,-437231.000902395,0.684424100024421,0.684578084636768,0.602547582894423,0.673328900945236,0.592385296648752,0,18.6428186563154,0.863952186885602,0,0
"06037265303",0.844484756666667,142754.382250315,-437538.497912026,142739.656508075,-437506.068523887,0.84662059286799,0.845483102153761,0.780746577337538,0.846555817247966,0.779623727723631,0,23.0894009851276,0.84663073098691,0,0
"06037265304",0.897667386666667,142960.730563075,-437487.060316942,142963.890552647,-437460.47039909,0.899407625811856,0.899700355778355,0.877391149469518,0.910791837456752,0.889180225484207,0,16.9385878900182,0.899416995142792,0,0
"06037265100",0.37158687,145008.253313859,-436789.291629388,144716.416524326,-437106.589469124,0.372286990342594,0.372115347300272,0.0520041933227615,0.578359970011372,0.153329518368674,8.51859383471682,15.2740936681123,0.372286989146407,0.83253001846206,1
"06037264000",0.868188176666667,140182.7478231,-438993.946122036,140347.50846246,-438932.786015464,0.869814368074054,0.869140555570937,0.770891333603981,0.764043433418722,0.664467523952321,0,12.4547954634893,0.931244214220829,0.0174981196363897,0
"06037265510",0.523833666666667,143769.050321136,-438722.307402646,143694.468703832,-438814.013039503,0.525028709738233,0.525381803198354,0.0777851110569896,0.516993321576873,0.126015796549731,24.068483791424,26.9846309994783,0.36680288953269,1,1
"06037980033",1.36219286,165247.139124862,-472659.797601585,165641.510602016,-469670.20802661,1.36515086791269,1.36481411561838,1.32414310269102,0.482619806597474,0.44405450885738,0,0,1.28318063246822,0.0267594689491141,0
"06037980031",0.989361623333333,161016.974717175,-473993.981666364,160499.104728563,-475089.777857201,0.992626216244787,0.990514145570131,0.980024867264881,0.745315984290213,0.646953044763377,0,0.786176269023316,0.954265609716551,0.0551074118208124,0
"06037980030",0.70034175,146989.633072837,-454953.123971557,147101.30412413,-454957.37517867,0.70220539126657,0.702963885409125,0.68187107181215,0.710490543073442,0.690057720092245,0,99.7615113690971,0.702205385049241,0.399921142169162,1
"06037980019",0.669463373333333,133964.535215521,-435009.365175085,132536.788404646,-436568.875771923,0.671013427216304,0.672476577661963,0,0.417375232074349,0.113994333158743,502.425179932243,1891.99462365337,0.671013433299511,0.105183489691997,1
"06037980018",0.89219836,171088.13400953,-464990.231433481,172435.000101927,-465866.642863857,0.894000533971136,0.894921104300419,0.76758409663824,0.560590001658157,0.297181951867835,0,133.442629591918,0.89627590909845,0.158321578586051,0
"06037239701",0.44773596,159399.515988361,-448478.323901454,159441.491543143,-448481.807968303,0.448489078697494,0.448671014065128,0.339084208550376,0.438820683850495,0.348052797052035,2.03638030390166,29.8691414468846,0.597202906905496,0.136345830747878,0
"06037239602",0.44417593,159425.102536159,-448105.292902824,159448.624256718,-448096.616604643,0.444942058680267,0.445152858828299,0.135482624595872,0.4428212622247,0.141259411013824,2.06779606712894,10.6027695672858,0.582073594621469,0.420660713407673,0
"06037239601",0.471240353333333,159382.290504428,-447730.110456163,159428.87839353,-447727.776974149,0.472275283038283,0.471710677004768,0.0995388397086532,0.480657617326764,0.120384548766647,2.01293079188973,7.79331558951827,0.557156064090519,0.417139525289562,0
"06037239502",0.546590946666667,160522.067115878,-448098.839578497,160584.754956548,-448116.800893004,0.547937084355771,0.547929627427299,0.160116763038807,0.564674479071609,0.187454437097793,1.52967512288807,11.8610245876152,0.582037500166774,0.52703752758815,0
"06037239501",0.59794346,160528.17419635,-447692.756100339,160562.739975595,-447712.504645169,0.599629232567858,0.599793876116925,0.372316790022476,0.610961258921284,0.369275444246704,1.52967512288807,9.520585497563,0.59077526269851,0.556377028892805,1
"06037601501",0.498797273333333,151302.338582597,-451110.823215055,151323.191052607,-451147.745544601,0.499629044209026,0.500661094695926,0.285960777043407,0.490396376353284,0.308971833039868,3.35262499270552,7.71873828076546,0.586028220545594,0.493997144799582,0
"06037670405",0.2271626,150570.273431927,-470706.141950865,150467.053716246,-470675.631681169,0.22768973674994,0.227353206544114,0.153233426386181,0.231458539393903,0.1638463893715,28.3888707177143,191.941034294402,0.227689742814723,0.902628598637603,1
"06037101220",0.479925226666667,158236.38287421,-416819.679359939,158173.432423491,-416873.0278976,0.481105485280013,0.481056279615619,0.334707793481557,0.501626812280143,0.302931106321274,1.14390675485738,176.426567162725,0.481116076813496,0.51400861550246,1
"06037670702",0.103419943333333,155102.292079854,-472310.670005005,155125.968158156,-472216.078735056,0.103130554143236,0.103319835620905,0.054924830890288,0.125333889111803,0.0443218483024192,28.3811893504458,42.9186470009546,0.686893717743765,0.458101872306658,1
"06037670500",0.65182329,153152.86251982,-471447.740208281,153305.948850772,-471435.624050251,0.653247412907703,0.652595538009336,0.560231138117196,0.627540587432408,0.542859469551353,0,133.203545452572,0.653247421668905,0.01247658315371,0
"06037651222",0.36822249,152052.028652593,-465630.51499048,152039.559712079,-465703.51888544,0.369202996827058,0.369239985806865,0.122819724731697,0.344546483641549,0.0984424555784486,14.9710166593979,52.4486982216389,0.369202979672936,0.847753474192094,1
"06037651302",0.231408416666667,150838.075907664,-466297.705687599,150860.188889532,-466319.811104868,0.204369954921468,0.204275756473425,0.0447864719139454,0.198069219607574,0.0555803652790421,35.3154096911089,307.778310872832,0.141618322572846,0.453083457121559,1
"06037651002",0.61799094,155190.379789871,-465424.229025986,155210.25506524,-465455.590914435,0.619409007917515,0.619042047771754,0.585893243198797,0.623818774621893,0.568295304165011,0,72.7844489022762,0.619408996678068,0.233541044344456,0
"06037575402",0.276666756666667,167515.786610105,-468278.745441609,167483.030354319,-468235.315596529,0.277094800801801,0.27685828222292,0.160531380684127,0.293285924129573,0.187860575985024,4.43812969119362,44.0212946157136,0.211169832774842,1,1
"06037113233",0.475930996666667,128851.046929398,-420036.847620975,128799.035013637,-420141.338880434,0.476969329045396,0.477262552535537,0.109859089062032,0.477972687456562,0.167856003499601,1.42047200657499,195.006009501428,0.483972826405267,0.936197465787068,1
"06037573002",0.36220834,167500.816935888,-467474.157991719,167489.328480854,-467496.938030604,0.363159201244972,0.363014081670647,0.225784788895079,0.36921977470471,0.236099232656461,2.3848491509854,25.0718523530392,0.378382461972455,0.861146270264707,1
"06037577200",0.152193076666667,171504.432021978,-470820.133532355,171539.076850006,-470760.082277215,0.152662590295649,0.152706060927836,0.121054232457781,0.184819217144039,0.158431432685161,58.7620267767499,153.587726618123,0.152662585708197,0.982246339153268,1
"06037573402",0.200632316666667,169556.796522022,-466523.227057592,169662.249998906,-467197.558187641,0.200311195058862,0.200074106098688,0.123053454982663,0.126741452102155,0.0100845400583169,28.6048427968307,139.801186691066,0.20031120152679,0.815972734169565,1
"06037571800",0.354183913333333,166892.599634776,-463011.03731525,167160.606765609,-463269.095371354,0.355186095524961,0.35556335266579,0.307920864131296,0.447344545419456,0.357366481021214,29.6099819285498,86.9695286472447,0.425439746837264,0.467859189983971,1
"06037575802",0.222609933333333,167006.358500867,-469094.198993332,167017.937508988,-469088.681346723,0.223341814724519,0.223020544259159,0.201631490945309,0.225023548183717,0.209014637670079,30.4340428819647,66.3785158399081,0.223341808644003,0.999999999999979,1
"06037573403",0.03029885,170505.017005118,-466846.38737057,170282.135210133,-466859.570599148,0.0299361002866947,0.0298785122415479,0,0.0876677662980598,0.0744098865240518,30.6583702582079,69.1144715096989,0.0681666538490221,0.821186756095894,1
"06037575500",0.556163773333333,165344.263408423,-468287.775016384,165191.560055006,-468248.44300019,0.557461224298918,0.558015685479024,0.450988902762387,0.56500089892767,0.436917548475136,0.152008451805996,46.8102090153776,0.557461214227873,0.0780525204994026,0
"06037108102",0.47489983,133011.257051341,-414040.100122795,133042.260347158,-414082.595110589,0.476217671273255,0.476594159664846,0.386997505206025,0.467423698950862,0.396621552907807,16.2061785382036,236.348205886615,0.490457450581122,0.460438482674862,0
"06037108103",0.22992293,134386.337222533,-413356.138523565,134482.218311456,-413444.311924184,0.230130651217931,0.230004322604914,0,0.20450865660352,0,89.8279466333747,248.013674384532,0.230139238737273,0.980496449930213,1
"06037109300",0.678171646666667,139898.166610242,-414959.013284547,139927.633181517,-414949.775179967,0.595068975872828,0.595274124585419,0.415319355060211,0.588268987890172,0.414430795744316,2.8945818851325,16.7823357910293,0.595063260781929,0.171843148867988,0
"06037109200",0.47276073,140418.955090153,-414197.822380385,140327.129073848,-414306.175105551,0.474002188639955,0.473624900311964,0.316602774124607,0.44872252221347,0.285959156509768,13.9640585494215,25.4134911516057,0.474002374563865,0.31511525809214,0
"06037109500",0.274440116666667,143626.264743571,-414619.74600781,143229.709056835,-414579.723424821,0.285304156579162,0.285172665704973,0.182639516905594,0.358614973734216,0.196063966626974,13.1752511831418,45.3379631828293,0.283321837306268,0.824791652398584,1
"06037111202",1.01105180333333,136733.570633394,-415315.196886191,136847.831438326,-415334.398694626,1.01342202105079,1.01325512626471,0.999089622907174,1.02625456589736,0.938589542118753,0,0.00066192750829013,1.01342134881992,0.0245075285216609,0
"06037111301",1.08695264,136661.388061304,-416128.287460889,136383.706062049,-416169.258534183,1.08942007457452,1.08891360268074,0.86118154776079,1.03971756287852,0.690885355944281,0,7.96869292883043,1.11219622620834,0.0398340623372725,0
"06037111302",1.00795326333333,136946.289256795,-416920.253044846,136689.072127279,-416968.657274098,1.01010016040915,1.00989950360754,0.991355842507261,1.01839425444122,0.861204114257241,0,0.074610850713154,1.0139451027539,0,0
"06037111400",1.07788649,138469.95468056,-416467.583902434,138364.746419955,-416272.240522615,1.08049500335941,1.08179982701876,0.227305016530894,1.04447141556771,0.105402909946539,18.3364124257791,18.3364124257791,1.08048001377777,0.271866848622256,1
"06037109700",0.940706176666667,139872.229539933,-415985.901831658,139818.282575031,-416009.943822457,0.942945019947331,0.942843601958609,0.852699544284393,0.948193681127355,0.819058813022119,0,20.2742890039259,0.942938624059684,0,0
"06037920332",0.562891093333333,136802.078266065,-402606.695373752,136622.087677896,-402748.778042054,0.564423052244333,0.564056919324676,0.275502515553303,0.511209830594848,0.387868161655697,60.0468322479254,314.339687317335,0.399378746927681,0.0180087569672396,0
"06037121600",0.231652056666667,146438.200327416,-421524.834354278,146356.065282069,-421303.946676055,0.232189381312923,0.232371136339128,0.148788658629795,0.170712081412424,0.166392132828883,27.0239083030157,46.8004435815505,0.232189385719678,0.94666575350888,1
"06037541802",0.418616933333333,167695.642879562,-454564.499409774,167655.257751432,-454557.14396663,0.419775379427004,0.420253949742313,0.237927544536334,0.414114193724933,0.215347792776285,9.1420387770705,53.7899490920131,0.419775373705388,0.632823058523695,1
"06037540700",0.187634623333333,162240.177169126,-452939.097823363,162101.054390813,-452973.668782462,0.236104268191275,0.235846435215284,0.164493993464479,0.204290667352822,0.142702808573064,19.8516805523668,111.879676298634,0.236123105826355,1,1
"06037540901",0.565043226666667,159639.041290832,-453611.804901958,159742.90275868,-453588.255710035,0.566056598429395,0.56501239953939,0.274087160886423,0.548029454759935,0.338737614763543,19.0613427817725,122.364979764967,0.566056615647308,0.95660737644799,1
"06037540800",0.233305646666667,161259.010819428,-453764.360741726,161534.010590136,-453726.601176783,0.193042793986109,0.193021143742342,0.00946635752320708,0.220814570313516,0.155925670482248,116.424091255018,135.624051911393,0.193170521394465,0.95728087416193,1
"06037540902",0.750506626666667,159654.493619793,-454787.958846194,160050.916039269,-454662.877017553,0.752194174223382,0.751861125800681,0.579866409234743,0.624800122520506,0.552087380888548,0,66.7568123622942,0.756748182640804,0.251113936885847,0
"06037541605",0.491660736666667,165566.962044447,-455768.435205231,165512.490932179,-455726.573783659,0.493111888846857,0.493121151550757,0.240576325104343,0.47512159384751,0.252481842751616,7.35362602895978,17.0221276806332,0.493111888208558,0.90654058397739,1
"06037139303",0.681713503333333,135191.766595105,-425564.875320706,135194.613764267,-425608.415041902,0.683406866931299,0.684729336584672,0.662931298298783,0.692354211552954,0.641789841935651,0,34.20650952528,0.683650510830441,0,0
"06037139301",0.91744327,132901.235945303,-425392.320113443,133205.259300434,-425433.475261512,0.919137517334887,0.919296642988707,0.42188283049496,0.800508626647619,0.242656308017954,4.19300411028333,5.57208805028605,0.916823863292477,0.192325830093672,1
"06037460301",0.241333176666667,170041.397078608,-421365.027927288,170163.448797832,-421912.765299544,0.241065571754224,0.240616296748268,0.0634685739163453,0.214052629688691,0.143052796130208,108.890181816651,727.420136961037,0.338194571985688,0.544925894080094,1
"06037460200",0.410927126666667,171701.12449516,-422245.396327792,171576.751229257,-422591.317079873,0.41140001120744,0.411791943432068,0.0632526193356139,0.495475784461649,0.268738489163358,20.3445191271331,330.100111286734,0.412039745792075,0.303984406946542,1
"06037300800",0.21716805,164023.362785127,-424126.331563429,163712.33746057,-424120.873850748,0.217981341651866,0.217809501162069,0.0696239172018066,0.221324435846976,0.0433310520010647,156.646402163732,709.232180840653,0.217604979072046,0.665956637777881,0
"06037460501",0.400440553333333,166471.587908867,-420384.862274141,166688.538594216,-420913.81565258,0.401862268719184,0.401993249485918,0.362502919920295,0.577247742416455,0.432409699549829,12.9801013548559,451.632094793663,0.401861988107859,0.589809719344713,0
"06037461100",0.477647473333333,171337.40527328,-423934.212800329,171341.044654054,-424032.96183615,0.479034747941173,0.478432893968076,0.209348833989371,0.504591024253005,0.232156185409407,45.7929362234518,64.4361786284136,0.480839568716958,0.0745841471284934,0
"06037460600",0.43236921,164066.714890272,-419619.297113045,163955.386161215,-419999.132030495,0.433552533979342,0.433476066458306,0.142932407523986,0.504719206475233,0.368190557089517,51.087970625803,284.735715745829,0.44020619978689,0.127271180263973,0
"06037137502",0.578819356666667,129280.084134955,-427077.699890406,129277.185292397,-427160.459276502,0.579726726105068,0.579262386941151,0.23895867544771,0.589842396011024,0.290136002218872,0.362099414029309,74.6828854799357,0.579644823325993,0.465917178849317,1
"06037139302",0.681962176666667,134727.641853666,-425524.242466057,134724.493794065,-425557.756409249,0.683630367383906,0.684169056020781,0.661351384616483,0.682327772817555,0.64080114672582,0,38.7639403382775,0.683831418418142,0,0
"06037139200",0.700977216666667,135992.063971068,-425617.336251743,135926.136794519,-425679.174801744,0.702783437778407,0.703549360574292,0.607128551948049,0.737734402093507,0.662721250978528,0,106.026855541187,0.70277196731695,0.0708074882267524,0
"06037139701",0.348064573333333,138690.702619423,-427611.283443474,138765.155777268,-427530.465254829,0.349136855759258,0.348800883776406,0.212434459141378,0.333097619337346,0.228521336640723,16.4058727495542,206.925928295482,0.328470851621965,0.567148915860423,1
"06037139703",0.76420042,135358.718585517,-429082.215737425,135685.217908542,-428433.39195993,0.765758419029316,0.767073406241953,0.328127763363041,0.992644047794013,0.731838665189455,18.8228044782264,223.601803394845,0.686005911797726,0.139488388688667,0
"06037131020",0.503239856666667,134541.415431641,-423012.133997692,134551.371288171,-422984.641478856,0.504173981875468,0.504088068467111,0.457423061479702,0.513680940724459,0.475286964512417,0.582660874664354,43.0136663274108,0.60159265720903,0.353001138583366,0
"06037141400",0.551122323333333,140502.571708601,-427566.454902301,140525.009572472,-427552.943365151,0.55233657450963,0.55277014527099,0.486564226411996,0.539244591420901,0.470380368865311,0.200047751506612,216.64039288752,0.551943840409056,0.00585030430547205,0
"06037141302",0.522846803333333,141727.575233089,-427971.324521369,141762.444633912,-428004.30037337,0.524132743841165,0.52503742673077,0.474315180354214,0.525710102326439,0.479806884095957,1.0727346783148,64.0751012748302,0.524132696565212,0.213947164009762,0
"06037143100",0.591744826666667,151605.456545743,-428429.760843856,151312.566764344,-428276.037309521,0.59325485658171,0.593275005366358,0.535422903917957,0.558238299294845,0.462394579597196,0,25.3367117813561,0.593228588086192,0.126222427488601,0
"06037462800",0.68767096,174895.567848962,-427529.808606988,174847.673182014,-427539.88505937,0.689216523711867,0.689234511416836,0.566527334277777,0.689304558085405,0.586461974253539,0,37.6183899011854,0.768396705933946,0.178777189936291,0
"06037463101",0.411072793333333,177927.552162365,-428775.379565716,177920.301392514,-428801.111246711,0.411219480506701,0.410568066437489,0.174821155055655,0.405260971512445,0.176155996538395,6.71270493297615,78.2307399968446,0.411219464270616,0.65930872026534,1
"06037462900",0.285178796666667,176097.040597551,-427341.034754963,176170.922452889,-427155.456134332,0.285935356155503,0.286396354084163,0.24116694634938,0.17120269409471,0.134279523576141,13.7043088821024,84.6956274871011,0.284135950627303,0.495994215687744,1
"06037462700",0.700988573333333,173846.198251004,-427583.331390317,173815.027307399,-427678.879144331,0.703097040393277,0.703208057981063,0.258875096686102,0.703154059815887,0.289142024155199,4.39687562752943,7.10665625800793,0.703097040953192,0.486227612819002,1
"06037300400",0.29736652,160529.064492645,-419245.071322262,160654.165852136,-419282.601149771,0.298203499160923,0.298139757477116,0.200058701982313,0.303984335469912,0.231106979748917,65.6976982889272,510.105739844401,0.24778299419472,0.725465294995332,1
"06037462600",0.69896943,173917.013896866,-426579.773975701,173911.804936889,-426609.932272175,0.700470094746855,0.699529006681129,0.459911508061137,0.695005259234689,0.442295143591052,1.0669682791499,21.5426783442694,0.700470122924222,0.287569382418346,0
"06037463200",0.588951503333333,176175.580755904,-428816.369299871,176010.999955985,-428675.540018145,0.590459234142017,0.590944640605294,0.150926358944414,0.555488911294276,0.239362858786954,5.7664073034956,6.07972979107531,0.80989438204824,0.507203760498191,1
"06037406101",0.15022535,194586.322096145,-433987.865767024,194522.601672263,-433942.130101797,0.138122509714489,0.13801503555826,0.0677044480700159,0.129422681811891,0.103109584012355,14.325865006529,30.456830574567,0.138285191802361,0.970149978095485,1
"06037430102",0.208124283333333,186303.402842018,-429913.854016688,186066.209672391,-429960.862028116,0.20838826864635,0.20861053258957,0.0706286479488194,0.269346960969754,0.168258389728417,25.5707855369471,392.714417492674,0.210686772107154,0.912087228105458,1
"06037404702",0.711488546666667,185972.669646763,-436340.948118418,185915.328760349,-436284.328820341,0.713132672162016,0.712768046221159,0.621355844684839,0.718584703654313,0.671114750551681,0,12.4996272735954,0.713132668652887,0.0663635259127594,0
"06037404701",0.35489632,184909.274844945,-436218.217674691,185123.749007365,-436104.943776944,0.355941278662719,0.356136877276952,0.137943918036247,0.463517087888995,0.288557329558269,10.3278183825307,25.6055948917553,0.355941267888536,0.477567942442328,1
"06037408623",0.385497783333333,190526.814325719,-444618.683438303,190368.44732786,-444544.860414176,0.386267411136492,0.386288579619911,0.28832885018721,0.405766379146883,0.240285693705041,11.9417229039968,189.003952737165,0.386269588354905,0.666243499455041,1
"06037403319",0.427203466666667,201920.043759978,-442575.415873922,201980.823320858,-442798.074107607,0.428069273265397,0.428133176489828,0.0598769842835336,0.383352170276884,0.00588208409073357,158.05228380789,219.691029645161,0.409823281501336,0.403912371687163,1
"06037408401",0.799531446666667,186384.541361259,-442154.3547047,186375.965631336,-442166.909385607,0.801513383531489,0.801428261489903,0.579859549275347,0.792603748963967,0.570613519607674,0,9.84620941150659,0.52812525852816,0.39163377764218,0
"06037460700",0.57054505,166134.226566119,-423137.87748967,166024.818960229,-422899.561433323,0.572511163937914,0.571680956834431,0.344762109982731,0.510743774603023,0.27241346501171,26.9558074848537,294.519676286807,0.57251118750367,0.421149654676941,0
"06037503702",0.626679353333333,186361.663593044,-452815.523443868,186264.68053426,-452855.046402722,0.628304790464897,0.62826423220679,0.570532632539093,0.576832595521619,0.509539120249853,0,35.6106333535314,0.628326637055133,0.279448706448168,0
"06037532102",0.50156625,174434.279529574,-444711.882489748,174346.822826341,-444699.640826148,0.502923275085807,0.503453711547465,0.31272565853011,0.496051360430254,0.344601142284577,8.18877931316815,30.7564643882255,0.506708428903593,0.500787513077388,0
"06037503402",0.317797416666667,184818.318492945,-450671.114903466,184695.35150624,-450659.275796627,0.317992753270829,0.317932915157994,0.300805507995932,0.359342692889656,0.28312738544957,20.7920683640108,46.921222941145,0.317992760046744,0.648242059878024,1
"06037501600",0.221174573333333,183845.69777965,-446671.352313263,182800.763476542,-446976.694364027,0.221775755408747,0.22213843444655,0,0.189563584319431,0.0565877402052981,384.823848736114,1340.38425177613,0.0755005004126732,0.327056560229189,1
"06037503501",0.365718376666667,183675.207125423,-451670.908912819,183496.949263952,-451783.411817936,0.366321507784118,0.366086204693655,0.24969092081285,0.404368049384456,0.362052341892654,14.0343002325636,71.7487080177046,0.366321493596894,0.678495813283627,0
"06037503502",0.27234179,184618.23328586,-451762.534851691,184584.401357588,-451801.735158725,0.273527755812212,0.273685718646175,0.227519861324832,0.279455087263314,0.253281567207889,41.5349517419917,67.8169323666394,0.273527794369374,0.668980202090097,1
"06037503601",0.443287383333333,183904.22734122,-452836.17723373,183906.058721543,-452795.242838573,0.44364723402472,0.443173461670054,0.373283466686473,0.448962918050976,0.392708702709945,14.3387950709643,82.6986081334465,0.44364723416597,0.422356776397345,0
"06037109100",0.528774086666667,141475.215208856,-414269.320069112,141561.183398795,-414550.46373518,0.529958681351822,0.531035143414575,0.311317991917816,0.476677727780729,0.134800322159329,14.4678379751475,53.7192030948489,0.52994751909975,0.297984202120334,1
"06037553702",0.219338793333333,168163.62741917,-455942.242416669,168259.0697965,-455960.942676824,0.210014135405662,0.20983335341911,0.120012168562104,0.234615615469444,0.17767978656423,32.8141656191895,49.2689395813577,0.301952628837081,0.923820185410355,1
"06037554101",0.444681096666667,173574.738630089,-456338.901213416,173593.914287981,-456556.924610584,0.445577610297596,0.446427215246424,0.253961575774462,0.40780504315932,0.343110933865131,4.52798511502494,69.906173576794,0.445577617265869,0.635155846638496,1
"06037553802",0.539623446666667,169035.054561706,-457162.062824012,168948.640516686,-457204.957965916,0.54125791766373,0.541907895214037,0.243864682427461,0.531343327498046,0.247046252168078,0.646403604950142,30.1593062861663,0.54125790066915,0.302464160795581,1
"06037554001",0.511200776666667,172761.836363606,-455660.893531478,172757.21001073,-455704.63781898,0.512324251108609,0.512654732957345,0.447657199293245,0.502798796835748,0.467553458154246,3.3184447771099,31.5107315795664,0.512324250611393,0.257892178975688,0
"06037602200",0.471352013333333,150752.666407404,-453362.375531297,150852.749723008,-453217.50174742,0.471977089064632,0.471579173159004,0.404675054369305,0.496071703799397,0.440825479123522,3.98538731996029,21.1695618870394,0.483593802375704,0.521207376435717,0
"06037603400",0.38124603,156014.264714548,-456595.186476741,156048.057263473,-456481.927376903,0.382074768917178,0.382227770959804,0.150782347115774,0.404631384671119,0.223009893143372,5.10307204265646,12.7868501205351,0.382074774859546,0.639743211755755,1
"06037106510",0.45715063,139375.265490027,-409157.689427553,140100.475970307,-409561.765352509,0.458239790756251,0.458349334791156,0.378013372577018,0.551739124616871,0.268183876496071,6.90792992053844,418.075142574983,0.458244451398978,0.128155720975158,1
"06037603004",0.376429613333333,157581.909051001,-456585.990550186,157529.443499939,-456579.679178333,0.377301483968685,0.377374605652363,0.296251666123025,0.376032145428565,0.326645733943504,14.1289335599977,18.2300762750289,0.31660455852924,1,1
"06037574202",0.575948463333333,171959.07624051,-466521.078463048,172156.880036457,-466534.842859617,0.571186160190275,0.571034090915214,0.193607754230884,0.541178661604656,0.109167114750669,31.2010892472858,85.4722902369261,0.600254807046422,0.513407611551147,1
"06037574201",0.48391138,173213.503165393,-466274.905254388,173213.431598217,-466184.963706564,0.485109992452177,0.485666920566416,0.422807122689962,0.498761711792747,0.478073045542292,5.54036660199408,95.9504115626294,0.485109978181688,0.472340138924338,0
"06037574601",0.397958646666667,174628.277229908,-468409.963348152,174188.204224584,-468249.166818049,0.415920208284831,0.415655682842894,0.274520622457448,0.204178521137752,0,6.44487319913415,51.7107528654974,0.587307284941764,0.253113946821506,1
"06037320300",0.291156936666667,143059.967801533,-413693.632040844,142983.300363953,-413764.137232984,0.292342458181468,0.29264440278297,0.116068426270283,0.309879085678797,0.110387230673536,8.17711038549969,51.7689069995449,0.426172138404987,0.720611912831055,1
"06037291210",0.707733976666667,158462.774654025,-457080.62344554,158391.222266087,-457327.886746466,0.70967986811378,0.709935180665057,0.462203607153945,0.682071918465692,0.587658967838744,3.12887729730378,18.8280996044749,0.549488638458232,0.176403150284934,0
"06037570203",0.831219213333333,170242.22862041,-458011.423820942,170528.31375582,-458089.877557488,0.832566767249473,0.832726378702554,0.40332908922566,0.716838463337014,0.27183203379725,5.07627766911073,7.46515593541172,0.837124125145314,0.271649659397928,1
"06037291220",0.523493993333333,158518.946546701,-458362.039879613,158449.678930988,-458156.334388949,0.52486339293813,0.525036836633952,0.318135816440365,0.552381615432329,0.366745734174437,14.8274632256303,41.7903996177216,0.687209204734551,0.103176992610703,0
"06037291300",0.562131003333333,157923.183409019,-459713.809233421,157415.8164188,-459972.143275948,0.430458491248943,0.431559607221341,0,0.571941137261171,0.0695094090397354,36.858011892516,55.5434114985003,0.562183879349802,0.044759805331821,0
"06037103300",0.591798333333333,151424.407333143,-416300.924156002,151346.392057535,-416386.612306075,0.593680367504864,0.594503361748247,0.542524512837764,0.625756891008775,0.542674809046435,0,377.538582279083,0.657413715295061,0.335580236286993,0
"06037265700",0.56399003,145504.103354916,-437947.457614644,145238.990895602,-437984.27701327,0.565245937816983,0.565329573865842,0.507153002892299,0.658084897023587,0.575825144318262,0,36.8558004196943,0.565245942933054,0.0757631636218676,0
"06037265410",0.4680118,141740.272533074,-437590.793964501,141812.749753098,-437697.54250091,0.315659332609609,0.315899583505598,0.230810439606897,0.298743982700175,0.221890350436418,17.4545571648212,18.6428186563154,0.612217232136206,0.0834339400678233,0
"06037265301",0.95011254,143483.073669602,-437107.969157018,142840.818646001,-436894.216118562,0.95178216814804,0.952805050394303,0.821735341892545,1.10862026470651,1.03221849997595,0,8.33152809285095,0.95120502843016,0,0
"06037183101",0.449337833333333,167703.492346703,-430969.576735472,167671.080828197,-430924.514407491,0.450094360438681,0.450905562619126,0.169762101885754,0.473069232559435,0.198473543021872,5.52035246123135,165.751143821015,0.449640150290876,0.711787869035953,1
"06037267100",0.792519903333333,145444.826427186,-439124.642702931,145367.543680663,-439109.341092329,0.793717864615697,0.793478499607357,0.609546067907202,0.832581657688161,0.645276692499599,0,131.372400622273,0.793717854045822,0,0
"06037264302",0.809252213333333,140624.340832176,-439801.412385984,141108.983033219,-439746.623489805,0.883406483513259,0.8842142869101,0.746848756659553,0.823184742663661,0.691896417690878,0,4.44902376090133,0.883506359629363,0,0
"06037267300",0.522803156666667,143136.057091744,-439982.67031401,143130.759959623,-440015.33709076,0.524137637857983,0.524176129340563,0.314193522647663,0.520886155386713,0.334655529255878,8.27773633252179,35.8604943114918,0.26123271874528,1,1
"06037267402",0.553793863333333,141676.860881344,-440326.410820618,141674.072010872,-440354.667327093,0.554577461224786,0.554674232628653,0.188093496125103,0.54410073787424,0.178517629786646,0.21987522736872,18.2675048391735,0.554684706854155,0,0
"06037267501",0.426632583333333,142554.740787106,-440421.068476835,142550.293338921,-440446.94572213,0.427517403378242,0.427481248851863,0.191376988953063,0.427175462855271,0.180123846943666,8.87586331201344,26.8240428238326,0.328297757592628,0.948378561505226,1
"06037267502",0.38280552,141998.756345516,-440849.796330473,142047.707280342,-440786.943249457,0.383491574359855,0.383810465638442,0.197091778664682,0.374792361577521,0.170821310405543,7.2107831715306,20.0085117434019,0.423349513301592,0.23774123562811,0
"06037267600",0.506887616666667,142900.218820233,-441219.502742917,142974.248339573,-441039.450080505,0.508502094824171,0.508407548716821,0.226430006068625,0.514646272266652,0.162647522320685,8.65598808464472,15.1706779135839,0.561509153560673,0.52845460503951,1
"06037239202",0.333636316666667,160309.503882382,-446288.383380688,159891.960795524,-446370.660728381,0.334712623577992,0.334419827775128,0.223384876360959,0.206773543310458,0.16793485930802,5.9856092570654,37.3904725568277,0.329794609125119,0.798985840221379,1
"06037239201",0.410336466666667,159180.996044459,-446298.519401252,159207.01866186,-446338.206929762,0.41088757891125,0.410314279288532,0.277187554309526,0.404356807307734,0.256066018136581,4.21577313038665,29.3696078878427,0.405070718713325,0.86624654310977,1
"06037237402",0.471754336666667,156965.340418076,-447149.64463363,156967.349945657,-447145.543607962,0.473155875646697,0.47300781322526,0.342691254148539,0.47158956757574,0.34047411820375,12.7420151411421,17.2487124105831,0.499669054318309,0.598800842531998,1
"06037237401",0.386704103333333,157569.693089587,-447137.922512357,157554.729151288,-447120.909595057,0.387173436801538,0.386959167874944,0.330696725295806,0.391298001037439,0.327949680978412,3.89610064490812,17.3084258789286,0.461606571688244,0.434247520981264,0
"06037237202",0.32477438,156137.329206113,-446376.415773993,156281.611660423,-446371.477173174,0.325203828149685,0.325577688665926,0.210644336589247,0.299820711641475,0.130248989134069,13.0548811057527,22.2453371863219,0.32519989498571,0.927326541953412,1
"06037237201",0.420691436666667,157155.832872046,-446340.501742822,157157.802962442,-446329.729559667,0.421615552819465,0.421059269833005,0.210548402336201,0.424860972010746,0.214423256951458,12.9096526169964,19.1821831181799,0.487219539843993,0.86592465173195,1
"06037237101",0.3827071,157869.792570541,-446338.580447818,157870.603540294,-446467.787664915,0.383295796357443,0.383046947932844,0.201518854140756,0.317642985580148,0.121355431608444,0.518866805017698,18.0067535663765,0.53490856290403,0.520343045549345,1
"06037236204",0.336769966666667,152475.417314572,-443206.675789813,152447.278481468,-443202.177460317,0.337667018129634,0.337460822244471,0.20800666925653,0.327562564505167,0.206578836143035,24.4188303770953,204.586560924131,0.337772509348594,0.999999999999945,1
"06037236203",0.426369683333333,152688.864302483,-442784.89866076,152648.194016872,-442803.94800393,0.463864652234195,0.464307922019408,0.263808098668082,0.452478423352797,0.260191449056796,25.9114345007671,94.7961993132328,0.462232519514564,0.658919263086009,1
"06037234902",0.33117972,153931.209983472,-446782.35057349,153967.014858763,-446810.845543728,0.352727735403275,0.352792866221369,0.196945850361817,0.341551935919781,0.173845830107553,0.46984899114806,45.1436262904321,0.352714839134732,0.778056088229613,1
"06037222001",0.438591173333333,155763.42030971,-441653.831218583,155751.406165018,-441648.964186244,0.440101737807332,0.440363851845262,0.386226496926792,0.435188450404296,0.380650885449679,0.685712492201307,9.07954753314484,0.437432458852887,0.441649499796101,0
"06037221602",0.4951867,157696.673678187,-440483.270368714,157707.465519295,-440465.225562137,0.496347368060831,0.495947379313053,0.453511854348721,0.496174933575383,0.443436166438097,0.810264019574665,14.5540533972149,0.496347368956396,0.642643162647012,0
"06037221601",0.309118056666667,157352.512951133,-440890.759164705,157342.013602409,-440922.238164233,0.309850648525216,0.310283502676268,0.228890160118875,0.30010797510152,0.208361047768299,0.68237575301209,14.4374610118906,0.309850648432726,0.800180214061444,1
"06037221402",0.468993313333333,156130.106401374,-440512.616501346,156216.308784683,-440496.069926231,0.469945925477266,0.469465254441811,0.356282065037827,0.472880892228478,0.394594522474489,0.144887951274356,8.64738690971565,0.463210331229275,0.592851114110311,0
"06037430721",0.19136844,180586.029432628,-429015.306927711,180442.096104488,-429124.58507855,0.191078189633014,0.190854829371385,0.155132765522886,0.253759021187104,0.245176946577136,122.377805941415,327.589461972043,0.191078185753288,0.990498735040383,1
"06037670406",0.361376113333333,149613.04138389,-471172.726177668,149631.413778961,-471157.942330842,0.362601887597566,0.362276038637138,0.271974722842012,0.363331125654617,0.257842824894142,20.8999964162747,400.874105037424,0.362601929920667,0.585317895756193,0
"06037670202",0.22170519,152105.366087799,-468297.448246499,151733.057976913,-468301.543081278,0.222469315936326,0.222298074950853,0.0435908119454124,0.160968529208147,0.108456874149111,34.6468279277828,207.452798536674,0.222469297092908,0.800013107395553,1
"06037301601",0.367683306666667,157698.904248162,-426511.994345154,157536.821047432,-425927.796032361,0.368512647693723,0.368241436746494,0.135224339717805,0.590376856975757,0.309340594944152,5.82713742755956,286.973928502405,0.368512682770263,0.603087721386615,0
"06037670003",0.301805043333333,155341.556046509,-467366.660926581,155332.290800571,-467338.325775007,0.302143514189126,0.30219926919286,0.241836031347494,0.306059578058016,0.240801612908428,2.05043051570662,13.7345345225514,0.302002891927642,0.80081594176117,1
"06037670411",0.421101886666667,150245.886680363,-468648.794452524,150153.107790052,-468704.138162522,0.422290335503666,0.421788049515329,0.324473973307986,0.420467574786677,0.38659372645867,4.43138582915621,226.862393651404,0.422290324765878,0.17552459440909,0
"06037211120",0.180486843333333,158044.170079829,-437503.120880903,158074.141161381,-437450.509405218,0.180583685535675,0.180576143895121,0.123438973201456,0.176620814249226,0.103672324214759,15.0408859470755,47.8932858519678,0.182624089945916,0.999999999999998,1
"06037572600",0.51982696,165396.716506011,-465902.476719167,165369.760055588,-465894.323440445,0.520674077385573,0.520336060431565,0.417596045963389,0.530222517779236,0.412186779929456,11.2026592155346,49.3722051512577,0.520674079326472,0.365187314341236,1
"06037573300",0.14333395,168968.320464058,-467466.556173207,168816.938764938,-467353.718633373,0.143625127477897,0.143464334780346,0.0423141080615291,0.170094116609786,0.0643359430112933,41.7817782647696,101.621882439668,0.143625136653009,1,1
"06037575300",0.209946973333333,168119.692456816,-468267.426854393,168044.319775844,-468293.803328012,0.2101950928649,0.210329744766238,0.138843645436064,0.222535772171117,0.123834764103447,4.24434147403921,47.4250141933704,0.210223089218106,0.99999999999999,1
"06037572900",0.304583106666667,165738.768811337,-467507.305645677,165646.172533253,-467559.633204578,0.305595188266588,0.304979164680085,0.236321312310604,0.286633615856625,0.17817334193236,14.1570121768424,33.4182798297967,0.305595209758923,0.635214348466949,1
"06037573201",0.255258486666667,168062.212396361,-466671.365192547,168076.972609694,-466689.10181992,0.255613623706635,0.255394017573853,0.239627765724166,0.254248300835043,0.240148765207133,10.2642539104059,106.575320937634,0.250310936194775,1,1
"06037573100",0.34508361,166947.867655872,-466675.741722222,167132.909911828,-466736.739579091,0.345850562178134,0.345685584488548,0.281191923336422,0.356130391433077,0.266105498908928,3.4392948146161,26.2509956210359,0.34862730078577,0.224958963063421,0
"06037572700",0.427088683333333,165536.330100791,-466702.803822463,165419.833449132,-466723.153460459,0.428145667265829,0.428379701951598,0.322817285454619,0.365200168041358,0.274738770115756,15.1191097600422,47.5878174821567,0.428145660891468,0.575001023781828,1
"06037572800",0.17855182,164748.487449905,-467320.261613426,164765.872473754,-467495.227992295,0.179004829423665,0.179138921738389,0.124477821168398,0.250894427677373,0.203363780279535,25.3999723086836,26.3091705077359,0.179004852915559,0.577670778112834,1
"06037577000",0.142221533333333,172319.81239525,-469018.685736018,171768.576043207,-468965.545000973,0.142401583435049,0.142372831734803,0.0136452836151652,0.192896864328924,0.0990164394029816,172.831356017231,284.63551278651,0.142401582444696,0.95430241793431,1
"06037542200",0.32550698,166821.686539483,-457318.243719659,166694.28119587,-457281.819592191,0.326050341238569,0.325932471492135,0,0.362051765281411,0.0148214907246983,4.68422381052207,38.5567382885677,0.326050454794499,0.661505153533432,1
"06037573202",0.262095116666667,168104.724833174,-467461.971413766,168109.907682352,-467456.128788367,0.26256784126418,0.262422765764251,0.138013229464597,0.263519037670317,0.140081286999335,9.68945629487177,80.053162817855,0.267042980964166,1,1
"06037910205",1.77576698333333,171310.772919444,-385187.347660535,171705.868883621,-384331.596726242,1.77984309695053,1.77982970455254,1.48159750645457,1.65853230628181,1.38433758805883,0,0,1.5785698052115,0,0
"06037910705",0.794224556666667,181703.04636379,-381121.620279878,181572.308891896,-381199.422023785,0.795833402108586,0.795099243928154,0.541621052379535,0.759836745991784,0.459086401517884,0,88.3848459976714,0.650760332313203,0.264022026339046,0
"06037910206",1.57253805333333,162226.939233722,-379910.586517126,167206.184172477,-381370.471062159,1.57559745820378,1.57464207820949,1.43945341353037,0.502452454994966,0.123043750045166,0,0,1.57577579321283,0.0946228767550735,1
"06037920328",0.952815403333333,131237.569083723,-398982.979179313,131565.799452217,-398953.419752107,0.954768412859434,0.955232893896663,0.526058930463005,0.831116330560497,0.489321825752701,0,215.570923997283,0.954768432612707,0.0013701198877218,0
"06037920330",0.632736476666667,132056.211877014,-400497.797648553,132269.68962353,-400216.626285877,0.633595851719415,0.633602378616142,0.337357219599927,0.598733416369463,0.128697267066428,6.10775076793643,19.2732916093146,0.633595883548901,0.169774044588234,0
"06037920329",0.44243104,133224.093839279,-399601.066964966,133401.592414257,-399717.148175237,0.443453090032066,0.443577138574855,0.375096585572626,0.447760905756982,0.319928682187444,29.8651849637005,193.386510093724,0.448205309758446,0.150428551632958,0
"06037109601",0.386309356666667,142588.42274118,-416307.261179633,142453.419686901,-416300.906091757,0.386879085072158,0.38660197319474,0.131099067885599,0.428077711010735,0.111645809911033,6.38952496205956,30.6509172700913,0.387818233485244,0.665641349266985,1
"06037920303",0.466085826666667,127833.203584406,-410384.284063359,127004.988481239,-413007.936802614,0.466132086875176,0.465631651736463,0,0.185207244668415,0,384.736905866523,1266.94751361634,0.451348854579706,0.126832487954975,1
"06037920312",0.361380486666667,135446.602787428,-405304.012600713,134978.375313092,-404189.825618864,0.362295266924237,0.362126291671721,0.304807202055082,0.264987484836824,0,76.34265750843,680.151054705749,0.420508444635231,0.112843970457333,0
"06037920313",0.42336094,133199.470960346,-403926.687159129,133130.202099233,-403830.043886588,0.424713898551395,0.424870856750626,0.236231334420236,0.39766234381394,0.228910651688622,0.42131802458816,168.060045209432,0.530276174496508,0.060326247427476,0
"06037920314",0.5084971,135956.236374106,-400296.437566505,135122.179035519,-400807.677649525,0.509967004996554,0.51005101026365,0,0.231552061793369,0.00117032331209443,98.2859850158988,222.084485316384,0.566555297950154,0.105157461953358,1
"06037541603",0.41331773,164551.342544978,-454163.196936432,164723.208967161,-454559.143175534,0.413746081422102,0.413577249543924,0.38404370875842,0.413259861493642,0.164500353142899,4.17001561450996,16.7951823331462,0.413746077384144,0.747998877564195,1
"06037550700",0.41980554,172706.083556741,-448437.605346234,172652.331986293,-448509.328609273,0.421262437455902,0.421894586418541,0.201540501388476,0.454842562896467,0.222345307780833,3.71541679408362,58.6032690879604,0.421262437665054,0.417463551059342,1
"06037551600",0.49859463,169955.979969252,-452778.841424674,170350.39596941,-452392.465623244,0.480610903381556,0.481235997064629,0.337224672310956,0.431145035197205,0.173138751704678,12.6874026078771,178.787077922924,0.492062868447151,0.475257398390075,1
"06037550400",0.24521804,175858.11585635,-451526.889102679,175914.825638022,-451783.118701731,0.246162754283282,0.245870330034892,0.166563644198545,0.337142975187023,0.253698617188116,24.8306555899646,91.2791892612829,0.329612522079233,0.762098801140512,0
"06037551201",0.58189389,171490.837847235,-452464.726017189,171481.849111001,-452448.389798911,0.583459998626961,0.583193591927401,0.40010727947164,0.582286619380497,0.39502290301302,6.37546044532207,55.5003469454623,0.583459998901347,0.440487152260299,0
"06037551202",0.509936256666667,172161.196245046,-452840.930473742,172152.948235644,-452844.805383854,0.510587263572362,0.51027285973526,0.303435336238881,0.510812620118657,0.298312632115267,6.14700692526173,33.2073258896716,0.510587245507824,0.591303422802749,1
"06037551700",0.472523356666667,171316.296386455,-453674.331166648,171242.477465399,-453659.587437277,0.473448350399734,0.473842841565223,0.3658478391195,0.476998897904097,0.393918816300587,3.41377706628736,42.7016863339989,0.473448368459074,0.82950502252636,1
"06037553602",0.46626514,169764.164280099,-454620.946259811,169872.629874339,-454669.987445019,0.467070374568819,0.467447768556391,0.432806857091108,0.445745797824161,0.399156912255287,1.76782299606663,65.5819779154792,0.493549438681063,0.196811953061764,0
"06037461200",0.520845743333333,173693.615116732,-424363.178839203,173715.039053786,-424398.654005818,0.568674314065025,0.568338214035075,0.109151584375992,0.57852005439907,0.123275231719823,57.7648008874043,142.875134345277,0.575377675373425,0.200668668709753,0
"06037460502",0.614842973333333,166306.226627987,-421702.897562836,166337.482451641,-421651.563903355,0.616750909759427,0.615680037530519,0.483189527519507,0.641936783172129,0.510648335422503,0.170674537838193,65.4951716629506,0.616750927025953,0.305072831019594,0
"06037461300",0.744710096666667,174080.656962725,-425156.523797612,174116.021249898,-425159.442952401,0.746316873467578,0.746128261266214,0.556001466414846,0.74128767038013,0.572939688884838,0,117.251050365305,0.746207099846053,0.196637858242298,0
"06037461000",0.527578666666667,169498.865865644,-423825.203664838,169557.448946945,-423811.095413775,0.528529531199274,0.527914765978335,0.425658164520972,0.511002551412007,0.388226488410717,3.62375910094989,375.684704187667,0.528529505373583,0.408831622556899,0
"06037143200",0.312249233333333,150104.26468808,-428299.695677614,150183.308366707,-428303.945336121,0.312641394911004,0.312718670994121,0.153611181051183,0.30642802280309,0.200026003687326,14.6014609596135,41.6736299535695,0.315165835868004,0.724201435749762,1
"06037143300",0.525116723333333,148749.152682083,-427935.590451813,148666.687124963,-427923.880971388,0.526350423060479,0.526425607652086,0.412196519621409,0.529908957995486,0.370318905411368,1.08141938147727,55.0048790524066,0.527383732738377,0.669042858987162,0
"06037143400",0.50661943,146685.551394487,-427888.56118428,146572.678267541,-427929.399156872,0.507298276081172,0.507333484730055,0.0367409546026564,0.534394162233942,0.050762795551372,8.46694361510092,15.5130912822959,0.508293143087383,0.618568167861472,1
"06037141700",0.322559403333333,144079.596901158,-429672.307937569,144137.719180521,-429582.735587251,0.323886408860805,0.323422714044854,0.109867258277808,0.350259912299104,0.14193942054285,67.6299416917117,173.125064106302,0.331144409897692,0.552208598204139,1
"06037143602",0.675592,148689.96264253,-428804.361854473,148640.749149255,-428725.094995003,0.551382181539696,0.550791928438711,0.492057258627503,0.526425096611819,0.435287676228834,0.0238217008537081,46.2829349152015,0.553464029409698,0.369191259860289,0
"06037240010",0.252248736666667,160475.579151247,-449321.119470134,160562.347375366,-449330.413424685,0.252831268905372,0.25247244773254,0.156599206590157,0.263270568118923,0.108298146920123,8.12627326073902,15.0019097253324,0.252829985619591,0.525311391701779,0
"06037238400",0.387458133333333,156301.123471892,-449613.512703364,156346.5462629,-449627.412720552,0.388302752930624,0.388992172910557,0.132358578794316,0.395443634699105,0.160932567589054,8.57602628236108,42.6960948079785,0.38822203288271,0.506502419379754,1
"06037240020",0.30858282,160472.785780031,-449771.531133864,160472.778124201,-449760.265649846,0.309393148509201,0.309955766096505,0.125764952735328,0.307932019325856,0.12046946232675,10.5120053684316,31.8122489439073,0.309543884331378,0.633517001208243,1
"06037240200",0.41085747,159339.297116765,-449595.518098751,159398.704284607,-449610.582936288,0.411715428162986,0.411060380265079,0.350724285728616,0.405340097798458,0.331747314387079,3.85213708860761,29.5588175198277,0.411706622358153,0.59802029574078,0
"06037240300",0.20605684,158416.11442425,-449572.361133394,158381.426934917,-449608.728452083,0.207020648099082,0.206632744879391,0,0.196141042376407,0,18.4756301276323,20.1910762743512,0.398462217570936,1,1
"06037238200",0.496373316666667,157305.008804459,-448804.364317868,157273.699329776,-448791.008552019,0.49675552052012,0.496665387920147,0.39568293067623,0.515050479308817,0.411755706832796,0.230889855755425,27.8014810053771,0.762411737609115,0.0238785063457536,0
"06037240700",0.338821683333333,160905.252888088,-450567.031273573,160887.638028352,-450536.857703811,0.339735886736314,0.339859129319766,0.00289490467957142,0.336971612718897,0,20.9598852004573,47.4765848501885,0.339689341829331,0.526017224710455,1
"06037240600",0.543562666666667,160072.571911335,-450590.42400927,160040.22299762,-450622.818029967,0.544481099264708,0.54424853127697,0.195127254717338,0.564831304179493,0.218203413549876,4.41892427038036,29.3178291700777,0.487826172322144,0.167349774207124,0
"06037463400",0.500127846666667,174023.165526016,-428802.100814335,174406.644621161,-428630.356792437,0.663826741411025,0.663526027587193,0.557458000828951,0.731440577411744,0.602636585424403,0,174.752914645959,0.663826751579626,0.37486885274985,0
"06037463700",0.25477702,169774.539046484,-428924.691208532,169869.269886467,-428942.072937322,0.255377634104571,0.255834931964572,0.0627385784687193,0.270591909700752,0.102653782768631,37.5590961901793,184.575856660698,0.245625946826691,0.933440157754525,1
"06037463800",0.513988006666667,168315.932433949,-429669.788372724,168103.260616958,-429631.316932919,0.515396687798634,0.515021227701337,0.376789736529248,0.493657462189987,0.402868256012872,24.9155704184759,159.872836410899,0.515396748853794,0.386523323541197,0
"06037463500",0.296264876666667,172725.598453077,-429101.615366635,172674.602833725,-428922.94924727,0.297073683379772,0.297048651983956,0.182022683852701,0.297922446239832,0.147936106366317,29.9446254239051,129.042021534438,0.297073665083723,0.973711523164724,1
"06037463900",0.25943721,169860.977908239,-430111.753448125,169958.869761657,-430092.204092954,0.260032459344145,0.260007790739037,0.118767036501882,0.260818310672581,0.0794658920222404,24.6639093435642,154.018582360507,0.415786301442915,0.501987045901843,0
"06037463300",0.63744999,174980.056797062,-428972.039903498,174993.033388949,-428950.301885571,0.638634680239064,0.638126706468289,0.375004481113577,0.635132518250572,0.359489202301433,0.313322487579713,90.008424739633,0.937136782280677,0.00598267990764292,0
"06037406000",0.480862183333333,193635.36689334,-433791.989810052,193637.432452623,-433629.443634428,0.481494068945062,0.481473479691095,0.372753099393971,0.467322109992361,0.426136154270465,9.9194250557259,24.5482427521808,0.481496348252062,0.462596479945771,0
"06037535101",0.568843993333333,161847.752212086,-448618.583237594,161846.978741285,-448587.244178349,0.526418148205616,0.526065498651931,0.399307232501929,0.53111171304167,0.389280261528634,9.29643272080973,37.9210362639692,0.526418153631852,0.557572501135046,1
"06037532302",0.370667646666667,168494.333936798,-443477.661268644,169034.103184843,-443493.554609701,0.379478216555406,0.379440160509759,0.243090760857357,0.348796989874088,0.0858027935696115,9.62116925256979,16.5931010955779,0.320425791519952,0.44752730603165,1
"06037481712",0.52313611,174274.396745506,-437068.55143581,174259.743295956,-437051.600674555,0.524259315407439,0.523944233987346,0.131484156437789,0.523493818465522,0.12470080560746,3.15457106961761,37.416926025138,0.605683779830245,0.816230904876589,1
"06037123104",0.391679276666667,150690.53697682,-424579.341631293,150734.617361021,-424556.360419279,0.392436720419825,0.392404549356891,0.246932151826267,0.398918535775543,0.264628795454637,7.64789890220646,26.6625921193523,0.374807348732791,0.462774680139238,0
"06037532304",1.10350756,170670.584883269,-446124.877488644,172284.883403667,-447137.909380865,1.10648463723712,1.10677583794796,1.06111239741025,0.478428772767673,0.320771637025746,0,0,1.12335614685247,0.128585373357474,0
"06037432901",0.339542896666667,178037.171952842,-435851.658879932,178075.468002515,-435839.603108898,0.340679106654542,0.340702212269698,0.331183545720797,0.348387357859495,0.331555185986882,11.1705833970338,40.8572814337247,0.376761433098078,0.539018769514602,0
"06037500100",0.735952086666667,190121.577057231,-448506.77941246,189833.320473586,-449118.440565682,0.737973360627305,0.738038668889644,0.458612784913844,0.895698257036795,0.679163831831808,2.42242772226789,414.500689329485,0.678156206353606,0.332780418679609,0
"06037503703",0.31588217,186314.271873558,-454164.536355035,186366.287404207,-454140.754580747,0.316430810324135,0.316629913407666,0.199349157009967,0.311793853741884,0.195427108883755,13.4646682708312,176.294118466414,0.350138514904646,0.680473818662893,1
"06037201700",0.763337883333333,168826.267104594,-437059.58428446,168822.075713571,-436938.745163365,0.765286067525686,0.765033448057234,0.647101128227326,0.75478958169275,0.702156328799561,0,75.030689745404,0.692307862831664,0,0
"06037536200",0.396800663333333,169416.982047879,-453374.617123748,169590.755612499,-453527.182995312,0.484216502380972,0.48382191712572,0.325952365570629,0.431242246865979,0.187002297465764,45.3746743103415,84.6223965208364,0.491958980068911,0.794830890740493,1
"06037542000",0.57520583,166188.129571004,-455071.507029287,166160.127790599,-455043.419229836,0.576681410147275,0.576056667569946,0.192459057150872,0.572797403525288,0.197155834798879,7.35362602895978,21.3273076448067,0.576681428650331,0.723520071259254,1
"06037540102",0.427333483333333,166982.323223031,-453093.036412807,167004.472884931,-453115.13349131,0.428280169875278,0.428681461474328,0.277620165332546,0.426494656706486,0.271429025596534,15.0762934003121,54.4757286044375,0.428280163965565,0.906974494326275,1
"06037543603",0.526131253333333,158008.75706072,-466429.705122025,157889.124714016,-466382.326756524,0.52700487926282,0.526986744079752,0.43925891954389,0.559799595065134,0.414921446436699,2.27241118994761,44.9571672482173,0.52712992646704,0.189235539794155,0
"06037541001",0.901700056666667,159574.785647841,-456533.844796954,159891.904611867,-457017.348087641,0.903547313795492,0.902587644569285,0.832244454956883,0.767156813909003,0.670811723008743,0,20.540817499645,0.888903565374257,0.00649784939026962,0
"06037600502",0.57522118,154349.856918683,-452781.827964722,154251.182710887,-452754.57229027,0.577206409428919,0.576834343958103,0.516847443982657,0.521477804871891,0.465854213155718,0,35.1072407664545,0.577206409164453,0.0892405685302143,0
"06037603500",0.448526683333333,155309.687786205,-456030.416258526,155316.803418807,-456061.407301207,0.449271659328883,0.449170598427491,0.15428535315446,0.437083610210625,0.134775271376117,2.39125801334772,34.4207603757231,0.449271650061381,0.709048141921466,1
"06037199110",0.361720736666667,166355.303237726,-435782.086195582,166431.749260723,-435689.735079037,0.362493590648774,0.362440770680007,0.334567025698574,0.369475007315159,0.352833703794765,35.3416918081283,328.297468255151,0.41860855000111,0.999999999999991,1
"06037197700",0.30885929,161910.922029825,-437063.447193067,161840.807273007,-437073.545547235,0.309800888211848,0.30989868412862,0.186566253747029,0.30317248648171,0.150571026951456,5.30072929580245,259.263905783164,0.309800877474785,0.556367968109239,0
"06037197600",0.321214253333333,161341.925340842,-437104.252720899,161330.180693421,-437008.306379941,0.32207282419483,0.321914195426378,0.201922034957356,0.299661771946311,0.187704381222437,11.7282582962602,156.236614236586,0.334065121138337,0.576200533015202,0
"06037197420",0.470299,160829.284426104,-435459.531987317,160840.061783377,-435502.191105998,0.471230184332962,0.471750903493165,0.374969125334599,0.467079658566657,0.356392425299619,20.716651137869,306.42574935164,0.468088865761769,0.500042514341724,0
"06037197500",0.33207217,160805.329218855,-436597.374991575,160864.108956109,-436564.101361993,0.332740468664683,0.332247781630435,0.111629323783075,0.313489206768904,0.135065839486287,32.9995708026843,166.411807256072,0.332737154334298,1,1
"06037199000",0.290456546666667,164323.21495786,-435734.821876199,164518.365585209,-435697.522844978,0.291738552503204,0.29173499117665,0.14478846958287,0.347801257005364,0.202273357969759,15.2815987331024,308.372843233394,0.29070802855198,0.576144570131869,0
"06037199120",0.29565712,166157.639907877,-436826.458786834,165938.790066739,-436714.74987871,0.296146525693701,0.296149184137407,0.120283353921739,0.30923078869727,0.194711501687598,49.7356548190109,188.979086453324,0.384639815388904,0.99999999999997,1
"06037199202",0.278716856666667,165805.989370252,-435579.080804918,165742.216331549,-435694.837210958,0.279472407927108,0.279642487638614,0.097861067183888,0.273201602054765,0.168911324211375,54.3007831488952,252.418604656973,0.329439614718261,1,1
"06037293201",0.591461313333333,156989.835227176,-463506.15299965,156943.074386316,-463515.553031765,0.592404580682595,0.593328587973943,0.511471946335348,0.603075675049951,0.516432730251956,0,19.3694746362198,0.56631004359389,0.303728888722417,0
"06037292000",0.693804933333333,157363.888771386,-461410.159620191,156826.088992373,-462233.860568099,0.640469992828657,0.641707378288974,0.35688658333436,0.553874475638781,0.129062888636433,6.39640543583389,11.7879506774541,0.885216584375653,0.234763826852394,1
"06037293202",0.46783104,157054.737945514,-464682.195284999,157011.286253606,-464538.663711775,0.469005402403752,0.468507856117913,0.18890703384926,0.440073961499454,0.16583711390994,8.32410792739672,24.801214247853,0.363823946160033,0.709501927140597,1
"06037294120",0.344463596666667,162307.32376271,-467316.853866451,162319.831595278,-467639.614179896,0.345097060613383,0.345357423534911,0.19740931376548,0.218328342953147,0.0283339714287667,6.93928506949477,34.7499054655282,0.345127358864024,0.503314942327441,1
"06037621201",0.410951513333333,149684.892571651,-461568.469760686,149665.363827376,-461515.928382147,0.411585753944592,0.411670243642589,0.32990415447043,0.41793037882266,0.359397011320852,5.58476306516912,104.635993304567,0.411584506092802,0.973666689233607,1
"06037620301",0.343405086666667,147527.381728173,-456191.231784611,147515.693530681,-456193.007516726,0.344241732221517,0.344133688657018,0.255879699750984,0.340073595110526,0.256879841427353,17.8152604045809,115.776858775325,0.344241757253392,0.98132473156407,1
"06037620303",0.23814763,147845.307368655,-456945.386204649,147841.496769915,-456958.893499824,0.2389093577456,0.238859351317373,0.0918793925322884,0.238183067632283,0.083533913205332,21.9560234437179,148.744839758206,0.238909351277673,1,1
"06037620400",0.179935076666667,149175.966279723,-456584.607665919,149219.283313254,-456833.50712251,0.180155359530154,0.180418820759697,0.121022276685371,0.142817582838136,0.0960616325096082,67.8162400472915,99.1547296595361,0.180155361123116,0.873760099069086,1
"06037620901",0.239437343333333,147997.459241854,-457915.980941424,147982.046708316,-457902.372867386,0.239816505368154,0.239918209891424,0.191680490038629,0.244034577664336,0.188378557074881,16.0925001830419,173.176142413907,0.239816524857664,1,1
"06037620800",0.266525286666667,149176.781749069,-458179.17054156,149237.272776349,-458113.711226676,0.266832420374316,0.266983651264902,0.0925566931245791,0.2819611350151,0.139402196289503,15.2175253932781,100.809474498694,0.266832428233444,0.999999999999991,1
"06037267700",0.773650046666667,143657.026357397,-440694.957520109,143459.199358453,-440481.132924309,0.775902944584206,0.775384192523023,0.488371741313106,0.652536219396429,0.408719628640166,0.0964299397814184,19.6366512544954,0.586371784811263,0.39201397147503,1
"06037267800",0.901391723333333,144901.758328507,-440578.087599759,144907.382476181,-440534.050492102,0.902885847062767,0.90176557319531,0.775951680397601,0.896508075534373,0.759443223795492,0,56.2344154450112,0.900524130285066,0.0225017676536069,0
"06037269100",0.6458333,148187.910656867,-439028.622209104,148225.345481067,-438983.523040444,0.647382662796825,0.647349825573624,0.61384491834345,0.639419454871681,0.606275641912947,0,56.8124688842284,0.647377902552683,0.0718768800647165,0
"06037700700",0.27533641,146128.847850705,-436012.553899972,146248.320018252,-436202.86209339,0.275900619320649,0.275620901587632,0.164210354770353,0.27995493515184,0.12883958766657,12.3821562701471,63.8972269980856,0.275900601108934,0.502117565825734,1
"06037226002",0.735858853333333,161802.603063725,-441051.15187869,161791.486494297,-440653.631701419,0.73755705845422,0.738994218131417,0.594921311958756,0.583189128570187,0.399898858295815,0,2.58336422239679,0.736879801314904,0.140239943078085,0
"06037226001",0.576907813333333,161591.046663179,-441960.440461786,161166.788173866,-441848.273085631,0.578099843669749,0.578370255235482,0.231196616893569,0.585838506808851,0.351715958407325,1.44815944997698,4.69370386307589,0.578361377949966,0.408813925327373,0
"06037222002",0.503048513333333,155775.751138427,-442352.878255265,155799.142208076,-442369.466244118,0.503979113079285,0.503847189687403,0.44148838779629,0.500425440077429,0.459306668806561,0.626786242394455,14.887300382206,0.523614167609038,0.358526317435035,0
"06037980014",0.853242223333333,163186.340052276,-468767.536564951,162629.00193303,-469802.040781696,0.855874465892802,0.855029640322027,0.580460332011561,1.00275864206893,0.862404800873106,0,4.65228013078611,0.705324716813962,0.00027974891423632,0
"06037980013",0.52346941,149153.128091923,-454159.967950977,149063.477930483,-455282.750730515,0.524734501688852,0.524486271031637,0.462918829334208,0.422447134682396,0.373409418224827,6.42267365942301,48.5515614302656,0.524734507170215,0.373451867693325,0
"06037980010",0.36966151,162484.794855261,-435779.920461197,162822.464802056,-436285.448569148,0.465842260742996,0.465416736511534,0.0483878609598886,0.423803336537732,0.19067545714695,278.184352681295,617.524608322234,0.469412334083075,0.320452260424808,0
"06037651101",0.784686746666667,153974.516051756,-466074.427529084,154017.897698469,-465085.723568181,0.786966315504562,0.787265144782212,0.608212049346949,0.333119590869516,0.00733199110474823,0,10.5772477035808,0.740997053710439,0.270358122766341,1
"06037203600",0.348328066666667,165297.238582348,-438910.846145742,165326.849725683,-438935.341653979,0.349426384626276,0.349412499186219,0.153827637903479,0.354827075611414,0.177090878635101,4.80635103323859,64.46338200169,0.335999238957632,0.999999999999993,1
"06037670100",0.351893913333333,155994.046862247,-468652.820682289,155871.59766893,-468552.809887152,0.295417492627942,0.295414174464058,0.148583635101007,0.290367111899132,0.0975811107135763,0.765803484452819,77.8504880881409,0.38368778547627,0.264846655134971,1
"06037670407",0.377972156666667,149447.591803439,-470010.415998686,149536.547953052,-469853.60112323,0.378400297230518,0.378663814416022,0.271457356385554,0.429186932431764,0.293085154022058,7.43017731306649,116.502821834157,0.378400317343562,0.449195619224685,0
"06037599100",3.06199508666667,146994.603805206,-512875.196174693,150594.128511052,-514698.533807764,2.84417116535684,2.84285656723287,0,1.71393895581925,0,502.42517993226,2009.70071972897,4.10111496165741,0,0
"06037670201",0.168441763333333,153828.781696748,-469383.065528057,153568.990163305,-469422.557165707,0.168717648839738,0.16840678310327,0.123133593938237,0.25082221644155,0.113994493919007,77.7049790642207,160.379457295276,0.168717658600146,0.652160740774837,1
"06037601402",0.523604936666667,151067.704780538,-450304.48629451,151153.571526279,-450260.995113247,0.524668157835508,0.525079060849439,0.209743783281592,0.503295500055419,0.207812758839999,1.97240935991468,5.72819539378243,0.524668153160124,0.787461582450633,1
"06037901205",3.36259961333333,157664.421561837,-369718.661445847,160476.25732515,-371047.783439408,3.36831298422877,3.36431058226092,2.46309008728381,2.27285032535313,1.29251529000905,0,0,3.43364636669266,0.000124103841260603,0
"06037574000",0.438549363333333,175768.330657569,-464984.230337721,175761.569590965,-464968.430428307,0.438855673671243,0.439347317570177,0.329628549723699,0.449122062538718,0.34020721771205,18.1735726568858,430.25408436383,0.438855666623128,0.0838822469062812,0
"06037910807",0.61546207,146010.888984293,-396011.198111228,146082.187248162,-396635.855799418,0.616689524149339,0.616764949252443,0.320104751773285,0.546258988517731,0.366787932523478,50.8440636191536,106.806574570931,0.616689435094395,0.118878911939336,0
"06037920023",0.57643334,138566.941956537,-398082.365187719,138790.14044324,-398112.699684669,0.576980633563218,0.57644530375083,0.41006277183193,0.613053867690255,0.288592569004269,8.03911355742094,132.084353120832,0.620661045278373,0.0171579944261654,0
"06037920200",1.13489377333333,128660.255597699,-393586.912517867,129323.994624688,-393626.143936347,1.13803005661474,1.13865922314372,0.640573085261252,1.36950690397359,0.796114355870555,0,73.0600090791335,1.62379168317302,0.0242196267928245,0
"06037920104",0.839545326666667,117140.33303781,-383527.2554217,124537.231057519,-389621.608583037,0.840524327323201,0.839927780134837,0,0.862052882302667,0.00667612241599185,501.791686870385,2006.9744409345,1.36611280411724,0.014985009819112,0
"06037920016",0.583240563333333,135864.049211741,-393636.839509344,135759.36271874,-393693.548636091,0.584937779372057,0.585286406706245,0.534017998108333,0.599254154257576,0.502335517652746,0,218.799776606018,0.666593048691565,0.218551172977147,0
"06037920028",0.72231468,138987.869884122,-396302.312386354,139355.279205348,-396058.963329955,0.716260891468728,0.716287908364105,0.544666751758951,0.703189321815778,0.495255602185417,0,50.8355122417794,0.716153881169314,0.0427832933982894,0
"06037910805",0.18061062,162617.572095706,-393137.61177219,165552.721350227,-392327.863270711,0.18092519297112,0.180695026909111,0,0.337087525964658,0.0533222390892119,76.1185267048885,371.21499246127,0.771888753992198,0.0121948005083854,1
"06037920038",0.493023656666667,142702.193246803,-397995.800934652,142474.893337354,-398227.459512599,0.514903600554096,0.515290267501913,0.304163602862874,0.51327121056066,0.337331289647308,15.7412291096433,125.939402678519,0.514903589718423,0.00796417663476855,0
"06037920035",0.7241769,141139.661430106,-398502.077535868,141064.614438539,-398475.935333676,0.725877052496457,0.725553251245261,0.594218619844702,0.712195101346998,0.63782629113229,0,25.086618163119,0.743539189360305,0.0312037751040285,0
"06037920334",0.554699843333333,132357.797573486,-402113.073893058,132460.346843952,-401934.945774219,0.55546295138748,0.555087020855511,0.35500785658785,0.470691344121742,0.23146263146621,5.74412758535035,54.2685155373195,0.555463041313212,0.144529198267324,0
"06037920042",0.881200886666667,140515.131619874,-400985.28815489,141153.88048813,-400463.11786565,0.882628065300368,0.882779217998785,0.521659248829152,0.76466089148785,0.665469682427729,0,41.5841831434719,0.930724545547967,0,0
"06037910809",0.849461203333333,146590.08002191,-399446.029410686,146207.145707051,-400232.95556343,0.851728721653687,0.851965495448247,0.409363646447483,0.981794633761515,0.651434452432936,22.6456760931612,429.257682588859,0.851728265366846,0.00578153418274527,0
"06037920018",0.55928177,135058.458100787,-394538.567404512,135022.357971096,-394577.939042011,0.56064201847175,0.561509119554602,0.296595726598209,0.553437943189766,0.283642883199587,7.58303835647756,37.3932153867817,0.625171196838028,0.374418819282258,1
"06037910301",0.947672243333333,162829.924304726,-373818.227906249,162723.705592368,-373894.363850865,0.950188845711447,0.951734226819035,0.655791003031652,0.931073718397249,0.627655804734325,0,20.0964840301581,0.948294784194125,0.0616770712194947,0
"06037106020",0.549591113333333,144595.789110826,-409325.326407855,144679.464431579,-409340.192882018,0.550615318405013,0.550834687944611,0.465741729187556,0.525894542188281,0.433583751052885,1.32175618218634,436.971889864964,0.550615416973987,0.354597127800231,0
"06037920034",0.78968011,142285.054636725,-396320.657578366,141535.674091648,-396894.945310086,0.79132816111195,0.790265186986358,0.316555948178871,0.721113296014274,0.687508426476263,23.4347516860959,88.8984609274119,0.972878023538228,0.0687683874424388,0
"06037910808",0.762601613333333,147868.399294526,-393646.761684564,147534.458982544,-395153.74683774,0.764845773462106,0.766135981387184,0,0.975012211608899,0.690105509036866,68.3421005812866,74.7497748590287,0.764848231471022,0.0479284433670051,0
"06037310400",0.5464773,153380.306089185,-422335.909578122,153604.71958337,-422387.20879562,0.547864406062829,0.548681330921871,0.512541247127446,0.545002596663037,0.502548598276908,0,122.800034636213,0.547864399395972,0.313243479510624,0
"06037550000",0.891378666666667,178724.624326383,-452783.184556336,178790.258591593,-453006.69322018,0.893567630634005,0.893213964846106,0.853142039717197,0.842264540373437,0.769110849966345,0,25.3956751065592,0.862288293932318,0,0
"06037550100",0.63916091,177900.649020049,-452821.302505756,177881.6949917,-452697.584531938,0.640670789548046,0.641663835908082,0.442529853307028,0.62027355089442,0.473250767661785,2.97552567167437,34.7488832434604,0.637230439492404,0.271775633108657,0
"06037551000",0.454549663333333,174502.060065121,-451345.800836576,174467.379178232,-451331.142096019,0.454785239881314,0.454858573594322,0.372973855929491,0.47598941637979,0.3912855601305,12.5196854753997,50.2089760474788,0.454785241223109,0.324930477342736,0
"06037552200",0.570791203333333,178122.818342951,-454466.938371041,178034.207680084,-454368.829917513,0.592070452799568,0.591011410141168,0.0574744609561878,0.55725670090599,0.0881522924866405,14.4190963502316,34.6095992649385,0.585000128024001,0.626479900951267,1
"06037552100",0.595634293333333,176831.744408062,-454869.465706928,176897.779180424,-454875.50378616,0.597210297098604,0.597558244587491,0.487934397225649,0.613139037392774,0.490050163050733,0.245179377728686,29.1949793631756,0.597210277336762,0.213106143142074,0
"06037551900",0.170131913333333,175296.502798192,-454381.37218098,175290.745084774,-454423.335879182,0.170283893076073,0.170158939880265,0.0150547702749331,0.15592734048424,0,17.2068275526057,42.3855398926016,0.275617003117957,0.692723503430362,1
"06037553902",0.701559273333333,170863.977190483,-457242.621782813,170873.847731755,-457356.792339836,0.702968217773895,0.704075406146895,0.443663589297532,0.716029106291435,0.51219564829534,2.8904708880335,21.709652967002,0.706795439002722,0.223164646806639,0
"06037403500",0.63180161,198277.797238433,-436981.209684859,197533.615263078,-436805.103941649,0.633374876919832,0.633241501889843,0.112772382767804,0.550859808105343,0.458770595304627,109.260130369656,226.13218623559,0.621966832445057,0.430854486221028,0
"06037461400",0.60773979,172861.928229427,-425341.275889055,172964.876840611,-425348.752948474,0.609235491607941,0.609670783160169,0.53374411450605,0.62771636277109,0.520682256851836,0,68.2565627391328,0.609235486115307,0.125587527132494,0
"06037920017",0.419766626666667,135240.089044046,-396040.44803611,135263.665247637,-396161.987411074,0.420829859375877,0.4208207624521,0.312029516690585,0.444224684815512,0.310631190722654,2.32622631163198,138.383108518112,0.414047761085077,0.483274327973981,0
"06037310900",0.561849743333333,153829.792530648,-424691.748659765,153826.327901896,-424682.898646185,0.563410001501345,0.563403672076956,0.426503891404597,0.559635414484854,0.426215563723646,1.83255867062198,49.1736750426828,0.563409998600274,0.292284748148165,0
"06037311200",0.448766216666667,151807.086918395,-425764.665931205,151832.003093673,-425746.052355905,0.450367553369976,0.450787778477961,0.290694042673324,0.45096366858537,0.303721978992323,4.38820216548022,27.6955441728773,0.437113414950049,0.324681371077145,0
"06037311500",0.25108299,153181.110449257,-426548.433656249,153204.455920565,-426598.124841253,0.251408193574154,0.251213935564595,0.079624601818019,0.237018935076798,0.05943114295459,13.13952149864,28.0043011315712,0.251408191881032,0.930909335615372,1
"06037311400",0.561692306666667,152176.566696521,-426840.709977632,152110.035107039,-426792.890010094,0.562839351713244,0.562734930919421,0.273319542593959,0.565016477926584,0.301183864736218,4.50259591367502,13.2269178160379,0.56281602030036,0.620574442037542,1
"06037800325",0.43053449,108981.703651045,-429493.673570308,109017.771146071,-429601.82361747,0.431018767134924,0.43065128588331,0.241912852833377,0.406063642893972,0.248247006716898,8.63743410142234,98.8305477403118,0.431018778369815,0.491063910376588,0
"06037238000",0.247127536666667,156251.662302199,-450619.575370993,156291.371385129,-450587.422137159,0.248073841844487,0.248504528619881,0,0.251960222106339,0,31.5781042041539,40.8275987420426,0.0580723308779028,0.828910120790134,1
"06037240500",0.601003133333333,159400.59531477,-450603.843081628,159440.707887405,-450577.724408593,0.602458687494094,0.601515190049072,0.519244756499841,0.60155175883227,0.542773061896706,0,30.0018004609239,0.406308262783303,0.0500590124838764,0
"06037240900",0.658828593333333,160662.017517462,-451960.851864429,160677.389074986,-451989.952920772,0.660044731381597,0.659102485326132,0.512387784950994,0.650768843770451,0.521551743873074,0,94.2918226373076,0.660088589016528,0.346919372294058,0
"06037240800",0.55510617,160762.959830433,-451371.003147553,160686.301366639,-451361.352803938,0.556496527647993,0.556571702743601,0.479339522848822,0.55490082345042,0.491793622942442,0.337246370731037,45.6170970622802,0.534591095585721,0.322582036810423,0
"06037125600",0.93337083,151491.106043142,-427337.58261803,151491.066267155,-427283.758251972,0.935129370152164,0.934753724273435,0.794587296038349,0.929567664373309,0.777696429173541,0,5.43623329141613,0.935119231253356,0,0
"06037262200",0.673821826666667,141178.709584147,-433744.029581275,141216.048227904,-434064.030152747,0.67577100988181,0.67558586828445,0.0802158142472524,0.769522541783463,0.115327599076563,141.050896695681,194.057722785996,0.682657560135743,0.33186576254573,0
"06037242100",0.24640579,163287.351970411,-450703.007035835,163275.247656844,-450668.1964735,0.247547936325956,0.247909938166984,0.0853958547307862,0.252091383283797,0.0695245804819932,5.59466902421857,41.0507870209546,0.247534006050075,0.891918927747964,1
"06037241110",0.60222462,159788.217675094,-451754.646274645,159795.601354413,-451669.392577839,0.603674095761616,0.603770726679952,0.147677183724572,0.60045988685064,0.19955450968416,0.0899144182891356,4.31726918920536,0.573869340022047,0.6431089205394,1
"06037241300",0.497133253333333,158468.060086212,-452928.874681684,158469.561691964,-452985.494267133,0.498079345897828,0.498317917930033,0.357742369472014,0.473994875965352,0.342267571675075,0.890722022740867,27.7832000173515,0.498079359999996,0.071080581426467,0
"06037241120",0.601460866666667,159314.307998994,-451770.063627822,159338.502943175,-451771.009221012,0.603088728999084,0.602330065181196,0.34735240719319,0.607527737397852,0.333330319600973,0.0899144182891356,0.557787595880774,0.553782371332641,0.390972645270958,0
"06037241400",0.575885616666667,159457.318936928,-452972.946601272,159525.929731106,-453035.221599021,0.57688176528647,0.577247237181026,0.422081638547503,0.560709289468202,0.406229742141311,4.32778444219206,82.4291034188519,0.576881789691659,0.326319001908828,0
"06037242000",0.233502973333333,161767.884866663,-451409.78350194,161776.00744472,-451423.063817389,0.233700551323673,0.233900056545165,0.181931863801728,0.231330533950274,0.172557803261673,38.2968105360017,69.1494925514499,0.301018047136018,0.99999999999999,1
"06037464000",0.564112353333333,171608.369107404,-430352.957810348,171500.130027441,-430126.795612161,0.565660980412174,0.566216776518524,0.283876241026539,0.549802717293565,0.291143175774536,3.1886560515838,47.7836635385948,0.565660970145396,0.432533188321299,1
"06037464100",0.235935106666667,173328.915711645,-431087.806579464,173146.8424649,-431423.184512012,0.236620535513721,0.236449878898265,0,0.311515089952089,0.0841416505356533,57.4812122144839,269.222102903571,0.236620511436265,0.650249536269904,1
"06037191710",0.562223236666667,155309.005207759,-435191.711668662,155736.168439326,-435355.552715429,0.549164078508275,0.54998741505522,0.466076930412454,0.513765434884543,0.431280466778878,0.344337093139388,18.1214918592232,0.578939446880489,0.209949902698409,0
"06037191203",0.441315793333333,157422.76388374,-434415.62847358,157408.807099327,-434364.112624423,0.442285206091848,0.442424992479166,0.211610721433539,0.44054938857855,0.222702128439769,7.62991294680748,29.1805437682677,0.445919125675095,0.910161360268346,1
"06037930200",2.41945094,157442.448617677,-406925.040325487,149203.613997123,-408993.412223192,2.42657700123051,2.43171530697939,0,0.245434819051712,0,502.425179932266,2009.70071972904,2.49813101270543,0.0337984667891787,0
"06037910202",1.42413605,167246.950304463,-374803.42912402,166685.609043839,-374759.315851942,1.42789810711537,1.42936615003989,1.33700325703732,1.33362806131126,1.09777624854126,0,0,1.33505686555775,0.00961406658891573,0
"06037481711",0.43773931,173541.012923932,-437105.195045738,173579.543205539,-437091.416766639,0.438687756753702,0.438400634212046,0.262319062808724,0.445719307515958,0.23851160727782,3.42269079461904,27.109538042973,0.388191099279038,0.836588279641673,1
"06037480600",0.14411027,170048.864180659,-431271.801648516,170368.320613389,-431249.743535381,0.143885257604345,0.14407711888545,0.0745018915986995,0.12452245187484,0.0845005135422831,6.99353166327024,132.560246881856,0.307470967521946,0.782664375502885,1
"06037480302",0.20324262,173283.565472603,-433219.514360066,173167.038320721,-433258.68548764,0.20333943831707,0.203083999978016,0.0555879417268532,0.230877033176302,0.0342998617148068,9.20583401378049,85.4180574911776,0.203339475059829,0.736908824631197,1
"06037504001",0.327178976666667,183550.856545502,-454423.014893913,183597.898510447,-454373.66941683,0.327420384946959,0.326995695085468,0.312783342188058,0.295777548219485,0.275273988835728,40.7610451236007,185.387401644529,0.327420382502145,0.557490642783983,0
"06037532200",0.846771336666667,173459.734977888,-445915.032275234,173620.495311037,-445649.656187664,0.848474195810943,0.850288403798858,0.368772649884787,0.788483539211396,0.178343995619243,6.02039703885168,9.07797384940543,0.848474177754656,0.308180836170854,1
"06037503701",0.376750446666667,185402.098020632,-452257.689137986,185437.532985301,-452214.833260885,0.377821597149476,0.37762863265994,0.355464538703504,0.405550155762037,0.381271707065086,20.0675956313596,85.0985531924465,0.377821619219936,0.326258886395439,0
"06037500900",0.426961413333333,177343.82776994,-445095.719892014,177201.067866928,-445087.461235974,0.427187449339194,0.426315425835726,0.350981238602699,0.460403414116012,0.393451946669421,5.67683268055743,59.9185381036184,0.427187452434874,0.471209569787042,0
"06037432202",0.279746583333333,177963.208208491,-434855.846616557,178011.307085632,-434859.620735818,0.279899215546791,0.280084270826389,0.079189068144045,0.267156546250758,0.0494233386915964,23.726403244218,31.9301758100694,0.279899222353547,0.824609193014077,1
"06037500800",0.475735446666667,176807.954762052,-446164.418911036,176759.280929748,-446151.351658732,0.476999495906816,0.477226459906718,0.367158168341444,0.472232243118412,0.3487960424042,12.6940937395906,36.3886898481407,0.476999533398166,0.156191022377946,0
"06037500700",0.42809876,175834.73690638,-444970.80700801,176081.321154228,-445160.858413837,0.428842050771672,0.428797364239959,0.212410106192181,0.380279072070013,0.06708762088709,12.4799857149438,28.704235902102,0.428842082398515,0.284184075057638,1
"06037543322",0.466570096666667,161321.532256931,-461037.854116491,161313.704940459,-461027.316565287,0.467677836151323,0.46700449414392,0.348480578442959,0.468808523898113,0.34860359353825,8.72818094877258,204.179614183434,0.467814649053906,0.430155447227518,0
"06037543602",0.593687766666667,158068.105361276,-464956.959145176,158128.155822008,-464955.740341696,0.595316340627143,0.59534498324182,0.484306287737404,0.598069277241941,0.51304339762534,0.162485767351012,25.9618447490475,0.598119731202806,0.380578885578588,0
"06037106642",0.57931183,137423.16262865,-413321.064648119,137426.179468048,-413409.430624803,0.580368919842354,0.579550383026036,0.350786963094474,0.593226669717537,0.379653928346932,24.9574738519694,134.75549404459,0.839188865344481,0,0
"06037543801",0.424650116666667,159811.534366174,-462339.845011954,159775.404258926,-462708.969879184,0.425499545396885,0.42609268820734,0.365784538721559,0.373720162001986,0.175199265067126,4.53330579624244,163.915119561248,0.555658374250107,0.334085596523634,1
"06037543802",0.58637946,160190.615617348,-463631.177681259,160202.213683118,-463665.970370087,0.588289996499204,0.5881957236602,0.405888427212034,0.592332939188264,0.426246198881291,5.29070191011068,33.4362820150267,0.590346393626668,0.322730411190343,0
"06037541300",0.317817896666667,162566.285550625,-454451.438419046,162610.592039337,-454475.670479518,0.318877288718045,0.31902172332248,0.261491631635043,0.334191070398898,0.291010274327623,16.131095850148,51.8560614607924,0.318877306566065,0.605105314723865,0
"06037541200",0.431993586666667,161445.150544561,-454883.80012706,161478.253753963,-454857.565754716,0.432836505077986,0.432607464346212,0.353899172377786,0.416413075866967,0.347174942702221,10.3264487541913,125.2418215453,0.432836525854395,0.520409757430479,0
"06037541604",0.42575144,165376.402268357,-454828.768584751,165284.229238319,-454739.163711938,0.426864872978259,0.427339047084196,0.194506827774191,0.410501004383539,0.128920301207881,5.38070763740239,15.2819961029684,0.426864867758327,0.954032979510343,1
"06037199400",0.114326693333333,165226.423749812,-434702.875011315,165193.532480294,-434780.315511788,0.114360611147421,0.114273924888595,0.0763438985627362,0.118911436072269,0.0572720295341559,51.8904129536886,298.718545758071,0.114360614540062,0.69348203140984,1
"06037199300",0.123231726666667,166161.374574502,-434314.383795939,165744.906372726,-434730.941059255,0.123592101507783,0.123695089537385,0.00174905815484822,0.176596790657401,0.132513929142136,244.247484980258,447.506731014428,0.128821234868202,0.6757903563511,0
"06037199900",0.43598252,165078.782573102,-437391.631134109,165071.515128164,-437329.289293082,0.436670321639639,0.43662422775943,0.268160742859728,0.433110760163494,0.271830554637489,7.27556441271547,93.7452381507417,0.343819122224306,0.67405622189999,1
"06037199201",0.329902063333333,165023.303583617,-436155.584502857,165013.233695144,-436158.082853529,0.33055920075254,0.330869172724393,0.235363925180442,0.33185958257407,0.241786865975964,3.21694729152752,168.636518734664,0.176604111950916,1,1
"06037199800",0.365080093333333,165179.091702596,-436770.395982057,165173.703894622,-436800.346259649,0.365970536498471,0.366222673482051,0.251618233349065,0.369361907684093,0.255515489012235,10.0175858315942,110.517154808564,0.318344692952261,0.99999999999998,1
"06037201200",0.608540696666667,168076.381029342,-434710.637135235,168104.047169501,-434707.447207814,0.610222393847691,0.609588111514635,0.526600420401637,0.617921760729207,0.515489106851588,0,173.567348799493,0.627120018730075,0.0253629860818693,0
"06037201301",0.20448677,167221.913922281,-434781.827711479,167179.62716162,-434849.320293307,0.20520675117492,0.205062494229135,0.122911316984231,0.163384473523468,0.0777771548358005,99.5967660593329,378.03645524284,0.205025260756268,0.785726395294341,1
"06037201110",0.272679016666667,168450.191576186,-434028.932836977,168603.40718027,-434110.334445356,0.273008747553767,0.273046371360096,0.0640718368124176,0.251709749392768,0.070362403366399,20.3892880402308,58.8117458696946,0.351321883602965,0.625912368164459,1
"06037201302",0.247326416666667,167564.144108957,-433702.798341698,167539.520508102,-433679.41462784,0.215605168810961,0.215233696377277,0,0.203611775005208,0,44.3600297973012,411.341520020788,0.184672344908041,0.817472778375457,1
"06037201503",0.680445163333333,168510.820851876,-435094.637247321,168521.874433276,-435114.37384459,0.681834655548087,0.68220491800814,0.614238807918982,0.680127490737872,0.60815585695091,0,39.8290208681166,0.705926609003178,0.0317436160678703,0
"06037620521",0.398522143333333,151220.504058537,-458563.805513388,151259.218165022,-458558.597591407,0.399285951565698,0.399477291138714,0.253304450759374,0.394493341665639,0.251567401667045,3.20512854874159,25.9079538380388,0.399285966761637,0.922588975659829,1
"06037620522",0.377721446666667,150355.367686375,-458581.108037191,150359.631614711,-458581.496561298,0.37866651668569,0.37914916053554,0.203570711478216,0.379498121781894,0.205144858106296,2.33156422241162,55.7608077775594,0.378666530603645,1,1
"06037620701",0.105398506666667,149784.681893391,-459310.845560742,149802.468504023,-459315.244383771,0.105134645098015,0.105245110869949,0.0456429110236667,0.0986768143981982,0.0347627902125165,5.54318883561321,66.2586205836129,0.105134636035274,1,1
"06037620602",0.191175303333333,151306.665094336,-460140.56806225,151236.038857228,-460134.319459936,0.191619224137223,0.191574792510382,0.0336017891313784,0.199236413653407,0.0325251920177125,19.282588247333,100.220410535434,0.17436185260008,0.999999999999987,1
"06037621002",0.21909534,147623.703407419,-459367.534689222,147745.472545361,-459475.916429409,0.219626453449892,0.21963585032882,0.00415888439812621,0.225769794519663,0.0507714969399749,66.8548640944276,161.377792427892,0.219626469481114,0.970646115672608,1
"06037620601",0.415031603333333,151573.24603844,-459321.887955428,151194.52580507,-459283.153017933,0.364966014756913,0.36477143220644,0.340481971096507,0.314361172089305,0.145588779816036,13.5583775622636,45.3526086748117,0.364966038356652,0.789757351519857,1
"06037621001",0.18172067,148620.587421433,-459348.104007908,148639.3031611,-459386.609732769,0.182060100068648,0.181979251465972,0.127984410141399,0.184246004491805,0.117136191077484,35.2199421316593,149.397217774902,0.182060105752064,0.999999999999996,1
"06037620501",0.371311506666667,150794.46333117,-457362.162153811,150638.288621613,-457752.329678705,0.372007016685902,0.372264097843297,0.254683009670286,0.261436542546827,0.0144155475151798,17.9989320159146,70.1721790446963,0.3921947248904,0.725494508339046,1
"06037621102",0.07951989,149142.925063175,-460424.948241186,149160.2410982,-460440.838881942,0.0790043439615692,0.079044460500436,0.0196585364233859,0.06453461200845,0.0051168070119223,27.6985461406538,126.432220747577,0.0790043491114092,1,1
"06037620702",0.143693733333333,149995.051760435,-460190.422553095,149945.10459863,-460122.980777634,0.143867227669301,0.143932038489252,0.0960790218436709,0.138854005190991,0.118430655527744,26.6480529229473,94.7149470639048,0.143867221587071,1,1
"06037621301",0.277671116666667,149989.585498861,-463176.532654986,150025.84329821,-463091.586859582,0.277687830521609,0.277972214713947,0.169154796168927,0.315870415739912,0.220602430731325,22.0720023768394,86.9083277251423,0.364128243998405,0.864416448021255,1
"06037920115",0.268480076666667,133223.674329315,-397904.047843391,133285.054373099,-397459.400678634,0.0964750281331012,0.0965826935959782,0.0267713597757444,0.159675428662057,0.0801043511892182,158.029839066318,397.579810725921,0.174987597579367,0.359346428612084,1
"06037920102",2.74241818,128574.126922708,-375148.04118586,130181.025655735,-385817.362208765,2.7471336535821,2.74945909388623,0,0.344976109177757,0,502.425179932262,2009.70071972905,2.74713349289166,0.00413610603662311,0
"06037221401",0.30242656,155753.101347808,-441024.459018577,155785.651622,-441149.441095239,0.302852131632783,0.3023615289232,0.0422787577839205,0.317087401414668,0.080957343900076,2.31783585448358,8.62216290710865,0.201358353757762,0.771604813939893,1
"06037221304",0.661432496666667,155606.476180502,-439751.778935984,155700.90375744,-439755.042520874,0.662791686813167,0.664277654743461,0.479928491245776,0.663430841361627,0.486742920631101,0.0836258185986093,9.74796799784776,0.6358285334207,0.121010967751701,0
"06037221303",0.558164083333333,156178.221061682,-439739.149764693,156170.658631579,-439733.692618751,0.559146643486824,0.558957935192543,0.474053462083969,0.560771327255021,0.478711098348289,1.42124833925038,9.21553254595224,0.559138478998373,0.237058624008032,0
"06037219902",0.303289393333333,150646.811393809,-441539.466674668,150806.848152699,-441501.227182009,0.303970809074252,0.303862600652793,0.0753218216839204,0.324282774597087,0.165326823825723,14.4109458164607,43.1687085911864,0.282266340260235,0.868869302250048,1
"06037218702",0.48681591,153862.011078804,-441109.267639252,153967.727506831,-441155.421816951,0.516110676021993,0.516523825431259,0.363738179452197,0.542877169517797,0.432211124610086,0.211934885937863,5.93462590887999,0.527330607102809,0.359408192880581,0
"06037218701",0.38205773,153896.610734793,-440667.226073945,153978.342814191,-440614.272730151,0.382979902367586,0.383009007453522,0.318051884162575,0.3676693939023,0.257631911039277,1.9327267515119,10.4506838216467,0.394651056108722,0.815895570200674,1
"06037217002",0.64190441,149517.037371751,-439395.91156216,149507.004963985,-439283.129426495,0.643792583133038,0.64491862445876,0.23152490706285,0.596544276877996,0.22596142137186,1.23547493424326,20.5215518197358,0.375876212300601,0.699464612432915,1
"06037217001",0.5825988,148908.123133713,-439089.135043198,148906.910049202,-439050.723881734,0.583807830012364,0.584129567521802,0.212448381427088,0.577998046893203,0.230933909836721,1.23547493424326,25.4695713449592,0.57818151840906,0.745785662987826,1
"06037216402",0.221969123333333,149498.826994446,-438106.295657878,149493.432326245,-438099.462949592,0.222631292159466,0.222804004421807,0.184930343376162,0.220360447280173,0.181217972406996,21.7531379527134,27.0658082978293,0.222631304088287,1,1
"06037216401",0.421964283333333,149573.707931016,-438598.84182537,149572.230750498,-438593.600352095,0.423047573551386,0.423704069818922,0.242828332696739,0.422022882184076,0.24074740421639,18.8837031149003,27.0635936260982,0.42302927676405,0.346622754097969,0
"06037215102",0.68360974,152707.151932784,-437623.956814993,152689.254115726,-437576.087346493,0.685298073307353,0.684648450329252,0.523423434204817,0.681920811984691,0.514770455428301,0,56.6600049598211,0.678798213741074,0.0603423495696717,0
"06037215101",0.39002022,151934.88469549,-437787.022683675,152234.553813541,-437782.272268047,0.391422957494371,0.391312517744895,0.0414238675446891,0.525232869780043,0.227652070768293,24.0999910941732,55.1935030127984,0.391266729390694,0.99700364368175,1
"06037214501",0.395046926666667,151561.011329736,-436950.832051037,151528.925973485,-437206.832986499,0.395754164357753,0.396540104085833,0.0959142527513228,0.345756836181288,0.180119163763831,38.3719815573535,62.8115968332326,0.398322339418211,1,1
"06037212702",0.298561636666667,154511.720714873,-438312.498635427,154652.224846142,-438292.172319379,0.299186630220654,0.299256217309129,0.0388835604284046,0.352416554806065,0.0512886781468785,4.1101147878729,9.42697984699582,0.296078935617469,0.989526470545435,1
"06037212502",0.670752213333333,156286.030174724,-438266.63848437,156296.50352552,-438408.743787308,0.6722037753807,0.671561393346751,0.408648004813673,0.60685757394734,0.346915385240001,2.57919277711867,3.60882490256269,0.527320819559651,0.179268212516432,0
"06037574700",0.5255443,174285.809192011,-469011.445934323,174452.614416158,-468900.877971911,0.527215478361145,0.527597263545839,0.4437628176524,0.48459664813543,0.405924344360606,1.21835209616026,220.824546621577,0.577426208925911,0.014468660959019,0
"06037574602",0.275165366666667,175314.849352611,-469047.047255504,175266.093139016,-469045.065264154,0.275219189861565,0.274985219759451,0.0166855681245953,0.292480932844143,0.0188250999509639,9.78080246125938,88.5902487640859,0.275219205882734,0.900652715291505,1
"06037574800",0.24467127,173455.531942255,-468466.048145447,173477.377054271,-468601.645765858,0.245668872789191,0.245399356085392,0.209882372681193,0.233722469581686,0.194834720759095,81.4653712846415,285.3504377914,0.245668867367336,0.825236612284849,1
"06037599000",0.193677716666667,155626.148744372,-517710.91083907,155679.677494199,-517760.902645494,0.193559123847559,0.193798150361309,0.134968335926337,0.166496118264137,0.101086422621552,3.62153124816174,204.512061697331,0.223760662346399,0,0
"06037577603",0.06368779,173413.019430491,-470117.908719615,173342.111935077,-470085.928191416,0.0638965278145432,0.0637930566904982,0,0.057055749353536,0,80.560876349821,307.21707118756,0.0638965214517098,0.801596722127024,1
"06037577400",0.283975633333333,172792.162037457,-470762.611812123,172846.608946519,-470783.916684862,0.284688534558212,0.284961601529155,0.0200136596050118,0.282366859701715,0.0426996233733635,8.64026494085857,293.85415827018,0.284688542502147,0.997628104721763,1
"06037577602",0.353142433333333,174938.641176042,-469880.9259547,174855.365144687,-469810.697598095,0.353693166347292,0.353132589607995,0.277861596192802,0.374006003212455,0.328164652242685,59.9057301776869,263.150925202068,0.413828900599402,0.390929007428294,0
"06037577300",0.237195033333333,172505.170556641,-471314.253578291,172541.886652318,-471284.582034566,0.238038531630915,0.238153128417245,0.124050711197132,0.249061458497686,0.150297499464347,80.3652860951255,202.992233181188,0.240239400148643,0.996954204908726,1
"06037502902",0.757299546666667,180041.196765773,-450669.239981138,180532.446144177,-450992.085232377,0.758575273643845,0.758803840486605,0.665820937974463,0.633339280073014,0.56879440741702,0,41.1365914519614,0.758566744388717,0.371114307244528,0
"06037555202",0.46256106,178426.1283487,-464229.331589649,178391.941192033,-464222.766933362,0.463565902187451,0.463353016209315,0.371152350363682,0.463947646360855,0.377873637354249,0.328235238194356,279.504742594172,0.463565896211033,0.544385579634536,0
"06037920030",0.550695653333333,138776.683283455,-399005.607773516,138886.786669326,-398934.893505702,0.551763822013776,0.55152254188374,0.326644598879924,0.531349130155056,0.407954386312374,23.2588763041443,87.920311850382,0.775035087389798,0.102023346401083,0
"06037920037",0.35457189,142381.535918244,-399145.63635242,142228.179487153,-399260.552409254,0.355186917016287,0.354833144793383,0.150637573707305,0.398798623302932,0.0506819302993622,7.34128496529132,98.7686423325905,0.355186918053449,0.0958411538515477,0
"06037920041",0.17281953,143959.495160456,-398596.706142529,143655.352009872,-398720.60747109,0.17287429148549,0.17303235324962,0,0.166109183775099,0,72.7904904318705,119.324359392401,0.2420048226265,0.0683437059133423,0
"06037920031",0.805573066666667,139157.898025243,-400522.35203067,139803.186294074,-400152.719824952,0.80764958617763,0.808015461778302,0.696361341565788,0.964969383753083,0.780008112577232,0,68.3589536781857,0.869571309774627,0.0171967785769884,0
"06037920111",0.455239816666667,134245.966444627,-394937.684607451,134254.426644809,-394926.10812758,0.455982043491769,0.455652856810973,0.348727186803559,0.457467069220896,0.353354701409634,8.30568377988227,25.039358206189,0.455992712507927,0.152151047046425,0
"06037920112",0.57973308,134209.666320484,-396823.89624317,134298.38497443,-396787.907988206,0.581176491641201,0.581295007268902,0.513083704195193,0.612483250289361,0.546315486151125,0,238.715066648611,0.581176478836522,0.125571878859467,0
"06037310300",0.342642403333333,155002.369704909,-422701.100402149,154951.575803322,-422636.05918444,0.310364777578131,0.31059523410164,0.261465871753705,0.290869049559701,0.251105967618764,59.0491513270182,350.38357294748,0.310364775544909,0.877449478157817,1
"06037310701",0.641236596666667,155492.927305856,-424218.251162678,155752.784684799,-423996.423165285,0.654282131939032,0.65395782805285,0.574900298969632,0.714689183288317,0.61479793077912,0,29.1510464045407,0.654282159189789,0.000297072469680834,0
"06037310702",0.5252028,156064.520512388,-424678.4010796,156256.293313596,-424579.971271324,0.525909973347084,0.526177743326255,0.321571541690487,0.51785749706578,0.338400863175004,1.45746075554986,13.0493457265453,0.525910006418934,0.516897399667281,1
"06037310800",0.451133926666667,154608.5803578,-425448.781246095,154530.921525954,-425684.31639829,0.48650787429875,0.486731295854026,0.16088217297981,0.469227143467656,0.10586981690729,15.6974863731818,18.4091773306091,0.486507892498332,0.573145124466612,1
"06037311100",0.30506701,151642.968685031,-424249.621642404,151698.092954177,-424464.009937656,0.305414564880955,0.305512922301192,0.205458442354214,0.292866814241744,0.188537896620806,12.5462952401378,36.9670407166616,0.305414550935893,0.819406619302986,1
"06037311000",0.27700293,152639.95306291,-424317.422029773,152709.095608571,-424412.55475376,0.277718362919626,0.277747447385149,0.0561692301973538,0.306086301759404,0.112119498690564,18.0175378538017,28.6452952038874,0.277718344692495,0.850856400621999,1
"06037311300",0.662303403333333,152726.273622312,-425514.223288747,152710.705460368,-425501.607765527,0.663795205827013,0.664587706578303,0.584827599934182,0.665136821811487,0.594969752324658,0,33.8188834362854,0.663795219888269,0.123304514284606,0
"06037277400",0.72125289,150276.119507858,-450531.3485202,150383.28603279,-450625.016582937,0.722910556321966,0.722602920115049,0.591616742143336,0.738164833741509,0.522854781889531,0,10.8019981857137,0.722210616988395,0.00258225783599194,0
"06037310703",0.440428586666667,156676.315735431,-425248.727647754,156789.166784375,-424936.377687593,0.441782926251182,0.44177234210161,0.186398008890199,0.46298221784277,0.28334334318226,1.45746075554986,6.26878014266967,0.441782920126017,0.739190630656117,1
"06037403316",0.759745043333333,203288.495034208,-440281.156936917,203337.164828923,-440241.458088353,0.760758475782585,0.760761099592889,0.227443130421665,0.750774413791854,0.228145566659442,16.46005478376,25.0036675624167,0.760758433867457,0.238262372355614,1
"06037406300",0.39100229,195900.26501629,-437348.895111182,195817.077031458,-437016.339504502,0.391634516118194,0.391545474772394,0.0685334627973846,0.4321260929184,0.203553988029245,25.2960377662025,122.111835929852,0.391634494200175,0.376921792593241,0
"06037403323",0.400837253333333,201041.242305683,-444073.076309472,201199.386945381,-444252.783911458,0.402026548724814,0.40238773411602,0.164273402086783,0.426366748731491,0.196758197475773,28.2153915302446,168.611284766055,0.40202656598449,0.271191056272191,1
"06037403322",0.79132936,199954.26328209,-444886.66792732,200044.716117302,-445128.008057325,0.749090928976972,0.747959848868127,0.569803755085438,0.791980836656649,0.631892624022846,0,21.4246701125012,0.763841704844663,0,0
"06037800324",0.25220959,112473.33427592,-428711.516295159,112665.565404337,-428673.415399199,0.252704522912138,0.252466873303541,0.0731656993407264,0.217450789905064,0.138041060780427,18.9136403298779,287.573947850606,0.252704519193299,0.561146542401058,1
"06037800326",0.276466386666667,108636.982981496,-432244.676918804,108781.618868148,-431057.511901329,0.366653334766495,0.367012793075596,0.15553733851094,0.467599866622776,0,75.1709385629258,517.925201258598,0.366729740975019,0.313079474185896,1
"06037404401",0.538764746666667,192179.888261693,-429718.298838953,192433.9854256,-429772.641315689,0.426617486376555,0.426681588833189,0.196677276330955,0.344465835596994,0.0828485071336978,11.711150837105,38.4232451831523,0.302509577136359,0.629762961100334,1
"06037404302",0.37151665,193382.90570748,-430949.406919527,193366.939762741,-430943.148391291,0.372233259528853,0.37272205820512,0.0882108348921244,0.374040115551933,0.0979855247120259,16.0684497900687,63.3343366957849,0.372233249285785,0.868707910726301,1
"06037404301",0.285247976666667,193299.543101182,-429883.410902939,193298.975151321,-429909.908558123,0.285926643596718,0.286099014565488,0.193412723702101,0.299099910177907,0.207969027536628,22.4249431461647,50.2832378832199,0.292447481073034,0.852639594488785,1
"06037406102",0.528902213333333,194782.950734275,-434960.069127418,194876.759801415,-434907.369445979,0.372711459237896,0.373129752219082,0.111860025118152,0.391520662953651,0.176532714497749,2.06191972473286,30.0820938716143,0.372706095376607,0.712432888907403,1
"06037401002",0.483588006666667,196789.040097557,-428255.351115069,196800.858054299,-428266.70520035,0.484292106614456,0.483901314620145,0.307280169057343,0.478878185935345,0.297218430794013,12.1563484336145,33.7624567795249,0.484292088270096,0.629880356063264,1
"06037400800",0.390351883333333,194720.759119193,-428708.594977624,194750.2877147,-429180.613000154,0.391914351149248,0.391838831174036,0.348900948380644,0.477186923981887,0.458705854231679,9.08661270060425,75.8313090871581,0.415271686870154,0.655288225257082,0
"06037181600",0.55832774,165111.083228877,-430216.180981617,164967.759646201,-430191.35617032,0.559036157523882,0.55985122913356,0.0927436006844453,0.619475880684061,0.171475179966385,10.0034859770253,10.3025709585906,0.449549346135922,0.293272051789052,0
"06037242200",0.283010033333333,162769.148643875,-450349.738628951,162764.310858508,-450325.815327312,0.283208708364382,0.283316061955277,0.200618357289269,0.294043481743018,0.213076573139871,10.0429389835987,60.0308523025664,0.23728822308503,0.993680637210984,1
"06037242300",0.260341383333333,162130.152492008,-450378.326913081,162135.770075464,-450276.120188401,0.260745512158157,0.261049160208644,0.170778637619389,0.274453260283606,0.220592936167911,29.7102850700598,62.8681640736309,0.199294835474702,0.999999999999983,1
"06037242600",0.21545844,161780.519464456,-452174.49694349,161803.964015675,-452221.15654035,0.215743959597379,0.21611297063682,0.0464745634498761,0.212938060290487,0.0323177016199832,20.1097535703923,97.1245216039207,0.216886115304511,0.999999999999996,1
"06037242700",0.161677556666667,162474.618208772,-451721.935153226,162515.077861274,-451803.98136737,0.162471993404252,0.162721785203839,0.138748390972186,0.209675887352577,0.194671364359869,17.3127270730079,67.9715828894798,0.179810285254583,1,1
"06037243000",0.257204483333333,163295.677815508,-451356.516311668,163300.173776946,-451375.716143973,0.258311419326458,0.258229442981673,0.18122621917644,0.26110973705287,0.177904628026194,8.31364173914322,31.6598981847688,0.258369034839003,0.782455601238864,1
"06037261101",0.514703286666667,147511.4172214,-432417.224733698,148060.972496604,-432312.756957926,0.567564395608345,0.568050255375757,0.420706045414049,0.577985801079545,0.405602988565563,7.843683004074,486.411972655103,0.473237853200209,0.0949567154197111,0
"06037261102",0.399150796666667,145304.264083875,-432401.648564303,145162.317751994,-432497.490613851,0.400010372373845,0.399556189595496,0.276263895065982,0.363170031024892,0.207069443903738,12.2702641681607,382.949528626536,0.40001027616775,0.0891674414493406,0
"06037243100",0.255369646666667,163179.229171094,-452103.607864995,163226.067911166,-452103.712336429,0.255916905498588,0.255649118953152,0.160128433298729,0.265459350634292,0.137458208357025,5.07018759097588,39.7740306300934,0.25591690031153,1,1
"06037273700",0.576942266666667,142946.048387634,-445180.116162165,142946.154608216,-445197.246259418,0.578505548066851,0.578779886855186,0.555795746421762,0.576490611008714,0.564790811599758,0,80.8058317856482,0.540921182981394,0.349056415789208,0
"06037273600",0.098651593333333,142286.631420345,-445749.03508771,142268.085136966,-445723.476613455,0.0986705270109747,0.0988034236452394,0.0657353690279266,0.110944188996326,0.0677204821397694,4.71842605059029,122.181614938619,0.0835083895378967,0.835191230471861,1
"06037273200",0.298890883333333,141626.267108724,-445288.941675,141590.671351235,-445323.545907759,0.299614951542579,0.299982308284816,0.138462118391598,0.310209331284634,0.140627250086331,13.4607945251293,180.236406050403,0.299586406503173,1,1
"06037273300",0.354374283333333,141148.147298737,-445523.337519947,141165.165906936,-445501.034831261,0.355114512898925,0.355958449211476,0.33578299496033,0.361126475044145,0.351154805297686,22.8292066734996,184.083801149403,0.354888140961366,1,1
"06037273800",0.458811213333333,143089.073999848,-445808.094608861,142993.919715685,-445853.432971957,0.459934850751151,0.46004611258531,0.446148748513887,0.405487956600181,0.384209384654984,1.50348405575154,32.5306089932916,0.437427925396411,0.766763327997127,0
"06037480903",0.625429656666667,171724.730687531,-436310.959411155,171758.140324775,-436248.839837422,0.626510867876659,0.626523001191911,0.435897304113134,0.630305936709966,0.478896165217628,4.02264447589618,34.1141397753228,0.616678255301927,0.179521383500195,0
"06037191120",0.256586306666667,156418.540101238,-434460.246035067,156456.248278379,-434444.777825403,0.25749732886288,0.257510894612913,0.142891210347288,0.274628076467487,0.159551126927285,4.10547332854512,27.5925406532661,0.263594025883346,0.883650801199829,1
"06037480902",0.701516566666667,171739.602506709,-435576.109418106,171798.480837117,-435553.03695779,0.703064772403465,0.702786696504202,0.421252120982772,0.709961151960354,0.384284592744814,9.94066938039246,31.5331881881599,0.703064765084376,0.449664965079175,0
"06037482502",0.601468016666667,175040.21976925,-437874.66832609,175031.868717509,-437938.230370771,0.60255569787551,0.602733829293077,0.57972948202289,0.61559209613168,0.610233487065241,0,44.1199494516695,0.663209516936174,0.0225817025831313,0
"06037480702",0.32104327,168838.409069311,-432900.366460218,168698.604353668,-432758.618110065,0.321519425559276,0.322200516164052,0.127281144196176,0.350473886807291,0.184695684571051,20.7511217870394,155.422705945747,0.519821603184031,0.181901852158479,0
"06037480400",0.472262416666667,172321.915086593,-432930.889587556,172248.10990111,-432984.350814486,0.473377221494824,0.473074321082568,0.386333084687832,0.453128610638255,0.361192280430327,2.72033776256513,21.8034793351566,0.553964761495963,0.302340647856935,0
"06037480804",0.374373326666667,170946.951559563,-433877.700673941,170950.882886211,-433912.982835972,0.383781683803417,0.383223402375724,0.0443847769101222,0.388929821523396,0.0424375660155798,13.6219990930927,16.8214705561192,0.41083084127366,0.86123186572515,1
"06037480704",0.459928686666667,170331.935495835,-432779.690623103,170316.151080475,-432792.06469121,0.461476344688313,0.461859772464925,0.368466669610085,0.457887419098176,0.37012425937528,0.12885622974215,30.9036584331908,0.631885914821579,0.364564539593715,0
"06037480202",0.51974689,175526.078422369,-432325.253985081,175396.740289185,-432361.324137617,0.521287154380789,0.521479989935102,0.285858348161801,0.462642773721544,0.202550822794941,2.84018479803456,30.9706122091747,0.530611216357269,0.400269087086298,1
"06037122200",0.568779463333333,151143.154095768,-421086.928423049,151226.144207764,-420808.413363803,0.570030634365637,0.569577162989649,0.328272384544787,0.491946750126759,0.224700788964537,1.6449701708377,79.052745219344,0.566135145964593,0.415486803545425,1
"06037122000",0.456206316666667,145712.042718426,-421121.328745249,145631.893005506,-421117.316094674,0.456597583168631,0.455716534062435,0.325076254485482,0.505803926994423,0.373809199266846,0.139215295878352,42.6349259580754,0.456597931854916,0.273811813788917,1
"06037502401",0.808722206666667,175863.327400839,-447022.345429479,175808.680357989,-446987.462941027,0.810138094133892,0.811195059735542,0.629699818963888,0.828691549371522,0.669835791166299,0,26.1790657871109,0.810138112858768,0.00709414670916992,0
"06037120400",0.940581546666667,144417.283188957,-420686.541492804,144490.494196432,-420873.068421282,0.942599020957707,0.94237425651366,0.715011129761717,0.988092231165217,0.835085951937159,0,7.11645977881228,0.942596694966804,0.0821915195392937,0
"06037502901",0.463688036666667,181098.926620144,-450289.175096175,181113.983653443,-450238.569796106,0.464732661826523,0.465246206331335,0.31342239842764,0.45541792720904,0.33405094681488,17.4783714188851,52.9021244749478,0.464732674056975,0.681328089472086,0
"06037550800",0.29598978,171562.659476859,-449806.969791379,171661.582678457,-449829.882753768,0.296991308959361,0.296978886733205,0.084097587789819,0.314551322853324,0.144395041447366,101.355320086705,168.544975965335,0.29699131219083,0.574970559671922,1
"06037550500",0.497397883333333,175098.051968082,-450004.689940497,175146.48767175,-449936.756254948,0.498211421192472,0.498041835654094,0.473115266839953,0.490415436302103,0.461171607138718,2.04098931180014,38.3821044109417,0.498982978867149,0.247325514329298,0
"06037531502",0.553803683333333,168931.452563263,-442332.165918512,168998.866381062,-442338.189538577,0.55469358198056,0.554232187020108,0.38791329934645,0.548640596349944,0.374425848285237,7.39660220112813,18.69377458168,0.548853210733431,0.00166521106237182,0
"06037540000",0.505118096666667,168168.184688359,-453238.854058206,167992.393863079,-453053.214044564,0.506111517731545,0.505877738942864,0.300494886611888,0.559040670372346,0.418851213533184,46.5881178651294,64.0723690186151,0.506111496421277,0.452466975534329,0
"06037541700",0.500616943333333,166143.818414256,-453791.726376351,166116.441569491,-453782.736400369,0.502144403431822,0.502403039592771,0.32409424664802,0.495675793317144,0.326670476875919,8.5846969429148,62.7201112327321,0.502144418233108,0.673582469364716,1
"06037541801",0.484916566666667,166961.147378327,-454357.919184977,166934.702115646,-454415.256726404,0.485856106206122,0.485932819292261,0.200794879305234,0.493538796291311,0.221296643809998,13.4680447229273,33.2409333640269,0.48585612123539,0.784648848037335,1
"06037543305",1.13367816666667,164746.362871497,-460102.685739456,164475.796707951,-460102.292439539,1.13598216804069,1.13405078485775,0.893118047023209,1.18605476265139,0.729615634591536,0,8.1940995948564,1.13568310409573,0.0783914573178803,0
"06037543502",0.58372064,157942.976806931,-462300.666344899,157855.205051886,-462303.256854443,0.585177192100044,0.584430614722986,0.248879002227521,0.583884408925038,0.248508861771019,8.26681017842002,8.77820674477963,0.881971732064048,0.0661732627623017,0
"06037542601",0.506836233333333,164022.769663757,-455079.435878939,163891.249266992,-455115.409289256,0.507826640733405,0.507561743107899,0.240723662883043,0.526058138024486,0.183745239457971,0.272782390872781,17.6428846590269,0.507826634876976,0.536772639128024,1
"06037542602",0.416482813333333,164063.273496702,-455766.25261207,163954.943892345,-455741.303865451,0.417201779574388,0.417562343896368,0.302524956999803,0.434986367772117,0.326457402206739,7.81074961702018,17.5655861128833,0.417201791935888,0.512320246834742,0
"06037542800",0.398128586666667,162113.37761922,-455813.039699904,162182.72109317,-455798.888477397,0.39893884380636,0.399143247439705,0.319167498556971,0.366902062889314,0.294140601872142,16.5430860923087,34.7144084937062,0.469008590375198,0.5223723012194,1
"06037542700",0.344813393333333,163073.770875731,-455661.671059842,163073.710972942,-455646.807961775,0.345938630442776,0.346162315595021,0.324256733014332,0.345114794807501,0.333411079315484,8.53069058958575,25.5221066836392,0.355605564099382,0.458060059901074,0
"06037542900",0.503154936666667,162314.790734399,-456659.594452236,162153.555265129,-456513.141540375,0.504065524569421,0.503298643984812,0.341562218531592,0.544601278163285,0.331194604765915,4.25613657253733,45.8618773362548,0.504065539042932,0.509316197769635,0
"06037201501",0.442475456666667,169360.178415205,-434927.608687588,169318.076062783,-434937.894577578,0.44305994678601,0.443815516913045,0.409810189448682,0.452067305190554,0.427353277914307,1.65663521362738,14.0029152161701,0.504854313352089,0.216450217023022,0
"06037201402",0.399508753333333,167265.941504075,-436924.160768977,167350.547638556,-437044.125080971,0.400836164863505,0.400700406280877,0.0837585259234678,0.459384666944791,0.173265331107308,87.0600470492477,170.515051807229,0.400836580860775,0.845758909333749,1
"06037203300",0.336502113333333,165577.859725974,-437972.405177447,165442.811940139,-438094.26550317,0.336890781914381,0.336943317597645,0.104791909127712,0.373556956984092,0.195145328360162,33.7188022621289,81.7743725069629,0.165520803774138,0.954476835671488,1
"06037203100",0.137747406666667,166482.189205095,-438033.482397683,166524.404401863,-438031.47819049,0.137779258444922,0.137709495609075,0.0580139127770361,0.134865612876712,0.0350526703921678,36.7291873809137,104.170113776502,0.138673743503637,0.99989812882999,1
"06037203500",0.30038357,164313.664863353,-438418.185070658,164459.58973877,-438881.784647042,0.300437914245518,0.300407118559561,0.172057779897563,0.211335254872695,0.0915892933202702,4.50811221757969,22.2097943248017,0.300449363457937,0.440263278415656,1
"06037203710",0.367610276666667,166091.7868617,-439058.027385588,166073.280220009,-439049.021727447,0.368436253123881,0.368716435483238,0.184462791623411,0.368977528166123,0.191308785276655,1.62620287296304,44.1210672586202,0.369118281689289,1,1
"06037203200",0.234648546666667,166461.90757974,-438749.602841824,166467.330837288,-438758.948966835,0.235421020054523,0.23594978175253,0.0882068667437834,0.237892606307979,0.0845003505944708,13.0808977887221,54.1508316018731,0.234056820242799,0.895552083937235,1
"06037204410",0.2783434,164775.350979885,-439493.150186409,164819.422934398,-439498.654190051,0.278827014426328,0.278650439866635,0.202603560417745,0.28150627376042,0.176802199995273,19.7558985733828,45.4483549445315,0.27890553099056,1,1
"06037203800",0.558846366666667,166596.799177026,-439591.379349086,166598.162552909,-439597.448519766,0.560592907292097,0.560441181406482,0.427694396362988,0.56148531929569,0.431553243497241,0.789755551340276,23.6460613732593,0.595769350207605,0.405099168503961,0
"06037204420",0.1835971,165116.001277565,-439669.828216374,165144.774667182,-439621.664314632,0.184173896725558,0.183934918266123,0.0115062106769721,0.195008276407409,0.0331894066079163,11.7043112598203,46.9838554647805,0.205962530751212,1,1
"06037204110",0.576698883333333,166318.922853861,-440283.989508925,166246.928790541,-440461.306894017,0.578446488842311,0.578696210931032,0.277443224523985,0.548482979736312,0.256742366983555,6.65649516214439,18.151778509505,0.578230376642841,0.677052666627921,1
"06037204300",0.334922913333333,165474.412074813,-440305.768413344,165464.060300903,-440292.856516521,0.335804086578518,0.33626020154218,0.114945080409512,0.332586312262355,0.122404279135726,7.20517614886171,47.1616089492554,0.241002667794297,1,1
"06037621400",0.368349523333333,150027.798184041,-464543.899820479,150004.035267905,-464546.083639072,0.368465777571394,0.368437000757083,0.347740441059954,0.378836274243591,0.357885903785796,8.19437988877426,99.4927286439226,0.368465777078897,0.692353698764416,1
"06037103200",0.36871397,152798.128118551,-414504.739326585,153513.002895383,-415066.39968136,0.210063715389741,0.210174155506608,0.125137235379585,0.242470846721059,0.149451183393994,129.24297418144,829.951015332517,0.286338388208217,0.320729498684412,0
"06037650001",0.62432661,155474.070476016,-458220.174213228,155500.497826518,-458224.424375345,0.62562146340771,0.625814468626959,0.494758410664596,0.628016269707846,0.496288325334883,0.0855660662494569,52.4759271602945,0.625621449241052,0.226870175757231,0
"06037103102",0.621906613333333,155839.671672356,-415557.755914235,155824.749394638,-415557.985279591,0.623414022125604,0.623025890359702,0.472075931877368,0.620484597081455,0.478877357494289,0.236705323264284,169.311140227113,0.520734294753267,0.561747941687004,1
"06037650300",0.271852126666667,152749.63505082,-459677.751798868,152727.833740552,-459592.464898063,0.272614658843937,0.272621548932938,0.0815962519285395,0.274020271563493,0.0355260128470199,47.8639124898905,94.2803243048356,0.232387942991385,0.83609817682142,1
"06037650101",0.303434486666667,155725.381621092,-459494.301542595,155705.35973223,-459510.836192086,0.3039607373734,0.304196392019243,0.209850324765647,0.30660308763734,0.223875980419518,13.4955482260708,13.4955482260708,0.303960734374853,0.763735137137732,1
"06037216200",0.806801256666667,152478.682268464,-438501.755504164,152420.802457832,-438499.628146834,0.808819696433958,0.808833451071332,0.540575571861365,0.807699421229951,0.514017111122082,0,26.9607002327311,0.803977384458902,0.0861395509863569,0
"06037216300",0.550178193333333,151181.882974645,-438208.075521795,151320.352100972,-438267.654633027,0.393763733291335,0.393368762044488,0.265783966844052,0.450601238965129,0.254102721385868,22.794237884246,58.6587442323139,0.393763737192067,0.717124672531306,1
"06037216900",0.86842314,151120.929472879,-439324.084608935,151110.694867347,-439215.425055224,0.870608406105622,0.872302881287472,0.760771702600219,0.829934197133697,0.697304066257145,0,10.3767544853113,0.683164246684844,0.207559738036268,0
"06037216700",0.778230353333333,150308.104906326,-439522.5960774,150341.736149701,-439405.847087036,0.780186788624405,0.780800847018393,0.728620677061742,0.752701714105296,0.742782258668322,0,20.0811479644295,0.397180855544355,0.829395710912751,1
"06037216800",0.51288195,150418.657664022,-438686.778124045,150497.438105449,-438703.328777051,0.51454576730906,0.514857200607429,0.314276742212159,0.516908204256831,0.310099487301281,12.6487957626226,39.4834758799771,0.466612168472794,0.103031833507692,0
"06037211921",0.394783486666667,157567.062500211,-437290.557032963,157545.29638859,-437275.096039926,0.3948651172286,0.394397030777663,0.133487780247679,0.410139265156162,0.146770420482215,5.45518346507219,26.130236488087,0.361894072677843,0.999999999999948,1
"06037211201",0.41737369,157038.85795948,-436491.224624706,157027.924250975,-436508.308645736,0.41830552334,0.418301526319431,0.306322854579963,0.42113755807335,0.318504785052084,1.35331805556123,11.5971685168173,0.710630041978609,0,0
"06037209104",0.338928593333333,160031.238769528,-438139.346909647,160049.751544554,-438156.287367187,0.339793134756042,0.340237814513387,0.286090663434285,0.344088501710361,0.288793131521304,4.74568856157299,66.5091582269248,0.356381787025003,0.999995115049543,1
"06037209103",0.41237222,160252.180958151,-438364.783417692,160231.959966628,-438334.907812581,0.413500401551464,0.414065171013495,0.352758081073446,0.401666258656232,0.34044605884677,7.21601631839515,69.6375170678665,0.3633600124484,0.988818763400168,1
"06037208802",0.218756463333333,158890.838882253,-437829.336728302,158877.761186818,-437839.141576882,0.219570654402408,0.21935616300559,0.0785706269832395,0.214429475108091,0.0742966140856442,41.4728079440475,53.7392323516924,0.219802709387917,0.999999999999977,1
"06037208801",0.25722443,159085.311494388,-438053.832564223,159168.034494347,-437889.673445341,0.258210430875756,0.257889193823696,0,0.330392899375833,0.109002414443271,39.1554186244903,53.7392323516924,0.29093184142655,0.999999999999997,1
"06037208502",0.379939476666667,159299.093271657,-437389.401185503,159252.462649137,-437338.94190656,0.38097249841111,0.380914201845667,0.248680188193232,0.37384107834694,0.246659019297679,11.6891836784367,82.4834316933094,0.380972475477974,0.850115852640116,1
"06037208402",0.281489253333333,160046.249142963,-437119.369449955,159990.25647274,-437154.621122124,0.281957079961571,0.281845890680972,0.243072228324821,0.282694078625387,0.216342877145549,26.707861586924,72.0480255692949,0.281957067228785,1,1
"06037208401",0.30753575,159767.923305867,-437634.825963779,159777.564941392,-437630.706197889,0.307916341473521,0.307805144266193,0.239786161258565,0.303843635804003,0.233836170531483,8.13018323844091,88.1486024238135,0.325347474551851,0.999999999999954,1
"06037208302",0.06414884,160383.637481872,-437654.391899519,160388.733455905,-437775.29715511,0.0645555329512439,0.0645178790144736,0.0294162191030427,0.0879156285795961,0,21.2054658331344,77.1424104400946,0.111283324619737,1,1
"06037206032",0.34450022,163904.069693388,-439412.740565882,164054.628140887,-439357.030883443,0.344815433551861,0.344856915134248,0.107056838359956,0.274251336207562,0.0207968893088432,4.32523940642248,31.8150102471026,0.243084525382488,0.914185221606771,1
"06037920012",2.27545906,150050.123228718,-378796.298752321,146755.808100009,-376580.939846587,2.27855280019917,2.27496862529416,0,3.35790831380634,0.220879145448981,428.010990752074,1395.48435412831,2.53907365205805,0.0020664187293918,0
"06037920011",2.13035994,143651.185088901,-385943.047714362,140371.765236208,-386078.895061757,2.1348596458503,2.13575310940424,0,2.20685399252232,0,497.837510863657,1993.9261362926,2.13485963666881,0.00212602714825351,0
"06037910812",1.91006461,176181.53840172,-388774.11149744,175426.704398039,-388790.7872672,1.14853809485802,1.14812355607664,0.136685468222672,1.05753259606717,0.537500746646253,72.7967653306195,392.149719937632,1.14853794842479,0,0
"06037910811",2.20019409666667,170182.798888886,-397798.267974679,165463.529056156,-398851.113990942,2.20289797805376,2.2024658330305,0,1.41678731035445,0,502.425179932232,2009.70071972905,2.20289797155864,0,0
"06037910001",1.06885256333333,189912.243198481,-377709.71026907,188229.142084316,-380954.268514574,1.07163844808027,1.07156339389475,0.71049668245045,1.88679226157313,1.40346515675528,0,41.9717870147247,0.939510984757037,0.012552369294679,0
"06037901213",1.99161952,155463.967625208,-374953.704253889,158509.955059349,-374730.050698505,1.99666607146483,1.99925448113928,1.44968933427704,2.42917708033563,2.16098875028942,0,0,2.06831205786548,0,0
"06037901209",1.27195323,129848.094317385,-360803.973181329,131362.830332264,-359995.478682906,1.6384930037682,1.63876781606193,0.492491640517064,1.68191443807039,0.450358191192115,0.1444735073656,10.0691166324947,1.63849749723781,0.0328517498822698,0
"06037577604",0.130265223333333,175214.316838626,-471594.025051113,175303.061684629,-471217.821109148,0.236560512389374,0.236326248636699,0.198705529312787,0.271376970373264,0.0097859914932562,160.94178615664,368.72247444882,0.278539458073729,0.206723364110954,0
"06037576904",0.265814093333333,170705.330173988,-469223.704445428,170734.692771158,-469224.063864155,0.266117645924196,0.266156134991113,0.0150549654003623,0.254835358089584,0,1.82105388226682,21.2769840563774,0.27798195414574,1,1
"06037573004",0.35607343,167044.812465831,-467484.386423363,167062.209934786,-467504.964353164,0.357549570301004,0.35683701601585,0.162169954911814,0.368068066334039,0.173048706291191,3.83985100855214,15.5029474741573,0.357549567590834,0.201461979792103,0
"06037571703",0.33848265,167364.660710301,-461282.86820609,167359.367186441,-461237.309726027,0.338835942248909,0.339526912081963,0.313636321610248,0.340127650189807,0.289765249516356,18.3901224749021,86.1484213563325,0.357014746796629,0.999999999999973,1
"06037576901",0.495524076666667,170023.597702185,-469016.864445374,170013.322336401,-468961.325419091,0.49621796017241,0.495672141694998,0.456176169993664,0.493018467094851,0.472646784091952,0.573668113751835,38.860218057328,0.496217998619696,0.999999999999959,1
"06037575101",0.181020883333333,170210.698079285,-468016.242744549,170148.738944215,-468050.07948271,0.181821481026895,0.181933050015375,0.0643914576740778,0.188680382085002,0.0501128766940595,10.531915604093,83.6296260183528,0.181821483589855,0.999999999999987,1
"06037575001",0.447545903333333,171611.29713401,-467258.428450762,171668.322194433,-467292.885090841,0.448683949349467,0.448217496509585,0.392176603740213,0.455409699413138,0.365114915277004,10.4510720342246,59.4192739722407,0.466242500335371,0.540612394281265,0
"06037574902",0.487796776666667,172479.344255025,-467617.033681884,172597.830132115,-467717.999763863,0.488587783390446,0.489161051112726,0.33148748127816,0.455656727446272,0.400918804839557,18.9167674379162,178.882607630121,0.488587782730533,0.431130369947009,0
"06037574300",0.749984276666667,174371.734030921,-466630.433004496,174447.482560037,-466763.263596604,0.751600820624907,0.752566218235316,0.569259852782414,0.716187537345114,0.592692877719141,0,17.5532235259507,0.758983093478597,0.161797162531624,0
"06037900602",0.855915963333333,172011.200777898,-365517.27088037,172670.144539653,-365760.940665695,0.85796347799282,0.85817211191123,0.519994964301877,0.935702614312034,0.572124735561235,0,11.7037504289527,0.857963473838072,0.0519623150561828,0
"06037900504",1.73931643666667,173519.147489929,-370807.054860741,173085.143224768,-370124.506047473,1.74268486778906,1.74185590961543,1.26522715096895,1.7389242970912,1.56943530252848,0,0,1.74268483830026,0.0983598167387512,0
"06037900606",0.268341026666667,171721.148335281,-366742.65862856,171882.608959606,-366786.998513225,0.268969423674977,0.269375629293501,0.0941251597761801,0.279468415216886,0.115368158889575,23.0907215870185,33.3634936746229,0.280866824297091,0.343978146652376,1
"06037900605",1.51798393,175239.236658003,-366242.548976968,175180.415918237,-366630.468756737,1.52072139262265,1.51878767072726,0.356479128596331,1.44913149565122,0.295783416099712,10.7620594889547,28.6235854052722,1.52487669969412,0.0844522799016448,0
"06037920108",0.423966573333333,132007.528795729,-395311.752785872,131843.226592758,-395447.965524181,0.424446829194524,0.42445624138603,0.359450557874448,0.490647893769519,0.424111491188848,7.94765116609635,71.4904948422565,0.567986144391906,0.376589457090912,0
"06037920106",0.440894873333333,121861.286118736,-396049.617624498,122816.075813548,-395307.155749857,0.441330253478689,0.44163587749327,0.0941827119373745,0.338223179066822,0.241358146076373,53.8812999679193,85.305962487662,0.441330237009288,0.0347426089427813,1
"06037920107",1.12609975,130706.71587006,-395321.855597079,132105.853117647,-393338.869340823,1.12782058783752,1.12626395393451,1.05096683791303,0.460530904668709,0.418278058619697,0,0,1.16074585882801,0.0573863809253658,0
"06037920109",0.4060974,133210.052737971,-394542.618370542,133395.433102143,-394275.48831978,0.406899513229882,0.406915757204493,0.0990400872250045,0.465281086046963,0.204059322339294,6.80117555295317,48.9572300784845,0.518497316460237,0.343255028891553,1
"06037920331",0.201917676666667,133704.737811469,-401083.430265366,133591.803328094,-401050.464700735,0.202353540548467,0.202301253054836,0.174969908469999,0.211620204855185,0.1369696461688,82.7472525310279,198.418685595559,0.202353532648073,0.527438963907636,1
"06037920110",0.510963836666667,133582.880222473,-395629.988110386,133862.294747265,-395735.807354245,0.512189224488497,0.511992296737362,0.426300071864424,0.539931990238381,0.379578789444987,2.8695666708751,66.1244918597181,0.558241272586997,0.194085684292181,0
"06037910804",0.867041336666667,165694.738505771,-386402.90869885,166681.495928367,-388095.558519254,0.8704579182977,0.871548629006632,0.228158402012634,1.4381943300359,0.764171598072338,39.4271618906443,260.586640251187,0.970383108546555,0.0293818486759331,0
"06037910709",1.90753836666667,179930.092430263,-385609.397178847,179184.044939618,-384854.223510214,1.91275932596262,1.91638340274913,1.83860958380602,1.43735727602681,1.39365562620108,0,0,1.83130887469276,0,0
"06037920033",1.43642474333333,144065.216645137,-394045.388406178,144626.605730662,-394468.216563983,1.44001598797726,1.44166688316791,1.15539113539778,1.41409976115006,0.71914342439315,0,0,1.44001467811101,0,0
"06037920040",0.683258606666667,144468.67144045,-396641.539978249,144406.368517382,-396975.902046757,0.68440923394717,0.683923851271585,0.540096747516332,0.629984333736625,0.513865907026014,0,91.204993357815,0.736129490754136,0,0
"06037920013",0.273482466666667,136475.534407542,-397360.743215739,136676.890040498,-396988.97361355,0.331172284507857,0.331351484160521,0.172899022816857,0.457324843772031,0.208831931366099,105.107825101049,347.361234268485,0.417288831823159,0.188473841937859,0
"06037920039",0.2826863,143346.530115296,-398151.637548823,143359.970579973,-398135.136653659,0.282984340266943,0.283430065728878,0.11404125013193,0.291039944397863,0.122465823902505,56.8772249163323,134.392080755757,0.282984371037422,0.494253579368634,1
"06037300701",0.277866693333333,161015.54248366,-422185.282699181,162301.486839345,-423398.077640718,0.238643591311828,0.238488499301689,0,0.41108598470188,0,325.371082243272,1201.08025741819,0.238643680807233,0.879592616850881,1
"06037300702",0.397331053333333,160358.892444493,-424146.511386878,161347.008449475,-425550.024253429,0.398731139980178,0.39794674973092,0,0.274765736524394,0.0581548118900599,456.659075735603,1423.70640094048,0.285593120803337,0.452338306772197,0
"06037300600",0.51032421,162449.828751534,-421592.800836909,162241.471268678,-421214.277676185,0.287579957750183,0.287418063521967,0.25767525119925,0.440685075805681,0.410455126722655,25.4442251012787,263.966901672408,0.287112984029118,0.494926011781595,0
"06037300502",0.277240156666667,163470.366425334,-421229.172741052,163252.806223741,-421241.15094514,0.277772489614903,0.277586183459985,0.194855606386721,0.30242606265594,0.195548732271371,6.08600048107939,113.08387525037,0.277596683795039,0.510218988818228,0
"06037123103",0.629584706666667,150634.078416687,-423693.498927257,150536.340721149,-423701.049079462,0.63078793845956,0.630717281228032,0.401424605882598,0.629814909921323,0.341866180996043,5.99187060044684,20.3223043180529,0.63028844597676,0.146020763891278,0
"06037103101",0.20969985,155775.997270385,-414466.075870082,155839.616876927,-414833.073874264,0.21040867119469,0.210199230635055,0.075719856884461,0.375353589466373,0.293746614949066,155.823969166134,677.410389167313,0.300414448875346,0.099063453682525,0
"06037106010",0.444830463333333,143205.179843046,-408897.195341793,143622.405179895,-409009.976603387,0.44560164569857,0.445228963110934,0.13713783054577,0.46158890795702,0.107645492352005,52.5520729615057,544.346699811206,0.445599900595249,0.61281210782691,1
"06037403702",0.37667675,197572.013490237,-433867.996134011,197546.123817241,-433928.958201423,0.377656143553174,0.377867169386338,0.303299057797749,0.384323637438851,0.319763411679541,11.6047328382888,75.2029175088022,0.478242347563748,0.426759309063204,0
"06037403408",0.444218953333333,195601.358937876,-441159.937717965,195511.873771329,-441194.312306234,0.445143814914732,0.444825783099036,0.217547169139575,0.464730432922962,0.270372280551561,28.1844016954569,117.045674100496,0.445143807780541,0.855618914882221,1
"06037408501",0.677498366666667,187692.138426958,-442890.932889866,187756.434663851,-442837.283622436,0.732441941614771,0.732277104366063,0.60313012357885,0.765430856740904,0.610719797136831,0,23.8202976172248,0.581989338120079,0.0862279415862028,0
"06037408626",0.35276033,192205.166810113,-445714.612986294,192545.440700986,-445618.950355231,0.35374869238134,0.354012448523604,0.262634679795323,0.418073961364364,0.404287289943667,60.4689746056113,401.742581788008,0.484070292891022,0.52069787995816,0
"06037408402",0.447369013333333,184320.797154196,-442515.290338002,185456.918092678,-442572.085783426,0.447635304417675,0.44807390704565,0.272420927658378,0.348842677545494,0.266981051673342,80.6745149193782,287.869905668932,0.357080528645403,0.450825461986287,1
"06037431200",0.50162323,184886.600737149,-430523.997975207,184881.40447416,-430560.00594337,0.293540834257988,0.29311125986058,0.0554788072309431,0.294368644499669,0.0531205836241062,4.36488079707469,10.0850625653719,0.294185500653976,0.776737907525178,1
"06037401001",0.318435036666667,197996.690457114,-428225.313248424,197999.741835357,-428234.192914634,0.319597893620885,0.31973299767155,0.0362034523696967,0.321779211094027,0.0383828074192547,6.21899272222869,46.0941890325023,0.319597876106927,0.680756313433637,1
"06037401102",0.40689196,196744.63099597,-429415.265168608,196755.0964676,-429454.859749854,0.407914468358101,0.408345246078342,0.264229465091756,0.413313119481326,0.239498016947421,1.66210231296329,184.561511225837,0.409837151579589,0.989680398465029,1
"06037401101",0.232792453333333,197865.004946725,-429944.791779186,197769.981465749,-429625.373912064,0.233714648187656,0.233243954170431,0,0.33353480043766,0.193081440129261,190.197047532616,330.829791483749,0.233332518635663,0.474659237194887,0
"06037401500",0.19096727,205051.70878663,-432857.922790246,205360.642651169,-432832.516142161,0.191167936481239,0.191174545936871,0.124155688644369,0.223712140895005,0.0680326936637475,10.4507848312664,200.189396872588,0.191167960047603,0.522045369016666,1
"06037401203",0.37028758,197862.43123156,-431497.371214703,197859.7613036,-431591.201864713,0.371239379742879,0.371252764893223,0.123725359019184,0.405266653803439,0.140887881939124,25.5410241037122,319.060362033313,0.371032862660836,0.574313316649121,1
"06037401201",0.408320496666667,199703.784159658,-430113.791434004,200084.396450068,-430041.878029855,0.354356782977815,0.354445748965101,0.18639943652409,0.502102434620923,0.305996612738801,32.687643311318,144.886776452616,0.439134774987017,0,0
"06037403902",0.379384163333333,196256.109056532,-431531.731129433,196228.132923443,-431567.826519782,0.379806877959169,0.379647681585945,0.316836998072176,0.406259017229373,0.342639891554395,14.4228439954261,99.0269478241144,0.472450163162571,0.296979250819976,0
"06037404100",0.347588166666667,194201.6864264,-431335.968591911,194210.893995368,-431336.230236427,0.348526107275697,0.347911253952638,0.28375521010715,0.35046147006008,0.278355906547865,29.381444894662,57.0412998372337,0.34852609923758,0.507365892678344,1
"06037274100",0.383324673333333,143315.443793476,-446377.421440319,143480.535553233,-446513.753015701,0.384349914577098,0.384168867236115,0.180561781256621,0.411375848194655,0.124616336209652,9.50092849246752,56.0547373786459,0.384323241742453,0.640673513819052,0
"06037275200",0.436771846666667,145875.869076564,-445451.046442286,145923.249843659,-445395.538503821,0.437044348251179,0.436806862044043,0.162796882958058,0.43171170827818,0.156904431819176,6.60458169687737,30.3011643369572,0.44982074547494,0,0
"06037275400",0.425348463333333,144208.344949561,-446020.361620161,144203.657502881,-446013.426835312,0.42601403151311,0.425951823488843,0.317682358424608,0.427561113731689,0.317353939885172,3.17575963479979,85.134044758296,0.385074843413928,0.64804613785609,1
"06037275302",0.188626066666667,144826.647511871,-446847.843664944,144693.061666079,-446758.056042192,0.188517899461509,0.18864776463661,0.0435589524996263,0.259614037418022,0.0878911543734674,95.849170499981,332.699623797203,0.0842974522065885,0.549127804047919,1
"06037275311",0.231805083333333,145675.374308698,-446236.558047305,145607.380980595,-446143.628532901,0.231599037710051,0.231702811964318,0.00125835406446401,0.301324992119938,0.0681661068824999,7.93309058687534,107.448677315688,0.28503675331117,0.0935576802461636,0
"06037276000",0.889222213333333,148882.659114318,-448320.166659717,148858.821683673,-448507.926482465,0.890919707632649,0.891657985434325,0.822750080496371,0.895384356777575,0.707660179634963,0,13.7352955472797,0.887128392191208,0.081227285501942,0
"06037276100",0.649815503333333,150345.073588841,-447546.134417812,150170.440009883,-447641.992204196,0.731660774465131,0.731947118439848,0.548683995653288,0.723903849266948,0.511415420207992,0,28.3784474859564,0.73166078058032,0.0862740766169166,0
"06037276500",0.495913783333333,146205.070757541,-448657.387745671,146208.519140325,-448580.733121603,0.496793956656092,0.497112615433186,0.471283534713181,0.530197879986511,0.483879444175151,0.857480113428223,217.524553430685,0.494363202830593,0.329548486260457,0
"06037276400",0.667545773333333,146993.211354868,-448607.865551094,146986.321936221,-448644.041115884,0.669016717185928,0.669043746600529,0.495876066495957,0.65194737339347,0.473486787983677,0.135021166802199,114.483281981737,0.669005623231054,0.0712760836164793,0
"06037276601",0.51458967,144778.042073422,-448942.662517975,144862.500395349,-449253.493086551,0.51619714338018,0.516402212786151,0.080621796935551,0.621456764933464,0.279288495435965,165.18206368714,545.768541704116,0.517488020212655,0.141660833850458,0
"06037431002",0.362772393333333,185829.059554466,-428077.865864027,185902.412956123,-428080.621472834,0.363274877923368,0.362581970946497,0.102491778686742,0.348458979823856,0.148010203102785,19.5061847861006,50.9943361409305,0.416228572992035,0.847515756145603,1
"06037190901",0.126773476666667,155706.63812375,-434307.165409798,155689.466619845,-434432.607637178,0.127090916020538,0.126998172094021,0.11104520236474,0.122016078523141,0.0660775155690827,8.77014701407232,16.8933550441982,0.191300855259147,0.9968905331953,1
"06037480703",0.260529926666667,169616.315524598,-432386.303178426,169568.989453261,-432374.186849669,0.26035301418763,0.260598028198042,0.152330222931875,0.268086948129787,0.154012478529886,5.3259566943276,136.344526179951,0.447053169034636,0.553456218524759,0
"06037430101",0.028104283333333,186688.087960318,-428916.066479945,186817.452322962,-428804.132915515,0.0276390255861279,0.0276030150733549,0.00601050653492843,0.0607545954130156,0,23.4542124239703,218.530970757159,0.119491534471837,0.897767576874737,1
"06037480011",0.694424466666667,177538.721038706,-430350.753283474,177642.504116895,-430364.215309732,0.695699014415017,0.695659263040854,0.376854113588374,0.659617220620254,0.350775473813833,2.1763980843864,6.49327716951348,0.695699030824247,0.305032392915628,1
"06037400206",0.223292353333333,210669.52477248,-429496.810207307,210715.814976565,-429591.024832988,0.224234349751377,0.224115074488221,0.13504583592008,0.265353465075756,0.166086138464709,70.2564622992781,525.221013013755,0.184930697701918,0.8314280779889,1
"06037400302",0.518690613333333,203915.244061794,-431137.028165529,203889.689677088,-431274.690957192,0.519971201546971,0.519049283653584,0.27887808044359,0.502195108141114,0.266463313905319,0.144224096905549,51.836734224248,0.519971203045829,0.298601457596398,1
"06037481202",0.345410306666667,177007.657445375,-433499.837121225,177154.807691439,-433596.573263402,0.346567148894456,0.346441891450311,0.239211945362077,0.404084315292844,0.317727673643019,0.823904057866445,6.77660311133974,0.37297419949228,0.326222501767425,0
"06037502602",0.585078696666667,175298.927192652,-448292.997130697,175266.45396859,-448293.564762725,0.58591783919206,0.585466405726477,0.274787904493919,0.595133240648504,0.293659446265741,15.0391605957394,29.3112816777011,0.585917826320563,0.405990269049156,0
"06037502601",0.316319646666667,176128.243821251,-448840.122646939,176079.439767541,-448916.056123478,0.316742216394163,0.316515463663852,0.158056566577613,0.330398091867773,0.186705436565703,21.6220089038554,67.5308005098706,0.387051101438024,0.543558300433902,1
"06037530003",0.403556953333333,176473.485640138,-441212.726168601,175948.391740815,-441779.239194914,0.403827981205706,0.404440496519925,0.292571936226392,0.412929691345119,0.388783514206775,29.1736942064593,321.219919289257,0.403827968653492,0.182585078777778,0
"06037117303",0.959876036666667,138974.565235937,-419755.571706341,139033.727751905,-419564.614740083,0.961933068362283,0.960961612063468,0.442468793704656,0.89758871682171,0.320113199730189,2.33831611617268,7.01722643450459,0.962017094399364,0.308404735429287,1
"06037503000",0.752092306666667,180234.052589209,-452706.178581118,180218.094657337,-452771.778133267,0.753533194654977,0.754382100825174,0.272140678154268,0.746130494337202,0.314090999099961,14.19262287429,23.8353481020965,0.746451062922004,0.579611582696452,1
"06037115301",0.893015686666667,133681.772407813,-418223.181916795,133643.423492273,-418416.746354307,0.894965592566574,0.8960865327499,0.617788549094361,0.930364760792011,0.497911908064404,0,10.9209386917108,0.82027301399656,0.30899752713453,0
"06037503201",0.60058243,182448.840355813,-451755.455547841,182469.115924686,-451705.248311256,0.601832584740975,0.602267362104702,0.39155622768444,0.588684919474942,0.403834641448087,3.2363511237136,46.5666831141116,0.601832584218025,0.31282285278343,0
"06037503302",0.253917783333333,182916.676450368,-450730.766960238,182849.893616085,-450811.023138668,0.254744763321384,0.25480744286325,0,0.279765945043261,0.0148687623210787,30.582413892993,71.910322631637,0.254744741407071,0.872146155945816,1
"06037540600",0.19197299,163285.484956614,-453036.693779221,163310.337295311,-453107.525964711,0.192180614638948,0.191823357360678,0.114878348757375,0.190818987341919,0.118920418333874,11.4326101696249,35.9206681702692,0.192180620384844,0.979130570427839,1
"06037542501",0.38659667,163125.87543743,-456603.252477007,163133.245768415,-456619.099769108,0.27253194435535,0.272625845593142,0.0725375498177416,0.271127021335097,0.0682898363146507,2.75884518328205,30.5271661268618,0.272531914137762,0.918095446378545,1
"06037543000",0.337329626666667,161125.786131567,-456812.568554403,161254.532209392,-456807.48238863,0.337406218629033,0.33765867174442,0.313792213487523,0.307468303633476,0.284084488023938,13.380581390137,32.7208493000022,0.347634549331137,0.698910662119093,1
"06037543503",0.636947746666667,158082.985791836,-463414.672404826,158109.052172877,-463391.580668214,0.638095762809003,0.638370499927121,0.43697238101038,0.649007865041438,0.457536061854176,0.490595761903341,35.8876951412978,0.63815572772525,0.351835480487966,0
"06037543202",0.448774156666667,163725.349520459,-458054.932282296,164362.863458,-457390.494475907,0.374347026989097,0.374726563288894,0.238469549913748,0.334459348838858,0.329283019270212,4.2100303045027,13.138371094927,0.440107007766507,0.0600285210378464,0
"06037543400",0.255634446666667,159853.975717331,-460669.141364943,160059.360427817,-459962.578056394,0.25605574886896,0.25600453754349,0,0.491340828054818,0.258962045172799,170.516370333921,210.179418797615,0.270731606104991,0.681015257420252,1
"06037543304",0.565118266666667,162764.890143747,-461045.286790433,162763.32471047,-461018.291746754,0.566211934067944,0.566999347558842,0.370251181223715,0.571688940930246,0.365291721523307,12.3880535846404,16.5226326957452,0.566087914545491,0.616693647494286,0
"06037543201",0.281994186666667,163345.071486407,-457436.281326146,163285.860986295,-457446.109464986,0.282207238481223,0.282123855793851,0.247742696863012,0.298446580769378,0.282672177452579,8.89254787703516,16.2761545014415,0.284153787860465,0.676923025569052,1
"06037203720",0.387699276666667,165893.058832311,-439393.242841045,165874.665982504,-439356.786582956,0.388791745398081,0.388478617277446,0.233224693972402,0.38644002065932,0.237853021757883,0.985941687246718,56.8631681605443,0.480872352693746,0.999999999999937,1
"06037204120",0.489419956666667,166101.802465648,-440831.742866706,166106.553757352,-440841.412570709,0.490957469987264,0.490785714334888,0.309583239798419,0.492583349371274,0.316133191118034,7.16869445946008,27.9616117383382,0.471642563449763,0.69666858383681,1
"06037204200",0.26704261,165721.886387339,-439759.737844933,165697.466538736,-439752.565640161,0.26800683869291,0.267989854060164,0.126496335956817,0.26005324720153,0.112745033866312,7.11633543586988,44.9072296685079,0.364356233280544,0.999999999999972,1
"06037204600",0.221626836666667,164654.731294336,-440506.818982802,164724.874750828,-440475.99235021,0.221907128741748,0.222194757751223,0.101098002425073,0.234607465345516,0.131211510014105,29.4223139947969,47.3211490053252,0.244550274927954,0.991343021025979,1
"06037203900",0.677176733333333,166720.506061662,-440877.703471667,166710.199986808,-440863.997614793,0.678833640368399,0.678878186579348,0.63653522032468,0.678826782601844,0.626947229258119,0,23.7267934869479,0.686640456424076,0.0151900122102932,0
"06037204700",0.226236293333333,165068.999311577,-441176.723839738,165161.949140227,-441138.87054638,0.227022104706073,0.226823654240439,0.108223157079504,0.243858808784443,0.149236388891004,15.4553821580208,46.2988129216228,0.356229497612036,0.962922603437217,1
"06037204820",0.394437606666667,165692.636637309,-441956.5461237,165679.819839507,-441972.492954459,0.395871153658,0.396026592094811,0.165441765678214,0.395267869512815,0.174599106544327,9.95634962686246,29.1312758991683,0.40154772041089,0.852918275279905,1
"06037204910",0.57143054,166640.635301917,-441821.064217561,166597.995945711,-441791.867774,0.572862148841843,0.571857354723532,0.267829843341337,0.566554113710831,0.2983687070284,7.92089766414994,17.8841798458968,0.589918594691599,0.668819650377456,1
"06037205110",0.376638663333333,164912.862443203,-441896.759399822,164882.106314214,-441865.846417676,0.377202599672674,0.377424257396445,0.242341265504225,0.383326572185365,0.269311064778415,7.63212873067915,21.3443885887763,0.377354473434107,0.635923657608835,1
"06037204810",0.46768575,165946.12160154,-441428.323664072,165934.279619941,-441405.623645909,0.469076667619823,0.469667412750422,0.122983730816242,0.460700508707752,0.123542369449619,6.5002133119221,33.4889112992555,0.469835195901208,0.524900892836183,0
"06037124102",0.41280135,149009.602889111,-425396.464787856,149062.408336182,-425383.629256255,0.413635785437967,0.414363197031993,0.149167940979668,0.416878041763016,0.129552947714266,1.51179539994162,59.9316126215739,0.509666741780897,0.772381177277736,1
"06037320000",0.57408958,152007.964940009,-429441.08114833,152073.389580251,-429451.622712158,0.575637624625658,0.575336721927472,0.533768833977779,0.598554648650357,0.520823767122917,0,58.9900389907526,0.572703280008294,0.122291413864074,0
"06037206200",0.346751526666667,162343.748458782,-439446.920259481,162247.622192195,-439466.714896486,0.348085892827815,0.348080335289491,0.268539918699872,0.312140613392072,0.217236112108876,4.72759198435387,32.0746517114213,0.290872618959351,0.997681971753385,1
"06037207900",0.439282176666667,160643.853890888,-440197.440072151,160485.442252566,-439962.961122656,0.440554810439185,0.440710215497948,0.202011030913542,0.397501125012988,0.0919988172779562,2.33362257503267,10.2232786072579,0.440545391451128,0.803170645038084,1
"06037217200",0.5764157,153027.957865767,-439330.019030041,152983.089143581,-439306.932967104,0.577048135186824,0.577090524940453,0.528647103924557,0.602101077812272,0.556368533639743,0,9.52576164377722,0.521160351247092,0.380845042998368,0
"06037217100",0.97982626,151914.089785529,-439418.531515236,151949.797164147,-439439.761869456,0.982140253445505,0.982771551528879,0.899872044038118,0.986822897369037,0.874169652789195,0,6.562842176774,0.914612756576617,0,0
"06037218210",0.3994707,153054.31472678,-440081.858705064,153028.687975256,-440071.767287565,0.399786081155938,0.400023446730479,0.117992790465455,0.411155890526406,0.12769290486401,0.453574660364351,7.38112256907573,0.383072589656554,0,0
"06037218110",0.37549039,154413.17826666,-439887.094596914,154471.557506932,-439847.275671082,0.318348345446249,0.318604069055477,0.224162140125812,0.345711217218077,0.268052159652524,3.56447208111151,13.597852327501,0.319530082575464,0.726407319240347,1
"06037218120",0.55336662,155050.90114538,-439961.638012854,155056.832948097,-439919.137115016,0.554709991319351,0.554537492474324,0.500609692501863,0.570956464532122,0.516684790801421,0,9.63460210856212,0.552564756917189,0.153888921392409,0
"06037188100",0.242744233333333,159435.832084637,-429563.481599803,159676.116576526,-430256.092229853,0.242924805572776,0.243019353685993,0.217887091960127,0.219191615749871,0.191436339279039,84.1872879423179,640.657052341343,0.267139325400769,0.343683784356602,1
"06037218300",0.853313273333333,151891.092779853,-440160.222546455,151953.92008506,-440171.925058736,0.862359204778008,0.861268086831969,0.742853617271394,0.847633999284344,0.703260031491225,0,0.942691714018663,0.802641278882361,0.149963547009337,0
"06037218600",0.374108433333333,153026.016263722,-440704.535215711,153009.775428303,-440680.405229472,0.37474145643378,0.375432548219833,0.255497700334531,0.380127564501187,0.245909258530676,0.403105896192258,3.89298801024632,0.375087888645813,0.329107774020785,0
"06037218220",0.289777796666667,153736.571035294,-440005.113958739,153602.000265931,-439961.874733171,0.2901609530892,0.289833574705121,0.046578613934635,0.303730049785752,0.123668570544718,3.83141275810251,9.86433701100848,0.255280488969218,0.467698651427454,1
"06037218400",0.701920306666667,151499.257763522,-440759.456329235,151525.615452881,-440727.41282853,0.703661293256546,0.703779383962447,0.502220787502643,0.725443717059554,0.51899357112512,0,21.4237612614057,0.655243197316695,0.197084002866354,0
"06037218500",0.605372686666667,152302.328445092,-440695.381476755,152266.992670644,-440644.875178232,0.606100033254619,0.605929091843651,0.544389079183766,0.63135669421779,0.550684399508025,0,16.8388254976088,0.59905802523347,0,0
"06037218800",0.388883043333333,154846.836689689,-440606.868162257,154867.479419451,-440569.297555997,0.390001604647445,0.389767420143821,0.253487708050781,0.393264612903043,0.262358938476104,2.38555008597012,5.38817991419589,0.313510070835672,1,1
"06037219500",0.62810321,153258.08761535,-442506.245011228,153188.109402767,-442506.513336578,0.629981492851616,0.629997016905992,0.50881305781266,0.598964167215033,0.465503571365683,0,46.8515288015156,0.628643158342743,0.155656950335355,0
"06037219300",0.722076653333333,154053.352844987,-441844.768848225,154061.072207296,-441709.938260935,0.723919691192412,0.722887151712641,0.6701983766585,0.704358224898603,0.627849314674332,0,4.14930351434496,0.729001804423826,0.0020753310392845,0
"06037220000",0.437743593333333,153278.997156564,-441738.014979791,153244.820385012,-441672.343440693,0.439214331438624,0.439037281911377,0.341555124037489,0.418926117979058,0.321044630050273,1.13696718598038,30.2945692523518,0.440198212497819,0.650096496128318,1
"06037554103",0.416779513333333,173877.056539889,-455568.086226696,173877.841849462,-455565.232471822,0.417674651620151,0.417399738803349,0.236860618744317,0.41810838534018,0.238693353704313,4.20100961104186,46.8514574407863,0.417674649972397,0.735768653941345,1
"06037552301",0.43111215,178964.4250679,-454031.06351758,179054.137511887,-454052.307405121,0.419760037552265,0.419363147155012,0.369755044946673,0.395308029923352,0.334925347680254,21.3358091141588,35.0958130982103,0.410691229449247,0.163188490759161,0
"06037433102",0.42360136,179208.99377861,-437126.45597956,179259.343083312,-437112.037465211,0.424905942619045,0.42443622031206,0.277510188915572,0.434522451843914,0.30789704414256,7.80551035757894,55.4929757505035,0.407011286949404,0.523953889566415,0
"06037800328",0.36240162,118269.931666034,-428367.715340013,119265.984294571,-428141.15931814,0.363609053730542,0.363747844929689,0.342143689506336,0.242846530374992,0,98.5078793741819,1028.55418876953,0.363368923413016,0.762248953024108,1
"06037800204",0.93662979,123973.969832515,-428672.452215211,124860.846298334,-428241.106767832,1.08007575246748,1.07901671921202,0.730883054519715,1.23639020206776,1.1857546742265,0,29.639330863132,0.97637516857382,0.0936621293595304,0
"06037930101",1.50979391,173632.238987484,-418341.651811639,165825.514892353,-415102.15802299,1.51460694771269,1.51523252076283,0,0.456978159149837,0,502.425179932256,2009.70071972905,1.51583557910522,0.0411753468255144,0
"06037920339",1.87963371666667,126988.167532815,-399602.200081354,128880.881176423,-400740.971069923,1.88368292336547,1.88616333573465,1.69638222292759,1.17792625361544,0.601699130264198,0,0,1.88368290314549,0.00692279053674548,0
"06037542104",0.37486752,167359.01118116,-455569.940536579,167348.018829465,-455602.879180082,0.375088959771844,0.375178020053099,0.340073908896505,0.365127015516964,0.324309398332922,18.2923163740507,57.2228093387708,0.455473825112098,0.571604594524393,1
"06037542103",0.525425796666667,166815.949478605,-455534.094740838,166815.327312117,-455545.916993353,0.52635665695167,0.525727225451539,0.406755625684529,0.523941135533758,0.400528046228704,2.94890532089866,45.3887018875754,0.526356635781687,0.524820338240091,0
"06037900607",0.28942437,171771.864420047,-367548.29997858,171878.751832505,-367526.485712094,0.290404183861571,0.290858762993443,0.00574431017157363,0.298174035798003,0.0178547379497575,19.3001888035676,33.3464373610105,0.318784923214929,0.422393024788896,1
"06037900704",1.06026860333333,170483.734228849,-371284.349237856,170142.996741024,-370227.286524497,1.06351150779568,1.06419035150779,0.531867425405272,0.736767690756085,0.340659830974441,0,63.6403413980949,1.63638706641507,0.0251857437807414,0
"06037900703",1.11209151,168805.088526318,-368838.161593714,168930.237323387,-368913.511581622,1.11436466491875,1.11531296888393,0.994604936235106,1.0585434969141,0.958018848119225,0,0.0403336206584443,1.15493704595604,0,0
"06037900701",0.92893654,170266.15360454,-368826.094290268,170279.970849307,-368784.115750513,0.931441552014946,0.932565314800805,0.530117750573061,0.923023778309551,0.504377362348113,0,6.80631485436536,0.931441553346771,0.0832990290618673,0
"06037900705",0.758891726666667,168859.285422302,-371258.215647752,168535.499885051,-370621.335230119,0.760162011037973,0.759458154500765,0.261962659223148,0.89959441556099,0.407153554285283,35.053733111242,63.6403413980949,1.27013938392206,0.136935461823168,0
"06037900804",0.282236423333333,169984.567426868,-365609.451695544,169902.522396941,-365693.883183083,0.283220655320205,0.283679111199782,0.0188956070613925,0.297504210106434,0.0720782687345545,23.8053274758895,32.5864976849799,0.283220675041885,0.861313877830532,1
"06037900806",0.394782913333333,170126.504342734,-367221.359134952,170122.61727281,-367093.345535073,0.395403197818122,0.395342786864634,0.227048392168,0.395488167466371,0.148197415525843,15.5874850634558,27.2143351007534,0.39540321686694,0.87268788094102,1
"06037900900",4.80507435333333,161505.568438885,-359974.136660089,161016.754593145,-361201.417798447,4.81333016615837,4.81077916568562,2.22870150617887,4.62629751762991,2.16691480264522,0,0,4.81333014566991,0.0026582727927202,0
"06037901003",2.6477261,162263.631011297,-367338.769822931,162469.136411602,-366953.655108578,2.65345694505746,2.65507991018371,2.40544888362878,2.70861560209108,2.50277572513091,0,0,2.74289348311402,0,0
"06037920026",1.06634892333333,144138.181493627,-391951.201962685,143590.712962385,-392227.793876646,1.01874767313756,1.01960428670166,0.248741775575584,1.01714270590739,0.401714815236331,100.829198988468,689.569439096709,1.01874699507627,0,0
"06037920043",0.420815823333333,142944.192875381,-401517.414536218,143201.503043781,-400353.459260851,0.421810615186821,0.422043453976747,0,0.363971047294081,0.00954104476957669,365.831190552062,1094.29290019389,0.569895699180562,0.0743846132158609,0
"06037910810",0.590880113333333,150922.554020285,-394527.790211599,148621.107313878,-395695.770108378,0.592832889520187,0.593718112345217,0,0.986873047362849,0.767828938582675,193.437648005871,710.234442049578,0.592832887915381,0.00782581627997323,0
"06037920032",1.26169562,141047.543118963,-394081.267221553,139407.597325004,-394907.840086577,1.26454857454069,1.26407664039937,0.904462362659939,0.798921431581135,0.299108064358679,0,3.45814327378598,1.51928624952622,0.0494921969409273,0
"06037920036",0.360364706666667,140049.644317775,-398268.366326,140042.051501476,-398160.253419245,0.361503568991289,0.361876368154867,0.315897530511345,0.352269282800282,0.290067452644557,24.0565689067935,63.7660332657162,0.431082638752816,0.6010498897106,1
"06037920029",0.426511436666667,139244.610224829,-397277.508476006,139467.81200769,-397222.530285359,0.4268623908191,0.426530909351077,0.316323549577523,0.348127280399259,0.312436399930061,26.6580785144664,67.6739282047758,0.423633617208237,0.402973054402071,0
"06037920020",0.614853663333333,138677.685743485,-392852.422626959,138003.287774201,-394286.139240557,0.616303513039491,0.616593526952227,0.0180802801829205,0.390161274363898,0.220304974891663,131.978997287105,605.818687892688,0.616303188245924,0.261183350863572,1
"06037920322",0.24149477,133386.980210803,-402694.651942138,133360.723904444,-402710.841119017,0.242019245372401,0.241961996151356,0.0812994089663762,0.241612934358256,0.0702398320513442,33.3509630486053,89.8400022433839,0.242019216756195,0.358259648026542,1
"06037103400",0.500824566666667,155249.560540667,-416515.487269667,155398.320726532,-416362.359084069,0.502070886194,0.502022547484585,0.390065472889955,0.557519094466234,0.514037731412776,14.2779994914127,474.528230443031,0.502061312403926,0.371856289728995,0
"06037104105",0.457023813333333,146862.120706106,-414294.251355896,146716.882222849,-414422.810126567,0.458094106133352,0.458265236802575,0.28892386224114,0.439798509375415,0.345171755767693,22.1572160362122,256.403411048374,0.380670565783173,0.490631493063969,0
"06037104201",0.706285753333333,145790.336044173,-413165.033140478,145766.637753511,-413247.457781393,0.708018382140911,0.707915918282943,0.573194821770032,0.720241363507188,0.556862967605262,0,13.723931849361,0.61886952759172,0.0794493605439389,0
"06037104310",0.379879603333333,144597.020534094,-414307.825353215,144652.574658687,-414180.065968107,0.381290728973667,0.380926293837554,0.335836936791335,0.391858392028085,0.316977188557838,9.01485022326696,32.5508996491567,0.340881086535366,0.377522820498401,1
"06037104701",0.517752296666667,145905.507838688,-415163.401075153,145889.806069741,-415190.939890219,0.518324775380326,0.517905178545965,0.0493885064619101,0.525501270812483,0.0680337294989233,6.80232569544295,88.5377764623564,0.420564039437776,0.719270560624685,1
"06037530006",0.373061696666667,174189.043965389,-442136.046574318,174234.922665234,-442104.301237738,0.37379526843129,0.373979126438059,0.0108290946108875,0.377536204011511,0.0291142465006706,7.79625689847852,29.1056354686131,0.373795231569025,1,1
"06037482701",0.39647982,171767.546013649,-440307.006707745,171854.115967659,-440370.765871825,0.43799987611098,0.437850761031549,0.240205953024944,0.385811508125736,0.175103139610735,15.2754098190895,162.502155478432,0.426443791875711,0.514105775422284,1
"06037481500",0.215190526666667,174160.568667542,-435312.512050419,174102.343241538,-435604.907845496,0.215890847234984,0.216037065118174,0.160934313091536,0.384256380718317,0.339203922190682,79.0855703725863,149.556526244983,0.215890849756442,0.620493512375448,0
"06037481604",0.466043506666667,172928.985765502,-435223.166849629,172911.292170198,-435110.929606983,0.467088710097408,0.466880279988116,0.198764546102641,0.450783026295067,0.215171966935527,17.7942285610244,140.6008606313,0.467088698935946,0.851104031218491,1
"06037481402",0.551012296666667,175983.514503959,-435183.534498279,175942.768584467,-435175.196680361,0.552676599257288,0.552127292838372,0.474392122902437,0.538750249283616,0.44869323361079,0.582691806732571,26.7511204023319,0.552676604037901,0.345995487179608,0
"06037481603",0.402198933333333,173470.236652802,-435112.450381105,173460.778292905,-434943.272307554,0.403227085548677,0.403069749990592,0.265146320058527,0.364653653003044,0.210179102324211,46.3155204873949,159.349437822931,0.40322706721331,0.76379479746268,1
"06037481713",0.52277673,172677.781301834,-436923.732951637,172671.963484916,-436931.185183486,0.523719594014656,0.524913820842884,0.17136137700263,0.522963197107138,0.168469616756757,0.268119725001429,46.3299315574478,0.304600509187026,0.742347658687958,1
"06037480500",0.35261504,171135.338942564,-432485.729029603,171129.29720746,-432555.498451443,0.353141649531597,0.353206152374837,0.167142727408255,0.373130304112898,0.188650078027238,1.40143639222874,28.6870711629321,0.449032731847495,0.797931695604676,1
"06037408624",0.293818733333333,189476.648568263,-444845.002336195,189512.655931164,-444951.849814186,0.293998937335808,0.293759187190088,0.157072420586218,0.257609526662013,0.121164411052109,18.9354715391403,63.1547126581877,0.293998905020054,0.79882569198357,1
"06037408706",0.827040766666667,196940.474546655,-446549.92806555,196784.219863385,-446573.418538089,0.82910571599316,0.828637284273002,0.634870407030096,0.814530099566372,0.541117789676123,0,9.89510291799151,0.829105730757729,0.120939850249866,0
"06037128500",0.894808173333333,143400.434154726,-426098.11704164,143412.700080553,-426111.751455456,0.896963007778963,0.896945688960493,0.383425000197965,0.897834429679087,0.374703078743614,14.3394845107166,65.548551618342,0.896963005905892,0.393161167906638,0
"06037430803",0.309264866666667,182386.796834082,-431440.563971014,182442.490536484,-431453.320888432,0.310097860325906,0.310087503741332,0.232148841347167,0.315466668368559,0.197269333143183,4.47096247346837,60.1291076281207,0.310097865654085,0.653011790054913,1
"06037400205",0.491258796666667,210567.554667628,-427222.09657024,211304.011115853,-428068.843766241,0.541806124425934,0.542657367082079,0,0.141529825647486,0,502.331735277298,1671.51064238755,0.56406999805272,0.511994685980373,1
"06037408303",0.389192596666667,184224.604386792,-440417.709942915,184126.829550875,-440363.962671291,0.470151529790017,0.469858110334228,0.0894708588566155,0.477177753789089,0.121140179698672,25.1360571544276,101.031866482278,0.47015154279832,0.688525921332623,1
"06037408625",0.82898984,188163.420596669,-445407.284673937,188178.157945088,-445385.027404767,0.830662310195534,0.831608350343393,0.60699157165351,0.827102127411809,0.595447694105425,0,19.0738793277652,0.830662330550191,0.0614285856679894,0
"06037408627",0.23217473,191681.579839655,-446728.247191882,192414.01092977,-446691.698849697,0.14539357001463,0.145370522341989,0,0.216667349607415,0.204944281456388,320.090140058451,1031.94135395121,0.188594604445457,0.487770504465752,1
"06037404402",0.426294256666667,191592.523407681,-430721.791359903,192263.009294432,-430828.787779403,0.42670626575613,0.426917272146177,0.0584429994768558,0.386218707312277,0.209780207746392,6.7654891522838,61.3164039861397,0.426706267540406,0.444069497814503,1
"06037400402",0.760438653333333,200658.367258855,-428816.82356062,199947.398490374,-429138.855776778,0.761201662434956,0.762014398245499,0.332690692090579,0.762311112535267,0.598348656130993,11.110334137618,50.2975695365624,0.671352346208509,0,0
"06037401311",0.445756256666667,201607.81958786,-431508.199183915,201645.759818321,-431325.727557775,0.446082225104094,0.446572147111928,0.381189980588523,0.523111210232103,0.469860721830315,5.68206878398637,35.9891058809164,0.446082196101528,0.418600113598196,0
"06037401902",0.242634063333333,209860.19219756,-432451.102450665,209838.501417579,-432541.018136215,0.242887054184307,0.242461426940233,0.112495028217069,0.247023620988384,0.0971633134639161,16.661657326052,81.2243610598609,0.243167848911044,0.925657219181058,1
"06037401901",0.419591496666667,211393.011255962,-432438.506888549,211381.241063469,-432279.045263191,0.42037002092939,0.420604013105322,0.298075421729943,0.491184750748888,0.375965856602174,2.72868851206836,69.227965197366,0.420517304150847,0.631804530347709,0
"06037401800",0.232609646666667,210637.91292026,-430934.7132671,210490.290868869,-430931.083601504,0.233177807985906,0.232875688757021,0,0.228971080909139,0,131.901907397277,153.08070868229,0.491040180564766,0.570260067001223,1
"06037401703",0.579292376666667,207351.807072314,-432439.18588208,207426.780731632,-432214.278532327,0.580792813411644,0.579872095801267,0.543285800521065,0.584104318546514,0.502960968447887,0,61.6112800557466,0.580792792158772,0.0421019474524446,0
"06037277000",1.04959633666667,147832.022083483,-448099.120330819,147849.017430926,-448259.448779952,1.05189682938834,1.05248783363684,0.953751406821428,1.00882740760094,0.876657841075066,0,1.44784369851485,1.05188578985633,0,0
"06037277100",0.601551633333333,149873.050967733,-448741.98600422,149842.322581912,-448733.663645076,0.602570764871527,0.602213123301548,0.35892662686333,0.610627342117359,0.373432143443154,1.08514121213871,11.9338028764314,0.600321350693584,0.026077382813396,0
"06037143500",0.404793833333333,146877.476619539,-428541.521565408,146893.701114215,-428478.791315548,0.405472558049781,0.405492375792323,0.253642486564632,0.397084678482307,0.216295621913036,10.8979956095301,89.0001627937076,0.400773535338374,0.517116724861388,1
"06037143700",0.224669963333333,151552.683326855,-430522.225400196,151631.897575544,-430597.581328904,0.224860068713283,0.224568016996684,0.0416928779749934,0.216253622985202,0.0177068893961254,26.81347035084,163.912537684272,0.222767311327031,0.495729445482805,1
"06037141600",0.394676736666667,141920.253800162,-429606.235861231,141873.444443385,-429502.607087035,0.395486036927793,0.394891976334803,0.150557253747571,0.384642787466708,0.0996844710185705,73.915621816209,100.929253190327,0.386721613865138,0.358501331393185,0
"06037143800",0.671117563333333,149342.818837092,-429854.521787752,149334.852286097,-429740.048317747,0.672410209120739,0.672296661641936,0.621152949081539,0.711164953325728,0.663568983995681,0,164.326995249932,0.672410220905873,0.0374285443756447,0
"06037143902",0.141998003333333,145829.546100143,-429756.650275507,145783.752381362,-429179.194012853,0.142360042838388,0.142179160709083,0.0857889754011207,0.391306163943674,0.315781464268654,123.901909280319,290.818995671961,0.142378282543248,0.757285564703738,1
"06037143901",0.102074973333333,147800.437879097,-430217.338312508,147779.506165043,-429989.496548407,0.102554040250583,0.102623806463047,0,0.0973242180381637,0,169.070283001632,445.036729653753,0.102553431278863,0.426107177347861,1
"06037181500",0.553392756666667,166657.472519227,-429625.958581814,166641.7083554,-429629.450477432,0.483551029163173,0.483613623585465,0.284015550195688,0.491896695580975,0.293903089734888,4.30625443113684,40.483387432095,0.483573821719456,0.311917642710234,1
"06037181400",0.559710673333333,165177.922479687,-429441.15232634,165158.060557372,-429463.316564577,0.56112895347213,0.562173338781037,0.206578571722705,0.565272971278354,0.195541128117847,10.0034859770253,41.7028359621052,0.414622570328502,0.408674419983075,1
"06037183620",0.2539516,166974.11588585,-431795.711529504,166951.550872728,-431745.384466876,0.253767965972309,0.253788257210652,0.149730608663145,0.284558313697271,0.183975724661916,20.7297625420401,130.506513976463,0.253136322868234,0.966066819027166,1
"06037183300",0.459427923333333,165952.520684526,-431170.970435484,165952.885178902,-431182.648254981,0.46080568479041,0.461102762930033,0.26995436583106,0.460757435511448,0.262743198104647,5.20658409692404,31.0932556763707,0.63673480578478,0.500783529727097,1
"06037183510",0.353096213333333,165756.465162772,-431797.324075291,165674.397394493,-431822.933984456,0.354189167506834,0.354046424607675,0.106449827410623,0.350100112451208,0.15807269262779,5.20658409692404,48.0680552224407,0.498201758517918,0.315997022055897,0
"06037183610",0.35586735,166514.395201878,-431936.69101834,166517.901312853,-431953.81845123,0.375800915861229,0.375127508691661,0.279545216401228,0.37390866266255,0.286245789869761,10.32653618705,169.66304155956,0.456368634322051,0.459431170584726,0
"06037183520",0.473716266666667,165903.599766719,-432287.23908457,165865.582100797,-432368.209082308,0.474836467794877,0.475038752036108,0.357672708366494,0.473077648894662,0.411742270428921,4.93776709159505,240.930986928583,0.549361203181252,0.202271237476507,0
"06037183810",0.299245516666667,166253.804322904,-432677.93030366,166203.18489797,-432672.918909943,0.299266948548513,0.299492304286893,0.269530717837886,0.317933774563393,0.280011289530234,45.0771968810312,365.148705032404,0.294349667901332,0.746427850959704,1
"06037400602",0.327171753333333,192801.709151982,-428678.619997957,192909.945536387,-428556.510279442,0.32765059740517,0.327354728824256,0.273006847562856,0.303763924955133,0.241085240455076,19.8346713545877,73.7719953741069,0.211836911981996,0.883649184253101,1
"06037430302",0.54966013,184076.706477922,-427058.621300801,184115.349904195,-427077.815940528,0.5507705008292,0.551417658209147,0.394591774597419,0.545247703525065,0.381608707957941,4.37053673699085,185.500264834123,0.455830440340816,0.541000821611898,1
"06037430723",0.35521383,179044.393159246,-429909.19918605,178980.965508132,-429922.81084446,0.356051909174894,0.355966730419635,0.155955418041303,0.353621481043003,0.123744308123204,1.25591592574213,93.4668883051317,0.356051931150017,1,1
"06037431100",0.274701156666667,184696.607822031,-429120.26751727,184615.00180844,-428924.049776962,0.275222546806362,0.275444070475968,0.152445446093025,0.303177285905587,0.269763395049125,2.49318545162674,32.3583795993299,0.278467049464231,0.761269990803652,1
"06037533603",0.392032316666667,166784.794558531,-447600.644750578,166680.549693241,-447582.263929888,0.393678921121637,0.393568424013177,0.291816626085756,0.343250465768816,0.245940410424164,4.57986874532978,54.8038832805695,0.393678911929865,0.703113484769236,1
"06037534101",0.353412423333333,169503.492850106,-447646.480234389,169499.241774082,-447363.433710731,0.354892204366607,0.354297743877974,0.0314238497409428,0.40645296754939,0.137842444795752,2.74447034696318,14.0491610060411,0.259077119972198,0.705232940324721,1
"06037930401",0.83526509,126329.760650319,-426637.187193979,126351.754583255,-426613.299626028,0.837306798996583,0.836883399524676,0.674141839353916,0.842343576796459,0.683462157760743,0,11.3149449056779,0.95647420091233,0,0
