"ZCTA5","GEOID","POPPT","ZPOP","ZPOPPCT"
"90001","06037239202",4,57110,0.01
"90001","06037239330",6,57110,0.01
"90001","06037239501",2489,57110,4.36
"90001","06037239502",2730,57110,4.78
"90001","06037239801",2172,57110,3.8
"90001","06037239802",3234,57110,5.66
"90001","06037240010",44,57110,0.08
"90001","06037532700",2990,57110,5.24
"90001","06037532800",4409,57110,7.72
"90001","06037532900",6681,57110,11.7
"90001","06037533001",4527,57110,7.93
"90001","06037533002",2822,57110,4.94
"90001","06037534900",5563,57110,9.74
"90001","06037535001",4325,57110,7.57
"90001","06037535002",3681,57110,6.45
"90001","06037535101",7306,57110,12.79
"90001","06037535102",797,57110,1.4
"90001","06037535300",3330,57110,5.83
"90002","06037240010",2756,51223,5.38
"90002","06037240020",3066,51223,5.99
"90002","06037240700",6073,51223,11.86
"90002","06037240800",2139,51223,4.18
"90002","06037242000",2397,51223,4.68
"90002","06037242100",2714,51223,5.3
"90002","06037242200",6554,51223,12.8
"90002","06037242300",4586,51223,8.95
"90002","06037242700",1237,51223,2.41
"90002","06037243000",3892,51223,7.6
"90002","06037535102",3720,51223,7.26
"90002","06037535200",5820,51223,11.36
"90002","06037535300",2763,51223,5.39
"90002","06037535400",3495,51223,6.82
"90002","06037540300",11,51223,0.02
"90003","06037237102",630,66266,0.95
"90003","06037237600",834,66266,1.26
"90003","06037237710",334,66266,0.5
"90003","06037237720",549,66266,0.83
"90003","06037238310",404,66266,0.61
"90003","06037238320",260,66266,0.39
"90003","06037239201",3562,66266,5.38
"90003","06037239202",4671,66266,7.05
"90003","06037239310",3996,66266,6.03
"90003","06037239320",3444,66266,5.2
"90003","06037239330",2873,66266,4.34
"90003","06037239501",965,66266,1.46
"90003","06037239502",642,66266,0.97
"90003","06037239601",3755,66266,5.67
"90003","06037239602",3313,66266,5
"90003","06037239701",4261,66266,6.43
"90003","06037239702",3927,66266,5.93
"90003","06037239801",1240,66266,1.87
"90003","06037239802",1668,66266,2.52
"90003","06037240010",873,66266,1.32
"90003","06037240020",1989,66266,3
"90003","06037240200",5252,66266,7.93
"90003","06037240300",723,66266,1.09
"90003","06037240401",697,66266,1.05
"90003","06037240402",934,66266,1.41
"90003","06037240500",5655,66266,8.53
"90003","06037240600",4932,66266,7.44
"90003","06037240700",88,66266,0.13
"90003","06037240800",1161,66266,1.75
"90003","06037241110",913,66266,1.38
"90003","06037241120",1205,66266,1.82
"90003","06037241201",516,66266,0.78
"90004","06037191902",371,62180,0.6
"90004","06037192300",2585,62180,4.16
"90004","06037192410",3628,62180,5.83
"90004","06037192420",3637,62180,5.85
"90004","06037192510",3670,62180,5.9
"90004","06037192520",5067,62180,8.15
"90004","06037192610",4386,62180,7.05
"90004","06037192620",3868,62180,6.22
"90004","06037192700",3513,62180,5.65
"90004","06037195903",215,62180,0.35
"90004","06037208610",512,62180,0.82
"90004","06037211000",1346,62180,2.16
"90004","06037211121",2351,62180,3.78
"90004","06037211122",3028,62180,4.87
"90004","06037211201",2645,62180,4.25
"90004","06037211202",2645,62180,4.25
"90004","06037211310",3846,62180,6.19
"90004","06037211320",3184,62180,5.12
"90004","06037211410",3095,62180,4.98
"90004","06037211420",3624,62180,5.83
"90004","06037211500",4355,62180,7
"90004","06037214100",609,62180,0.98
"90005","06037211000",10,37681,0.03
"90005","06037211120",486,37681,1.29
"90005","06037211701",70,37681,0.19
"90005","06037211704",1031,37681,2.74
"90005","06037211802",402,37681,1.07
"90005","06037212101",267,37681,0.71
"90005","06037212102",341,37681,0.9
"90005","06037212202",1947,37681,5.17
"90005","06037212203",2679,37681,7.11
"90005","06037212204",3344,37681,8.87
"90005","06037212303",3208,37681,8.51
"90005","06037212304",1702,37681,4.52
"90005","06037212305",1762,37681,4.68
"90005","06037212306",1872,37681,4.97
"90005","06037212410",3452,37681,9.16
"90005","06037212420",1774,37681,4.71
"90005","06037212501",1274,37681,3.38
"90005","06037212502",2185,37681,5.8
"90005","06037212610",3574,37681,9.48
"90005","06037212620",2804,37681,7.44
"90005","06037212701",671,37681,1.78
"90005","06037212702",2595,37681,6.89
"90005","06037216100",231,37681,0.61
"90006","06037209510",2692,59185,4.55
"90006","06037209520",1894,59185,3.2
"90006","06037209810",2472,59185,4.18
"90006","06037209820",981,59185,1.66
"90006","06037212202",1665,59185,2.81
"90006","06037212305",1103,59185,1.86
"90006","06037212306",1180,59185,1.99
"90006","06037212420",1454,59185,2.46
"90006","06037212501",891,59185,1.51
"90006","06037212502",576,59185,0.97
"90006","06037213100",335,59185,0.57
"90006","06037213201",4198,59185,7.09
"90006","06037213202",3873,59185,6.54
"90006","06037213310",3477,59185,5.87
"90006","06037213320",2481,59185,4.19
"90006","06037213401",4951,59185,8.37
"90006","06037213402",4645,59185,7.85
"90006","06037221110",3565,59185,6.02
"90006","06037221120",3373,59185,5.7
"90006","06037221210",3300,59185,5.58
"90006","06037221220",3378,59185,5.71
"90006","06037221302",1137,59185,1.92
"90006","06037221303",1631,59185,2.76
"90006","06037224310",2025,59185,3.42
"90006","06037224320",1908,59185,3.22
"90007","06037221601",3403,40920,8.32
"90007","06037221602",2816,40920,6.88
"90007","06037221710",2621,40920,6.41
"90007","06037221810",2773,40920,6.78
"90007","06037221820",3095,40920,7.56
"90007","06037221900",3664,40920,8.95
"90007","06037222100",1964,40920,4.8
"90007","06037222200",1895,40920,4.63
"90007","06037222600",5631,40920,13.76
"90007","06037222700",622,40920,1.52
"90007","06037224020",795,40920,1.94
"90007","06037224320",0,40920,0
"90007","06037224410",3135,40920,7.66
"90007","06037224420",2369,40920,5.79
"90007","06037224600",839,40920,2.05
"90007","06037224700",4856,40920,11.87
"90007","06037231100",242,40920,0.59
"90007","06037231220",200,40920,0.49
"90008","06037234000",4942,32327,15.29
"90008","06037234200",1809,32327,5.6
"90008","06037234300",4098,32327,12.68
"90008","06037236000",1795,32327,5.55
"90008","06037236100",5239,32327,16.21
"90008","06037236202",4553,32327,14.08
"90008","06037236203",1095,32327,3.39
"90008","06037236204",3203,32327,9.91
"90008","06037236400",4113,32327,12.72
"90008","06037703100",135,32327,0.42
"90008","06037703200",1345,32327,4.16
"90010","06037211000",528,3800,13.89
"90010","06037211120",702,3800,18.47
"90010","06037211701",221,3800,5.82
"90010","06037211704",61,3800,1.61
"90010","06037211802",261,3800,6.87
"90010","06037212101",285,3800,7.5
"90010","06037212102",396,3800,10.42
"90010","06037212303",118,3800,3.11
"90010","06037212304",102,3800,2.68
"90010","06037212410",451,3800,11.87
"90010","06037212502",6,3800,0.16
"90010","06037212610",500,3800,13.16
"90010","06037212702",169,3800,4.45
"90011","06037224020",1192,103892,1.15
"90011","06037224600",2586,103892,2.49
"90011","06037226001",1366,103892,1.31
"90011","06037226410",3491,103892,3.36
"90011","06037226420",4906,103892,4.72
"90011","06037226700",6170,103892,5.94
"90011","06037227010",4587,103892,4.42
"90011","06037227020",3599,103892,3.46
"90011","06037228100",4537,103892,4.37
"90011","06037228210",3806,103892,3.66
"90011","06037228220",4389,103892,4.22
"90011","06037228310",4449,103892,4.28
"90011","06037228320",3219,103892,3.1
"90011","06037228410",3320,103892,3.2
"90011","06037228420",3025,103892,2.91
"90011","06037228500",5120,103892,4.93
"90011","06037228600",5049,103892,4.86
"90011","06037228710",4235,103892,4.08
"90011","06037228720",4492,103892,4.32
"90011","06037228800",4533,103892,4.36
"90011","06037228900",1893,103892,1.82
"90011","06037229100",4557,103892,4.39
"90011","06037229200",4394,103892,4.23
"90011","06037229300",5292,103892,5.09
"90011","06037229410",3343,103892,3.22
"90011","06037229420",4729,103892,4.55
"90011","06037231100",1564,103892,1.51
"90011","06037239202",49,103892,0.05
"90012","06037197600",330,31103,1.06
"90012","06037197700",3545,31103,11.4
"90012","06037206010",3127,31103,10.05
"90012","06037206020",7883,31103,25.34
"90012","06037206031",1075,31103,3.46
"90012","06037206200",1184,31103,3.81
"90012","06037207101",3047,31103,9.8
"90012","06037207102",2553,31103,8.21
"90012","06037207103",2077,31103,6.68
"90012","06037207301",176,31103,0.57
"90012","06037207302",163,31103,0.52
"90012","06037207400",1363,31103,4.38
"90012","06037207501",2218,31103,7.13
"90012","06037207502",1926,31103,6.19
"90012","06037208000",297,31103,0.95
"90012","06037980010",139,31103,0.45
"90013","06037206031",1021,11772,8.67
"90013","06037206200",2202,11772,18.71
"90013","06037206300",3545,11772,30.11
"90013","06037207301",1691,11772,14.36
"90013","06037207302",2650,11772,22.51
"90013","06037207502",655,11772,5.56
"90013","06037207710",8,11772,0.07
"90014","06037206300",2266,7005,32.35
"90014","06037207301",2654,7005,37.89
"90014","06037207302",978,7005,13.96
"90014","06037207710",567,7005,8.09
"90014","06037226002",540,7005,7.71
"90015","06037207710",809,18986,4.26
"90015","06037207900",4163,18986,21.93
"90015","06037209300",354,18986,1.86
"90015","06037209520",897,18986,4.72
"90015","06037209820",1987,18986,10.47
"90015","06037210010",3520,18986,18.54
"90015","06037224010",2433,18986,12.81
"90015","06037224020",802,18986,4.22
"90015","06037224200",2392,18986,12.6
"90015","06037224320",1316,18986,6.93
"90015","06037224410",5,18986,0.03
"90015","06037226001",207,18986,1.09
"90015","06037226002",101,18986,0.53
"90016","06037218220",14,47596,0.03
"90016","06037218300",1022,47596,2.15
"90016","06037218400",4714,47596,9.9
"90016","06037218500",2869,47596,6.03
"90016","06037218600",3142,47596,6.6
"90016","06037218701",1552,47596,3.26
"90016","06037218702",615,47596,1.29
"90016","06037219500",1737,47596,3.65
"90016","06037219700",4306,47596,9.05
"90016","06037219800",3310,47596,6.95
"90016","06037219901",5234,47596,11
"90016","06037219902",4113,47596,8.64
"90016","06037220000",5345,47596,11.23
"90016","06037220100",2334,47596,4.9
"90016","06037234200",44,47596,0.09
"90016","06037236000",2318,47596,4.87
"90016","06037236100",26,47596,0.05
"90016","06037236202",1639,47596,3.44
"90016","06037236203",2322,47596,4.88
"90016","06037270300",940,47596,1.97
"90016","06037702502",0,47596,0
"90017","06037207710",1099,23768,4.62
"90017","06037208000",480,23768,2.02
"90017","06037208401",151,23768,0.64
"90017","06037208902",536,23768,2.26
"90017","06037208904",710,23768,2.99
"90017","06037209102",5267,23768,22.16
"90017","06037209103",3216,23768,13.53
"90017","06037209104",2434,23768,10.24
"90017","06037209200",2785,23768,11.72
"90017","06037209300",4667,23768,19.64
"90017","06037209403",2423,23768,10.19
"90018","06037218120",102,49310,0.21
"90018","06037218701",878,49310,1.78
"90018","06037218702",1561,49310,3.17
"90018","06037218800",2658,49310,5.39
"90018","06037218900",5464,49310,11.08
"90018","06037219010",2814,49310,5.71
"90018","06037219020",4798,49310,9.73
"90018","06037219300",3700,49310,7.5
"90018","06037221401",3359,49310,6.81
"90018","06037221402",2715,49310,5.51
"90018","06037221500",3507,49310,7.11
"90018","06037222001",3237,49310,6.56
"90018","06037222002",4655,49310,9.44
"90018","06037222100",1913,49310,3.88
"90018","06037222200",2070,49310,4.2
"90018","06037222500",4963,49310,10.06
"90018","06037231400",158,49310,0.32
"90018","06037234000",235,49310,0.48
"90018","06037234200",523,49310,1.06
"90019","06037212620",1537,64458,2.38
"90019","06037212701",1759,64458,2.73
"90019","06037212702",871,64458,1.35
"90019","06037212800",4273,64458,6.63
"90019","06037212900",4074,64458,6.32
"90019","06037213100",2386,64458,3.7
"90019","06037216100",1640,64458,2.54
"90019","06037216200",2772,64458,4.3
"90019","06037216300",743,64458,1.15
"90019","06037216700",368,64458,0.57
"90019","06037216800",553,64458,0.86
"90019","06037216900",5060,64458,7.85
"90019","06037217100",5374,64458,8.34
"90019","06037217200",3905,64458,6.06
"90019","06037218110",3453,64458,5.36
"90019","06037218120",4428,64458,6.87
"90019","06037218210",4457,64458,6.91
"90019","06037218220",4344,64458,6.74
"90019","06037218300",4498,64458,6.98
"90019","06037221302",3266,64458,5.07
"90019","06037221303",920,64458,1.43
"90019","06037221304",3319,64458,5.15
"90019","06037270300",458,64458,0.71
"90020","06037211000",1006,38967,2.58
"90020","06037211120",4006,38967,10.28
"90020","06037211122",47,38967,0.12
"90020","06037211420",235,38967,0.6
"90020","06037211701",2536,38967,6.51
"90020","06037211703",4750,38967,12.19
"90020","06037211704",1924,38967,4.94
"90020","06037211802",3529,38967,9.06
"90020","06037211803",3529,38967,9.06
"90020","06037211804",3221,38967,8.27
"90020","06037211910",4657,38967,11.95
"90020","06037211921",2474,38967,6.35
"90020","06037211922",3389,38967,8.7
"90020","06037212101",1955,38967,5.02
"90020","06037212102",1709,38967,4.39
"90021","06037206031",765,3951,19.36
"90021","06037206300",1729,3951,43.76
"90021","06037226001",494,3951,12.5
"90021","06037226002",963,3951,24.37
"90022","06037530202",429,67179,0.64
"90022","06037530301",2168,67179,3.23
"90022","06037530302",6556,67179,9.76
"90022","06037530400",2008,67179,2.99
"90022","06037530500",4567,67179,6.8
"90022","06037530602",190,67179,0.28
"90022","06037531000",1980,67179,2.95
"90022","06037531502",3273,67179,4.87
"90022","06037531503",2887,67179,4.3
"90022","06037531504",4414,67179,6.57
"90022","06037531602",4494,67179,6.69
"90022","06037531603",3568,67179,5.31
"90022","06037531604",3580,67179,5.33
"90022","06037531701",5718,67179,8.51
"90022","06037531702",4754,67179,7.08
"90022","06037531800",5066,67179,7.54
"90022","06037531901",6529,67179,9.72
"90022","06037531902",4070,67179,6.06
"90022","06037532302",4,67179,0.01
"90022","06037532303",924,67179,1.38
"90023","06037204300",134,45903,0.29
"90023","06037204600",2372,45903,5.17
"90023","06037204700",4972,45903,10.83
"90023","06037204810",4478,45903,9.76
"90023","06037204820",2274,45903,4.95
"90023","06037204910",3105,45903,6.76
"90023","06037204920",2598,45903,5.66
"90023","06037205110",3766,45903,8.2
"90023","06037205120",3618,45903,7.88
"90023","06037206050",661,45903,1.44
"90023","06037531201",1418,45903,3.09
"90023","06037531202",4747,45903,10.34
"90023","06037531301",5601,45903,12.2
"90023","06037531302",6110,45903,13.31
"90023","06037531503",0,45903,0
"90023","06037532302",49,45903,0.11
"90024","06037265100",2489,47452,5.25
"90024","06037265201",2608,47452,5.5
"90024","06037265202",3611,47452,7.61
"90024","06037265301",9341,47452,19.69
"90024","06037265303",4523,47452,9.53
"90024","06037265304",3570,47452,7.52
"90024","06037265305",4082,47452,8.6
"90024","06037265420",222,47452,0.47
"90024","06037265510",4234,47452,8.92
"90024","06037265520",2192,47452,4.62
"90024","06037265601",2890,47452,6.09
"90024","06037265602",3042,47452,6.41
"90024","06037265700",4646,47452,9.79
"90024","06037701100",2,47452,0
"90025","06037264301",0,42147,0
"90025","06037264302",127,42147,0.3
"90025","06037265520",2369,42147,5.62
"90025","06037265601",0,42147,0
"90025","06037265700",74,42147,0.18
"90025","06037267100",6087,42147,14.44
"90025","06037267200",5927,42147,14.06
"90025","06037267300",3680,42147,8.73
"90025","06037267402",4580,42147,10.87
"90025","06037267403",3011,42147,7.14
"90025","06037267404",2806,42147,6.66
"90025","06037267501",5379,42147,12.76
"90025","06037267502",3243,42147,7.69
"90025","06037267600",1745,42147,4.14
"90025","06037267700",2974,42147,7.06
"90025","06037267901",4,42147,0.01
"90025","06037701100",141,42147,0.33
"90026","06037195100",0,67869,0
"90026","06037195400",3422,67869,5.04
"90026","06037195500",4021,67869,5.92
"90026","06037195600",3340,67869,4.92
"90026","06037195710",4328,67869,6.38
"90026","06037195720",2304,67869,3.39
"90026","06037195802",2881,67869,4.24
"90026","06037195803",2603,67869,3.84
"90026","06037195804",2643,67869,3.89
"90026","06037195901",376,67869,0.55
"90026","06037195902",1905,67869,2.81
"90026","06037195903",2001,67869,2.95
"90026","06037197300",3909,67869,5.76
"90026","06037197410",2220,67869,3.27
"90026","06037197420",3509,67869,5.17
"90026","06037197500",3889,67869,5.73
"90026","06037197600",2046,67869,3.01
"90026","06037197700",1558,67869,2.3
"90026","06037208000",6116,67869,9.01
"90026","06037208301",2201,67869,3.24
"90026","06037208302",4360,67869,6.42
"90026","06037208401",249,67869,0.37
"90026","06037208402",2775,67869,4.09
"90026","06037208501",2656,67869,3.91
"90026","06037208610",1520,67869,2.24
"90026","06037208620",1012,67869,1.49
"90026","06037980010",25,67869,0.04
"90027","06037188201",2420,45151,5.36
"90027","06037188202",2347,45151,5.2
"90027","06037189101",2743,45151,6.08
"90027","06037189102",3096,45151,6.86
"90027","06037189201",3293,45151,7.29
"90027","06037189202",2718,45151,6.02
"90027","06037189300",1178,45151,2.61
"90027","06037190401",3135,45151,6.94
"90027","06037190402",2487,45151,5.51
"90027","06037190510",1462,45151,3.24
"90027","06037190520",3728,45151,8.26
"90027","06037191110",2390,45151,5.29
"90027","06037191201",4591,45151,10.17
"90027","06037191302",298,45151,0.66
"90027","06037195100",33,45151,0.07
"90027","06037195201",2834,45151,6.28
"90027","06037195202",3185,45151,7.05
"90027","06037195300",3203,45151,7.09
"90027","06037980009",10,45151,0.02
"90028","06037189300",166,28714,0.58
"90028","06037189500",0,28714,0
"90028","06037189600",345,28714,1.2
"90028","06037189702",129,28714,0.45
"90028","06037189904",96,28714,0.33
"90028","06037190100",4481,28714,15.61
"90028","06037190201",2870,28714,10
"90028","06037190202",3044,28714,10.6
"90028","06037190301",4758,28714,16.57
"90028","06037190510",2765,28714,9.63
"90028","06037190700",3379,28714,11.77
"90028","06037190801",1277,28714,4.45
"90028","06037190802",679,28714,2.36
"90028","06037190901",582,28714,2.03
"90028","06037190902",915,28714,3.19
"90028","06037191000",3228,28714,11.24
"90029","06037191110",948,38617,2.45
"90029","06037191120",4135,38617,10.71
"90029","06037191203",2922,38617,7.57
"90029","06037191204",2124,38617,5.5
"90029","06037191301",2327,38617,6.03
"90029","06037191302",2124,38617,5.5
"90029","06037191410",5092,38617,13.19
"90029","06037191420",3365,38617,8.71
"90029","06037191500",5551,38617,14.37
"90029","06037191610",4502,38617,11.66
"90029","06037191620",2789,38617,7.22
"90029","06037192610",3,38617,0.01
"90029","06037195400",876,38617,2.27
"90029","06037195901",1859,38617,4.81
"90031","06037185100",329,39316,0.84
"90031","06037197200",3757,39316,9.56
"90031","06037199000",3997,39316,10.17
"90031","06037199110",287,39316,0.73
"90031","06037199120",4086,39316,10.39
"90031","06037199201",4089,39316,10.4
"90031","06037199202",2961,39316,7.53
"90031","06037199300",3812,39316,9.7
"90031","06037199400",4273,39316,10.87
"90031","06037199700",3411,39316,8.68
"90031","06037199800",5631,39316,14.32
"90031","06037199900",2683,39316,6.82
"90032","06037199110",2423,45786,5.29
"90032","06037199120",0,45786,0
"90032","06037199202",70,45786,0.15
"90032","06037201110",2574,45786,5.62
"90032","06037201120",4097,45786,8.95
"90032","06037201200",2519,45786,5.5
"90032","06037201301",3442,45786,7.52
"90032","06037201302",44,45786,0.1
"90032","06037201401",4803,45786,10.49
"90032","06037201402",4311,45786,9.42
"90032","06037201501",5306,45786,11.59
"90032","06037201503",3323,45786,7.26
"90032","06037201504",2428,45786,5.3
"90032","06037201601",2288,45786,5
"90032","06037201602",2840,45786,6.2
"90032","06037201700",5093,45786,11.12
"90032","06037530700",225,45786,0.49
"90033","06037199900",0,48852,0
"90033","06037203100",4839,48852,9.91
"90033","06037203200",3177,48852,6.5
"90033","06037203300",2516,48852,5.15
"90033","06037203500",3064,48852,6.27
"90033","06037203600",5394,48852,11.04
"90033","06037203710",3259,48852,6.67
"90033","06037203720",4001,48852,8.19
"90033","06037203800",333,48852,0.68
"90033","06037204110",432,48852,0.88
"90033","06037204200",3303,48852,6.76
"90033","06037204300",4544,48852,9.3
"90033","06037204410",2363,48852,4.84
"90033","06037204420",3138,48852,6.42
"90033","06037204600",1729,48852,3.54
"90033","06037206032",5275,48852,10.8
"90033","06037206050",1485,48852,3.04
"90034","06037269000",495,57964,0.85
"90034","06037269500",2653,57964,4.58
"90034","06037269601",3371,57964,5.82
"90034","06037269602",3017,57964,5.2
"90034","06037269700",4085,57964,7.05
"90034","06037269800",3458,57964,5.97
"90034","06037269903",2696,57964,4.65
"90034","06037269904",3902,57964,6.73
"90034","06037269905",1861,57964,3.21
"90034","06037269906",2878,57964,4.97
"90034","06037269907",2761,57964,4.76
"90034","06037270100",4395,57964,7.58
"90034","06037270200",3761,57964,6.49
"90034","06037270300",658,57964,1.14
"90034","06037271701",5371,57964,9.27
"90034","06037271702",3056,57964,5.27
"90034","06037271801",3635,57964,6.27
"90034","06037271802",5911,57964,10.2
"90035","06037216401",4189,28418,14.74
"90035","06037216402",2615,28418,9.2
"90035","06037216700",3341,28418,11.76
"90035","06037216800",2624,28418,9.23
"90035","06037217001",2654,28418,9.34
"90035","06037217002",4977,28418,17.51
"90035","06037269000",1680,28418,5.91
"90035","06037269100",4359,28418,15.34
"90035","06037269500",1390,28418,4.89
"90035","06037269601",42,28418,0.15
"90035","06037269602",235,28418,0.83
"90035","06037270300",308,28418,1.08
"90035","06037700902",4,28418,0.01
"90036","06037191902",950,36865,2.58
"90036","06037192001",577,36865,1.57
"90036","06037192002",1336,36865,3.62
"90036","06037211000",1541,36865,4.18
"90036","06037214000",3898,36865,10.57
"90036","06037214100",3335,36865,9.05
"90036","06037214400",2877,36865,7.8
"90036","06037214501",2932,36865,7.95
"90036","06037214502",5528,36865,15
"90036","06037214503",3325,36865,9.02
"90036","06037214700",2,36865,0.01
"90036","06037215101",2477,36865,6.72
"90036","06037215102",3110,36865,8.44
"90036","06037216100",418,36865,1.13
"90036","06037216200",2139,36865,5.8
"90036","06037216300",2420,36865,6.56
"90037","06037228420",125,62276,0.2
"90037","06037228500",100,62276,0.16
"90037","06037229300",206,62276,0.33
"90037","06037231100",1544,62276,2.48
"90037","06037231210",3688,62276,5.92
"90037","06037231220",3624,62276,5.82
"90037","06037231300",290,62276,0.47
"90037","06037231600",5320,62276,8.54
"90037","06037231710",4358,62276,7
"90037","06037231720",4966,62276,7.97
"90037","06037231800",5303,62276,8.52
"90037","06037231900",5968,62276,9.58
"90037","06037232110",3191,62276,5.12
"90037","06037232120",5263,62276,8.45
"90037","06037232200",1938,62276,3.11
"90037","06037232300",2407,62276,3.87
"90037","06037232600",4267,62276,6.85
"90037","06037232700",5895,62276,9.47
"90037","06037232800",3823,62276,6.14
"90038","06037190801",1317,28917,4.55
"90038","06037190802",2105,28917,7.28
"90038","06037190901",4160,28917,14.39
"90038","06037190902",3045,28917,10.53
"90038","06037191710",3231,28917,11.17
"90038","06037191720",3770,28917,13.04
"90038","06037191810",3498,28917,12.1
"90038","06037191820",2647,28917,9.15
"90038","06037191901",3355,28917,11.6
"90038","06037191902",1546,28917,5.35
"90038","06037192001",25,28917,0.09
"90038","06037192300",214,28917,0.74
"90038","06037192410",0,28917,0
"90038","06037700101",2,28917,0.01
"90038","06037700102",2,28917,0.01
"90039","06037187101",3235,28514,11.35
"90039","06037187102",3254,28514,11.41
"90039","06037187200",3132,28514,10.98
"90039","06037187300",3216,28514,11.28
"90039","06037188100",4076,28514,14.29
"90039","06037188201",850,28514,2.98
"90039","06037188300",3536,28514,12.4
"90039","06037195100",4684,28514,16.43
"90039","06037195400",97,28514,0.34
"90039","06037195500",950,28514,3.33
"90039","06037197410",1484,28514,5.2
"90039","06037301702",0,28514,0
"90039","06037302301",0,28514,0
"90040","06037531302",599,12520,4.78
"90040","06037532302",4654,12520,37.17
"90040","06037532303",3540,12520,28.27
"90040","06037532304",3652,12520,29.17
"90040","06037534001",32,12520,0.26
"90040","06037534002",43,12520,0.34
"90041","06037181000",6061,27425,22.1
"90041","06037181300",2828,27425,10.31
"90041","06037181400",4302,27425,15.69
"90041","06037181500",3062,27425,11.16
"90041","06037181600",3671,27425,13.39
"90041","06037183222",1743,27425,6.36
"90041","06037183402",2480,27425,9.04
"90041","06037186100",588,27425,2.14
"90041","06037186201",2690,27425,9.81
"90042","06037181500",750,62430,1.2
"90042","06037181600",681,62430,1.09
"90042","06037183101",3922,62430,6.28
"90042","06037183103",3967,62430,6.35
"90042","06037183104",2063,62430,3.3
"90042","06037183220",4114,62430,6.59
"90042","06037183221",3118,62430,4.99
"90042","06037183222",1740,62430,2.79
"90042","06037183300",3480,62430,5.57
"90042","06037183401",2543,62430,4.07
"90042","06037183402",340,62430,0.54
"90042","06037183510",2725,62430,4.36
"90042","06037183520",3881,62430,6.22
"90042","06037183610",3275,62430,5.25
"90042","06037183620",3264,62430,5.23
"90042","06037183701",3922,62430,6.28
"90042","06037183702",2805,62430,4.49
"90042","06037183810",4369,62430,7
"90042","06037183820",3464,62430,5.55
"90042","06037185100",2358,62430,3.78
"90042","06037186201",378,62430,0.61
"90042","06037186203",1547,62430,2.48
"90042","06037199300",36,62430,0.06
"90042","06037201302",3688,62430,5.91
"90043","06037234501",2578,44789,5.76
"90043","06037234502",2557,44789,5.71
"90043","06037234600",5024,44789,11.22
"90043","06037234700",3817,44789,8.52
"90043","06037234800",3327,44789,7.43
"90043","06037234901",2999,44789,6.7
"90043","06037234902",4005,44789,8.94
"90043","06037235100",4520,44789,10.09
"90043","06037235201",2635,44789,5.88
"90043","06037235202",4557,44789,10.17
"90043","06037703100",4486,44789,10.02
"90043","06037703200",4284,44789,9.56
"90044","06037237101",3705,89779,4.13
"90044","06037237102",2624,89779,2.92
"90044","06037237201",2279,89779,2.54
"90044","06037237401",3616,89779,4.03
"90044","06037237402",1392,89779,1.55
"90044","06037237500",2675,89779,2.98
"90044","06037237600",3425,89779,3.81
"90044","06037237710",3553,89779,3.96
"90044","06037237720",2604,89779,2.9
"90044","06037237800",3222,89779,3.59
"90044","06037238200",3306,89779,3.68
"90044","06037238310",4417,89779,4.92
"90044","06037238320",3527,89779,3.93
"90044","06037240300",4968,89779,5.53
"90044","06037240401",4686,89779,5.22
"90044","06037240402",2920,89779,3.25
"90044","06037241201",2250,89779,2.51
"90044","06037241202",3440,89779,3.83
"90044","06037241300",1312,89779,1.46
"90044","06037291110",2954,89779,3.29
"90044","06037600100",6657,89779,7.41
"90044","06037600201",3909,89779,4.35
"90044","06037600202",3511,89779,3.91
"90044","06037600303",3664,89779,4.08
"90044","06037600304",3424,89779,3.81
"90044","06037602801",3543,89779,3.95
"90044","06037602802",2196,89779,2.45
"90045","06037276000",5396,39480,13.67
"90045","06037276100",4909,39480,12.43
"90045","06037276400",4009,39480,10.15
"90045","06037276500",5063,39480,12.82
"90045","06037276601",1717,39480,4.35
"90045","06037276604",2382,39480,6.03
"90045","06037277000",5395,39480,13.67
"90045","06037277100",3004,39480,7.61
"90045","06037277200",2490,39480,6.31
"90045","06037277400",1533,39480,3.88
"90045","06037278001",2458,39480,6.23
"90045","06037601302",0,39480,0
"90045","06037602200",1120,39480,2.84
"90045","06037703002",0,39480,0
"90045","06037980028",4,39480,0.01
"90046","06037143700",173,48581,0.36
"90046","06037143901",51,48581,0.1
"90046","06037189800",4021,48581,8.28
"90046","06037189902",4971,48581,10.23
"90046","06037189903",2164,48581,4.45
"90046","06037189904",2164,48581,4.45
"90046","06037189905",2304,48581,4.74
"90046","06037192001",1864,48581,3.84
"90046","06037192002",1399,48581,2.88
"90046","06037194101",2758,48581,5.68
"90046","06037194102",3458,48581,7.12
"90046","06037194200",1914,48581,3.94
"90046","06037194300",1048,48581,2.16
"90046","06037194401",1506,48581,3.1
"90046","06037194402",364,48581,0.75
"90046","06037261101",1666,48581,3.43
"90046","06037700101",5230,48581,10.77
"90046","06037700102",4059,48581,8.36
"90046","06037700200",6321,48581,13.01
"90046","06037700300",1146,48581,2.36
"90047","06037232500",55,48606,0.11
"90047","06037234700",71,48606,0.15
"90047","06037234800",99,48606,0.2
"90047","06037235201",146,48606,0.3
"90047","06037237201",1227,48606,2.52
"90047","06037237202",4388,48606,9.03
"90047","06037237300",5262,48606,10.83
"90047","06037237402",2134,48606,4.39
"90047","06037237800",1149,48606,2.36
"90047","06037237900",3621,48606,7.45
"90047","06037238000",5864,48606,12.06
"90047","06037238100",4626,48606,9.52
"90047","06037238200",1961,48606,4.03
"90047","06037238400",4497,48606,9.25
"90047","06037600201",691,48606,1.42
"90047","06037600202",2694,48606,5.54
"90047","06037600302",3317,48606,6.82
"90047","06037600400",3986,48606,8.2
"90047","06037602700",606,48606,1.25
"90047","06037602801",276,48606,0.57
"90047","06037602802",1936,48606,3.98
"90048","06037194401",955,21397,4.46
"90048","06037194402",575,21397,2.69
"90048","06037194500",2037,21397,9.52
"90048","06037214600",2411,21397,11.27
"90048","06037214700",2510,21397,11.73
"90048","06037214800",2573,21397,12.03
"90048","06037214901",3066,21397,14.33
"90048","06037214902",2586,21397,12.09
"90048","06037216300",1363,21397,6.37
"90048","06037216800",112,21397,0.52
"90048","06037700400",3209,21397,15
"90049","06037141500",2,35482,0.01
"90049","06037262200",2098,35482,5.91
"90049","06037262301",2744,35482,7.73
"90049","06037262302",2818,35482,7.94
"90049","06037262303",3290,35482,9.27
"90049","06037262400",2016,35482,5.68
"90049","06037262802",570,35482,1.61
"90049","06037264000",3358,35482,9.46
"90049","06037264102",2873,35482,8.1
"90049","06037264103",2319,35482,6.54
"90049","06037264301",4646,35482,13.09
"90049","06037264302",5519,35482,15.55
"90049","06037265410",1576,35482,4.44
"90049","06037265420",1589,35482,4.48
"90049","06037701100",64,35482,0.18
"90056","06037276100",683,7827,8.73
"90056","06037703002",6319,7827,80.73
"90056","06037703100",825,7827,10.54
"90057","06037208401",3370,44998,7.49
"90057","06037208502",3571,44998,7.94
"90057","06037208610",2163,44998,4.81
"90057","06037208620",3648,44998,8.11
"90057","06037208710",4309,44998,9.58
"90057","06037208720",4179,44998,9.29
"90057","06037208801",2995,44998,6.66
"90057","06037208802",2906,44998,6.46
"90057","06037208902",1803,44998,4.01
"90057","06037208903",4019,44998,8.93
"90057","06037208904",3216,44998,7.15
"90057","06037209401",3914,44998,8.7
"90057","06037209402",3728,44998,8.28
"90057","06037209403",1177,44998,2.62
"90058","06037206031",96,3223,2.98
"90058","06037226001",1,3223,0.03
"90058","06037227010",75,3223,2.33
"90058","06037228100",379,3223,11.76
"90058","06037228800",1042,3223,32.33
"90058","06037228900",1323,3223,41.05
"90058","06037532304",0,3223,0
"90058","06037532400",112,3223,3.48
"90058","06037532500",195,3223,6.05
"90058","06037532700",0,3223,0
"90059","06037240800",1077,40952,2.63
"90059","06037240900",4089,40952,9.98
"90059","06037241001",1662,40952,4.06
"90059","06037241002",2336,40952,5.7
"90059","06037242000",1541,40952,3.76
"90059","06037242600",4409,40952,10.77
"90059","06037242700",4036,40952,9.86
"90059","06037243000",2877,40952,7.03
"90059","06037243100",5350,40952,13.06
"90059","06037540300",0,40952,0
"90059","06037540400",2384,40952,5.82
"90059","06037540600",2468,40952,6.03
"90059","06037540700",2753,40952,6.72
"90059","06037540800",3931,40952,9.6
"90059","06037541200",2039,40952,4.98
"90061","06037240900",1531,26872,5.7
"90061","06037241001",2623,26872,9.76
"90061","06037241002",1270,26872,4.73
"90061","06037241110",2161,26872,8.04
"90061","06037241120",3359,26872,12.5
"90061","06037241201",132,26872,0.49
"90061","06037241202",1503,26872,5.59
"90061","06037241300",1001,26872,3.73
"90061","06037241400",3285,26872,12.22
"90061","06037291110",352,26872,1.31
"90061","06037291120",0,26872,0
"90061","06037291130",0,26872,0
"90061","06037540800",0,26872,0
"90061","06037540901",4994,26872,18.58
"90061","06037540902",4506,26872,16.77
"90061","06037541200",155,26872,0.58
"90062","06037231300",5058,32821,15.41
"90062","06037231400",4530,32821,13.8
"90062","06037231500",4752,32821,14.48
"90062","06037231600",1790,32821,5.45
"90062","06037232200",1181,32821,3.6
"90062","06037232300",1519,32821,4.63
"90062","06037232400",6957,32821,21.2
"90062","06037232500",4564,32821,13.91
"90062","06037232600",2021,32821,6.16
"90062","06037234000",158,32821,0.48
"90062","06037234501",150,32821,0.46
"90062","06037234502",141,32821,0.43
"90063","06037201402",0,55758,0
"90063","06037203200",1667,55758,2.99
"90063","06037203800",4256,55758,7.63
"90063","06037203900",2944,55758,5.28
"90063","06037204110",2646,55758,4.75
"90063","06037204120",2650,55758,4.75
"90063","06037204300",109,55758,0.2
"90063","06037530601",3431,55758,6.15
"90063","06037530602",1400,55758,2.51
"90063","06037530700",1988,55758,3.57
"90063","06037530801",6325,55758,11.34
"90063","06037530802",3668,55758,6.58
"90063","06037530901",4080,55758,7.32
"90063","06037530902",4160,55758,7.46
"90063","06037531000",3649,55758,6.54
"90063","06037531101",5091,55758,9.13
"90063","06037531102",3548,55758,6.36
"90063","06037531201",3917,55758,7.03
"90063","06037531503",229,55758,0.41
"90064","06037267100",0,25403,0
"90064","06037267600",804,25403,3.16
"90064","06037267700",16,25403,0.06
"90064","06037267800",2917,25403,11.48
"90064","06037267901",0,25403,0
"90064","06037267902",3375,25403,13.29
"90064","06037269000",2937,25403,11.56
"90064","06037269300",3885,25403,15.29
"90064","06037271100",2449,25403,9.64
"90064","06037271200",2525,25403,9.94
"90064","06037271300",4506,25403,17.74
"90064","06037271500",149,25403,0.59
"90064","06037271600",283,25403,1.11
"90064","06037271701",479,25403,1.89
"90064","06037271702",1078,25403,4.24
"90065","06037181300",801,45527,1.76
"90065","06037185100",3608,45527,7.92
"90065","06037185202",3712,45527,8.15
"90065","06037185203",3200,45527,7.03
"90065","06037185204",2091,45527,4.59
"90065","06037185310",3061,45527,6.72
"90065","06037185320",3081,45527,6.77
"90065","06037186100",4127,45527,9.06
"90065","06037186201",0,45527,0
"90065","06037186202",1974,45527,4.34
"90065","06037186203",1389,45527,3.05
"90065","06037186301",2999,45527,6.59
"90065","06037186302",5198,45527,11.42
"90065","06037186401",3452,45527,7.58
"90065","06037186403",2899,45527,6.37
"90065","06037186404",2471,45527,5.43
"90065","06037187102",0,45527,0
"90065","06037199000",1069,45527,2.35
"90065","06037199400",395,45527,0.87
"90066","06037271300",0,55277,0
"90066","06037271400",3253,55277,5.88
"90066","06037271500",2788,55277,5.04
"90066","06037271600",4192,55277,7.58
"90066","06037271901",3087,55277,5.58
"90066","06037271902",3877,55277,7.01
"90066","06037272100",4354,55277,7.88
"90066","06037272201",2411,55277,4.36
"90066","06037272202",3378,55277,6.11
"90066","06037272301",2941,55277,5.32
"90066","06037272302",4074,55277,7.37
"90066","06037273800",50,55277,0.09
"90066","06037275102",935,55277,1.69
"90066","06037275200",3887,55277,7.03
"90066","06037275302",1139,55277,2.06
"90066","06037275311",4993,55277,9.03
"90066","06037275400",2854,55277,5.16
"90066","06037275500",695,55277,1.26
"90066","06037275602",1006,55277,1.82
"90066","06037275603",391,55277,0.71
"90066","06037702802",2017,55277,3.65
"90066","06037702803",2955,55277,5.35
"90067","06037267901",2424,2424,100
"90068","06037143700",3064,22286,13.75
"90068","06037143800",28,22286,0.13
"90068","06037189300",1733,22286,7.78
"90068","06037189400",3448,22286,15.47
"90068","06037189500",4452,22286,19.98
"90068","06037189600",3184,22286,14.29
"90068","06037189701",3942,22286,17.69
"90068","06037189702",2098,22286,9.41
"90068","06037194101",333,22286,1.49
"90068","06037980009",4,22286,0.02
"90069","06037194200",1674,20483,8.17
"90069","06037194300",1981,20483,9.67
"90069","06037194402",2396,20483,11.7
"90069","06037700300",4477,20483,21.86
"90069","06037700400",2028,20483,9.9
"90069","06037700501",3681,20483,17.97
"90069","06037700502",4246,20483,20.73
"90071","06037207502",8,15,53.33
"90071","06037207710",7,15,46.67
"90073","06037701100",539,539,100
"90077","06037141600",63,9377,0.67
"90077","06037261200",3196,9377,34.08
"90077","06037262100",3541,9377,37.76
"90077","06037262200",2577,9377,27.48
"90079","06037207900",0,0,0
"90089","06037203300",91,3217,2.83
"90089","06037222700",3126,3217,97.17
"90090","06037980010",0,0,0
"90094","06037275602",5464,5464,100
"90095","06037265301",3,3,100
"90201","06037532304",335,101279,0.33
"90201","06037533601",4484,101279,4.43
"90201","06037533602",5420,101279,5.35
"90201","06037533603",6617,101279,6.53
"90201","06037533803",6309,101279,6.23
"90201","06037533804",4543,101279,4.49
"90201","06037533805",3604,101279,3.56
"90201","06037533806",4165,101279,4.11
"90201","06037533901",6065,101279,5.99
"90201","06037533902",4051,101279,4
"90201","06037534001",5581,101279,5.51
"90201","06037534002",4309,101279,4.25
"90201","06037534101",2295,101279,2.27
"90201","06037534102",6263,101279,6.18
"90201","06037534201",4439,101279,4.38
"90201","06037534202",5790,101279,5.72
"90201","06037534203",3204,101279,3.16
"90201","06037534301",4636,101279,4.58
"90201","06037534302",3673,101279,3.63
"90201","06037534403",2948,101279,2.91
"90201","06037534404",3647,101279,3.6
"90201","06037534405",4292,101279,4.24
"90201","06037534406",4609,101279,4.55
"90210","06037143901",109,21741,0.5
"90210","06037143902",82,21741,0.38
"90210","06037214901",17,21741,0.08
"90210","06037261101",1833,21741,8.43
"90210","06037261102",4362,21741,20.06
"90210","06037261200",1145,21741,5.27
"90210","06037262100",45,21741,0.21
"90210","06037700501",6,21741,0.03
"90210","06037700600",5537,21741,25.47
"90210","06037700700",3453,21741,15.88
"90210","06037700801",5152,21741,23.7
"90211","06037700801",68,8434,0.81
"90211","06037700802",4069,8434,48.25
"90211","06037700901",3856,8434,45.72
"90211","06037700902",441,8434,5.23
"90212","06037269000",26,11555,0.23
"90212","06037700700",26,11555,0.23
"90212","06037700801",0,11555,0
"90212","06037700902",6072,11555,52.55
"90212","06037701000",5431,11555,47
"90220","06037541100",3259,49328,6.61
"90220","06037542501",4307,49328,8.73
"90220","06037542502",4284,49328,8.68
"90220","06037542602",5496,49328,11.14
"90220","06037542700",3982,49328,8.07
"90220","06037542800",3123,49328,6.33
"90220","06037542900",3285,49328,6.66
"90220","06037543000",4341,49328,8.8
"90220","06037543100",6210,49328,12.59
"90220","06037543201",3607,49328,7.31
"90220","06037543202",4867,49328,9.87
"90220","06037543305",2567,49328,5.2
"90220","06037543321",0,49328,0
"90221","06037541603",1916,53704,3.57
"90221","06037541604",6058,53704,11.28
"90221","06037541605",5323,53704,9.91
"90221","06037541606",2506,53704,4.67
"90221","06037541801",452,53704,0.84
"90221","06037541802",427,53704,0.8
"90221","06037542000",5732,53704,10.67
"90221","06037542103",4114,53704,7.66
"90221","06037542104",3524,53704,6.56
"90221","06037542105",5200,53704,9.68
"90221","06037542106",3373,53704,6.28
"90221","06037542200",6962,53704,12.96
"90221","06037542401",4912,53704,9.15
"90221","06037542402",3152,53704,5.87
"90221","06037543305",53,53704,0.1
"90222","06037540502",64,31869,0.2
"90222","06037540600",1803,31869,5.66
"90222","06037540700",261,31869,0.82
"90222","06037540800",1111,31869,3.49
"90222","06037541200",3468,31869,10.88
"90222","06037541300",6044,31869,18.97
"90222","06037541400",7312,31869,22.94
"90222","06037541500",5836,31869,18.31
"90222","06037541603",1067,31869,3.35
"90222","06037541604",149,31869,0.47
"90222","06037542601",3016,31869,9.46
"90222","06037542700",1738,31869,5.45
"90230","06037275101",1177,31766,3.71
"90230","06037275102",3291,31766,10.36
"90230","06037275500",4512,31766,14.2
"90230","06037275603",2320,31766,7.3
"90230","06037702501",1031,31766,3.25
"90230","06037702502",3376,31766,10.63
"90230","06037702600",6069,31766,19.11
"90230","06037702700",3440,31766,10.83
"90230","06037702801",396,31766,1.25
"90230","06037702802",265,31766,0.83
"90230","06037703001",5889,31766,18.54
"90232","06037269903",954,15149,6.3
"90232","06037269905",562,15149,3.71
"90232","06037270100",17,15149,0.11
"90232","06037702400",4541,15149,29.98
"90232","06037702501",3594,15149,23.72
"90232","06037702502",672,15149,4.44
"90232","06037702801",4809,15149,31.74
"90240","06037550500",7809,25876,30.18
"90240","06037550601",5639,25876,21.79
"90240","06037550602",4211,25876,16.27
"90240","06037550700",6921,25876,26.75
"90240","06037550800",624,25876,2.41
"90240","06037550902",105,25876,0.41
"90240","06037551000",567,25876,2.19
"90241","06037550400",1534,42399,3.62
"90241","06037550800",6546,42399,15.44
"90241","06037550901",3762,42399,8.87
"90241","06037550902",5467,42399,12.89
"90241","06037551000",6633,42399,15.64
"90241","06037551101",925,42399,2.18
"90241","06037551102",2447,42399,5.77
"90241","06037551201",148,42399,0.35
"90241","06037551202",539,42399,1.27
"90241","06037551300",5422,42399,12.79
"90241","06037551401",3892,42399,9.18
"90241","06037551402",4468,42399,10.54
"90241","06037551501",228,42399,0.54
"90241","06037551502",388,42399,0.92
"90242","06037551101",3001,43497,6.9
"90242","06037551102",3056,43497,7.03
"90242","06037551201",3440,43497,7.91
"90242","06037551202",7127,43497,16.39
"90242","06037551401",398,43497,0.92
"90242","06037551501",4641,43497,10.67
"90242","06037551502",3862,43497,8.88
"90242","06037551600",31,43497,0.07
"90242","06037551700",6547,43497,15.05
"90242","06037551800",7533,43497,17.32
"90242","06037553400",3861,43497,8.88
"90245","06037620001",3943,16654,23.68
"90245","06037620002",3609,16654,21.67
"90245","06037620101",5426,16654,32.58
"90245","06037620102",3617,16654,21.72
"90245","06037980013",59,16654,0.35
"90245","06037980030",0,16654,0
"90247","06037291110",204,47487,0.43
"90247","06037291120",2210,47487,4.65
"90247","06037291130",3027,47487,6.37
"90247","06037291210",3847,47487,8.1
"90247","06037291220",2563,47487,5.4
"90247","06037602802",25,47487,0.05
"90247","06037602900",3423,47487,7.21
"90247","06037603001",7139,47487,15.03
"90247","06037603004",1512,47487,3.18
"90247","06037603005",5591,47487,11.77
"90247","06037603006",1986,47487,4.18
"90247","06037603101",4244,47487,8.94
"90247","06037603102",4084,47487,8.6
"90247","06037603301",3828,47487,8.06
"90247","06037603302",3804,47487,8.01
"90248","06037291120",0,9947,0
"90248","06037291130",555,9947,5.58
"90248","06037291210",1120,9947,11.26
"90248","06037291220",790,9947,7.94
"90248","06037291300",2601,9947,26.15
"90248","06037292000",4,9947,0.04
"90248","06037541001",1164,9947,11.7
"90248","06037541002",488,9947,4.91
"90248","06037541100",62,9947,0.62
"90248","06037543000",4,9947,0.04
"90248","06037543400",10,9947,0.1
"90248","06037543501",0,9947,0
"90248","06037603102",0,9947,0
"90248","06037603200",2777,9947,27.92
"90248","06037603302",0,9947,0
"90248","06037650101",372,9947,3.74
"90249","06037602600",7910,26669,29.66
"90249","06037602802",147,26669,0.55
"90249","06037602900",1004,26669,3.76
"90249","06037603005",0,26669,0
"90249","06037603006",49,26669,0.18
"90249","06037603400",4367,26669,16.37
"90249","06037603500",3074,26669,11.53
"90249","06037603600",4037,26669,15.14
"90249","06037603702",2537,26669,9.51
"90249","06037603704",3544,26669,13.29
"90250","06037600502",26,93193,0.03
"90250","06037602002",2515,93193,2.7
"90250","06037602103",5856,93193,6.28
"90250","06037602104",5315,93193,5.7
"90250","06037602105",4273,93193,4.59
"90250","06037602106",5702,93193,6.12
"90250","06037602200",5486,93193,5.89
"90250","06037602301",6265,93193,6.72
"90250","06037602302",2818,93193,3.02
"90250","06037602402",6769,93193,7.26
"90250","06037602403",5230,93193,5.61
"90250","06037602404",5863,93193,6.29
"90250","06037602504",4407,93193,4.73
"90250","06037602505",4072,93193,4.37
"90250","06037602506",4329,93193,4.65
"90250","06037602507",4156,93193,4.46
"90250","06037602508",7022,93193,7.53
"90250","06037602509",4118,93193,4.42
"90250","06037602700",2439,93193,2.62
"90250","06037603703",2702,93193,2.9
"90250","06037603704",2804,93193,3.01
"90250","06037603801",812,93193,0.87
"90250","06037603900",214,93193,0.23
"90254","06037620800",0,19506,0
"90254","06037621001",4119,19506,21.12
"90254","06037621002",1093,19506,5.6
"90254","06037621004",4762,19506,24.41
"90254","06037621102",2883,19506,14.78
"90254","06037621104",6649,19506,34.09
"90255","06037532500",3883,75066,5.17
"90255","06037532603",3319,75066,4.42
"90255","06037532604",2806,75066,3.74
"90255","06037532605",3715,75066,4.95
"90255","06037532606",4284,75066,5.71
"90255","06037533103",3577,75066,4.77
"90255","06037533104",4356,75066,5.8
"90255","06037533105",2580,75066,3.44
"90255","06037533106",1743,75066,2.32
"90255","06037533107",3645,75066,4.86
"90255","06037533201",2805,75066,3.74
"90255","06037533202",2762,75066,3.68
"90255","06037533203",1827,75066,2.43
"90255","06037533403",23,75066,0.03
"90255","06037533501",3090,75066,4.12
"90255","06037533502",2143,75066,2.85
"90255","06037533503",1920,75066,2.56
"90255","06037534403",0,75066,0
"90255","06037534501",5201,75066,6.93
"90255","06037534502",4257,75066,5.67
"90255","06037534700",4283,75066,5.71
"90255","06037534802",2875,75066,3.83
"90255","06037534803",4930,75066,6.57
"90255","06037534804",3878,75066,5.17
"90255","06037534900",1006,75066,1.34
"90255","06037535300",158,75066,0.21
"90260","06037602302",659,34924,1.89
"90260","06037603702",2521,34924,7.22
"90260","06037603703",1,34924,0
"90260","06037603801",3671,34924,10.51
"90260","06037603802",4153,34924,11.89
"90260","06037603900",7313,34924,20.94
"90260","06037604001",4470,34924,12.8
"90260","06037604002",5078,34924,14.54
"90260","06037604100",7058,34924,20.21
"90262","06037540000",6973,69745,10
"90262","06037540101",6483,69745,9.3
"90262","06037540102",6972,69745,10
"90262","06037540201",2370,69745,3.4
"90262","06037540202",6845,69745,9.81
"90262","06037540203",5594,69745,8.02
"90262","06037540300",5256,69745,7.54
"90262","06037540501",6943,69745,9.95
"90262","06037540502",6488,69745,9.3
"90262","06037541700",6366,69745,9.13
"90262","06037541801",4451,69745,6.38
"90262","06037541802",5004,69745,7.17
"90263","06037800410",1612,1612,100
"90265","06037800102",123,18116,0.68
"90265","06037800326",142,18116,0.78
"90265","06037800330",161,18116,0.89
"90265","06037800406",2644,18116,14.59
"90265","06037800408",7122,18116,39.31
"90265","06037800410",2015,18116,11.12
"90265","06037800504",2474,18116,13.66
"90265","06037800506",2834,18116,15.64
"90266","06037620201",1530,35135,4.35
"90266","06037620301",4657,35135,13.25
"90266","06037620303",4547,35135,12.94
"90266","06037620305",6227,35135,17.72
"90266","06037620400",5090,35135,14.49
"90266","06037620800",7575,35135,21.56
"90266","06037620901",2621,35135,7.46
"90266","06037620904",2888,35135,8.22
"90270","06037533300",3558,27372,13
"90270","06037533401",5004,27372,18.28
"90270","06037533402",4105,27372,15
"90270","06037533403",2950,27372,10.78
"90270","06037533701",3934,27372,14.37
"90270","06037533702",3585,27372,13.1
"90270","06037533703",4236,27372,15.48
"90272","06037262400",1217,22986,5.29
"90272","06037262501",3662,22986,15.93
"90272","06037262601",3660,22986,15.92
"90272","06037262604",6092,22986,26.5
"90272","06037262704",3567,22986,15.52
"90272","06037262706",3563,22986,15.5
"90272","06037262802",1057,22986,4.6
"90272","06037980019",168,22986,0.73
"90274","06037670201",3852,25209,15.28
"90274","06037670202",2594,25209,10.29
"90274","06037670324",5127,25209,20.34
"90274","06037670326",3807,25209,15.1
"90274","06037670328",4504,25209,17.87
"90274","06037670403",26,25209,0.1
"90274","06037670405",922,25209,3.66
"90274","06037670406",1831,25209,7.26
"90274","06037670411",23,25209,0.09
"90274","06037670500",1860,25209,7.38
"90274","06037670702",663,25209,2.63
"90275","06037296300",0,41804,0
"90275","06037670403",2381,41804,5.7
"90275","06037670405",1724,41804,4.12
"90275","06037670406",72,41804,0.17
"90275","06037670407",5758,41804,13.77
"90275","06037670411",4404,41804,10.53
"90275","06037670413",4782,41804,11.44
"90275","06037670416",4139,41804,9.9
"90275","06037670602",7345,41804,17.57
"90275","06037670701",6385,41804,15.27
"90275","06037670702",4814,41804,11.52
"90277","06037621201",6299,35293,17.85
"90277","06037621204",3230,35293,9.15
"90277","06037621301",6769,35293,19.18
"90277","06037621324",3842,35293,10.89
"90277","06037621326",3260,35293,9.24
"90277","06037621400",4414,35293,12.51
"90277","06037651302",2687,35293,7.61
"90277","06037651304",4792,35293,13.58
"90278","06037620501",5390,40071,13.45
"90278","06037620521",4097,40071,10.22
"90278","06037620522",4632,40071,11.56
"90278","06037620601",5523,40071,13.78
"90278","06037620602",5376,40071,13.42
"90278","06037620701",6704,40071,16.73
"90278","06037620702",7059,40071,17.62
"90278","06037621201",153,40071,0.38
"90278","06037650300",1137,40071,2.84
"90280","06037535501",3866,94396,4.1
"90280","06037535502",4958,94396,5.25
"90280","06037535503",2497,94396,2.65
"90280","06037535603",3493,94396,3.7
"90280","06037535604",4435,94396,4.7
"90280","06037535605",4153,94396,4.4
"90280","06037535606",1860,94396,1.97
"90280","06037535607",4775,94396,5.06
"90280","06037535701",6050,94396,6.41
"90280","06037535702",5522,94396,5.85
"90280","06037535802",6814,94396,7.22
"90280","06037535803",4458,94396,4.72
"90280","06037535804",5498,94396,5.82
"90280","06037535901",5757,94396,6.1
"90280","06037535902",6519,94396,6.91
"90280","06037536000",3720,94396,3.94
"90280","06037536102",3164,94396,3.35
"90280","06037536103",5516,94396,5.84
"90280","06037536104",4052,94396,4.29
"90280","06037536200",7289,94396,7.72
"90280","06037540000",0,94396,0
"90280","06037540300",0,94396,0
"90290","06037800101",49,6368,0.77
"90290","06037800102",6074,6368,95.38
"90290","06037800506",240,6368,3.77
"90290","06037980019",5,6368,0.08
"90291","06037273100",2197,28341,7.75
"90291","06037273200",3711,28341,13.09
"90291","06037273300",3695,28341,13.04
"90291","06037273402",3172,28341,11.19
"90291","06037273502",2884,28341,10.18
"90291","06037273600",2413,28341,8.51
"90291","06037273700",2801,28341,9.88
"90291","06037273800",3057,28341,10.79
"90291","06037273902",3899,28341,13.76
"90291","06037274100",512,28341,1.81
"90292","06037273902",328,21576,1.52
"90292","06037274100",3906,21576,18.1
"90292","06037274202",4337,21576,20.1
"90292","06037275302",3636,21576,16.85
"90292","06037275400",495,21576,2.29
"90292","06037702803",8,21576,0.04
"90292","06037702901",8866,21576,41.09
"90293","06037276601",2121,12132,17.48
"90293","06037276603",5252,12132,43.29
"90293","06037276604",1601,12132,13.2
"90293","06037278102",3158,12132,26.03
"90293","06037980028",0,12132,0
"90301","06037601001",2154,36568,5.89
"90301","06037601002",5311,36568,14.52
"90301","06037601100",6155,36568,16.83
"90301","06037601202",4099,36568,11.21
"90301","06037601211",2823,36568,7.72
"90301","06037601212",6511,36568,17.81
"90301","06037601401",4683,36568,12.81
"90301","06037601402",4832,36568,13.21
"90302","06037600902",6613,29415,22.48
"90302","06037600911",3349,29415,11.39
"90302","06037600912",5517,29415,18.76
"90302","06037601301",1915,29415,6.51
"90302","06037601302",6856,29415,23.31
"90302","06037601303",4879,29415,16.59
"90302","06037703002",286,29415,0.97
"90303","06037600501",2478,26176,9.47
"90303","06037600502",2329,26176,8.9
"90303","06037600601",2461,26176,9.4
"90303","06037600602",2551,26176,9.75
"90303","06037600702",65,26176,0.25
"90303","06037601700",606,26176,2.32
"90303","06037601801",36,26176,0.14
"90303","06037601802",35,26176,0.13
"90303","06037601900",5685,26176,21.72
"90303","06037602002",680,26176,2.6
"90303","06037602003",5124,26176,19.58
"90303","06037602004",4126,26176,15.76
"90303","06037602700",0,26176,0
"90304","06037601100",378,28210,1.34
"90304","06037601202",16,28210,0.06
"90304","06037601402",227,28210,0.8
"90304","06037601501",3890,28210,13.79
"90304","06037601502",3963,28210,14.05
"90304","06037601600",4375,28210,15.51
"90304","06037601700",5040,28210,17.87
"90304","06037601801",3753,28210,13.3
"90304","06037601802",4623,28210,16.39
"90304","06037602103",1136,28210,4.03
"90304","06037602104",101,28210,0.36
"90304","06037602200",708,28210,2.51
"90305","06037600702",4126,14853,27.78
"90305","06037600703",1914,14853,12.89
"90305","06037600704",2971,14853,20
"90305","06037600801",3245,14853,21.85
"90305","06037600802",2597,14853,17.48
"90401","06037701502",1559,6722,23.19
"90401","06037701702",1180,6722,17.55
"90401","06037701902",3983,6722,59.25
"90402","06037262802",2132,12250,17.4
"90402","06037264302",37,12250,0.3
"90402","06037701201",4368,12250,35.66
"90402","06037701304",5713,12250,46.64
"90403","06037701201",65,24525,0.27
"90403","06037701202",3268,24525,13.33
"90403","06037701302",4684,24525,19.1
"90403","06037701304",661,24525,2.7
"90403","06037701402",6696,24525,27.3
"90403","06037701501",4986,24525,20.33
"90403","06037701502",0,24525,0
"90403","06037701601",4165,24525,16.98
"90403","06037701602",0,24525,0
"90404","06037701502",2282,21360,10.68
"90404","06037701602",4037,21360,18.9
"90404","06037701701",3196,21360,14.96
"90404","06037701702",1926,21360,9.02
"90404","06037701801",5583,21360,26.14
"90404","06037701802",4303,21360,20.15
"90404","06037701902",33,21360,0.15
"90405","06037271400",138,27186,0.51
"90405","06037701801",284,27186,1.04
"90405","06037701802",160,27186,0.59
"90405","06037702002",5700,27186,20.97
"90405","06037702102",6306,27186,23.2
"90405","06037702201",4483,27186,16.49
"90405","06037702202",3751,27186,13.8
"90405","06037702300",6364,27186,23.41
"90501","06037292000",6538,43180,15.14
"90501","06037293201",6629,43180,15.35
"90501","06037293202",6742,43180,15.61
"90501","06037543602",0,43180,0
"90501","06037650401",101,43180,0.23
"90501","06037650901",5928,43180,13.73
"90501","06037650902",7103,43180,16.45
"90501","06037651001",5522,43180,12.79
"90501","06037651002",4556,43180,10.55
"90501","06037670001",61,43180,0.14
"90501","06037980005",0,43180,0
"90502","06037292000",1,18010,0.01
"90502","06037543502",4560,18010,25.32
"90502","06037543503",5687,18010,31.58
"90502","06037543602",7762,18010,43.1
"90503","06037650401",4371,44383,9.85
"90503","06037650501",3063,44383,6.9
"90503","06037650502",4294,44383,9.67
"90503","06037650602",7161,44383,16.13
"90503","06037650603",3958,44383,8.92
"90503","06037650604",5412,44383,12.19
"90503","06037650605",2763,44383,6.23
"90503","06037650701",2452,44383,5.52
"90503","06037650702",4482,44383,10.1
"90503","06037650800",6427,44383,14.48
"90504","06037603702",29,32102,0.09
"90504","06037604100",0,32102,0
"90504","06037650001",5853,32102,18.23
"90504","06037650003",3158,32102,9.84
"90504","06037650004",4005,32102,12.48
"90504","06037650101",5459,32102,17.01
"90504","06037650102",2248,32102,7
"90504","06037650200",5783,32102,18.01
"90504","06037650300",5567,32102,17.34
"90504","06037980005",0,32102,0
"90505","06037650701",69,36678,0.19
"90505","06037650702",108,36678,0.29
"90505","06037650800",647,36678,1.76
"90505","06037651002",50,36678,0.14
"90505","06037651101",5103,36678,13.91
"90505","06037651102",3639,36678,9.92
"90505","06037651201",5056,36678,13.78
"90505","06037651221",3291,36678,8.97
"90505","06037651222",6211,36678,16.93
"90505","06037651302",3624,36678,9.88
"90505","06037651304",322,36678,0.88
"90505","06037651401",2508,36678,6.84
"90505","06037651402",6050,36678,16.49
"90506","06037603702",0,0,0
"90601","06037408302",2663,31974,8.33
"90601","06037408303",2851,31974,8.92
"90601","06037408402",0,31974,0
"90601","06037500300",2903,31974,9.08
"90601","06037500403",1289,31974,4.03
"90601","06037501002",24,31974,0.08
"90601","06037501200",3201,31974,10.01
"90601","06037501300",5594,31974,17.5
"90601","06037501400",3069,31974,9.6
"90601","06037501501",2244,31974,7.02
"90601","06037501503",5016,31974,15.69
"90601","06037501504",1412,31974,4.42
"90601","06037501600",1584,31974,4.95
"90601","06037502100",124,31974,0.39
"90602","06037500202",31,25777,0.12
"90602","06037501400",909,25777,3.53
"90602","06037501504",2180,25777,8.46
"90602","06037501600",5021,25777,19.48
"90602","06037501700",707,25777,2.74
"90602","06037501802",3180,25777,12.34
"90602","06037501803",4705,25777,18.25
"90602","06037501804",2131,25777,8.27
"90602","06037502003",2449,25777,9.5
"90602","06037502004",3789,25777,14.7
"90602","06037502005",623,25777,2.42
"90602","06037502100",52,25777,0.2
"90603","06037500201",4002,20063,19.95
"90603","06037500202",1905,20063,9.5
"90603","06037503301",3354,20063,16.72
"90603","06037503401",6529,20063,32.54
"90603","06037503402",4273,20063,21.3
"90604","06037503104",0,39407,0
"90604","06037503105",3373,39407,8.56
"90604","06037503106",3792,39407,9.62
"90604","06037503201",3912,39407,9.93
"90604","06037503202",2160,39407,5.48
"90604","06037503302",5802,39407,14.72
"90604","06037503501",6481,39407,16.45
"90604","06037503502",4130,39407,10.48
"90604","06037503701",4717,39407,11.97
"90604","06037503702",5040,39407,12.79
"90605","06037500202",2964,40331,7.35
"90605","06037501600",184,40331,0.46
"90605","06037501700",2988,40331,7.41
"90605","06037501802",146,40331,0.36
"90605","06037501900",4213,40331,10.45
"90605","06037502005",3628,40331,9
"90605","06037502901",5413,40331,13.42
"90605","06037502902",3943,40331,9.78
"90605","06037503000",6057,40331,15.02
"90605","06037503103",5004,40331,12.41
"90605","06037503104",2719,40331,6.74
"90605","06037503105",261,40331,0.65
"90605","06037503202",2302,40331,5.71
"90605","06037503301",40,40331,0.1
"90605","06037503302",469,40331,1.16
"90606","06037500403",17,32396,0.05
"90606","06037501001",3248,32396,10.03
"90606","06037501002",4837,32396,14.93
"90606","06037501200",1856,32396,5.73
"90606","06037501300",1644,32396,5.07
"90606","06037502003",244,32396,0.75
"90606","06037502004",570,32396,1.76
"90606","06037502100",4934,32396,15.23
"90606","06037502200",6585,32396,20.33
"90606","06037502301",5461,32396,16.86
"90606","06037502302",3000,32396,9.26
"90606","06037502700",0,32396,0
"90623","06037554519",119,15554,0.77
"90630","06037555103",115,47993,0.24
"90630","06037555212",70,47993,0.15
"90631","06037408703",316,67619,0.47
"90631","06037500100",3540,67619,5.24
"90631","06037500201",2177,67619,3.22
"90638","06037503105",0,49012,0
"90638","06037503106",3,49012,0.01
"90638","06037503601",4168,49012,8.5
"90638","06037503602",3793,49012,7.74
"90638","06037503702",0,49012,0
"90638","06037503703",7876,49012,16.07
"90638","06037503801",4080,49012,8.32
"90638","06037503802",5054,49012,10.31
"90638","06037503901",2702,49012,5.51
"90638","06037503902",4636,49012,9.46
"90638","06037504001",5709,49012,11.65
"90638","06037504002",5383,49012,10.98
"90638","06037504101",5126,49012,10.46
"90640","06037482522",2846,62549,4.55
"90640","06037502500",0,62549,0
"90640","06037530003",2983,62549,4.77
"90640","06037530004",3695,62549,5.91
"90640","06037530005",4346,62549,6.95
"90640","06037530006",3963,62549,6.34
"90640","06037530101",5400,62549,8.63
"90640","06037530102",5116,62549,8.18
"90640","06037530202",3634,62549,5.81
"90640","06037530203",3238,62549,5.18
"90640","06037530204",3682,62549,5.89
"90640","06037531800",0,62549,0
"90640","06037531902",7,62549,0.01
"90640","06037532001",3415,62549,5.46
"90640","06037532002",3151,62549,5.04
"90640","06037532101",6663,62549,10.65
"90640","06037532102",3574,62549,5.71
"90640","06037532200",6836,62549,10.93
"90640","06037532304",0,62549,0
"90650","06037504102",0,105549,0
"90650","06037550000",1146,105549,1.09
"90650","06037550100",7518,105549,7.12
"90650","06037550201",2719,105549,2.58
"90650","06037550202",5496,105549,5.21
"90650","06037550300",7727,105549,7.32
"90650","06037551900",5344,105549,5.06
"90650","06037552001",4105,105549,3.89
"90650","06037552002",3721,105549,3.53
"90650","06037552100",5891,105549,5.58
"90650","06037552200",6835,105549,6.48
"90650","06037552301",4900,105549,4.64
"90650","06037552302",3648,105549,3.46
"90650","06037552400",2794,105549,2.65
"90650","06037552601",5720,105549,5.42
"90650","06037552602",4191,105549,3.97
"90650","06037552700",6985,105549,6.62
"90650","06037552800",6401,105549,6.06
"90650","06037552900",6881,105549,6.52
"90650","06037553000",4825,105549,4.57
"90650","06037554600",3828,105549,3.63
"90650","06037554700",4874,105549,4.62
"90660","06037500300",0,62928,0
"90660","06037500402",4910,62928,7.8
"90660","06037500403",2717,62928,4.32
"90660","06037500404",4795,62928,7.62
"90660","06037500500",2950,62928,4.69
"90660","06037500600",5688,62928,9.04
"90660","06037500700",6496,62928,10.32
"90660","06037500800",5470,62928,8.69
"90660","06037500900",5719,62928,9.09
"90660","06037502401",4747,62928,7.54
"90660","06037502402",3755,62928,5.97
"90660","06037502500",4215,62928,6.7
"90660","06037502601",7145,62928,11.35
"90660","06037502602",4321,62928,6.87
"90670","06037502302",0,14866,0
"90670","06037502700",6956,14866,46.79
"90670","06037502801",6186,14866,41.61
"90670","06037502802",1380,14866,9.28
"90670","06037502902",100,14866,0.67
"90670","06037503000",0,14866,0
"90670","06037504102",22,14866,0.15
"90670","06037550201",222,14866,1.49
"90670","06037552400",0,14866,0
"90701","06037554514",31,16591,0.19
"90701","06037554516",38,16591,0.23
"90701","06037554801",3366,16591,20.29
"90701","06037554802",6165,16591,37.16
"90701","06037554900",6991,16591,42.14
"90703","06037504102",0,49399,0
"90703","06037552602",0,49399,0
"90703","06037553000",0,49399,0
"90703","06037554511",4029,49399,8.16
"90703","06037554512",6108,49399,12.36
"90703","06037554513",2507,49399,5.08
"90703","06037554514",4291,49399,8.69
"90703","06037554515",3703,49399,7.5
"90703","06037554516",3864,49399,7.82
"90703","06037554517",4883,49399,9.88
"90703","06037554518",5435,49399,11
"90703","06037554519",3494,49399,7.07
"90703","06037554521",5752,49399,11.64
"90703","06037554522",4787,49399,9.69
"90703","06037554600",546,49399,1.11
"90703","06037570901",0,49399,0
"90704","06037599000",3569,4090,87.26
"90704","06037599100",521,4090,12.74
"90706","06037553100",6298,76615,8.22
"90706","06037553200",7055,76615,9.21
"90706","06037553300",3390,76615,4.42
"90706","06037554001",4171,76615,5.44
"90706","06037554002",5658,76615,7.38
"90706","06037554101",3799,76615,4.96
"90706","06037554103",1572,76615,2.05
"90706","06037554104",2600,76615,3.39
"90706","06037554105",4569,76615,5.96
"90706","06037554201",4108,76615,5.36
"90706","06037554203",3689,76615,4.81
"90706","06037554204",4391,76615,5.73
"90706","06037554301",3554,76615,4.64
"90706","06037554302",3916,76615,5.11
"90706","06037554403",5483,76615,7.16
"90706","06037554404",4447,76615,5.8
"90706","06037554405",3040,76615,3.97
"90706","06037554406",4875,76615,6.36
"90710","06037293301",2805,25457,11.02
"90710","06037293302",4194,25457,16.47
"90710","06037293304",3748,25457,14.72
"90710","06037293306",2141,25457,8.41
"90710","06037293307",2234,25457,8.78
"90710","06037294410",3636,25457,14.28
"90710","06037294421",2950,25457,11.59
"90710","06037543603",3690,25457,14.5
"90710","06037670100",59,25457,0.23
"90712","06037570002",2699,31499,8.57
"90712","06037570003",4447,31499,14.12
"90712","06037570701",6333,31499,20.11
"90712","06037570702",2433,31499,7.72
"90712","06037570800",5539,31499,17.58
"90712","06037571300",4414,31499,14.01
"90712","06037571400",4770,31499,15.14
"90712","06037571503",864,31499,2.74
"90713","06037570001",4463,27925,15.98
"90713","06037570002",0,27925,0
"90713","06037570800",1,27925,0
"90713","06037570901",5647,27925,20.22
"90713","06037570902",3616,27925,12.95
"90713","06037571000",5747,27925,20.58
"90713","06037571101",4574,27925,16.38
"90713","06037571102",3877,27925,13.88
"90713","06037573601",0,27925,0
"90713","06037573700",0,27925,0
"90713","06037573800",0,27925,0
"90715","06037555001",5411,20388,26.54
"90715","06037555002",3475,20388,17.04
"90715","06037555102",4543,20388,22.28
"90715","06037555103",4612,20388,22.62
"90715","06037555104",2347,20388,11.51
"90716","06037555102",1983,14184,13.98
"90716","06037555104",1892,14184,13.34
"90716","06037555211",5818,14184,41.02
"90716","06037555212",4491,14184,31.66
"90717","06037293302",526,21318,2.47
"90717","06037293304",430,21318,2.02
"90717","06037293306",48,21318,0.23
"90717","06037293307",72,21318,0.34
"90717","06037651401",106,21318,0.5
"90717","06037670001",3250,21318,15.25
"90717","06037670002",4001,21318,18.77
"90717","06037670003",5788,21318,27.15
"90717","06037670100",6600,21318,30.96
"90717","06037670701",497,21318,2.33
"90723","06037553300",0,54099,0
"90723","06037553502",4183,54099,7.73
"90723","06037553503",2768,54099,5.12
"90723","06037553504",5368,54099,9.92
"90723","06037553601",4750,54099,8.78
"90723","06037553602",4730,54099,8.74
"90723","06037553701",4176,54099,7.72
"90723","06037553702",4902,54099,9.06
"90723","06037553801",4174,54099,7.72
"90723","06037553802",6342,54099,11.72
"90723","06037553901",6896,54099,12.75
"90723","06037553902",5809,54099,10.74
"90723","06037554002",1,54099,0
"90723","06037554301",0,54099,0
"90731","06037295103",2063,59662,3.46
"90731","06037296210",3019,59662,5.06
"90731","06037296220",4307,59662,7.22
"90731","06037296300",1082,59662,1.81
"90731","06037296402",321,59662,0.54
"90731","06037296500",3910,59662,6.55
"90731","06037296600",5218,59662,8.75
"90731","06037296901",4127,59662,6.92
"90731","06037296902",3851,59662,6.45
"90731","06037297000",2367,59662,3.97
"90731","06037297110",4679,59662,7.84
"90731","06037297120",3315,59662,5.56
"90731","06037297201",3475,59662,5.82
"90731","06037297202",3423,59662,5.74
"90731","06037297300",807,59662,1.35
"90731","06037297500",4948,59662,8.29
"90731","06037297601",2594,59662,4.35
"90731","06037297602",3503,59662,5.87
"90731","06037609900",1399,59662,2.34
"90731","06037980015",3,59662,0.01
"90731","06037980031",1251,59662,2.1
"90731","06037980033",0,59662,0
"90732","06037295103",2812,21115,13.32
"90732","06037296300",3139,21115,14.87
"90732","06037296401",3191,21115,15.11
"90732","06037296402",2770,21115,13.12
"90732","06037297000",2976,21115,14.09
"90732","06037297300",1567,21115,7.42
"90732","06037297400",3603,21115,17.06
"90732","06037297500",215,21115,1.02
"90732","06037609900",635,21115,3.01
"90732","06037980015",207,21115,0.98
"90740","06037577604",15,23729,0.06
"90744","06037294110",4140,53815,7.69
"90744","06037294120",2370,53815,4.4
"90744","06037294200",4951,53815,9.2
"90744","06037294301",2448,53815,4.55
"90744","06037294302",4754,53815,8.83
"90744","06037294410",943,53815,1.75
"90744","06037294421",0,53815,0
"90744","06037294510",4214,53815,7.83
"90744","06037294520",3564,53815,6.62
"90744","06037294610",4065,53815,7.55
"90744","06037294620",4219,53815,7.84
"90744","06037294701",3019,53815,5.61
"90744","06037294810",3991,53815,7.42
"90744","06037294820",3579,53815,6.65
"90744","06037294830",3707,53815,6.89
"90744","06037294900",3265,53815,6.07
"90744","06037543604",0,53815,0
"90744","06037980014",231,53815,0.43
"90744","06037980015",344,53815,0.64
"90744","06037980031",11,53815,0.02
"90745","06037543306",6664,57251,11.64
"90745","06037543501",6805,57251,11.89
"90745","06037543601",3910,57251,6.83
"90745","06037543604",5620,57251,9.82
"90745","06037543701",2994,57251,5.23
"90745","06037543702",7083,57251,12.37
"90745","06037543703",3472,57251,6.06
"90745","06037543801",5263,57251,9.19
"90745","06037543802",7126,57251,12.45
"90745","06037543903",3804,57251,6.64
"90745","06037543905",4510,57251,7.88
"90745","06037980002",0,57251,0
"90746","06037541002",2721,25990,10.47
"90746","06037543100",549,25990,2.11
"90746","06037543304",6061,25990,23.32
"90746","06037543306",550,25990,2.12
"90746","06037543321",5418,25990,20.85
"90746","06037543322",6611,25990,25.44
"90746","06037543400",4080,25990,15.7
"90746","06037980025",0,25990,0
"90747","06037543321",0,0,0
"90755","06037572001",0,11074,0
"90755","06037573401",1439,11074,12.99
"90755","06037573402",6424,11074,58.01
"90755","06037573403",3208,11074,28.97
"90755","06037575001",3,11074,0.03
"90755","06037980018",0,11074,0
"90802","06037575901",3454,39347,8.78
"90802","06037575902",4762,39347,12.1
"90802","06037576001",4969,39347,12.63
"90802","06037576200",6158,39347,15.65
"90802","06037576501",2984,39347,7.58
"90802","06037576502",4543,39347,11.55
"90802","06037576503",4226,39347,10.74
"90802","06037576601",4399,39347,11.18
"90802","06037576602",3801,39347,9.66
"90802","06037980033",51,39347,0.13
"90803","06037576602",194,32031,0.61
"90803","06037576700",3767,32031,11.76
"90803","06037576801",140,32031,0.44
"90803","06037577100",933,32031,2.91
"90803","06037577200",5414,32031,16.9
"90803","06037577300",5547,32031,17.32
"90803","06037577400",3253,32031,10.16
"90803","06037577501",3435,32031,10.72
"90803","06037577504",1448,32031,4.52
"90803","06037577602",3441,32031,10.74
"90803","06037577603",3086,32031,9.63
"90803","06037577604",1373,32031,4.29
"90803","06037980007",0,32031,0
"90804","06037573402",6,40311,0.01
"90804","06037573403",0,40311,0
"90804","06037574800",962,40311,2.39
"90804","06037574902",331,40311,0.82
"90804","06037575001",305,40311,0.76
"90804","06037575002",4627,40311,11.48
"90804","06037575101",4754,40311,11.79
"90804","06037575102",4195,40311,10.41
"90804","06037575103",5119,40311,12.7
"90804","06037576801",124,40311,0.31
"90804","06037576901",5665,40311,14.05
"90804","06037576903",3802,40311,9.43
"90804","06037576904",3288,40311,8.16
"90804","06037577000",6995,40311,17.35
"90804","06037577100",138,40311,0.34
"90805","06037543305",46,93524,0.05
"90805","06037570100",2837,93524,3.03
"90805","06037570202",6415,93524,6.86
"90805","06037570203",3973,93524,4.25
"90805","06037570204",4130,93524,4.42
"90805","06037570301",7330,93524,7.84
"90805","06037570303",4247,93524,4.54
"90805","06037570304",5171,93524,5.53
"90805","06037570402",3496,93524,3.74
"90805","06037570403",4587,93524,4.9
"90805","06037570404",3501,93524,3.74
"90805","06037570501",7419,93524,7.93
"90805","06037570502",6616,93524,7.07
"90805","06037570601",5421,93524,5.8
"90805","06037570602",6356,93524,6.8
"90805","06037570603",4435,93524,4.74
"90805","06037570701",236,93524,0.25
"90805","06037571502",889,93524,0.95
"90805","06037571503",237,93524,0.25
"90805","06037571600",2039,93524,2.18
"90805","06037571701",6352,93524,6.79
"90805","06037571703",3667,93524,3.92
"90805","06037571704",4107,93524,4.39
"90805","06037571800",17,93524,0.02
"90806","06037572100",1045,42399,2.46
"90806","06037572201",4152,42399,9.79
"90806","06037572202",3609,42399,8.51
"90806","06037573002",3990,42399,9.41
"90806","06037573003",1802,42399,4.25
"90806","06037573004",5153,42399,12.15
"90806","06037573100",7165,42399,16.9
"90806","06037573201",4930,42399,11.63
"90806","06037573202",6230,42399,14.69
"90806","06037573300",4323,42399,10.2
"90806","06037573401",0,42399,0
"90806","06037980018",0,42399,0
"90807","06037571502",3772,31481,11.98
"90807","06037571503",2599,31481,8.26
"90807","06037571504",4699,31481,14.93
"90807","06037571800",3170,31481,10.07
"90807","06037571900",5509,31481,17.5
"90807","06037572001",5278,31481,16.77
"90807","06037572002",4409,31481,14.01
"90807","06037572201",2045,31481,6.5
"90807","06037980018",0,31481,0
"90808","06037555202",3399,38232,8.89
"90808","06037571200",7828,38232,20.47
"90808","06037573601",6114,38232,15.99
"90808","06037573700",4554,38232,11.91
"90808","06037573800",4284,38232,11.21
"90808","06037573902",1678,38232,4.39
"90808","06037574000",5277,38232,13.8
"90808","06037574100",5098,38232,13.33
"90808","06037980006",0,38232,0
"90808","06037980018",0,38232,0
"90810","06037543306",0,36735,0
"90810","06037544001",4791,36735,13.04
"90810","06037544002",3142,36735,8.55
"90810","06037571800",3,36735,0.01
"90810","06037572301",3833,36735,10.43
"90810","06037572302",3483,36735,9.48
"90810","06037572400",1152,36735,3.14
"90810","06037572500",3365,36735,9.16
"90810","06037572600",5370,36735,14.62
"90810","06037572700",5499,36735,14.97
"90810","06037572800",839,36735,2.28
"90810","06037572900",5250,36735,14.29
"90810","06037980002",0,36735,0
"90810","06037980014",8,36735,0.02
"90810","06037980025",0,36735,0
"90813","06037575102",315,58911,0.53
"90813","06037575201",4667,58911,7.92
"90813","06037575202",4916,58911,8.34
"90813","06037575300",4947,58911,8.4
"90813","06037575401",5155,58911,8.75
"90813","06037575402",4065,58911,6.9
"90813","06037575500",76,58911,0.13
"90813","06037575801",2446,58911,4.15
"90813","06037575802",5167,58911,8.77
"90813","06037575803",2837,58911,4.82
"90813","06037575901",0,58911,0
"90813","06037576301",4176,58911,7.09
"90813","06037576302",4101,58911,6.96
"90813","06037576401",4779,58911,8.11
"90813","06037576402",5181,58911,8.79
"90813","06037576403",5033,58911,8.54
"90813","06037576501",385,58911,0.65
"90813","06037576503",228,58911,0.39
"90813","06037576901",427,58911,0.72
"90813","06037980014",0,58911,0
"90813","06037980033",10,58911,0.02
"90814","06037576700",280,19131,1.46
"90814","06037576801",4061,19131,21.23
"90814","06037576802",3992,19131,20.87
"90814","06037577100",5629,19131,29.42
"90814","06037577603",5169,19131,27.02
"90815","06037573902",413,39733,1.04
"90815","06037574201",3117,39733,7.84
"90815","06037574202",2161,39733,5.44
"90815","06037574300",5795,39733,14.58
"90815","06037574400",5141,39733,12.94
"90815","06037574500",6357,39733,16
"90815","06037574601",1863,39733,4.69
"90815","06037574602",1277,39733,3.21
"90815","06037574800",2038,39733,5.13
"90815","06037574901",3725,39733,9.38
"90815","06037574902",4452,39733,11.2
"90815","06037575001",3300,39733,8.31
"90815","06037980006",0,39733,0
"90815","06037980018",1,39733,0
"90822","06037574700",117,117,100
"90831","06037576001",0,0,0
"91001","06037460100",5506,36126,15.24
"91001","06037460200",5315,36126,14.71
"91001","06037460301",4638,36126,12.84
"91001","06037460302",4442,36126,12.3
"91001","06037460401",468,36126,1.3
"91001","06037460900",0,36126,0
"91001","06037461000",6243,36126,17.28
"91001","06037461100",4844,36126,13.41
"91001","06037461200",4443,36126,12.3
"91001","06037461300",220,36126,0.61
"91001","06037930101",7,36126,0.02
"91006","06037430400",4424,31715,13.95
"91006","06037430600",4505,31715,14.2
"91006","06037430721",46,31715,0.15
"91006","06037430801",6342,31715,20
"91006","06037430802",4163,31715,13.13
"91006","06037430803",5439,31715,17.15
"91006","06037431300",386,31715,1.22
"91006","06037431400",3693,31715,11.64
"91006","06037431502",2657,31715,8.38
"91006","06037431600",44,31715,0.14
"91006","06037432500",16,31715,0.05
"91007","06037430701",5271,34095,15.46
"91007","06037430721",3911,34095,11.47
"91007","06037430723",4118,34095,12.08
"91007","06037430724",4812,34095,14.11
"91007","06037431600",3849,34095,11.29
"91007","06037431700",6433,34095,18.87
"91007","06037431800",4143,34095,12.15
"91007","06037431900",283,34095,0.83
"91007","06037432000",1275,34095,3.74
"91007","06037463101",0,34095,0
"91008","06037430003",99,1391,7.12
"91008","06037430200",1292,1391,92.88
"91010","06037400603",5,26074,0.02
"91010","06037404600",260,26074,1
"91010","06037430002",7021,26074,26.93
"91010","06037430003",4505,26074,17.28
"91010","06037430101",4887,26074,18.74
"91010","06037430102",4809,26074,18.44
"91010","06037431200",4587,26074,17.59
"91011","06037300502",865,20280,4.27
"91011","06037300901",11,20280,0.05
"91011","06037460401",0,20280,0
"91011","06037460501",5418,20280,26.72
"91011","06037460502",4417,20280,21.78
"91011","06037460600",4511,20280,22.24
"91011","06037460700",5024,20280,24.77
"91011","06037460800",23,20280,0.11
"91011","06037930101",11,20280,0.05
"91016","06037430101",0,40598,0
"91016","06037430301",4418,40598,10.88
"91016","06037430302",5837,40598,14.38
"91016","06037430901",4324,40598,10.65
"91016","06037430902",4652,40598,11.46
"91016","06037431001",7171,40598,17.66
"91016","06037431002",3163,40598,7.79
"91016","06037431100",6629,40598,16.33
"91016","06037431200",1852,40598,4.56
"91016","06037431300",2275,40598,5.6
"91016","06037431400",277,40598,0.68
"91020","06037300501",847,8415,10.07
"91020","06037300502",5161,8415,61.33
"91020","06037300600",2351,8415,27.94
"91020","06037300800",56,8415,0.67
"91024","06037430501",4172,10917,38.22
"91024","06037430502",6745,10917,61.78
"91030","06037480500",5485,25616,21.41
"91030","06037480600",7863,25616,30.7
"91030","06037480702",4460,25616,17.41
"91030","06037480703",3277,25616,12.79
"91030","06037480704",4531,25616,17.69
"91040","06037101400",40,20372,0.2
"91040","06037102107",896,20372,4.4
"91040","06037103101",2151,20372,10.56
"91040","06037103102",3809,20372,18.7
"91040","06037103200",4220,20372,20.71
"91040","06037103300",3663,20372,17.98
"91040","06037103400",5563,20372,27.31
"91040","06037980021",23,20372,0.11
"91040","06037980026",7,20372,0.03
"91042","06037101110",4731,27585,17.15
"91042","06037101122",3664,27585,13.28
"91042","06037101210",5990,27585,21.71
"91042","06037101220",3363,27585,12.19
"91042","06037101300",3821,27585,13.85
"91042","06037101400",3863,27585,14
"91042","06037103101",519,27585,1.88
"91042","06037103102",942,27585,3.41
"91042","06037103400",580,27585,2.1
"91042","06037930101",73,27585,0.26
"91042","06037930200",26,27585,0.09
"91042","06037980026",13,27585,0.05
"91046","06037300600",156,156,100
"91101","06037461901",3197,20460,15.63
"91101","06037461902",794,20460,3.88
"91101","06037462201",3713,20460,18.15
"91101","06037462202",2928,20460,14.31
"91101","06037462302",4,20460,0.02
"91101","06037463500",1,20460,0
"91101","06037463601",5714,20460,27.93
"91101","06037463602",4109,20460,20.08
"91103","06037460401",410,27480,1.49
"91103","06037460800",2513,27480,9.14
"91103","06037460900",6998,27480,25.47
"91103","06037461502",3571,27480,12.99
"91103","06037461600",5826,27480,21.2
"91103","06037461700",1357,27480,4.94
"91103","06037461901",1921,27480,6.99
"91103","06037461902",860,27480,3.13
"91103","06037462001",82,27480,0.3
"91103","06037462002",3942,27480,14.34
"91104","06037461300",5778,36751,15.72
"91104","06037461400",3204,36751,8.72
"91104","06037461501",3700,36751,10.07
"91104","06037461502",2992,36751,8.14
"91104","06037462001",3892,36751,10.59
"91104","06037462100",5259,36751,14.31
"91104","06037462201",75,36751,0.2
"91104","06037462400",4229,36751,11.51
"91104","06037462500",4859,36751,13.22
"91104","06037462600",2324,36751,6.32
"91104","06037462700",297,36751,0.81
"91104","06037462800",142,36751,0.39
"91105","06037181000",83,11254,0.74
"91105","06037183104",2,11254,0.02
"91105","06037460800",712,11254,6.33
"91105","06037461700",28,11254,0.25
"91105","06037461902",0,11254,0
"91105","06037463602",827,11254,7.35
"91105","06037463700",2236,11254,19.87
"91105","06037463800",3869,11254,34.38
"91105","06037463900",3456,11254,30.71
"91105","06037464000",41,11254,0.36
"91106","06037462301",4655,24229,19.21
"91106","06037462302",2968,24229,12.25
"91106","06037462700",3434,24229,14.17
"91106","06037463400",1945,24229,8.03
"91106","06037463500",5746,24229,23.72
"91106","06037463602",115,24229,0.47
"91106","06037464000",5366,24229,22.15
"91107","06037460000",4851,32940,14.73
"91107","06037460100",287,32940,0.87
"91107","06037461300",640,32940,1.94
"91107","06037462500",1180,32940,3.58
"91107","06037462700",1740,32940,5.28
"91107","06037462800",2773,32940,8.42
"91107","06037462900",3818,32940,11.59
"91107","06037463000",2228,32940,6.76
"91107","06037463101",2383,32940,7.23
"91107","06037463102",3779,32940,11.47
"91107","06037463200",3403,32940,10.33
"91107","06037463300",2041,32940,6.2
"91107","06037463400",3807,32940,11.56
"91107","06037930101",10,32940,0.03
"91108","06037464000",214,13361,1.6
"91108","06037464100",7210,13361,53.96
"91108","06037464200",5937,13361,44.44
"91201","06037301400",3865,22781,16.97
"91201","06037301501",1902,22781,8.35
"91201","06037301502",6908,22781,30.32
"91201","06037301601",6198,22781,27.21
"91201","06037301602",3908,22781,17.15
"91202","06037300702",1444,22830,6.33
"91202","06037301100",121,22830,0.53
"91202","06037301203",4368,22830,19.13
"91202","06037301204",4990,22830,21.86
"91202","06037301205",2209,22830,9.68
"91202","06037301206",5363,22830,23.49
"91202","06037301300",2016,22830,8.83
"91202","06037301701",2319,22830,10.16
"91202","06037301801",0,22830,0
"91203","06037301701",530,13220,4.01
"91203","06037301702",5151,13220,38.96
"91203","06037301801",4079,13220,30.85
"91203","06037301802",3456,13220,26.14
"91203","06037301900",0,13220,0
"91203","06037302002",4,13220,0.03
"91204","06037301702",405,16032,2.53
"91204","06037301802",122,16032,0.76
"91204","06037302201",0,16032,0
"91204","06037302202",0,16032,0
"91204","06037302301",3462,16032,21.59
"91204","06037302302",4895,16032,30.53
"91204","06037302401",5944,16032,37.08
"91204","06037302504",0,16032,0
"91204","06037302505",1204,16032,7.51
"91205","06037302004",16,37810,0.04
"91205","06037302102",6439,37810,17.03
"91205","06037302103",5504,37810,14.56
"91205","06037302104",2098,37810,5.55
"91205","06037302201",3856,37810,10.2
"91205","06037302202",5254,37810,13.9
"91205","06037302503",4330,37810,11.45
"91205","06037302504",4234,37810,11.2
"91205","06037302505",2545,37810,6.73
"91205","06037302506",3534,37810,9.35
"91206","06037300800",49,33065,0.15
"91206","06037300901",5234,33065,15.83
"91206","06037300902",1998,33065,6.04
"91206","06037301000",4841,33065,14.64
"91206","06037301900",7810,33065,23.62
"91206","06037302002",3528,33065,10.67
"91206","06037302003",3578,33065,10.82
"91206","06037302004",4198,33065,12.7
"91206","06037302104",1819,33065,5.5
"91206","06037460700",10,33065,0.03
"91207","06037300702",4136,10506,39.37
"91207","06037301100",6370,10506,60.63
"91208","06037300600",2333,16245,14.36
"91208","06037300701",5828,16245,35.88
"91208","06037300702",24,16245,0.15
"91208","06037300800",6842,16245,42.12
"91208","06037300901",1218,16245,7.5
"91210","06037302301",328,328,100
"91214","06037101300",378,30356,1.25
"91214","06037300100",6002,30356,19.77
"91214","06037300200",5546,30356,18.27
"91214","06037300301",6140,30356,20.23
"91214","06037300400",5740,30356,18.91
"91214","06037300501",3021,30356,9.95
"91214","06037300600",3213,30356,10.58
"91214","06037300701",316,30356,1.04
"91301","06037800324",6215,25488,24.38
"91301","06037800326",1097,25488,4.3
"91301","06037800327",5305,25488,20.81
"91301","06037800328",861,25488,3.38
"91301","06037800329",4564,25488,17.91
"91301","06037800330",781,25488,3.06
"91301","06037800332",6665,25488,26.15
"91302","06037800101",5076,25709,19.74
"91302","06037800102",498,25709,1.94
"91302","06037800202",6319,25709,24.58
"91302","06037800203",5643,25709,21.95
"91302","06037800204",4514,25709,17.56
"91302","06037800328",1779,25709,6.92
"91302","06037800329",1857,25709,7.22
"91302","06037800504",23,25709,0.09
"91303","06037134001",3765,26855,14.02
"91303","06037134002",462,26855,1.72
"91303","06037134303",2912,26855,10.84
"91303","06037134520",5453,26855,20.31
"91303","06037134521",3126,26855,11.64
"91303","06037134522",3954,26855,14.72
"91303","06037134903",4216,26855,15.7
"91303","06037135111",2967,26855,11.05
"91303","06037135114",0,26855,0
"91304","06037113231",2125,50231,4.23
"91304","06037113232",3894,50231,7.75
"91304","06037113233",6655,50231,13.25
"91304","06037113234",4563,50231,9.08
"91304","06037113235",802,50231,1.6
"91304","06037113421",4824,50231,9.6
"91304","06037113422",2315,50231,4.61
"91304","06037134201",3268,50231,6.51
"91304","06037134302",3732,50231,7.43
"91304","06037134304",2882,50231,5.74
"91304","06037134305",3847,50231,7.66
"91304","06037134306",3498,50231,6.96
"91304","06037134421",681,50231,1.36
"91304","06037134422",787,50231,1.57
"91304","06037134423",3414,50231,6.8
"91304","06037134424",2702,50231,5.38
"91304","06037980023",1,50231,0
"91306","06037113234",104,45061,0.23
"91306","06037113401",2413,45061,5.35
"91306","06037113421",1285,45061,2.85
"91306","06037113422",3742,45061,8.3
"91306","06037134002",2910,45061,6.46
"91306","06037134101",4922,45061,10.92
"91306","06037134103",4193,45061,9.31
"91306","06037134104",4322,45061,9.59
"91306","06037134201",1002,45061,2.22
"91306","06037134710",5287,45061,11.73
"91306","06037134720",4594,45061,10.2
"91306","06037134800",5949,45061,13.2
"91306","06037134904",4338,45061,9.63
"91307","06037134303",2145,24474,8.76
"91307","06037134421",3260,24474,13.32
"91307","06037134422",3897,24474,15.92
"91307","06037134424",185,24474,0.76
"91307","06037135102",2438,24474,9.96
"91307","06037135201",1851,24474,7.56
"91307","06037135202",2979,24474,12.17
"91307","06037135203",5670,24474,23.17
"91311","06037113101",3558,36557,9.73
"91311","06037113102",2348,36557,6.42
"91311","06037113211",3787,36557,10.36
"91311","06037113212",3069,36557,8.4
"91311","06037113213",4316,36557,11.81
"91311","06037113233",0,36557,0
"91311","06037113235",800,36557,2.19
"91311","06037113237",3661,36557,10.01
"91311","06037113301",185,36557,0.51
"91311","06037113303",4003,36557,10.95
"91311","06037113321",5473,36557,14.97
"91311","06037113322",3636,36557,9.95
"91311","06037113421",0,36557,0
"91311","06037920303",1446,36557,3.96
"91311","06037980023",7,36557,0.02
"91316","06037132700",269,26898,1
"91316","06037132900",1209,26898,4.49
"91316","06037139001",4767,26898,17.72
"91316","06037139200",3256,26898,12.1
"91316","06037139502",1165,26898,4.33
"91316","06037139503",4657,26898,17.31
"91316","06037139504",3476,26898,12.92
"91316","06037139600",4633,26898,17.22
"91316","06037139701",204,26898,0.76
"91316","06037139702",1254,26898,4.66
"91316","06037139703",1911,26898,7.1
"91316","06037980024",97,26898,0.36
"91321","06037920031",3009,34882,8.63
"91321","06037920042",3933,34882,11.28
"91321","06037920043",145,34882,0.42
"91321","06037920312",5268,34882,15.1
"91321","06037920313",6010,34882,17.23
"91321","06037920326",17,34882,0.05
"91321","06037920332",2337,34882,6.7
"91321","06037920334",475,34882,1.36
"91321","06037920336",6329,34882,18.14
"91321","06037920337",7257,34882,20.8
"91321","06037930200",102,34882,0.29
"91324","06037111204",1039,27669,3.76
"91324","06037111205",2129,27669,7.69
"91324","06037111206",68,27669,0.25
"91324","06037113301",2016,27669,7.29
"91324","06037113303",3,27669,0.01
"91324","06037113322",311,27669,1.12
"91324","06037113401",3130,27669,11.31
"91324","06037115201",4890,27669,17.67
"91324","06037115202",2398,27669,8.67
"91324","06037115301",4156,27669,15.02
"91324","06037115302",4351,27669,15.73
"91324","06037115404",2913,27669,10.53
"91324","06037131600",265,27669,0.96
"91325","06037111205",1246,32417,3.84
"91325","06037111301",0,32417,0
"91325","06037111302",4786,32417,14.76
"91325","06037115101",5046,32417,15.57
"91325","06037115103",74,32417,0.23
"91325","06037115104",4444,32417,13.71
"91325","06037115201",1547,32417,4.77
"91325","06037115202",2430,32417,7.5
"91325","06037115401",5776,32417,17.82
"91325","06037115403",3188,32417,9.83
"91325","06037131100",242,32417,0.75
"91325","06037131200",3429,32417,10.58
"91325","06037131300",209,32417,0.64
"91325","06037131400",0,32417,0
"91326","06037108101",2230,33708,6.62
"91326","06037108102",3430,33708,10.18
"91326","06037108103",3256,33708,9.66
"91326","06037108104",1698,33708,5.04
"91326","06037108201",5551,33708,16.47
"91326","06037108202",4895,33708,14.52
"91326","06037111204",4820,33708,14.3
"91326","06037111206",4386,33708,13.01
"91326","06037111301",2962,33708,8.79
"91326","06037113102",480,33708,1.42
"91330","06037115103",2702,2702,100
"91331","06037104105",5336,103689,5.15
"91331","06037104108",2832,103689,2.73
"91331","06037104201",2574,103689,2.48
"91331","06037104203",5210,103689,5.02
"91331","06037104204",1837,103689,1.77
"91331","06037104310",2683,103689,2.59
"91331","06037104320",5998,103689,5.78
"91331","06037104401",3357,103689,3.24
"91331","06037104403",3282,103689,3.17
"91331","06037104404",3236,103689,3.12
"91331","06037104500",3293,103689,3.18
"91331","06037104610",3672,103689,3.54
"91331","06037104620",3539,103689,3.41
"91331","06037104701",4208,103689,4.06
"91331","06037104703",2395,103689,2.31
"91331","06037104704",4219,103689,4.07
"91331","06037104810",5328,103689,5.14
"91331","06037104821",3514,103689,3.39
"91331","06037104822",2277,103689,2.2
"91331","06037119001",4038,103689,3.89
"91331","06037119002",7210,103689,6.95
"91331","06037119201",4137,103689,3.99
"91331","06037119202",4707,103689,4.54
"91331","06037119310",192,103689,0.19
"91331","06037119341",399,103689,0.38
"91331","06037119400",4987,103689,4.81
"91331","06037119700",1642,103689,1.58
"91331","06037119800",6108,103689,5.89
"91331","06037119900",339,103689,0.33
"91331","06037120105",91,103689,0.09
"91331","06037121210",1049,103689,1.01
"91331","06037122000",0,103689,0
"91331","06037980021",0,103689,0
"91335","06037131010",6409,74363,8.62
"91335","06037131020",5698,74363,7.66
"91335","06037131300",4693,74363,6.31
"91335","06037131400",5897,74363,7.93
"91335","06037131600",5229,74363,7.03
"91335","06037131701",4541,74363,6.11
"91335","06037131702",3751,74363,5.04
"91335","06037131800",5341,74363,7.18
"91335","06037132300",6494,74363,8.73
"91335","06037132501",3763,74363,5.06
"91335","06037132502",3672,74363,4.94
"91335","06037132700",4643,74363,6.24
"91335","06037132900",2252,74363,3.03
"91335","06037133000",4449,74363,5.98
"91335","06037133100",5446,74363,7.32
"91335","06037134901",2085,74363,2.8
"91340","06037104201",2206,34188,6.45
"91340","06037104310",2238,34188,6.55
"91340","06037106114",2310,34188,6.76
"91340","06037106649",33,34188,0.1
"91340","06037109500",4303,34188,12.59
"91340","06037320100",7144,34188,20.9
"91340","06037320201",3756,34188,10.99
"91340","06037320202",5797,34188,16.96
"91340","06037320300",6401,34188,18.72
"91342","06037103200",1930,91725,2.1
"91342","06037104103",4085,91725,4.45
"91342","06037104105",76,91725,0.08
"91342","06037104108",2424,91725,2.64
"91342","06037104124",4175,91725,4.55
"91342","06037104201",0,91725,0
"91342","06037104204",1538,91725,1.68
"91342","06037106010",3152,91725,3.44
"91342","06037106020",5557,91725,6.06
"91342","06037106111",4334,91725,4.72
"91342","06037106112",5969,91725,6.51
"91342","06037106113",3493,91725,3.81
"91342","06037106114",3570,91725,3.89
"91342","06037106403",3825,91725,4.17
"91342","06037106405",3966,91725,4.32
"91342","06037106406",4962,91725,5.41
"91342","06037106407",2933,91725,3.2
"91342","06037106408",3463,91725,3.78
"91342","06037106510",5108,91725,5.57
"91342","06037106520",5837,91725,6.36
"91342","06037106603",17,91725,0.02
"91342","06037106604",5020,91725,5.47
"91342","06037106648",3890,91725,4.24
"91342","06037106649",2820,91725,3.07
"91342","06037107010",3247,91725,3.54
"91342","06037107020",5404,91725,5.89
"91342","06037320300",547,91725,0.6
"91342","06037930200",373,91725,0.41
"91342","06037980021",10,91725,0.01
"91342","06037980022",0,91725,0
"91343","06037109800",4431,60254,7.35
"91343","06037111400",1425,60254,2.36
"91343","06037117101",4796,60254,7.96
"91343","06037117102",2631,60254,4.37
"91343","06037117201",4315,60254,7.16
"91343","06037117202",2471,60254,4.1
"91343","06037117301",3851,60254,6.39
"91343","06037117302",4914,60254,8.16
"91343","06037117303",3512,60254,5.83
"91343","06037117404",4279,60254,7.1
"91343","06037117405",3442,60254,5.71
"91343","06037117407",3636,60254,6.03
"91343","06037117408",2830,60254,4.7
"91343","06037117510",4028,60254,6.69
"91343","06037117520",4052,60254,6.72
"91343","06037117530",5641,60254,9.36
"91343","06037980008",0,60254,0
"91344","06037106603",2962,51747,5.72
"91344","06037106641",2317,51747,4.48
"91344","06037106642",3236,51747,6.25
"91344","06037106643",4320,51747,8.35
"91344","06037106645",3389,51747,6.55
"91344","06037106646",3237,51747,6.26
"91344","06037109200",2669,51747,5.16
"91344","06037109300",3085,51747,5.96
"91344","06037109700",4493,51747,8.68
"91344","06037109800",134,51747,0.26
"91344","06037111100",2982,51747,5.76
"91344","06037111201",3410,51747,6.59
"91344","06037111202",5213,51747,10.07
"91344","06037111206",36,51747,0.07
"91344","06037111301",4125,51747,7.97
"91344","06037111400",6135,51747,11.86
"91344","06037980022",4,51747,0.01
"91345","06037109100",2492,18496,13.47
"91345","06037109400",3720,18496,20.11
"91345","06037109601",5020,18496,27.14
"91345","06037109603",4252,18496,22.99
"91345","06037109604",2975,18496,16.08
"91345","06037117201",37,18496,0.2
"91350","06037920013",4043,33348,12.12
"91350","06037920016",187,33348,0.56
"91350","06037920017",4342,33348,13.02
"91350","06037920018",2277,33348,6.83
"91350","06037920020",4131,33348,12.39
"91350","06037920028",3792,33348,11.37
"91350","06037920030",5,33348,0.01
"91350","06037920031",767,33348,2.3
"91350","06037920032",2877,33348,8.63
"91350","06037920044",2686,33348,8.05
"91350","06037920045",4622,33348,13.86
"91350","06037920111",0,33348,0
"91350","06037920112",269,33348,0.81
"91350","06037920115",441,33348,1.32
"91350","06037920314",2909,33348,8.72
"91351","06037910807",42,32362,0.13
"91351","06037920013",263,32362,0.81
"91351","06037920023",2598,32362,8.03
"91351","06037920028",1892,32362,5.85
"91351","06037920029",3574,32362,11.04
"91351","06037920030",5813,32362,17.96
"91351","06037920031",1525,32362,4.71
"91351","06037920033",515,32362,1.59
"91351","06037920034",3628,32362,11.21
"91351","06037920035",7720,32362,23.86
"91351","06037920036",3419,32362,10.56
"91351","06037920037",875,32362,2.7
"91351","06037920038",174,32362,0.54
"91351","06037920042",324,32362,1
"91352","06037102103",1740,47807,3.64
"91352","06037102104",976,47807,2.04
"91352","06037102105",911,47807,1.91
"91352","06037102107",2955,47807,6.18
"91352","06037103300",156,47807,0.33
"91352","06037104703",2,47807,0
"91352","06037104810",0,47807,0
"91352","06037121010",2008,47807,4.2
"91352","06037121101",2932,47807,6.13
"91352","06037121102",2721,47807,5.69
"91352","06037121210",2073,47807,4.34
"91352","06037121221",2365,47807,4.95
"91352","06037121222",5293,47807,11.07
"91352","06037121802",744,47807,1.56
"91352","06037121900",207,47807,0.43
"91352","06037122000",602,47807,1.26
"91352","06037122120",5000,47807,10.46
"91352","06037122121",2833,47807,5.93
"91352","06037122122",2439,47807,5.1
"91352","06037122200",4132,47807,8.64
"91352","06037123010",4286,47807,8.97
"91352","06037123020",3432,47807,7.18
"91354","06037920102",603,28722,2.1
"91354","06037920107",3940,28722,13.72
"91354","06037920108",1931,28722,6.72
"91354","06037920109",4493,28722,15.64
"91354","06037920110",5010,28722,17.44
"91354","06037920111",3246,28722,11.3
"91354","06037920112",4018,28722,13.99
"91354","06037920114",3332,28722,11.6
"91354","06037920115",2149,28722,7.48
"91355","06037920106",13,32605,0.04
"91355","06037920107",14,32605,0.04
"91355","06037920108",1508,32605,4.63
"91355","06037920114",3158,32605,9.69
"91355","06037920115",1559,32605,4.78
"91355","06037920118",0,32605,0
"91355","06037920322",2895,32605,8.88
"91355","06037920328",1990,32605,6.1
"91355","06037920329",5460,32605,16.75
"91355","06037920330",4983,32605,15.28
"91355","06037920331",4075,32605,12.5
"91355","06037920334",6123,32605,18.78
"91355","06037920336",698,32605,2.14
"91355","06037920339",129,32605,0.4
"91356","06037139200",1919,29458,6.51
"91356","06037139301",3287,29458,11.16
"91356","06037139302",4422,29458,15.01
"91356","06037139303",4186,29458,14.21
"91356","06037139401",2645,29458,8.98
"91356","06037139402",2721,29458,9.24
"91356","06037139502",1842,29458,6.25
"91356","06037139703",1032,29458,3.5
"91356","06037139801",3539,29458,12.01
"91356","06037139802",3865,29458,13.12
"91361","06037800325",3407,20438,16.67
"91361","06037800326",3733,20438,18.26
"91362","06037800324",449,36045,1.25
"91362","06037800331",766,36045,2.13
"91364","06037137201",527,25851,2.04
"91364","06037137401",4011,25851,15.52
"91364","06037137402",5364,25851,20.75
"91364","06037137501",4124,25851,15.95
"91364","06037137502",4202,25851,16.25
"91364","06037137504",1939,25851,7.5
"91364","06037138000",4484,25851,17.35
"91364","06037139402",130,25851,0.5
"91364","06037800101",360,25851,1.39
"91364","06037800102",383,25851,1.48
"91364","06037930401",327,25851,1.26
"91367","06037134901",984,39499,2.49
"91367","06037134905",2818,39499,7.13
"91367","06037135102",1075,39499,2.72
"91367","06037135113",2795,39499,7.08
"91367","06037135114",4445,39499,11.25
"91367","06037135201",769,39499,1.95
"91367","06037135202",1276,39499,3.23
"91367","06037135203",1385,39499,3.51
"91367","06037137103",4199,39499,10.63
"91367","06037137104",2717,39499,6.88
"91367","06037137201",4743,39499,12.01
"91367","06037137301",2264,39499,5.73
"91367","06037137302",4338,39499,10.98
"91367","06037137401",146,39499,0.37
"91367","06037139301",1175,39499,2.97
"91367","06037800204",2226,39499,5.64
"91367","06037930401",2144,39499,5.43
"91371","06037134905",1,1,100
"91381","06037920326",6823,20158,33.85
"91381","06037920330",366,20158,1.82
"91381","06037920338",5721,20158,28.38
"91381","06037920339",7248,20158,35.96
"91384","06037920102",3846,29855,12.88
"91384","06037920104",2798,29855,9.37
"91384","06037920106",3097,29855,10.37
"91384","06037920116",5181,29855,17.35
"91384","06037920118",6117,29855,20.49
"91384","06037920119",1896,29855,6.35
"91384","06037920200",6920,29855,23.18
"91387","06037910807",5402,40328,13.4
"91387","06037910808",3343,40328,8.29
"91387","06037910809",2235,40328,5.54
"91387","06037910810",2510,40328,6.22
"91387","06037910811",84,40328,0.21
"91387","06037920037",6256,40328,15.51
"91387","06037920038",4256,40328,10.55
"91387","06037920039",1896,40328,4.7
"91387","06037920040",3352,40328,8.31
"91387","06037920041",2871,40328,7.12
"91387","06037920042",2512,40328,6.23
"91387","06037920043",5566,40328,13.8
"91387","06037930200",45,40328,0.11
"91390","06037910805",142,19786,0.72
"91390","06037910807",45,19786,0.23
"91390","06037910808",194,19786,0.98
"91390","06037910810",255,19786,1.29
"91390","06037910811",10,19786,0.05
"91390","06037910813",3444,19786,17.41
"91390","06037920011",273,19786,1.38
"91390","06037920012",1008,19786,5.09
"91390","06037920015",6353,19786,32.11
"91390","06037920016",4717,19786,23.84
"91390","06037920020",2823,19786,14.27
"91390","06037920026",419,19786,2.12
"91390","06037920032",20,19786,0.1
"91390","06037920102",83,19786,0.42
"91401","06037123510",1531,39285,3.9
"91401","06037123520",2567,39285,6.53
"91401","06037123601",3814,39285,9.71
"91401","06037123602",3332,39285,8.48
"91401","06037124500",2779,39285,7.07
"91401","06037124600",755,39285,1.92
"91401","06037124700",964,39285,2.45
"91401","06037128101",2405,39285,6.12
"91401","06037128102",2241,39285,5.7
"91401","06037128210",4822,39285,12.27
"91401","06037128220",3011,39285,7.66
"91401","06037128303",46,39285,0.12
"91401","06037128500",3638,39285,9.26
"91401","06037128601",4288,39285,10.92
"91401","06037128602",3092,39285,7.87
"91402","06037119310",3679,69817,5.27
"91402","06037119320",4694,69817,6.72
"91402","06037119340",3884,69817,5.56
"91402","06037119341",2320,69817,3.32
"91402","06037119342",3180,69817,4.55
"91402","06037119700",3403,69817,4.87
"91402","06037119900",4601,69817,6.59
"91402","06037120010",2844,69817,4.07
"91402","06037120020",4057,69817,5.81
"91402","06037120030",2675,69817,3.83
"91402","06037120103",3287,69817,4.71
"91402","06037120104",2310,69817,3.31
"91402","06037120105",2721,69817,3.9
"91402","06037120106",4417,69817,6.33
"91402","06037120107",3818,69817,5.47
"91402","06037120108",4838,69817,6.93
"91402","06037120300",5531,69817,7.92
"91402","06037120400",6272,69817,8.98
"91402","06037127520",1286,69817,1.84
"91403","06037128702",20,23484,0.09
"91403","06037128801",809,23484,3.44
"91403","06037128802",505,23484,2.15
"91403","06037128910",4083,23484,17.39
"91403","06037141201",0,23484,0
"91403","06037141302",5504,23484,23.44
"91403","06037141303",3089,23484,13.15
"91403","06037141304",2738,23484,11.66
"91403","06037141400",1380,23484,5.88
"91403","06037141500",1440,23484,6.13
"91403","06037141600",3916,23484,16.68
"91405","06037123510",3222,51145,6.3
"91405","06037127102",4726,51145,9.24
"91405","06037127103",2939,51145,5.75
"91405","06037127104",3573,51145,6.99
"91405","06037127210",5531,51145,10.81
"91405","06037127220",4931,51145,9.64
"91405","06037127300",1459,51145,2.85
"91405","06037127712",1335,51145,2.61
"91405","06037127803",4037,51145,7.89
"91405","06037127804",3933,51145,7.69
"91405","06037127805",2550,51145,4.99
"91405","06037127806",153,51145,0.3
"91405","06037127910",4769,51145,9.32
"91405","06037127920",4100,51145,8.02
"91405","06037128101",1333,51145,2.61
"91405","06037128102",2554,51145,4.99
"91406","06037127300",3001,51558,5.82
"91406","06037127400",5818,51558,11.28
"91406","06037127520",2759,51558,5.35
"91406","06037127603",2938,51558,5.7
"91406","06037127604",2939,51558,5.7
"91406","06037127605",3549,51558,6.88
"91406","06037127606",3164,51558,6.14
"91406","06037127711",2296,51558,4.45
"91406","06037127712",1656,51558,3.21
"91406","06037131100",3010,51558,5.84
"91406","06037131900",4210,51558,8.17
"91406","06037132001",3202,51558,6.21
"91406","06037132002",3299,51558,6.4
"91406","06037132101",4259,51558,8.26
"91406","06037132102",5310,51558,10.3
"91406","06037980008",145,51558,0.28
"91406","06037980024",3,51558,0.01
"91411","06037127711",1060,24628,4.3
"91411","06037127805",1218,24628,4.95
"91411","06037127806",3294,24628,13.38
"91411","06037128302",4688,24628,19.04
"91411","06037128303",3936,24628,15.98
"91411","06037128400",4114,24628,16.7
"91411","06037128801",2498,24628,10.14
"91411","06037128802",3820,24628,15.51
"91423","06037124600",2368,30991,7.64
"91423","06037124700",3319,30991,10.71
"91423","06037128500",377,30991,1.22
"91423","06037128602",97,30991,0.31
"91423","06037128702",5619,30991,18.13
"91423","06037141101",4066,30991,13.12
"91423","06037141102",2869,30991,9.26
"91423","06037141201",3707,30991,11.96
"91423","06037141202",2800,30991,9.03
"91423","06037141600",50,30991,0.16
"91423","06037141700",3091,30991,9.97
"91423","06037143400",1275,30991,4.11
"91423","06037143500",365,30991,1.18
"91423","06037143902",988,30991,3.19
"91436","06037139701",4716,14372,32.81
"91436","06037139702",4996,14372,34.76
"91436","06037141400",3032,14372,21.1
"91436","06037141500",1542,14372,10.73
"91436","06037980024",86,14372,0.6
"91501","06037310100",1589,20849,7.62
"91501","06037310201",5466,20849,26.22
"91501","06037310202",4985,20849,23.91
"91501","06037310300",97,20849,0.47
"91501","06037310602",188,20849,0.9
"91501","06037310701",1823,20849,8.74
"91501","06037310702",4006,20849,19.21
"91501","06037310703",2695,20849,12.93
"91502","06037310602",117,11371,1.03
"91502","06037310701",538,11371,4.73
"91502","06037310702",3098,11371,27.24
"91502","06037310703",2419,11371,21.27
"91502","06037310800",29,11371,0.26
"91502","06037310900",0,11371,0
"91502","06037311801",1757,11371,15.45
"91502","06037311802",3413,11371,30.01
"91504","06037102104",2672,24939,10.71
"91504","06037102105",467,24939,1.87
"91504","06037310100",4260,24939,17.08
"91504","06037310300",2890,24939,11.59
"91504","06037310400",3379,24939,13.55
"91504","06037310501",3205,24939,12.85
"91504","06037310601",5716,24939,22.92
"91504","06037310602",2350,24939,9.42
"91505","06037102105",353,30778,1.15
"91505","06037122200",9,30778,0.03
"91505","06037310800",92,30778,0.3
"91505","06037310900",340,30778,1.1
"91505","06037311000",3755,30778,12.2
"91505","06037311100",3897,30778,12.66
"91505","06037311200",3138,30778,10.2
"91505","06037311300",3811,30778,12.38
"91505","06037311400",2274,30778,7.39
"91505","06037311500",5633,30778,18.3
"91505","06037311600",7249,30778,23.55
"91505","06037311700",227,30778,0.74
"91505","06037980001",0,30778,0
"91506","06037310800",4788,18904,25.33
"91506","06037310900",6530,18904,34.54
"91506","06037311700",5910,18904,31.26
"91506","06037311801",1276,18904,6.75
"91506","06037311802",400,18904,2.12
"91601","06037123902",569,37180,1.53
"91601","06037124102",3549,37180,9.55
"91601","06037124203",2651,37180,7.13
"91601","06037124204",3071,37180,8.26
"91601","06037124300",3544,37180,9.53
"91601","06037125100",331,37180,0.89
"91601","06037125200",2954,37180,7.95
"91601","06037125310",4750,37180,12.78
"91601","06037125320",4843,37180,13.03
"91601","06037125401",4024,37180,10.82
"91601","06037125402",1978,37180,5.32
"91601","06037125501",3077,37180,8.28
"91601","06037125502",476,37180,1.28
"91601","06037125600",1363,37180,3.67
"91602","06037125200",570,17473,3.26
"91602","06037125402",1566,17473,8.96
"91602","06037125502",2607,17473,14.92
"91602","06037125600",1294,17473,7.41
"91602","06037143100",3984,17473,22.8
"91602","06037143200",3606,17473,20.64
"91602","06037143300",2094,17473,11.98
"91602","06037143603",1752,17473,10.03
"91604","06037143200",137,29034,0.47
"91604","06037143300",1352,29034,4.66
"91604","06037143400",4068,29034,14.01
"91604","06037143500",4343,29034,14.96
"91604","06037143602",4260,29034,14.67
"91604","06037143603",470,29034,1.62
"91604","06037143604",3205,29034,11.04
"91604","06037143700",511,29034,1.76
"91604","06037143800",4850,29034,16.7
"91604","06037143901",3908,29034,13.46
"91604","06037143902",1930,29034,6.65
"91605","06037121010",2981,56343,5.29
"91605","06037121020",3741,56343,6.64
"91605","06037121600",3005,56343,5.33
"91605","06037121801",3942,56343,7
"91605","06037121802",2781,56343,4.94
"91605","06037121900",3903,56343,6.93
"91605","06037122000",4844,56343,8.6
"91605","06037122410",3794,56343,6.73
"91605","06037122420",5050,56343,8.96
"91605","06037123010",294,56343,0.52
"91605","06037123103",1,56343,0
"91605","06037123203",2829,56343,5.02
"91605","06037123204",2962,56343,5.26
"91605","06037123205",2,56343,0
"91605","06037123206",22,56343,0.04
"91605","06037123301",3926,56343,6.97
"91605","06037123303",2450,56343,4.35
"91605","06037123304",2327,56343,4.13
"91605","06037123410",4247,56343,7.54
"91605","06037123420",3242,56343,5.75
"91606","06037123103",4164,44958,9.26
"91606","06037123104",4596,44958,10.22
"91606","06037123203",936,44958,2.08
"91606","06037123204",487,44958,1.08
"91606","06037123205",2643,44958,5.88
"91606","06037123206",2923,44958,6.5
"91606","06037123301",633,44958,1.41
"91606","06037123303",851,44958,1.89
"91606","06037123304",2360,44958,5.25
"91606","06037123420",1396,44958,3.11
"91606","06037123601",1181,44958,2.63
"91606","06037123700",4114,44958,9.15
"91606","06037123800",2641,44958,5.87
"91606","06037123901",4500,44958,10.01
"91606","06037123902",0,44958,0
"91606","06037124103",2030,44958,4.52
"91606","06037124104",2439,44958,5.43
"91606","06037124105",2658,44958,5.91
"91606","06037124201",3506,44958,7.8
"91606","06037124203",97,44958,0.22
"91606","06037124300",502,44958,1.12
"91606","06037124400",301,44958,0.67
"91607","06037123800",2890,27927,10.35
"91607","06037123902",1992,27927,7.13
"91607","06037124000",4550,27927,16.29
"91607","06037124400",3891,27927,13.93
"91607","06037124700",513,27927,1.84
"91607","06037124902",2766,27927,9.9
"91607","06037124903",3262,27927,11.68
"91607","06037125100",5100,27927,18.26
"91607","06037143300",2425,27927,8.68
"91607","06037143400",538,27927,1.93
"91608","06037143700",0,0,0
"91608","06037320000",0,0,0
"91702","06037400602",4719,59705,7.9
"91702","06037400603",5244,59705,8.78
"91702","06037400604",2980,59705,4.99
"91702","06037400800",2998,59705,5.02
"91702","06037404000",2065,59705,3.46
"91702","06037404100",6445,59705,10.79
"91702","06037404201",3711,59705,6.22
"91702","06037404202",3366,59705,5.64
"91702","06037404301",5665,59705,9.49
"91702","06037404302",2498,59705,4.18
"91702","06037404401",3979,59705,6.66
"91702","06037404402",5107,59705,8.55
"91702","06037404501",2355,59705,3.94
"91702","06037404503",2977,59705,4.99
"91702","06037404504",5266,59705,8.82
"91702","06037404600",0,59705,0
"91702","06037930301",330,59705,0.55
"91706","06037404600",1162,76571,1.52
"91706","06037404701",5873,76571,7.67
"91706","06037404702",5882,76571,7.68
"91706","06037404703",3178,76571,4.15
"91706","06037404801",7305,76571,9.54
"91706","06037404802",4335,76571,5.66
"91706","06037404803",1741,76571,2.27
"91706","06037404901",5658,76571,7.39
"91706","06037404902",3973,76571,5.19
"91706","06037404903",2905,76571,3.79
"91706","06037405001",6170,76571,8.06
"91706","06037405002",3197,76571,4.18
"91706","06037405101",5304,76571,6.93
"91706","06037405102",5069,76571,6.62
"91706","06037405201",5205,76571,6.8
"91706","06037405202",5227,76571,6.83
"91706","06037405203",3484,76571,4.55
"91706","06037405301",32,76571,0.04
"91706","06037406901",322,76571,0.42
"91706","06037407001",549,76571,0.72
"91711","06037400204",77,35705,0.22
"91711","06037400205",2976,35705,8.33
"91711","06037400206",5328,35705,14.92
"91711","06037401701",2421,35705,6.78
"91711","06037401704",211,35705,0.59
"91711","06037401800",7378,35705,20.66
"91711","06037401901",4610,35705,12.91
"91711","06037401902",5711,35705,15.99
"91711","06037402001",3080,35705,8.63
"91711","06037402002",3913,35705,10.96
"91722","06037403721",2084,34409,6.06
"91722","06037403801",1289,34409,3.75
"91722","06037404000",2385,34409,6.93
"91722","06037405301",286,34409,0.83
"91722","06037405400",4645,34409,13.5
"91722","06037405500",536,34409,1.56
"91722","06037405600",34,34409,0.1
"91722","06037405701",3853,34409,11.2
"91722","06037405702",4734,34409,13.76
"91722","06037405800",5881,34409,17.09
"91722","06037405900",4049,34409,11.77
"91722","06037406000",4589,34409,13.34
"91722","06037406101",44,34409,0.13
"91723","06037403600",2361,18275,12.92
"91723","06037403721",1630,18275,8.92
"91723","06037403722",3131,18275,17.13
"91723","06037406000",470,18275,2.57
"91723","06037406101",3095,18275,16.94
"91723","06037406102",5828,18275,31.89
"91723","06037406200",1760,18275,9.63
"91724","06037401303",29,26184,0.11
"91724","06037401304",356,26184,1.36
"91724","06037403500",1199,26184,4.58
"91724","06037403600",3351,26184,12.8
"91724","06037403702",3794,26184,14.49
"91724","06037403703",3309,26184,12.64
"91724","06037403721",1284,26184,4.9
"91724","06037403722",2603,26184,9.94
"91724","06037403801",4923,26184,18.8
"91724","06037403802",5201,26184,19.86
"91724","06037406300",135,26184,0.52
"91731","06037431501",470,29591,1.59
"91731","06037432102",0,29591,0
"91731","06037432300",3951,29591,13.35
"91731","06037432401",2031,29591,6.86
"91731","06037432402",3982,29591,13.46
"91731","06037432700",5261,29591,17.78
"91731","06037432801",2568,29591,8.68
"91731","06037432802",5821,29591,19.67
"91731","06037432902",87,29591,0.29
"91731","06037433101",2,29591,0.01
"91731","06037433200",4334,29591,14.65
"91731","06037433304",1084,29591,3.66
"91732","06037431502",135,61386,0.22
"91732","06037432401",1758,61386,2.86
"91732","06037432402",2328,61386,3.79
"91732","06037432500",8194,61386,13.35
"91732","06037432601",6564,61386,10.69
"91732","06037432602",4554,61386,7.42
"91732","06037432700",1,61386,0
"91732","06037433302",1595,61386,2.6
"91732","06037433304",3642,61386,5.93
"91732","06037433305",4893,61386,7.97
"91732","06037433306",3333,61386,5.43
"91732","06037433307",3421,61386,5.57
"91732","06037433403",4346,61386,7.08
"91732","06037433901",5593,61386,9.11
"91732","06037433902",3065,61386,4.99
"91732","06037434001",4395,61386,7.16
"91732","06037434003",3569,61386,5.81
"91733","06037433101",2279,43896,5.19
"91733","06037433102",5085,43896,11.58
"91733","06037433200",1829,43896,4.17
"91733","06037433401",3371,43896,7.68
"91733","06037433402",4776,43896,10.88
"91733","06037433403",329,43896,0.75
"91733","06037433501",1954,43896,4.45
"91733","06037433503",3108,43896,7.08
"91733","06037433504",4679,43896,10.66
"91733","06037433602",0,43896,0
"91733","06037433700",3294,43896,7.5
"91733","06037433801",6197,43896,14.12
"91733","06037433802",2780,43896,6.33
"91733","06037433902",715,43896,1.63
"91733","06037434003",704,43896,1.6
"91733","06037434004",2796,43896,6.37
"91740","06037400402",20,25356,0.08
"91740","06037400900",950,25356,3.75
"91740","06037401101",3516,25356,13.87
"91740","06037401102",1326,25356,5.23
"91740","06037401201",3110,25356,12.27
"91740","06037401202",2980,25356,11.75
"91740","06037401203",5216,25356,20.57
"91740","06037401311",237,25356,0.93
"91740","06037403801",0,25356,0
"91740","06037403802",61,25356,0.24
"91740","06037403901",3110,25356,12.27
"91740","06037403902",4806,25356,18.95
"91740","06037404000",24,25356,0.09
"91741","06037400402",4105,25824,15.9
"91741","06037400404",4453,25824,17.24
"91741","06037400501",2126,25824,8.23
"91741","06037400800",969,25824,3.75
"91741","06037400900",3136,25824,12.14
"91741","06037401001",3140,25824,12.16
"91741","06037401002",3973,25824,15.38
"91741","06037401101",2147,25824,8.31
"91741","06037401102",1775,25824,6.87
"91744","06037406601",230,85040,0.27
"91744","06037406602",1090,85040,1.28
"91744","06037406902",47,85040,0.06
"91744","06037407101",2064,85040,2.43
"91744","06037407102",2834,85040,3.33
"91744","06037407200",7315,85040,8.6
"91744","06037407301",4828,85040,5.68
"91744","06037407302",3501,85040,4.12
"91744","06037407501",4411,85040,5.19
"91744","06037407502",3937,85040,4.63
"91744","06037407601",4366,85040,5.13
"91744","06037407602",4008,85040,4.71
"91744","06037407701",5401,85040,6.35
"91744","06037407702",6497,85040,7.64
"91744","06037407801",5074,85040,5.97
"91744","06037407802",3635,85040,4.27
"91744","06037407900",4288,85040,5.04
"91744","06037408003",2450,85040,2.88
"91744","06037408138",5936,85040,6.98
"91744","06037408139",4482,85040,5.27
"91744","06037408140",3835,85040,4.51
"91744","06037408141",4628,85040,5.44
"91744","06037408202",20,85040,0.02
"91744","06037408211",163,85040,0.19
"91745","06037408202",9,54013,0.02
"91745","06037408401",4289,54013,7.94
"91745","06037408402",5799,54013,10.74
"91745","06037408501",3314,54013,6.14
"91745","06037408503",6317,54013,11.7
"91745","06037408504",5322,54013,9.85
"91745","06037408505",2682,54013,4.97
"91745","06037408623",3023,54013,5.6
"91745","06037408624",3227,54013,5.97
"91745","06037408625",4160,54013,7.7
"91745","06037408628",5103,54013,9.45
"91745","06037408629",2926,54013,5.42
"91745","06037408630",2319,54013,4.29
"91745","06037408631",5087,54013,9.42
"91745","06037500202",35,54013,0.06
"91745","06037501600",401,54013,0.74
"91746","06037406901",3573,30485,11.72
"91746","06037406902",2385,30485,7.82
"91746","06037407001",5356,30485,17.57
"91746","06037407002",3804,30485,12.48
"91746","06037407101",2770,30485,9.09
"91746","06037407102",2611,30485,8.56
"91746","06037408202",2008,30485,6.59
"91746","06037408301",5427,30485,17.8
"91746","06037408302",1373,30485,4.5
"91746","06037408303",1178,30485,3.86
"91746","06037408402",0,30485,0
"91748","06037408202",0,45406,0
"91748","06037408211",5784,45406,12.74
"91748","06037408212",4317,45406,9.51
"91748","06037408626",4341,45406,9.56
"91748","06037408627",3079,45406,6.78
"91748","06037408703",5122,45406,11.28
"91748","06037408704",3155,45406,6.95
"91748","06037408705",5427,45406,11.95
"91748","06037408706",1594,45406,3.51
"91748","06037408722",4400,45406,9.69
"91748","06037408723",2825,45406,6.22
"91748","06037408724",5362,45406,11.81
"91750","06037400204",6377,33249,19.18
"91750","06037400205",228,33249,0.69
"91750","06037400207",4738,33249,14.25
"91750","06037400302",2922,33249,8.79
"91750","06037401304",0,33249,0
"91750","06037401500",5572,33249,16.76
"91750","06037401601",5034,33249,15.14
"91750","06037401602",5282,33249,15.89
"91750","06037401603",2913,33249,8.76
"91750","06037401701",136,33249,0.41
"91750","06037402200",45,33249,0.14
"91750","06037930301",2,33249,0.01
"91754","06037481713",2507,32742,7.66
"91754","06037481714",2551,32742,7.79
"91754","06037482001",2730,32742,8.34
"91754","06037482002",6947,32742,21.22
"91754","06037482101",4568,32742,13.95
"91754","06037482102",2828,32742,8.64
"91754","06037482201",1541,32742,4.71
"91754","06037482600",469,32742,1.43
"91754","06037482701",4298,32742,13.13
"91754","06037482702",2397,32742,7.32
"91754","06037482800",231,32742,0.71
"91754","06037530400",1675,32742,5.12
"91754","06037531000",0,32742,0
"91755","06037481711",4530,27496,16.48
"91755","06037481712",5225,27496,19
"91755","06037482201",2272,27496,8.26
"91755","06037482202",5229,27496,19.02
"91755","06037482600",6397,27496,23.27
"91755","06037482800",3843,27496,13.98
"91759","06037930301",66,476,13.87
"91765","06037403304",264,46457,0.57
"91765","06037403305",163,46457,0.35
"91765","06037403312",3011,46457,6.48
"91765","06037403316",6783,46457,14.6
"91765","06037403319",4260,46457,9.17
"91765","06037403320",5573,46457,12
"91765","06037403321",5496,46457,11.83
"91765","06037403322",3425,46457,7.37
"91765","06037403323",5356,46457,11.53
"91765","06037403324",6804,46457,14.65
"91765","06037403325",4795,46457,10.32
"91765","06037408703",527,46457,1.13
"91766","06037402402",6387,71599,8.92
"91766","06037402501",5577,71599,7.79
"91766","06037402502",7225,71599,10.09
"91766","06037402801",5170,71599,7.22
"91766","06037402803",3436,71599,4.8
"91766","06037402804",4085,71599,5.71
"91766","06037402902",6445,71599,9
"91766","06037402903",4138,71599,5.78
"91766","06037402904",3603,71599,5.03
"91766","06037403000",6835,71599,9.55
"91766","06037403317",4721,71599,6.59
"91766","06037403318",6243,71599,8.72
"91766","06037403321",538,71599,0.75
"91766","06037408800",2499,71599,3.49
"91767","06037401601",0,48068,0
"91767","06037401701",1580,48068,3.29
"91767","06037401703",4176,48068,8.69
"91767","06037401704",5617,48068,11.69
"91767","06037402101",4623,48068,9.62
"91767","06037402102",4815,48068,10.02
"91767","06037402200",782,48068,1.63
"91767","06037402303",45,48068,0.09
"91767","06037402600",7453,48068,15.51
"91767","06037402702",6313,48068,13.13
"91767","06037402703",4686,48068,9.75
"91767","06037402705",3328,48068,6.92
"91767","06037402706",3945,48068,8.21
"91767","06037408800",705,48068,1.47
"91768","06037401303",0,34537,0
"91768","06037402200",5757,34537,16.67
"91768","06037402301",5454,34537,15.79
"91768","06037402303",3951,34537,11.44
"91768","06037402304",3848,34537,11.14
"91768","06037402402",689,34537,1.99
"91768","06037402403",4188,34537,12.13
"91768","06037402404",1945,34537,5.63
"91768","06037402405",3006,34537,8.7
"91768","06037402406",4776,34537,13.83
"91768","06037403200",389,34537,1.13
"91768","06037408800",534,34537,1.55
"91770","06037432201",4342,62097,6.99
"91770","06037432202",4240,62097,6.83
"91770","06037432901",4464,62097,7.19
"91770","06037432902",3395,62097,5.47
"91770","06037433601",4923,62097,7.93
"91770","06037433602",2803,62097,4.51
"91770","06037481300",2917,62097,4.7
"91770","06037482303",5818,62097,9.37
"91770","06037482304",3556,62097,5.73
"91770","06037482401",3761,62097,6.06
"91770","06037482402",6971,62097,11.23
"91770","06037482502",3373,62097,5.43
"91770","06037482503",4357,62097,7.02
"91770","06037482521",5754,62097,9.27
"91770","06037482522",1423,62097,2.29
"91773","06037400207",60,33119,0.18
"91773","06037400302",94,33119,0.28
"91773","06037400304",6714,33119,20.27
"91773","06037400403",3815,33119,11.52
"91773","06037401202",1391,33119,4.2
"91773","06037401303",2170,33119,6.55
"91773","06037401304",5286,33119,15.96
"91773","06037401311",6284,33119,18.97
"91773","06037401312",5575,33119,16.83
"91773","06037403703",1439,33119,4.34
"91773","06037403802",291,33119,0.88
"91775","06037480002",3453,23988,14.39
"91775","06037480011",5132,23988,21.39
"91775","06037480012",3991,23988,16.64
"91775","06037480101",783,23988,3.26
"91775","06037480102",4226,23988,17.62
"91775","06037480201",3869,23988,16.13
"91775","06037480202",2534,23988,10.56
"91776","06037432202",12,38475,0.03
"91776","06037480102",77,38475,0.2
"91776","06037480201",38,38475,0.1
"91776","06037481101",3814,38475,9.91
"91776","06037481102",3624,38475,9.42
"91776","06037481103",5350,38475,13.91
"91776","06037481201",255,38475,0.66
"91776","06037481202",6608,38475,17.17
"91776","06037481300",236,38475,0.61
"91776","06037481401",6061,38475,15.75
"91776","06037481402",7175,38475,18.65
"91776","06037481500",63,38475,0.16
"91776","06037482301",5162,38475,13.42
"91780","06037431501",3637,34332,10.59
"91780","06037431502",1569,34332,4.57
"91780","06037431600",125,34332,0.36
"91780","06037431800",1497,34332,4.36
"91780","06037431900",3545,34332,10.33
"91780","06037432000",6907,34332,20.12
"91780","06037432101",4179,34332,12.17
"91780","06037432102",5633,34332,16.41
"91780","06037480012",772,34332,2.25
"91780","06037480101",3125,34332,9.1
"91780","06037481201",3343,34332,9.74
"91789","06037402403",1193,43079,2.77
"91789","06037403200",2,43079,0
"91789","06037403303",2523,43079,5.86
"91789","06037403304",4914,43079,11.41
"91789","06037403305",1937,43079,4.5
"91789","06037403312",2149,43079,4.99
"91789","06037403322",383,43079,0.89
"91789","06037403401",5038,43079,11.69
"91789","06037403402",3322,43079,7.71
"91789","06037403403",5140,43079,11.93
"91789","06037403404",2521,43079,5.85
"91789","06037403405",1631,43079,3.79
"91789","06037403406",2796,43079,6.49
"91789","06037403407",2132,43079,4.95
"91789","06037403408",6576,43079,15.26
"91789","06037408136",20,43079,0.05
"91789","06037408212",168,43079,0.39
"91789","06037408703",563,43079,1.31
"91789","06037408706",71,43079,0.16
"91790","06037405301",3031,44907,6.75
"91790","06037405302",5351,44907,11.92
"91790","06037405400",150,44907,0.33
"91790","06037405500",6272,44907,13.97
"91790","06037405600",2232,44907,4.97
"91790","06037406500",3879,44907,8.64
"91790","06037406601",2458,44907,5.47
"91790","06037406602",3883,44907,8.65
"91790","06037406701",3246,44907,7.23
"91790","06037406702",5823,44907,12.97
"91790","06037406800",4926,44907,10.97
"91790","06037406901",806,44907,1.79
"91790","06037406902",717,44907,1.6
"91790","06037407400",2133,44907,4.75
"91791","06037403500",429,32414,1.32
"91791","06037403600",960,32414,2.96
"91791","06037405600",3162,32414,9.76
"91791","06037405702",120,32414,0.37
"91791","06037406200",3918,32414,12.09
"91791","06037406300",5397,32414,16.65
"91791","06037406402",2076,32414,6.4
"91791","06037406411",2126,32414,6.56
"91791","06037406412",2482,32414,7.66
"91791","06037406500",2826,32414,8.72
"91791","06037406601",2581,32414,7.96
"91791","06037408003",1249,32414,3.85
"91791","06037408005",5088,32414,15.7
"91792","06037407900",2008,30854,6.51
"91792","06037408003",1293,30854,4.19
"91792","06037408004",2246,30854,7.28
"91792","06037408006",3863,30854,12.52
"91792","06037408133",5739,30854,18.6
"91792","06037408134",2743,30854,8.89
"91792","06037408135",4159,30854,13.48
"91792","06037408136",3829,30854,12.41
"91792","06037408137",4152,30854,13.46
"91792","06037408141",822,30854,2.66
"91801","06037480302",4255,52735,8.07
"91801","06037480303",3858,52735,7.32
"91801","06037480304",4098,52735,7.77
"91801","06037480400",5654,52735,10.72
"91801","06037480803",2844,52735,5.39
"91801","06037480804",4998,52735,9.48
"91801","06037480901",2986,52735,5.66
"91801","06037481001",3332,52735,6.32
"91801","06037481002",5447,52735,10.33
"91801","06037481500",4298,52735,8.15
"91801","06037481603",3802,52735,7.21
"91801","06037481604",3942,52735,7.48
"91801","06037481605",1179,52735,2.24
"91801","06037481606",2042,52735,3.87
"91803","06037480802",3279,30322,10.81
"91803","06037480803",620,30322,2.04
"91803","06037480901",1700,30322,5.61
"91803","06037480902",4218,30322,13.91
"91803","06037480903",3206,30322,10.57
"91803","06037481001",510,30322,1.68
"91803","06037481604",0,30322,0
"91803","06037481605",2208,30322,7.28
"91803","06037481606",2829,30322,9.33
"91803","06037481800",2596,30322,8.56
"91803","06037481901",5770,30322,19.03
"91803","06037481902",3355,30322,11.06
"91803","06037482001",31,30322,0.1
"92397","06037930301",71,4894,1.45
"93243","06037901209",124,1699,7.3
"93243","06037920102",9,1699,0.53
"93510","06037910205",32,7993,0.4
"93510","06037910804",3285,7993,41.1
"93510","06037910805",4581,7993,57.31
"93510","06037910811",4,7993,0.05
"93510","06037910813",91,7993,1.14
"93532","06037901209",213,2932,7.26
"93532","06037901210",1591,2932,54.26
"93532","06037901213",28,2932,0.95
"93532","06037920102",1100,2932,37.52
"93534","06037900300",175,39341,0.44
"93534","06037900501",0,39341,0
"93534","06037900602",8,39341,0.02
"93534","06037900606",993,39341,2.52
"93534","06037900607",209,39341,0.53
"93534","06037900701",5289,39341,13.44
"93534","06037900703",4375,39341,11.12
"93534","06037900704",3043,39341,7.73
"93534","06037900705",4285,39341,10.89
"93534","06037900803",8284,39341,21.06
"93534","06037900804",3489,39341,8.87
"93534","06037900805",5089,39341,12.94
"93534","06037900806",3620,39341,9.2
"93534","06037900900",333,39341,0.85
"93534","06037901009",0,39341,0
"93534","06037901011",149,39341,0.38
"93535","06037900102",687,72046,0.95
"93535","06037900103",6170,72046,8.56
"93535","06037900201",1229,72046,1.71
"93535","06037900300",4339,72046,6.02
"93535","06037900501",6764,72046,9.39
"93535","06037900504",5816,72046,8.07
"93535","06037900505",4002,72046,5.55
"93535","06037900506",4352,72046,6.04
"93535","06037900507",7669,72046,10.64
"93535","06037900508",3334,72046,4.63
"93535","06037900602",5206,72046,7.23
"93535","06037900605",7100,72046,9.85
"93535","06037900606",2728,72046,3.79
"93535","06037900607",3695,72046,5.13
"93535","06037900608",3536,72046,4.91
"93535","06037900609",5243,72046,7.28
"93535","06037900704",7,72046,0.01
"93535","06037910001",0,72046,0
"93535","06037980004",169,72046,0.23
"93536","06037900900",3430,70918,4.84
"93536","06037901003",6188,70918,8.73
"93536","06037901004",12544,70918,17.69
"93536","06037901007",2258,70918,3.18
"93536","06037901008",2874,70918,4.05
"93536","06037901009",5318,70918,7.5
"93536","06037901010",5913,70918,8.34
"93536","06037901011",4920,70918,6.94
"93536","06037901101",5496,70918,7.75
"93536","06037901102",5557,70918,7.84
"93536","06037901205",10466,70918,14.76
"93536","06037901209",1296,70918,1.83
"93536","06037910202",1760,70918,2.48
"93536","06037910301",2898,70918,4.09
"93543","06037910001",5037,13033,38.65
"93543","06037910002",7076,13033,54.29
"93543","06037910706",0,13033,0
"93543","06037910811",0,13033,0
"93543","06037911001",920,13033,7.06
"93544","06037900104",6,1259,0.48
"93544","06037910002",22,1259,1.75
"93544","06037911001",1231,1259,97.78
"93544","06037930301",0,1259,0
"93550","06037910101",857,74929,1.14
"93550","06037910201",1946,74929,2.6
"93550","06037910205",633,74929,0.84
"93550","06037910402",3749,74929,5
"93550","06037910403",2235,74929,2.98
"93550","06037910404",4130,74929,5.51
"93550","06037910501",5339,74929,7.13
"93550","06037910502",4086,74929,5.45
"93550","06037910504",4797,74929,6.4
"93550","06037910505",3064,74929,4.09
"93550","06037910601",6460,74929,8.62
"93550","06037910602",3995,74929,5.33
"93550","06037910603",7075,74929,9.44
"93550","06037910605",4535,74929,6.05
"93550","06037910606",2970,74929,3.96
"93550","06037910707",4329,74929,5.78
"93550","06037910709",374,74929,0.5
"93550","06037910711",788,74929,1.05
"93550","06037910715",6702,74929,8.94
"93550","06037910716",6117,74929,8.16
"93550","06037910805",116,74929,0.15
"93550","06037910811",205,74929,0.27
"93550","06037910812",402,74929,0.54
"93550","06037930200",0,74929,0
"93550","06037930301",25,74929,0.03
"93550","06037980004",0,74929,0
"93551","06037901213",3525,50798,6.94
"93551","06037910201",1603,50798,3.16
"93551","06037910202",3463,50798,6.82
"93551","06037910205",706,50798,1.39
"93551","06037910206",3246,50798,6.39
"93551","06037910207",6023,50798,11.86
"93551","06037910208",6340,50798,12.48
"93551","06037910209",4397,50798,8.66
"93551","06037910210",7103,50798,13.98
"93551","06037910301",1321,50798,2.6
"93551","06037910302",6387,50798,12.57
"93551","06037910401",6608,50798,13.01
"93551","06037910402",2,50798,0
"93551","06037910804",10,50798,0.02
"93551","06037920012",64,50798,0.13
"93552","06037900201",30,38158,0.08
"93552","06037910101",827,38158,2.17
"93552","06037910705",11415,38158,29.92
"93552","06037910706",6022,38158,15.78
"93552","06037910709",1276,38158,3.34
"93552","06037910711",6797,38158,17.81
"93552","06037910712",2772,38158,7.26
"93552","06037910713",5324,38158,13.95
"93552","06037910714",3596,38158,9.42
"93552","06037910811",2,38158,0.01
"93552","06037910812",62,38158,0.16
"93552","06037911001",35,38158,0.09
"93553","06037910002",119,2138,5.57
"93553","06037911001",1944,2138,90.93
"93553","06037930301",75,2138,3.51
"93560","06037900900",50,18910,0.26
"93563","06037911001",71,388,18.3
"93563","06037930301",317,388,81.7
"93591","06037900102",342,7285,4.69
"93591","06037900104",6236,7285,85.6
"93591","06037900201",2,7285,0.03
"93591","06037910001",705,7285,9.68
