"geoid_2010","zip","population","network_dist_3parks_miles","mean_dist_3parks_miles","asthma_ed_per10k","ami_ed_per10k","pm25_ug_m3","ozone_ppm","poverty_pct_below_2x_fpl","ozone_ppm_ces3_2012_2014","land_area_sq_mi","in_primary","within_1p25mi"
"06037194102","90046",3189,1.25445585281953,0.341536473333333,19.95,9.72,11.55141434,0.05225601,20.6,0.051,1.35198974067491,1,1
"06037192002","90036",2597,0.463765981667064,0.367852863333333,25.11,10.71,11.76734525,0.04939042,20.2,0.048,0.331173717527221,1,1
"06037191902","90038",2788,0.9299596605822,0.67077729,37.5,11.19,11.89127311,0.04863521,18.1,0.048,0.280410835475225,1,1
"06037191901","90038",3060,0.492993418436332,0.431796616666667,40.28,10.1,11.89127311,0.04939042,31.7,0.05,0.298023240392405,1,1
"06037191302","90027",1947,0.58119395231846,0.44784377,47.59,14.15,12.03217459,0.04939042,47.5,0.048,0.163165654943489,1,1
"06037191301","90029",2224,0.610434437882765,0.42321928,70,18.14,12.03217459,0.04899293,48.1,0.048,0.104829363323216,1,1
"06037190802","90028",2982,0.35603947944007,0.266146536666667,53.48,13.5,11.90677464,0.04939042,49.7,0.05,0.187935256010114,1,1
"06037189905","90046",2432,0.425107994313211,0.312546133333333,27.24,13.36,11.7676418,0.05067132,28.4,0.05,0.0997587091181666,1,1
"06037189202","90027",2396,0.654776728903205,0.41620485,43.46,21.11,11.92720438,0.05022962,13,0.05,0.398139099244745,1,1
"06037189102","90027",3356,0.60155131531854,0.402429533333333,43.46,21.11,11.92720438,0.05022962,17.7,0.05,0.241349821656903,1,1
"06037189101","90027",2521,0.696994551817386,0.520923453333333,43.46,21.11,11.9949196,0.04978792,17,0.05,0.152599508227858,1,1
"06037188202","90027",2426,0.671788008033087,0.42410508,43.46,21.11,11.94592608,0.05067132,7.8,0.05,0.292669203417308,1,1
"06037270200","90034",3226,0.530767815954824,0.412708203333333,29.52,9.78,11.74486853,0.04632538,26,0.046,0.29281757811699,1,1
"06037270300","90034",2542,0.667166249105225,0.566228326666667,33.72,7.35,11.73778552,0.04632538,18,0.046,0.378360780081728,1,1
"06037271100","90064",2445,1.10303266424083,0.758404933333333,30.51,12.26,11.78318303,0.04716458,17.2,0.046,0.309869891616221,1,1
"06037141500","91436",2982,1.47360787998091,0.880341496666667,20.79,9.24,11.6681151,0.05685511,6.2,0.053,1.2871330917191,1,1
"06037271400","90066",3743,0.622905357710968,0.419370826666667,31.7,11.02,11.68678342,0.04632538,11,0.046,0.442707181080457,1,1
"06037271600","90066",4811,0.866576692118031,0.52528996,21.68,7.87,11.78676393,0.04632538,29.2,0.046,0.345836457097481,1,1
"06037271500","90066",3187,0.441382948580291,0.214204563333333,28.13,9.98,11.59513461,0.04632538,10.4,0.046,0.351069740692748,1,1
"06037271300","90064",4395,0.908624259325539,0.674051866666667,23.71,9.34,11.72305579,0.04676708,16,0.046,0.563840456167191,1,1
"06037271200","90064",2770,1.19473462479122,0.927091326666667,31.87,12.85,11.77486462,0.04716458,31.2,0.046,0.204531424979785,1,1
"06037271701","90034",5694,0.913342330788197,0.548221086666667,30.71,10.74,11.77449393,0.04632538,18.2,0.046,0.386009807448498,1,1
"06037271801","90034",3071,0.656193455221506,0.47554615,34.49,11.8,11.66040963,0.04588368,29,0.046,0.186755842516976,1,1
"06037271702","90034",3918,1.00756519426549,0.700301573333333,24.88,9.09,11.73728992,0.04632538,33.7,0.046,0.272690339378817,1,1
"06037464200","91108",6073,1.09732723395371,0.862691543333333,10.59,5.29,11.35077304,0.05763123,10.3,0.053,1.35533600255022,1,1
"06037139502","91316",2917,1.37647451383918,0.99572934,54.24,11.41,12.34764355,0.05938691,16.5,0.057,0.40309988713037,1,1
"06037530204","90640",3904,0.637399462141096,0.425163406666667,57.34,17.79,12.14306243,0.05022962,29.9,0.046,0.257809909075992,1,1
"06037530004","90640",3495,0.614871649566531,0.20223196,48.94,15.21,11.99952316,0.05168937,39.7,0.046,0.503879422037192,1,1
"06037530202","90640",4348,0.426216520520162,0.22243611,48.18,14.44,12.12462656,0.05022962,31.5,0.046,0.695242216243224,1,1
"06037530203","90640",2728,0.539079898393383,0.190225956666667,57.34,17.79,12.09672029,0.05116215,44,0.046,0.285794058665389,1,1
"06037432601","91732",7210,0.897266215302633,0.583944003333333,73.28,15.5,12.03686392,0.05763123,36,0.05,0.545691934323204,1,1
"06037431300","91016",2689,0.914268795235823,0.61196476,33.22,7.85,11.95304076,0.06133785,16,0.053,0.315790895219206,1,1
"06037432802","91731",5077,0.437749791219279,0.335787223333333,45.36,10.54,11.89284869,0.05679963,61.4,0.05,0.228629178855188,1,1
"06037433401","91733",3405,0.868588070667303,0.626244146666667,65.92,16.69,12.00258505,0.05605125,59,0.048,0.195448921173233,1,1
"06037433901","91732",6032,0.711681281317108,0.547156833333333,68.46,14.57,12.03649159,0.05679963,64.1,0.05,0.27858977238355,1,1
"06037134303","91303",5942,1.09539725503062,0.680335013333333,56.97,13.9,11.0936932,0.05938691,26.1,0.057,0.605932399809357,1,1
"06037433602","91770",2896,0.322000144158117,0.202797146666667,40.18,11.14,11.90115668,0.05462941,54.7,0.048,0.372716560564442,1,1
"06037434001","91732",4410,0.739439175216734,0.345714366666667,73.28,15.5,12.04991184,0.05605125,51.8,0.05,0.425700473694453,1,1
"06037433403","91732",4882,0.855167074286169,0.68829122,46.06,10.27,12.00572463,0.05605125,66.1,0.05,0.273034545716891,1,1
"06037133000","91335",4778,1.03026450528911,0.804959233333333,64.81,17.27,13.28667479,0.06133785,34.2,0.06,0.387548194671056,1,1
"06037132700","91335",4873,0.475202318460192,0.380298146666667,70.9,18.6,14.58823142,0.06236471,39.7,0.06,0.509178684395582,1,1
"06037131900","91406",4597,0.735078392189613,0.57432834,76.01,19.17,13.29586683,0.06236471,20.5,0.06,0.509001105676891,1,1
"06037133100","91335",5609,0.718953188379862,0.456463956666667,80.89,21.54,13.28066467,0.06133785,36.9,0.06,0.585556669713823,1,1
"06037134101","91306",5579,1.31807742782152,0.928950726666667,70.21,17.96,12.21868346,0.06236471,42.8,0.057,0.411469580178884,1,1
"06037134103","91306",4659,1.19368575021872,0.863277173333333,84.14,21.42,11.8586098,0.06133785,27.7,0.057,0.404519874077723,1,1
"06037131300","91335",5102,1.40453315139585,1.0786659,62.36,16.74,13.328001,0.06350576,30.9,0.06,0.431669124847836,1,1
"06037134201","91304",4735,1.28922529925237,0.885082436666667,51.81,11.87,11.59347741,0.06133785,21.8,0.057,0.567201697053351,1,1
"06037131100","91406",3197,1.53635580708661,1.2052402,63.41,16.14,12.72007499,0.06350576,26.4,0.06,0.425268525031955,1,1
"06037131010","91335",6686,1.63009710788992,1.25037445666667,72.56,19.4,13.17311521,0.06236471,42.8,0.06,0.410709094185765,1,0
"06037134304","91304",3042,0.812251451523105,0.626994566666667,58.61,13.1,11.18491889,0.060311,27.7,0.057,0.394025599746865,1,1
"06037134302","91304",4112,0.866410786009703,0.7439656,59.24,13.52,10.96490305,0.060311,20.7,0.057,0.506342708214209,1,1
"06037134305","91304",4183,0.793977546130597,0.539913756666667,69.12,15.55,11.50949454,0.060311,74.9,0.057,0.137868300305054,1,1
"06037134422","91307",4924,0.813424600334049,0.55083754,41.39,12.07,10.69531607,0.05938691,8.9,0.057,0.908049410176636,1,1
"06037703002","90056",6721,0.648586629086137,0.371016483333333,55.46,8.95,11.7994331,0.04435661,12.6,0.046,1.25510783973831,1,1
"06037231300","90062",5754,0.508821606816193,0.339717066666667,65.75,11.65,11.98149623,0.04490202,47.5,0.046,0.253926851971919,1,1
"06037228710","90011",3982,0.427781133182216,0.323419673333333,69.72,22.77,12.10765122,0.04588368,74.6,0.046,0.156491318902618,1,1
"06037228720","90011",4825,0.396577736021634,0.33720192,69.72,22.77,12.21219619,0.04588368,71.7,0.046,0.156226682641412,1,1
"06037229100","90011",5146,0.309444717847769,0.238161993333333,69.72,22.77,12.15277014,0.04539285,61,0.046,0.183387047934749,1,1
"06037229300","90011",5715,0.255742091187465,0.229271513333333,69.72,22.77,12.00225165,0.04490202,71.6,0.046,0.194181399121172,1,1
"06037229410","90011",3697,0.208847828680506,0.18414513,69.59,22.72,12.00225165,0.04490202,66.1,0.046,0.209440773603783,1,1
"06037229420","90011",4759,0.392829003618866,0.35201561,66.83,21.79,12.10765122,0.04539285,62.7,0.046,0.225736572735463,1,1
"06037231800","90037",5436,0.700811013680108,0.579778973333333,50.62,12.03,12.0084908,0.04539285,72.6,0.046,0.200976750121065,1,1
"06037231100","90007",3474,0.747271559094886,0.527200173333333,41.22,11.42,12.08083341,0.04539285,80.8,0.046,0.342731117819688,1,1
"06037231900","90037",6162,0.576026008112622,0.42749011,53.06,12.42,11.99843255,0.04490202,64,0.046,0.218028065526911,1,1
"06037231210","90037",4040,0.613844522985763,0.440112533333333,81.31,16.43,11.99266542,0.04490202,58.4,0.046,0.124062859682394,1,1
"06037231720","90037",4934,0.793036168774358,0.552618413333333,100.68,20.14,12.0084908,0.04490202,55.7,0.046,0.180964648343501,1,1
"06037232400","90062",7361,0.769940422930088,0.625846563333333,128.19,21.61,11.95360692,0.04435661,46.1,0.046,0.429822422304479,1,1
"06037232300","90037",6006,0.59890738089557,0.477307913333333,88.18,16.55,11.96219866,0.04490202,55.2,0.046,0.242717343613211,1,1
"06037232200","90037",3487,0.525588687067526,0.412540346666667,91.04,17.25,11.97864156,0.04490202,50.5,0.046,0.201869250818298,1,1
"06037232110","90037",3038,0.315094846098783,0.209508193333333,100.68,20.14,11.96948377,0.04490202,63.7,0.046,0.146395165179735,1,1
"06037125320","91601",5106,1.06000705877674,0.674193086666667,62.98,15.03,11.56009788,0.05846283,43,0.053,0.245065616911655,1,1
"06037277200","90045",2196,1.04970410303826,0.770956523333333,26.3,11.75,11.97162189,0.04320513,36.2,0.046,0.402432479008562,1,1
"06037291110","90044",4391,0.450840839497336,0.313238013333333,81.43,14.75,12.13197187,0.04259906,50.1,0.044,0.273636532429487,1,1
"06037703001","90056",6503,0.538364700151117,0.344091493333333,39.43,9.37,11.69361957,0.04435661,7.4,0.046,1.83223434324569,1,1
"06037231600","90037",7420,0.746041244134256,0.586179296666667,92.24,17.69,11.97864156,0.04490202,54,0.046,0.368484300162675,1,1
"06037291120","90248",2407,0.481651530064424,0.408900113333333,70.95,13.39,12.14261917,0.04259906,44.7,0.044,0.26991048242457,1,1
"06037125310","91601",4313,0.875256004931202,0.627554753333333,53.69,12.98,11.54950171,0.05846283,38.1,0.053,0.406631287403864,1,1
"06037291130","90248",3626,0.906390429889446,0.77208563,75.78,14.63,12.11872262,0.04259906,27.6,0.044,0.499921403894013,1,1
"06037124600","91423",2691,1.22667061858745,0.93700575,36.87,16.87,11.61984123,0.05938691,26.3,0.053,0.431669563440583,1,1
"06037540400","90059",2109,0.554843464169252,0.46059599,122.71,25.25,12.0701055,0.0438112,55.9,0.044,0.130359103229628,1,1
"06037535607","90280",4946,0.894459481627296,0.689250696666667,44,14.89,12.07341395,0.04435661,52.9,0.044,0.363355557971268,1,1
"06037124000","91607",5219,1.04311197605981,0.70991936,40.05,17.42,11.54776039,0.05846283,18.2,0.053,0.520026561469427,1,1
"06037532700","90001",3417,0.424381611389485,0.28587684,72.22,22.06,12.136112,0.04539285,68.9,0.046,0.298754057167853,1,1
"06037540502","90262",6163,0.384236061401416,0.212243846666667,63.03,17.35,12.08913112,0.0438112,66.5,0.044,0.231153655896513,1,1
"06037540202","90262",7116,0.648460490734113,0.514745003333333,56.87,16.06,12.02885778,0.04435661,70.3,0.044,0.292337141036528,1,1
"06037540501","90262",6713,0.286653443887696,0.234385603333333,67.87,18.84,12.08997374,0.0438112,36.8,0.044,0.561112300341796,1,1
"06037540201","90280",2587,0.757069961425276,0.68275203,31.32,9.61,12.05144249,0.04490202,67.9,0.044,0.101081026192433,1,1
"06037532400","90058",45,1.64632048834805,1.02348039666667,109.89,20.16,12.18145711,0.04673761,4.4,0.046,4.99237407641999,1,1
"06037402801","91766",4976,0.705876431639227,0.583983726666667,67.92,15.89,12.75120791,0.05763123,54.4,0.057,0.694371622470499,1,1
"06037402502","91766",6839,0.437583885110952,0.334516433333333,74.95,17.48,12.50761355,0.05605125,52.3,0.057,0.568249717795037,1,1
"06037402402","91766",6635,0.627031883798616,0.432598356666667,66.68,15.23,12.44092467,0.05605125,42.8,0.057,2.06523747060368,1,1
"06037402403","91768",5231,0.818342753320608,0.952229896666667,56.6,12.56,12.35454552,0.05535282,28.9,0.057,0.784487092104836,1,1
"06037402902","91766",6903,0.502573719478247,0.38038291,74.95,17.48,12.57603309,0.05605125,51.6,0.057,0.708961113207581,1,1
"06037402404","91768",1862,1.18311622623877,0.80109024,38.82,8.97,12.22929541,0.05535282,,0.057,1.62129755069802,0,1
"06037403303","91789",2741,1.40530613715899,0.755753013333333,26.46,10.71,12.29942209,0.05168937,27.2,0.053,1.72102132417897,1,1
"06037403000","91766",6950,0.56344137735624,0.34544382,74.95,17.48,12.54493086,0.05605125,48.5,0.057,0.934351199616125,1,1
"06037192420","90004",4280,0.637468434343434,0.462440186666667,56.78,14.58,12.01439591,0.04791979,48.2,0.048,0.125493152470109,1,1
"06037192410","90004",3700,0.665807310307802,0.521110666666667,52.31,13.45,11.92386634,0.04791979,29.4,0.048,0.263978947129607,1,1
"06037192510","90004",3840,0.524897100930566,0.420210126666667,49.01,12.6,12.01439591,0.04791979,50.9,0.048,0.13257597974417,1,1
"06037192520","90004",5269,0.47212156008908,0.336937373333333,40.82,10.51,12.04695849,0.04791979,51.8,0.048,0.117788401512778,1,1
"06037192610","90004",3703,0.495270743855882,0.345996876666667,53.46,13.73,12.10279177,0.0482775,64.1,0.048,0.160221557731398,1,1
"06037195400","90026",4451,0.577273100095443,0.39400993,42.99,11.02,12.13679062,0.04939042,18.5,0.048,0.397699088954505,1,1
"06037192700","90004",3449,0.252212702815557,0.203516463333333,49.08,12.62,12.16076534,0.0482775,51,0.048,0.205213312261499,1,1
"06037194300","90069",3262,1.26940355822,0.418909606666667,12.8,6.13,11.50092642,0.05168937,7.4,0.05,0.95530156411413,1,1
"06037192620","90004",3542,0.438032515111747,0.300220383333333,56.78,14.58,12.10279177,0.04791979,60.9,0.048,0.0940212698304627,1,1
"06037195600","90026",2948,0.67745739879106,0.53695336,55.72,14.06,12.22276714,0.04863521,39.5,0.046,0.201987044863692,1,1
"06037195100","90039",4978,0.62949375646226,0.26580177,33.65,8.4,12.00322844,0.05022962,7.3,0.048,0.731880300917675,1,1
"06037570001","90713",4764,0.927183374095284,0.72273286,28.05,11.44,11.74267889,0.0438112,18.6,0.044,0.591899431993918,1,1
"06037570902","90713",3583,0.496942853734192,0.421761793333333,34.4,15.1,11.67212819,0.04320513,18.1,0.044,0.408024775553892,1,1
"06037570702","90712",2296,0.494276549948302,0.285943513333333,138.46,14.25,11.93730018,0.04259906,16.1,0.042,0.261198580211629,1,1
"06037570701","90712",7372,0.656217688698004,0.52473503,123.15,13.18,11.81301379,0.04259906,14.4,0.042,0.683861353656948,1,1
"06037571101","90713",4402,0.273712146066969,0.20660812,34.4,15.1,11.6438093,0.04259906,9.9,0.044,0.510367471698548,1,1
"06037571300","90712",4484,0.5146084367295,0.469853483333333,103.58,11.46,11.66104793,0.04192559,18.6,0.042,0.805079297421949,1,1
"06037570003","90712",4119,0.792744124314006,0.56700277,127.45,13.38,11.84858192,0.04320513,10.4,0.044,0.441856126335653,1,1
"06037571102","90713",4073,0.446190497494631,0.35847367,33.59,14.74,11.62150813,0.04259906,19,0.042,0.485949617143223,1,1
"06037555211","90716",5652,0.465037307126382,0.259343016666667,53.8,19.6,11.67866576,0.04320513,48.9,0.044,0.307747802854971,1,1
"06037570202","90805",6124,0.644768303109839,0.458750526666667,63.41,14.42,12.19282827,0.04320513,40.2,0.042,0.644220065643467,1,1
"06037503802","90638",4900,0.481721745009147,0.324129496666667,37.42,16.37,11.96607247,0.04756207,16.7,0.046,0.50970560899602,1,1
"06037503801","90638",3851,0.503392065338424,0.183428606666667,33.05,13.7,11.96890619,0.04791979,17.6,0.046,0.501453848442571,1,1
"06037503902","90638",4939,0.97596536228426,0.90693143,37.42,16.37,11.98892325,0.04673761,18.5,0.046,2.04149117205793,1,1
"06037504002","90638",5461,0.621661372584109,0.498437033333333,37.42,16.37,11.97039347,0.04716458,12.8,0.046,0.59616314787252,1,1
"06037503901","90638",2942,0.585053910164638,0.467287826666667,35.39,15.13,12.01645709,0.04716458,18.5,0.046,0.351874897255803,1,1
"06037480102","91775",4487,0.991520768710729,0.83718228,21.62,10.22,11.68274338,0.05763123,25.7,0.051,0.476746259943255,1,1
"06037504101","90638",4826,0.663666065179353,0.503399363333333,28.45,12.07,11.94009075,0.04716458,35.2,0.046,0.470573341056767,1,1
"06037980004","93550",0,3.15927297085023,2.26149501666667,69.91,11.74,7.008507512,0.06236471,,0.062,17.4447699692722,0,0
"06037980003","93535",0,14.2810194712877,10.2431220933333,48.53,11.32,6.463688923,0.06236471,,0.062,74.577160393219,0,0
"06037980002","90745",0,1.77758328859461,1.22581855666667,,,11.82071647,0.03975537,,0.042,2.6915079017023,0,1
"06037980001","91505",0,1.95225880855802,0.915551263333333,,,11.50704213,0.06133785,,0.055,0.893963696968478,0,1
"06037930301","93563",796,18.6293937157003,4.98666848666667,23.43,7.07,10.66986992,0.06727674,,0.057,398.830843968623,0,0
"06037920338","91381",5711,0.98921299610276,0.625356293333333,21,11.66,9.910647406,0.06350576,8.4,0.062,1.43503332064717,1,1
"06037920119","91384",1974,3.4805728296747,1.21293625,29.55,10.63,8.835842535,0.060311,12.2,0.06,1.95319822397949,1,1
"06037920116","91384",5481,1.01236404398314,0.816400026666667,29.55,10.63,8.795164145,0.06133785,15.5,0.06,2.86546701785824,1,1
"06037920045","91350",4282,1.15250251033962,0.614297606666667,24.51,11,9.68763411,0.06464682,7.6,0.062,0.722079517171992,1,1
"06037910713","93552",5787,0.908889584824624,0.810593253333333,79.73,18.78,8.176058732,0.06236471,37.7,0.062,0.771340292338253,1,1
"06037910712","93552",2904,1.08583435238209,0.67225967,79.34,18.67,8.480696039,0.06236471,30.9,0.062,0.801206256078141,1,1
"06037188201","90027",3473,0.450471123637954,0.25391163,29.5,11.4,12.00322844,0.05067132,18.1,0.05,0.29850786435618,1,1
"06037187101","90039",3438,0.63824204147777,0.46985451,45.8,9.99,11.96632968,0.05116215,23.2,0.05,0.305044159198862,1,1
"06037186404","90065",2631,0.658120948659827,0.441284406666667,65.4,11.07,12.05494302,0.05116215,39.5,0.048,0.155398575631299,1,1
"06037186403","90065",2698,0.64590168416448,0.37727035,65.4,11.07,11.94222572,0.05116215,34.8,0.048,0.209580749596569,1,1
"06037186302","90065",5096,0.523891100970333,0.268258073333333,65.4,11.07,11.88924998,0.05219839,29.6,0.048,0.649951578534467,1,1
"06037186203","90065",3416,0.509955609242027,0.26394647,39.39,8.59,11.7845552,0.05219839,23.4,0.048,0.325414376501134,1,1
"06037186202","90065",2007,0.93563650779448,0.576850853333333,37.61,7.18,11.83627425,0.0527438,30.1,0.05,0.158527218201786,1,1
"06037271802","90034",5644,0.72680980573451,0.54115202,34.49,11.8,11.66040963,0.04588368,19.2,0.046,0.22228358322116,1,1
"06037272100","90066",4578,0.997142935258093,0.703216903333333,34.75,12.11,11.68678342,0.04588368,21.7,0.046,0.462962994003861,1,1
"06037272302","90066",4457,0.867838697009465,0.763972163333333,35.21,12.29,11.63317139,0.04539285,32.3,0.046,0.195948509481767,1,1
"06037272301","90066",3045,0.757843568559612,0.714100246666667,35.21,12.29,11.76013155,0.04539285,17.5,0.046,0.232428619740266,1,1
"06037139802","91356",4126,0.654187047641772,0.27342478,42.56,10.2,11.74846744,0.05763123,12.9,0.055,2.34291693524415,1,1
"06037185320","90065",2991,0.336361275153106,0.214182196666667,65.4,11.07,12.45587973,0.05022962,58.9,0.046,0.229756348437059,1,1
"06037139801","91356",3488,1.42214094687028,0.947999613333333,59.55,13.44,11.96890818,0.05938691,9.5,0.057,1.41694027811193,1,1
"06037135102","91307",3726,0.695985445001193,0.592062966666667,40.43,13.82,11.07405896,0.05938691,14.5,0.057,0.648528978192877,1,1
"06037139702","91436",6447,1.16672383281635,0.51990755,17.69,6.93,11.74829092,0.05763123,9.7,0.053,3.62767817637202,1,1
"06037700300","90069",6223,0.244408280641056,0.204714253333333,18.53,8.56,11.7451443,0.05022962,19.3,0.05,0.234703628346,1,1
"06037113213","91311",5248,1.10970121987592,0.55561186,54.03,17.22,10.67168543,0.06133785,15.5,0.057,0.500339702860644,1,1
"06037530301","90022",2211,0.467192222421061,0.36581783,72.44,16.96,12.23170295,0.05022962,46.2,0.046,0.2253929674237,1,1
"06037530302","90022",6849,0.739255249343832,0.551283316666667,67,15.84,12.23883919,0.05022962,45.8,0.046,0.328244602671554,1,1
"06037532002","90640",3360,0.715928974787242,0.518341776666667,57.34,17.79,12.19858018,0.04981739,56.4,0.046,0.322493237816061,1,1
"06037532101","90640",6747,0.766120854211405,0.49086301,56.92,17.67,12.07970385,0.05022962,46.9,0.046,0.554032557527841,1,1
"06037138000","91364",4780,0.749490475622365,0.221497916666667,33.07,11.7,11.36947068,0.05763123,13.6,0.055,1.72772195532975,1,1
"06037481714","91754",2739,0.526379692595244,0.41023521,36.6,9.43,12.00233411,0.0527438,50.7,0.048,0.176774488495239,1,1
"06037481800","91803",2558,0.971258475503062,0.548404576666667,29.79,7.67,11.96491784,0.05219839,16,0.048,0.317234732072187,1,1
"06037433200","91731",6246,0.557591788952517,0.45040547,48.95,11.33,11.99426857,0.05605125,51.4,0.05,0.690191632624908,1,1
"06037433302","91732",1530,0.869321288674143,0.546876336666667,73.28,15.5,12.09259994,0.05679963,58.9,0.05,0.334138955151034,1,1
"06037433501","91733",1949,0.464507277499403,0.31007192,65.92,16.69,12.00416809,0.05462941,61.1,0.048,0.45814013324177,1,1
"06037433402","91733",4713,0.894890713234709,0.662548966666667,47.03,11.44,12.00572463,0.05605125,53.6,0.05,0.220419590355185,1,1
"06037433700","91733",3684,0.307780685794957,0.423858516666667,65.92,16.69,12.00257511,0.05462941,46.4,0.048,1.23655154714204,1,1
"06037433801","91733",5944,0.84416942555476,0.570927263333333,65.92,16.69,12.03999382,0.05530288,52.1,0.048,0.60660813178791,1,1
"06037433601","91770",5066,0.814486523701583,0.4477988,37.84,10.34,11.96177798,0.05530288,36.2,0.048,0.433572606103586,1,1
"06037134710","91306",5836,0.973699842917363,0.70752515,84.14,21.42,12.10983792,0.06133785,60.2,0.057,0.220287293224292,1,1
"06037134520","91303",6065,1.17905805098226,0.95693693,86.35,18.41,11.5987061,0.060311,54.4,0.057,0.373455345343651,1,1
"06037134720","91306",5074,0.958965889207031,0.832446326666667,79.11,20.17,12.54060138,0.06133785,37.7,0.057,0.382053705824542,1,1
"06037206010","90012",4121,0.266370645430685,0.17460303,30.75,10.73,13.32985065,0.04863521,58.4,0.046,0.555292314600626,1,1
"06037134800","91306",6399,1.19086534637716,0.94431423,75.02,19.21,12.53052604,0.06133785,28.1,0.057,0.720245432987721,1,1
"06037134901","91335",3140,1.21796707229778,0.953243793333333,42.02,12.52,12.76048166,0.060311,30.8,0.06,0.408027219190593,1,1
"06037135111","91303",3313,0.956446229022509,0.687673183333333,58.57,13.2,11.31242478,0.05938691,11.4,0.057,0.40389554038918,1,1
"06037135201","91307",2788,1.31931892746361,0.770505363333333,38.39,13.28,10.96486927,0.05846283,14.6,0.057,0.591305905535605,1,1
"06037408628","91745",5177,0.481268765410006,0.395396846666667,41.15,11.18,11.97278589,0.05219839,25.4,0.048,0.951070180530674,1,1
"06037408705","91748",5625,1.21326826334208,0.734333026666667,25.99,9.07,12.17657329,0.05116215,19.6,0.051,0.741010303966222,1,1
"06037408703","91748",6545,1.54824574485008,1.26189166666667,20.31,7.2,11.9948863,0.04981739,13,0.05,6.59164340410814,1,0
"06037406602","91790",5198,0.733770405829953,0.519937783333333,45.41,10.27,12.07784169,0.05605125,27.7,0.053,0.613247596460974,1,1
"06037408800","91766",4387,0.295193569553806,0.23386424,74.6,16.81,12.63844027,0.05763123,51.4,0.057,0.692033517470472,1,1
"06037232600","90037",6833,0.79680851328243,0.626065246666667,79.44,15.29,11.97005427,0.04435661,49.7,0.046,0.306484874328246,1,1
"06037232500","90062",4940,0.484110295872107,0.356743486666667,112.71,18.74,11.94659663,0.04435661,41.3,0.046,0.29693675468958,1,1
"06037232800","90037",4489,0.419772279885469,0.33857731,50.48,12,11.99449266,0.04490202,63.8,0.046,0.165230740003667,1,1
"06037232700","90037",6568,0.660169609480633,0.51423564,98.16,19.67,11.97007108,0.04490202,53.3,0.046,0.28168081166751,1,1
"06037234300","90008",3805,0.36682089099658,0.31568672,122.21,16.18,11.92169725,0.04490202,23.6,0.046,0.334203792100806,1,1
"06037234700","90043",3690,0.544962419470293,0.436430603333333,137.44,16.12,11.95162029,0.0438112,34.8,0.046,0.286881056536202,1,1
"06037234800","90043",3317,0.62808821482542,0.51903072,132.38,15.43,11.95162029,0.0438112,23.4,0.046,0.252558522417696,1,1
"06037235100","90043",4401,0.691487338940587,0.56801633,132.05,15.53,11.91305485,0.0438112,18.4,0.046,0.45585613796505,1,1
"06037234600","90043",4908,0.51966329137835,0.434532296666667,129.15,15.28,11.92245429,0.0438112,27.4,0.046,0.501938288311293,1,1
"06037234000","90008",5417,0.769266235186511,0.63002523,78.95,11.21,11.96275337,0.04490202,34.2,0.046,0.481167835538828,1,1
"06037235202","90043",4331,0.605500129245208,0.495856146666667,131.73,15.49,11.93412511,0.0438112,41.2,0.046,0.328468025965957,1,1
"06037235201","90043",2682,0.6639904209417,0.489547916666667,123.34,14.56,11.93780554,0.0438112,39.9,0.046,0.251124676950737,1,1
"06037703100","90043",6068,0.465905362681937,0.296823603333333,130.09,15.36,11.87615491,0.04435661,16.5,0.046,1.02857144537625,1,1
"06037700600","90210",5021,0.547009216177523,0.366728113333333,16.23,9.16,11.60694985,0.05076979,15.8,0.048,2.19599170933646,1,1
"06037703200","90043",5688,0.53590469160105,0.372228826666667,121.03,14.36,11.90810602,0.04435661,18.6,0.046,0.812427915458655,1,1
"06037701502","90404",3530,0.445131680983059,0.39828124,59.14,11.14,11.72139398,0.04791979,12.8,0.046,0.237403311176205,1,1
"06037620002","90245",3493,0.300594527956733,0.20617962,22.71,9.11,11.88115235,0.04259906,15.2,0.044,0.457519869900098,1,1
"06037533701","90270",2998,0.319926007118428,0.270711193333333,44.91,17.02,12.12538715,0.04716458,59.1,0.046,0.154833509464644,1,1
"06037191000","90028",4454,0.423694374850871,0.344919336666667,53.18,12.08,11.97617641,0.05022962,30,0.05,0.249973393732684,1,1
"06037533107","90255",3503,0.61212456752565,0.45991978,60.74,24.24,12.0654342,0.04588368,64.7,0.046,0.133384738532255,1,1
"06037534302","90201",3720,0.32531702358228,0.242196093333333,46.98,20.41,12.03778507,0.04588368,57.9,0.046,0.149021550270746,1,1
"06037532500","90255",4195,1.0147047492643,0.775518576666667,54,19.34,12.10088367,0.04632538,48.3,0.046,0.393294997663136,1,1
"06037534404","90201",3677,0.557094070627535,0.475617,47.59,20.82,12.03133345,0.04588368,48.2,0.046,0.158407882897578,1,1
"06037481201","91780",3910,1.07559974747475,0.810550836666667,27.26,9.3,11.77876176,0.05763123,33.8,0.05,0.387243034579028,1,1
"06037533401","90270",5098,0.520069668138074,0.423210226666667,48.68,16.83,12.11512207,0.04716458,43.7,0.046,0.182483832775974,1,1
"06037123206","91606",2572,1.01916122345502,0.844013466666667,52.8,14.81,11.51704283,0.06133785,59.1,0.055,0.232783795490474,1,1
"06037534201","90201",4768,0.490056196810626,0.29755116,54.25,23.93,12.02968272,0.04632538,61.9,0.046,0.198311802337579,1,1
"06037534900","90001",6319,0.695072029348604,0.536634836666667,67.65,21.92,12.11083805,0.04539285,39.7,0.046,0.40565079069417,1,1
"06037430801","91006",6978,0.295069295315358,0.205487333333333,22.22,5.91,11.87707855,0.06133785,23.7,0.051,0.660087867731563,1,1
"06037430724","91007",4723,0.482104509663565,0.39992617,18.19,7.51,11.76789157,0.05938691,26.2,0.051,0.224632046489974,1,1
"06037403304","91789",4863,1.9869443698799,0.247643823333333,22.01,8.81,12.17233228,0.05116215,13.1,0.051,1.40836285091672,1,1
"06037403321","91765",6303,1.30101084665553,0.53090539,25.42,8.88,12.38754597,0.05334987,17.3,0.057,2.58679604811776,1,1
"06037403318","91766",6367,0.576327373140857,0.351576126666667,71.97,16.88,12.46525139,0.05462941,24.8,0.057,1.30080156466433,1,1
"06037403317","91766",4710,0.662691755149924,0.5262856,43.59,10.78,12.37523949,0.05462941,16.2,0.057,1.4824113739387,1,1
"06037403320","91765",4992,0.697726527081842,0.368290193333333,24.85,9.39,12.34599271,0.05219839,14.3,0.055,1.51174237809918,1,1
"06037195500","90026",5548,0.665080927384077,0.28167139,45.42,11.2,12.17613597,0.04939042,11.3,0.046,0.469084337881381,1,1
"06037195720","90026",2000,0.558251063787481,0.39099194,55.72,14.06,12.21911535,0.04863521,40.1,0.046,0.111923437318791,1,1
"06037195710","90026",4487,0.605756755547602,0.468991583333333,55.72,14.06,12.21911535,0.04863521,59.3,0.046,0.186582376261565,1,1
"06037197410","90026",4331,0.75629883977571,0.397292113333333,35.69,8.61,12.11289442,0.05022962,18.4,0.046,0.538958903367321,1,1
"06037195802","90026",2691,0.78187758490416,0.55169486,55.51,14.01,12.19449024,0.0482775,41.8,0.046,0.154375409977461,1,1
"06037197300","90026",4052,0.445966182494234,0.312182373333333,55.72,14.06,12.35660149,0.04939042,24,0.046,0.253843988420472,1,1
"06037197200","90031",3909,0.425293162928498,0.24982066,59.14,9.64,12.25891972,0.05022962,35.9,0.046,0.300347729359653,1,1
"06037542502","90220",5006,0.393507540960789,0.270189053333333,110.96,17.77,12.12536191,0.04259906,61.4,0.044,0.386875800487748,1,1
"06037543703","90745",3370,1.3117636751372,0.729169676666667,51.05,14.1,11.78762745,0.03975537,23.2,0.042,0.400294799627478,1,1
"06037571000","90713",5628,0.439830763342082,0.304948453333333,32.57,14.05,11.71684505,0.04320513,9.4,0.044,0.6753146010234,1,1
"06037570204","90805",4201,0.687293704764177,0.574719696666667,78.42,17.31,11.99002053,0.04320513,42.5,0.042,0.210604617164826,1,1
"06037570303","90805",4471,0.34867685218325,0.21262325,94.42,20.48,12.47113428,0.04192559,42,0.042,0.237804587084379,1,1
"06037555104","90715",4210,0.66249043088364,0.45113978,28.81,9.67,11.69434748,0.0438112,35.1,0.044,0.339484983317935,1,1
"06037570502","90805",6588,1.13103227153424,0.82704796,94.42,20.48,12.07851936,0.04259906,38.8,0.042,0.770453777778154,1,1
"06037570402","90805",3400,0.752990038177046,0.338032103333333,88.49,19.32,12.78098946,0.04192559,37.7,0.042,0.590661761416349,1,1
"06037570501","90805",8042,0.671326950608447,0.518355983333333,94.42,20.48,12.25666707,0.04259906,50.5,0.042,0.572148588180198,1,1
"06037570603","90805",5172,0.599276475383759,0.329407193333333,84.91,17.32,11.93730018,0.04259906,46,0.042,0.283431818318656,1,1
"06037570301","90805",7273,0.32351753260956,0.22031589,94.42,20.48,12.50092519,0.04259906,56.9,0.042,0.462748177851674,1,1
"06037570602","90805",6177,0.547444797383282,0.391738803333333,89.18,19.38,12.0198097,0.04192559,31.9,0.042,0.40240211555643,1,1
"06037570304","90805",5094,0.325884335480792,0.22787239,94.42,20.48,12.95638339,0.04192559,54.2,0.042,0.219244258176537,1,1
"06037504102","90670",9,0.78470233834407,0.74028893,31.6,11.92,11.95328099,0.04673761,,0.046,2.49832085156175,0,1
"06037480002","91775",3623,1.46399899586415,1.17762612,19.25,9.56,11.56606477,0.05763123,14.1,0.051,0.521092004217734,1,1
"06037620102","90245",3355,0.286855389525173,0.237488263333333,22.71,9.11,11.87096327,0.04320513,15.7,0.044,0.337234156998118,1,1
"06037293301","90710",3108,1.18497226198998,0.63570505,49.6,10.25,11.90141921,0.03975537,10.8,0.042,0.323195408978538,1,1
"06037300100","91214",6014,0.536331573610117,0.45526592,26.19,10.2,11.11453417,0.06350576,7.7,0.053,1.77664384520669,1,1
"06037300501","91214",3264,1.06395525133222,0.675654593333333,22.81,9.51,11.4121755,0.06133785,10.2,0.053,0.519514697362839,1,1
"06037101400","91042",3458,0.623748558418834,0.307179493333333,24.28,11.1,11.1423019,0.06350576,27.1,0.053,2.43496304913539,1,1
"06037910210","93551",7239,1.09393268313052,0.634547783333333,51.51,15.95,7.290853268,0.06236471,16.3,0.062,1.22607290107212,1,1
"06037480303","91801",4103,0.557691208343275,0.470762293333333,39.56,11.33,11.67590961,0.05395594,44.5,0.05,0.174593826744633,1,1
"06037463602","91105",6057,0.540425788395769,0.416970003333333,16.62,5.88,11.08381171,0.05679963,27.3,0.051,0.357453314996493,1,1
"06037463601","91101",5988,0.557238228744134,0.46741801,19.88,7.94,10.90332114,0.05763123,27.1,0.053,0.359129295986228,1,1
"06037462302","91106",3213,0.751411755348763,0.61581497,24.72,8.36,11.15848897,0.05846283,36,0.053,0.269693687128162,1,1
"06037462301","91106",5265,0.605961186669848,0.568026816666667,20.64,6.63,11.15848897,0.05846283,45.5,0.053,0.24610777425152,1,1
"06037462202","91101",2775,0.678772220233834,0.575368343333333,29.35,12.23,11.13912936,0.05763123,42.1,0.053,0.219697061669909,1,1
"06037462201","91101",3941,0.54958293565577,0.434873433333333,25.65,10.01,11.25833982,0.05846283,43.1,0.053,0.206658430384841,1,1
"06037462002","91103",4043,0.478204162689891,0.310232386666667,38.39,8.59,11.37715041,0.05846283,69,0.051,0.197812244375516,1,1
"06037462001","91104",4460,0.450284090909091,0.383969296666667,27.49,7.46,11.37715041,0.05846283,58.3,0.051,0.197883633844172,1,1
"06037461902","91103",1801,0.364746753956892,0.269955296666667,33.74,8.5,11.2362251,0.05763123,50.3,0.051,0.321532704381797,1,1
"06037461901","91103",5051,0.418489148373499,0.38331993,34.19,10.37,11.31532488,0.05763123,50.1,0.051,0.337026545881711,1,1
"06037461502","91103",6423,0.697754488785493,0.543520193333333,39.91,9.3,11.40891526,0.05938691,46,0.051,0.452434701926103,1,1
"06037186201","90041",3201,0.875517602203134,0.763491303333333,26.16,6.02,11.74162162,0.0527438,30.4,0.05,0.200028182103122,1,1
"06037183702","90042",2775,0.186035428099897,0.117610126666667,35.47,9.3,11.68192709,0.05334987,34.8,0.05,0.344872498429346,1,1
"06037183701","90042",3720,0.247278394178,0.14847425,47.69,12.3,11.68192709,0.05334987,35.8,0.05,0.212455443733292,1,1
"06037183402","90041",3006,0.901643775351945,0.667748446666667,34.78,9.76,11.74162162,0.05334987,37.5,0.05,0.199384118351416,1,1
"06037183401","90042",2531,0.56010585679631,0.40292813,39.16,10.18,11.7845552,0.05334987,44.9,0.05,0.18673313407682,1,1
"06037183222","90041",3493,1.16184358347252,0.669380886666667,30.14,8.23,11.56320221,0.05462941,19.2,0.05,0.35849462271045,1,1
"06037183221","90042",3522,1.0980324902569,0.689036376666667,37.5,9.77,11.55230672,0.05395594,50.2,0.05,0.273135287294041,1,1
"06037143603","91602",2392,0.50587941422095,0.23642145,25.83,8.08,11.53404464,0.05530288,18.9,0.053,0.202965437560638,1,1
"06037701701","90404",3305,0.30416803368329,0.15126528,59.22,11.46,11.73422356,0.04791979,29.5,0.046,0.254291630529532,1,1
"06037701100","90049",1101,1.2178452835441,0.576271923333333,13.61,7.6,11.65549655,0.04943242,83.9,0.046,0.977884597045505,1,1
"06037701302","90403",4868,0.484123344667144,0.419061276666667,24.3,13.52,11.74617518,0.0482775,12.5,0.046,0.175774292465381,1,1
"06037701601","90403",4194,0.511144913703969,0.47637332,22.14,11.98,11.69434868,0.04863521,7.5,0.046,0.475232902347185,1,1
"06037701801","90404",7001,0.476209561162809,0.14772605,50.21,10.11,11.77169218,0.04716458,34.8,0.046,0.736152751346028,1,1
"06037701602","90404",3987,0.382072446910045,0.234121243333333,46.4,9.76,11.69434868,0.04791979,20.7,0.046,0.255313071500934,1,1
"06037701501","90403",5267,0.577891364431719,0.565042273333333,23.39,9.1,11.72139398,0.04791979,18.3,0.046,0.237691989272491,1,1
"06037701702","90404",3437,0.221941983814523,0.211931266666667,61.96,11.44,11.72139398,0.04756207,30.6,0.046,0.232365945131308,1,1
"06037482001","91754",2650,0.484268124154935,0.16867328,31.7,8.15,12.01896111,0.05070407,12,0.048,1.13860613956641,1,1
"06037482002","91754",6760,0.591921925952438,0.43184136,38.51,9.86,12.135676,0.05116215,32.4,0.048,0.96300641631517,1,1
"06037482101","91754",4750,0.538997256024815,0.380440763333333,39.59,10.18,12.04780528,0.05219839,33.9,0.048,0.445468120361371,1,1
"06037482201","91755",4076,0.68555324405472,0.414994303333333,24.19,6.52,12.02766948,0.0527438,58.1,0.048,0.29965434504485,1,1
"06037482202","91755",5087,0.481954137835043,0.438689173333333,22.16,6.17,11.99862755,0.05334987,42.2,0.048,0.249893180717729,1,1
"06037482102","91754",2943,0.741469816272966,0.439624043333333,32.73,8.46,12.07312152,0.05219839,25,0.048,0.42315599826827,1,1
"06037433802","91733",3362,0.369930232442536,0.225399273333333,65.92,16.69,11.99699602,0.0534139,27.7,0.046,2.53061880339675,1,1
"06037433902","91732",3284,0.814033544102442,0.67380946,47.95,10.6,12.10966426,0.05605125,32.7,0.048,0.281635699452304,1,1
"06037128910","91403",4657,0.432260598107055,0.36852883,37.87,15.57,11.77575945,0.05938691,17.4,0.053,0.515344312194545,1,1
"06037500500","90660",2703,0.406551986399427,0.18274482,60.59,21.19,11.92860167,0.05219839,34.7,0.046,0.291789553789496,1,1
"06037500402","90660",4856,0.349441760120894,0.2488215,57.49,20.15,11.97618142,0.05116215,37.7,0.046,0.516784271388026,1,1
"06037128702","91423",5810,0.877688051777619,0.730232493333333,24.51,12.08,11.66487781,0.05938691,19.3,0.053,0.640970737800028,1,1
"06037500600","90660",4912,0.744032351069753,0.38793622,59.35,20.74,12.00103744,0.05116215,29.2,0.046,0.454942021401789,1,1
"06037541606","90221",2348,0.590413236697686,0.41442491,95.67,24.68,12.10598268,0.04259906,56.7,0.044,0.130321898692809,1,1
"06037128302","91411",5000,1.07680582895888,0.457945716666667,75.59,19.38,11.85390933,0.06133785,55.7,0.055,0.265969984065294,1,1
"06037602106","90250",5403,0.538965566094011,0.38236577,77.65,19.79,11.95518491,0.04259906,50.7,0.044,0.31605846156066,1,1
"06037602002","90250",3057,0.597922507555874,0.323896523333333,52.66,13.14,11.9852196,0.04259906,44.7,0.044,0.207367910963113,1,1
"06037128303","91411",4176,1.10824472580132,0.8483629,74.24,19.06,11.84362669,0.06133785,65,0.055,0.159819768182256,1,1
"06037603001","90247",7498,0.772538997256025,0.588466466666667,87.73,16.4,12.09860815,0.04259906,39,0.044,0.436934765051875,1,1
"06037602404","90250",5457,0.649121629682653,0.481340276666667,77.65,19.79,12.05874567,0.04259906,43,0.044,0.249394532459456,1,1
"06037128220","91401",2912,0.98913532470373,0.79509463,63.43,19.24,11.66422752,0.06133785,55,0.055,0.214624477436308,1,1
"06037602403","90250",5199,0.571469493159946,0.47545283,77.65,19.79,12.05874567,0.04259906,38.5,0.044,0.22680994198927,1,1
"06037600703","90305",1783,0.921929059293725,0.588252676666667,93.35,17.23,12.02199197,0.04320513,18,0.046,0.201486394424027,1,1
"06037602402","90250",6869,0.611859242026565,0.509056883333333,77.5,19.75,12.01849263,0.04259906,28,0.044,0.508928726147704,1,1
"06037600602","90303",2542,1.00440427901058,0.678806993333333,91.63,21.81,11.98293327,0.04259906,61.3,0.044,0.266773056684805,1,1
"06037601303","90302",5084,0.7110735802911,0.559246283333333,93.43,18.08,11.87102583,0.0438112,35.3,0.046,0.169784655711412,1,1
"06037236000","90008",4181,0.595607278493597,0.34175812,67.94,9.9,11.7210889,0.04486563,16.7,0.046,1.55316141505762,1,1
"06037236100","90008",6170,0.780103570150322,0.614564206666667,118.41,15.95,11.91626655,0.04490202,50.4,0.046,0.437422056312065,1,1
"06037237300","90047",5311,0.526633212041677,0.41248663,142.48,19.97,11.95656498,0.0438112,43.4,0.046,0.384667040273401,1,1
"06037237500","90044",2922,0.298594334088921,0.233079586666667,125.58,24.53,11.97286678,0.0438112,65.3,0.046,0.129642927797456,1,1
"06037237600","90044",4101,0.47698192555476,0.34953525,92.68,19.61,11.97286678,0.04435661,69.4,0.046,0.1944677574543,1,1
"06037237720","90044",3707,0.50832078163525,0.32561805,76.3,16.56,12.03324822,0.0438112,72,0.046,0.125723623114625,1,1
"06037237800","90044",3796,0.788861175733715,0.570660266666667,109.41,19.26,12.02644658,0.0438112,36.8,0.046,0.374896448725782,1,1
"06037237710","90044",4410,0.404108133500358,0.287704996666667,80.94,17.08,12.03324822,0.0438112,71.4,0.046,0.166561967622315,1,1
"06037237900","90047",4405,0.534492314881094,0.498284023333333,125.13,17.65,12.02165432,0.0438112,35.1,0.046,0.378743899237437,1,1
"06037239330","90001",2458,0.637500745645431,0.52782762,113.45,27.79,12.14625901,0.04490202,61.2,0.046,0.377962689684703,1,1
"06037239310","90003",4501,0.719726174143005,0.513640416666667,113.88,27.88,12.13275518,0.04435661,68.1,0.046,0.206369959162863,1,1
"06037239320","90003",4086,0.647683776743816,0.453744753333333,113.88,27.88,12.13275518,0.04490202,65.3,0.046,0.134008688352627,1,1
"06037238310","90044",5002,0.432809890240993,0.38728372,83.72,17.56,12.12072526,0.0438112,68.9,0.046,0.154257034174184,1,1
"06037238100","90047",5163,0.57204550425515,0.456220403333333,136.1,19.22,12.01125306,0.0438112,41.3,0.046,0.379577896953357,1,1
"06037534002","90201",4628,0.386973201503221,0.292729536666667,36.38,15.43,12.18882021,0.04716458,48.4,0.046,0.347783378331416,1,1
"06037533203","90255",1931,0.49056012884753,0.16490339,54.4,21.82,12.05709531,0.04588368,64.9,0.046,0.149202561107124,1,1
"06037534301","90201",4320,0.530096113696015,0.457913753333333,43.15,18.75,12.06526369,0.04588368,47.1,0.046,0.332766484461969,1,1
"06037532001","90640",3036,0.723440109759007,0.717123393333333,45.64,13.51,12.15638315,0.04981739,59.4,0.046,0.521314461389555,1,1
"06037532303","90040",4599,1.16710100513004,0.91768162,52.04,17.15,12.22974497,0.0486551,32.6,0.046,2.91952161233667,1,1
"06037534403","90201",2795,0.564966843633182,0.388117793333333,48.64,21.32,12.03327676,0.04588368,47.5,0.046,0.120986564131756,1,1
"06037534700","90255",4435,0.673931117275113,0.498430116666667,56.81,22.6,12.05709531,0.04539285,36.5,0.046,0.214306942881294,1,1
"06037430701","91007",5846,0.317906550743657,0.26020255,19,7.63,11.74239688,0.06133785,21.4,0.051,1.15459371231631,1,1
"06037431700","91007",6000,0.643058289588801,0.44174637,15.78,6.01,11.82561257,0.05938691,25,0.051,1.22286050162215,1,1
"06037430802","91006",4586,0.573963055754394,0.323651726666667,21.41,5.62,11.84691327,0.060311,34.5,0.051,0.718428193529429,1,1
"06037431400","91006",4202,0.535902206116281,0.381197413333333,22.3,5.89,11.97531239,0.05938691,29.6,0.051,0.688263113277381,1,1
"06037431800","91007",5655,0.918970711047483,0.7131115,15.22,5.97,11.77607393,0.05938691,23.9,0.051,0.570692588696865,1,1
"06037430400","91006",4642,0.622449271255866,0.305354466666667,19.82,5.29,11.79500895,0.06350576,13.7,0.053,1.39017832181091,1,1
"06037430600","91006",4553,0.745902056987195,0.403980353333333,17.31,4.98,11.77067294,0.06133785,17,0.051,1.43462182068859,1,1
"06037401602","91750",6294,0.338296225045733,0.139365266666667,39.16,12.61,12.624991,0.06133785,24.9,0.06,0.782416308397648,1,1
"06037400204","91750",5637,0.513982094567724,0.266150783333333,39.86,13.68,12.50459127,0.06350576,5.8,0.06,2.90139944924689,1,1
"06037404000","91702",4614,0.744352357233755,0.37126795,45.21,11.52,11.91993499,0.060311,27.6,0.055,0.509935617225671,1,1
"06037401601","91750",5368,0.76071492483894,0.45214995,38.09,12.98,12.63237406,0.06236471,24.6,0.06,0.998331420641155,1,1
"06037401701","91711",4488,0.582007948580291,0.34696116,33.93,9.73,12.71399453,0.06236471,20.9,0.06,0.76924891611182,1,1
"06037542402","90221",3306,0.413297592062356,0.33823562,86.77,22.2,12.25258001,0.04259906,43.5,0.042,0.604316215470966,1,1
"06037543100","90220",7254,0.473506596476577,0.323168723333333,96.18,15.27,12.14085089,0.04192559,37.7,0.042,1.1162281307693,1,1
"06037553300","90706",3214,0.894955957209894,0.58127936,53.47,15.61,11.93805962,0.04435661,45.1,0.044,0.324200433168012,1,1
"06037554802","90701",6378,0.772484316591108,0.51300194,30.97,13.32,11.89366117,0.04435661,29.2,0.044,0.594148168189853,1,1
"06037554900","90701",7636,0.615517875606458,0.49207987,28.86,12.11,11.87789848,0.04435661,24.1,0.044,0.678312418059711,1,1
"06037106604","91342",5068,0.606814950687982,0.532516746666667,63.98,13.45,11.03732681,0.06718273,43.8,0.06,1.00069679165438,1,1
"06037553400","90242",3495,0.358306862920544,0.284860436666667,38.22,14.78,11.92158918,0.04490202,25.8,0.044,0.281920185467956,1,1
"06037554002","90706",5856,0.410663599578462,0.178461766666667,61.63,17.57,11.93490195,0.04435661,42.7,0.044,0.491276859255543,1,1
"06037570601","90805",5610,0.691909871351308,0.449014656666667,94.42,20.48,12.2095544,0.04192559,43.7,0.042,0.301271328814324,1,1
"06037570901","90713",5752,0.316860783027122,0.246466916666667,31.38,13.51,11.74987106,0.04320513,12.7,0.044,0.701310966859998,1,1
"06037570800","90712",5300,0.613394028871391,0.54636581,115.64,12.55,11.71457463,0.04320513,13.6,0.042,0.92722469195042,1,1
"06037571200","90808",8175,0.522683776743816,0.41089001,27.84,10.41,11.63961067,0.04259906,22.5,0.042,1.01115834841419,1,1
"06037571400","90712",4844,0.833597416090034,0.508868386666667,142.13,14.5,11.72749499,0.04192559,26.5,0.042,0.833742541625027,1,1
"06037573401","90755",1642,0.351737726676211,0.230133983333333,34.55,10.23,11.57476591,0.04050375,28.8,0.042,0.402139437535874,1,1
"06037572500","90810",3643,0.817715168416448,0.478332093333333,79.55,21.11,11.78613452,0.03975537,53,0.042,0.227085936230032,1,1
"06037571502","90807",4739,0.299318852899069,0.205817353333333,48.45,11.61,11.83702161,0.04125212,32.6,0.042,0.531689318164476,1,1
"06037571600","90805",2309,0.383911705639068,0.225133006666667,79.48,17.34,12.14582489,0.04192559,78.4,0.042,0.111962749688839,1,1
"06037208720","90057",4319,0.26037876302394,0.161853393333333,74.85,19.42,12.20870236,0.04756207,66.4,0.046,0.0620739368112389,1,1
"06037209402","90057",3963,0.244100080529706,0.213961696666667,51.7,13.45,12.23163332,0.04716458,79.3,0.046,0.052617879773201,1,1
"06037297300","90732",2193,0.804604857631432,0.198914423333333,55.88,10.14,11.60767179,0.03809217,19.5,0.042,0.555779773043051,1,1
"06037530500","90022",3719,0.552034245009147,0.397726043333333,66.37,15.57,12.15638623,0.05022962,47.9,0.046,0.347613043456404,1,1
"06037297120","90731",3053,0.361408126541,0.2635406,103.61,14.57,11.67101336,0.03809217,41.6,0.042,0.171144201156198,1,1
"06037702901","90292",9852,0.419487691879424,0.3026959,27.53,10.07,11.69453379,0.04490202,19,0.046,1.45139739648071,1,1
"06037701000","90212",5936,0.334473549471089,0.261143153333333,31.1,10.47,11.7922658,0.0482775,14.9,0.046,0.548682886393637,1,1
"06037194500","90048",2019,0.77208228942973,0.677449216666667,24.21,11.52,11.72971837,0.04863521,11.5,0.048,0.266061276084005,1,1
"06037701201","90402",4088,1.34613420126461,1.02320225666667,12.24,6.48,11.52951802,0.04901945,8.9,0.046,0.747580457842334,1,1
"06037195300","90027",3089,0.78669072615923,0.613617606666667,38.86,17.67,12.03217459,0.04939042,29.4,0.048,0.224255711206721,1,1
"06037620101","90245",5632,0.252991902290623,0.22122779,18.91,7.58,11.93026042,0.04320513,16.5,0.044,0.523119175562547,1,1
"06037620201","90266",1529,0.436108749900581,0.243701556666667,12,7.25,11.87723876,0.04320513,9.5,0.044,0.0923672143962082,1,1
"06037275603","90230",2537,0.579334809711286,0.46016032,38.44,11.24,11.77801801,0.04435661,14.9,0.046,0.398139691494568,1,1
"06037275500","90230",5449,0.303027817545534,0.198318906666667,44.64,12.9,11.66867744,0.04490202,53.8,0.046,0.304772358523298,1,1
"06037275102","90230",4338,0.358922641772051,0.282673453333333,42.6,12.59,11.7957642,0.04490202,43.3,0.046,0.238063276997052,1,1
"06037274202","90292",4284,0.111367116042313,0.110045773333333,26.81,9.7,11.64839617,0.04539285,22.6,0.046,0.424388315632075,1,1
"06037273902","90291",4221,0.388918093334924,0.227901526666667,28.57,8.12,11.71620563,0.04539285,13.2,0.046,0.349684688735115,1,1
"06037273502","90291",2861,0.256533096715183,0.212877136666667,34.71,9.61,11.68337511,0.04588368,20.7,0.046,0.213360297510014,1,1
"06037273402","90291",2641,0.262940676449535,0.20623692,33.16,9.24,11.66972548,0.04632538,27.5,0.046,0.209398097039527,1,1
"06037272202","90066",3359,0.823743711723534,0.669669193333333,35.21,12.29,11.67264265,0.04588368,33.6,0.046,0.119989275039182,1,1
"06037272201","90066",2390,0.78591028394178,0.67521802,35.21,12.29,11.63317139,0.04588368,27.8,0.046,0.100164769503131,1,1
"06037271902","90066",4207,0.782454838741748,0.494991766666667,35.21,12.29,11.63080991,0.04588368,22.9,0.046,0.35736620084947,1,1
"06037271901","90066",3245,0.770556201781595,0.582955506666667,27.64,9.62,11.65149211,0.04588368,16.7,0.046,0.252802575900242,1,1
"06037269905","90034",2459,0.654779835759167,0.516196586666667,36.55,12.15,11.69483322,0.04588368,24,0.046,0.0915141979130553,1,1
"06037269904","90034",3927,0.662888108446671,0.475670486666667,32.13,11.06,11.80798017,0.04632538,19,0.046,0.128476940147034,1,1
"06037141304","91403",2995,0.907014907937644,0.514086616666667,30.14,13.13,11.80268144,0.05763123,21,0.053,0.274779835813223,1,1
"06037141303","91403",3477,0.780460237214666,0.509176813333333,44.02,18.35,11.80268144,0.05846283,17.9,0.053,0.101289092074249,1,1
"06037141202","91423",2674,0.788025431480156,0.31000602,27.64,14.32,11.64698253,0.05763123,17.1,0.053,0.269783055624143,1,1
"06037141201","91423",4583,0.833445801519128,0.592887276666667,31.31,16.65,11.73555866,0.05763123,20.8,0.053,0.271148831898692,1,1
"06037141102","91423",3074,1.17006805257297,0.704500513333333,33.43,17.99,11.63355936,0.05763123,20.8,0.053,0.300693216883146,1,1
"06037139402","91356",2899,1.09508967629046,0.765176436666667,47.39,11.22,12.57915137,0.05938691,13.6,0.057,0.942977487159198,1,1
"06037139001","91316",5639,0.654521345343196,0.437266493333333,56.96,11.44,12.92719681,0.060311,17.4,0.057,0.479191950128296,1,1
"06037137104","91367",2754,1.94437795772687,0.79022006,36.41,14.38,12.06378259,0.05938691,22,0.057,0.990547948669927,1,1
"06037134904","91306",4043,1.36005353734192,1.02710607666667,52.95,13.02,11.93699275,0.060311,35.5,0.057,0.404039550965352,1,1
"06037702300","90405",6839,0.655761602242901,0.383094643333333,31.01,11.1,11.75472373,0.04676708,20.4,0.046,1.00685414617985,1,1
"06037139600","91316",5060,0.829304362522866,0.56598254,51.56,10.66,12.45084001,0.05938691,17.6,0.057,0.95739039132114,1,1
"06037702201","90405",4110,0.501750402648533,0.434636183333333,33.5,11.93,11.69101747,0.04676708,17.4,0.046,0.464268780179844,1,1
"06037702202","90405",3969,0.330553939990456,0.18191264,33.5,11.93,11.69101747,0.04676708,12.3,0.046,0.390934382845487,1,1
"06037701802","90404",4645,0.293955798138869,0.166031383333333,50.53,10.07,11.71046441,0.04716458,32.9,0.046,0.480471079282291,1,1
"06037224200","90015",2557,0.49893621251889,0.306102436666667,81.54,14.2,12.17492801,0.04632538,70.4,0.046,0.14359937999947,1,1
"06037221210","90006",3165,0.447309587011851,0.372519146666667,41.85,10.1,12.05908901,0.04632538,50.7,0.046,0.137637079186823,1,1
"06037530700","90063",2157,0.810643964248787,0.519810583333333,56.55,16.08,12.20229619,0.05022962,33.1,0.046,0.409344562960175,1,1
"06037482702","91754",2373,0.525896887178875,0.35069894,35.41,9.13,12.09716625,0.05116215,17.5,0.048,0.274794341102593,1,1
"06037137501","91364",4915,1.08130144953472,0.518555846666667,35.23,13,12.01491957,0.05938691,15.5,0.057,0.970744517417881,1,1
"06037530102","90640",4862,0.607113208860256,0.449813293333333,57.34,17.79,12.12832194,0.05022962,39.8,0.046,0.509899653716943,1,1
"06037137402","91364",5365,1.2932405998966,0.618442086666667,30.76,11.37,10.8917272,0.05763123,18.2,0.055,1.18891686156814,1,1
"06037432201","91770",4491,0.418420797542353,0.313855103333333,38.43,10.67,11.77856947,0.05605125,34.8,0.05,0.446453984304198,1,1
"06037481300","91770",3299,0.495135906307166,0.32976228,36.47,10.12,11.89021324,0.05530288,29.7,0.05,0.345889777565813,1,1
"06037404600","91706",1394,0.538481517935258,0.269304366666667,48.55,10.81,11.70431647,0.06037951,27.1,0.053,9.60986283118497,1,1
"06037540300","90262",4728,0.593515121689334,0.451188923333333,50.14,14.35,12.06700264,0.04435661,42.5,0.044,0.588593476311364,1,1
"06037540203","90262",5807,0.380950250536865,0.328407346666667,67.87,18.84,12.03711727,0.04435661,59.2,0.044,0.348121196108117,1,1
"06037541002","90746",3318,0.832129115962777,0.60453484,64.79,12.26,12.07388982,0.04192559,34.1,0.042,1.32585630151793,1,1
"06037104610","91331",3386,0.910284563151197,0.590901446666667,81.71,13.36,11.40197774,0.06718273,55.1,0.055,0.22820957118641,1,1
"06037106111","91342",4191,0.791155899546648,0.407911883333333,54.8,11.71,10.85587997,0.0685917,19.3,0.057,1.47475716649912,1,1
"06037111201","91344",3628,1.30212745068798,0.912372166666667,50.06,13.09,11.26083916,0.06718273,14,0.06,0.735276557315933,1,1
"06037109800","91343",5534,1.54351213910761,1.18602298,60.17,11.4,11.62009789,0.06718273,28.2,0.057,0.540592393086314,1,1
"06037207710","90017",4667,0.313858938797423,0.211609573333333,53.58,8.32,12.33660886,0.04716458,26.1,0.046,0.423249305854922,1,1
"06037111100","91344",3179,1.13869439970572,0.728639333333333,52.54,13.58,11.41925994,0.06718273,20.6,0.06,0.408890063939328,1,1
"06037600911","90302",3146,0.570421239958642,0.41671735,84.01,15.44,11.89394323,0.0438112,25.7,0.046,0.263918493991079,1,1
"06037601202","90301",4000,0.680494661178716,0.585350443333333,99.35,19.79,12.04203201,0.04259906,30,0.046,0.252770865910269,1,1
"06037600802","90305",2485,0.733099946313529,0.607668476666667,89.27,15.36,11.85656601,0.0438112,17.6,0.046,0.752815800165971,1,1
"06037601301","90302",1921,0.696356403602959,0.581918606666667,85.79,16.44,11.87102583,0.0438112,20,0.046,0.238445248581469,1,1
"06037601001","90301",2381,0.493586206553726,0.344528476666667,99.47,19.81,11.94355273,0.04320513,27.4,0.046,0.3395491929517,1,1
"06037601302","90302",7333,0.905997101924759,0.407413626666667,93.18,18.03,11.88139021,0.0438112,43.4,0.046,0.4715495428896,1,1
"06037600704","90305",3373,0.572812276306371,0.486168136666667,100.97,17.84,12.04526539,0.04320513,24.5,0.046,0.360383215599781,1,1
"06037600912","90302",5659,0.479679297900262,0.316762226666667,85.25,15.78,11.91526102,0.0438112,47.7,0.046,0.419366098974099,1,1
"06037201401","90032",4693,0.583286730493915,0.302915276666667,63.37,13.34,12.11019063,0.05116215,54.5,0.046,0.503731183885628,1,1
"06037238320","90044",3804,0.450655670882049,0.332912936666667,83.78,17.52,12.12072526,0.0438112,65.7,0.046,0.181792776628615,1,1
"06037301100","91207",7114,0.916667909409051,0.59125993,20.6,13.56,11.71897407,0.05605125,25.8,0.051,0.516700993743172,1,1
"06037301400","91201",4190,0.66030196154458,0.4224741,30.76,12.13,11.70423764,0.05852448,16.1,0.055,0.614528170428551,1,1
"06037301502","91201",6750,0.879782694066651,0.689042413333333,34.08,13.46,11.76570581,0.05763123,45.3,0.055,0.259108206365086,1,1
"06037301501","91201",1790,0.845179153742146,0.71147488,34.64,13.6,11.76570581,0.05763123,17.7,0.055,0.23013708129301,1,1
"06037301204","91202",5284,0.653616007516106,0.445080256666667,30.96,16.84,11.77362275,0.05530288,29.3,0.053,0.156605230142929,1,1
"06037301702","91203",5835,0.535397031336992,0.35139287,39.08,17.47,11.81877691,0.05462941,35.6,0.051,0.31375194659021,1,1
"06037301701","91202",2962,0.529421925952438,0.360571733333333,26.01,13.61,11.80183487,0.05605125,21.8,0.053,0.362909010161827,1,1
"06037301602","91201",4446,0.50119986777221,0.373885383333333,31.08,12.16,11.81591191,0.05605125,24.5,0.053,0.391268391015896,1,1
"06037301900","91206",8192,0.675109858426788,0.498567586666667,35.22,15.69,11.75637121,0.05462941,27.7,0.051,0.427316689909437,1,1
"06037534501","90255",5226,0.565634196293645,0.312405676666667,60.74,24.24,12.05709531,0.04588368,45.2,0.046,0.259868389529016,1,1
"06037204920","90023",2751,0.754772130756383,0.668938853333333,76.1,20.87,12.25164028,0.04791979,62.6,0.046,0.34948957263437,1,1
"06037206050","90023",2031,0.47529614551022,0.427631576666667,51.49,12.45,12.41537427,0.04753555,58.9,0.046,0.671773197727151,1,1
"06037543601","90745",3781,0.705909364312415,0.53132917,67.35,18.5,11.94368667,0.03975537,26.1,0.042,0.249985134421331,1,1
"06037532900","90001",7058,0.692869889843315,0.482758176666667,80.16,24.73,12.15052197,0.04490202,70.6,0.046,0.295685374394634,1,1
"06037533103","90255",3283,0.623897066133779,0.460951473333333,60.74,24.24,12.07802241,0.04539285,65.1,0.046,0.133935774282377,1,1
"06037535102","90002",4621,0.663368428378271,0.56638996,94.66,24.4,12.08538401,0.04435661,58.9,0.044,0.228435059073688,1,1
"06037535200","90002",6111,0.585301837270341,0.430193663333333,103.63,25.73,12.06217904,0.04435661,51.7,0.044,0.335732397019383,1,1
"06037535400","90002",3553,0.52864210510618,0.515648946666667,101.27,25.19,12.07139901,0.04435661,53.4,0.044,0.370609383939604,1,1
"06037430501","91024",4030,0.364639256740635,0.223835503333333,18.23,6.1,11.66666192,0.06350576,7.1,0.053,1.82656056125679,1,1
"06037430200","91008",1026,0.575571785771097,0.580268926666667,16.82,6.32,11.58348102,0.06350576,15.9,0.053,1.98655585012319,1,1
"06037431600","91007",4190,0.472785184522389,0.361685436666667,16.34,6.31,11.77591979,0.05938691,12.4,0.051,0.796144440643784,1,1
"06037463102","91107",3878,0.794198754275034,0.557830156666667,24.87,8.54,11.54013275,0.05938691,18,0.051,0.983160185681316,1,1
"06037431900","91780",4400,0.595681843036666,0.399203036666667,24.77,8.81,11.73708443,0.05846283,33.5,0.051,0.413109824187571,1,1
"06037432000","91780",7601,0.546346834486598,0.46383219,22.34,7.96,11.79728341,0.05763123,24.1,0.051,0.860242674395907,1,1
"06037401312","91773",5401,0.434408678318619,0.29226476,39.19,11.93,12.31930079,0.05938691,16.9,0.06,1.08452692241124,1,1
"06037407900","91744",6082,0.954121679392349,0.60788767,50.12,12.69,12.14364495,0.05462941,23.3,0.051,0.580171784058885,1,1
"06037403401","91792",5136,0.542243299133063,0.336287673333333,22.55,8.22,12.26873959,0.05278424,15.1,0.053,0.879967057756107,1,1
"06037403406","91789",2955,0.310667576354092,0.18523974,26.46,10.71,12.11003917,0.05462941,27.2,0.055,0.486933606540765,1,1
"06037403405","91789",1698,0.727469701940667,0.611027866666667,22.59,8.11,12.17536434,0.05535282,17.6,0.055,1.35071169658767,1,1
"06037403403","91789",4898,0.754742926310348,0.442980673333333,26.46,10.71,12.22400423,0.05334987,14.2,0.055,1.44521817315601,1,1
"06037189800","90046",3833,0.535861816988785,0.392546433333333,27.24,13.36,11.74297298,0.05022962,29.4,0.05,0.281155648890604,1,1
"06037554201","90706",4356,0.529796612781357,0.409352266666667,61.64,17.57,11.825893,0.0438112,23.3,0.044,0.374173302892113,1,1
"06037554404","90706",4206,0.752726576791537,0.544415063333333,60.35,16.42,11.7740438,0.0438112,39.4,0.044,0.325735410876075,1,1
"06037106603","91344",3156,0.30036337787322,0.40549237,45.13,11.74,10.37209684,0.06591477,10.1,0.062,5.90751145903909,1,1
"06037554403","90706",5848,0.589559472679551,0.406845873333333,60.83,16.85,11.889552,0.04320513,44.1,0.044,0.327873937047147,1,1
"06037554519","90703",3498,0.23608314940746,0.167388536666667,29.71,8.92,11.87303838,0.04435661,14.9,0.044,0.672725542126137,1,1
"06037554511","90703",4140,0.466190572059174,0.435401926666667,38.96,11.47,11.92103135,0.04632538,14.5,0.046,0.916192441949087,1,1
"06037554518","90703",5511,0.859281172949972,0.57246501,31.92,9.58,11.92472965,0.04539285,15.7,0.046,0.693527284389734,1,1
"06037554513","90703",2758,0.467973907380896,0.34677496,34.57,10.57,11.91939602,0.04539285,12.6,0.044,0.218607829553318,1,1
"06037554522","90703",4944,0.639748866618945,0.360624026666667,31.69,9.58,11.74318761,0.0438112,8.7,0.044,0.845760162339124,1,1
"06037208903","90057",4345,0.508097088006045,0.38315111,74.85,19.42,12.20870236,0.04756207,75.2,0.046,0.0614974969263469,1,1
"06037209102","90017",5950,0.50765964268671,0.451538626666667,79.97,12.37,12.35408718,0.04756207,71.8,0.046,0.117247119548746,1,1
"06037209300","90017",4885,0.509754906346934,0.408389913333333,69.89,10.91,12.2587974,0.04716458,65.8,0.046,0.118256287215156,1,1
"06037208904","90057",3978,0.512110524536706,0.373513443333333,52.07,9.38,12.23163332,0.04756207,82.3,0.046,0.0433108287504841,1,1
"06037209401","90057",4472,0.259393268313052,0.194665293333333,59.91,15.66,12.17561826,0.04716458,74.3,0.046,0.0833851300846319,1,1
"06037209200","90017",4545,0.641366917203531,0.458585843333333,79.97,12.37,12.35408718,0.04756207,49.9,0.046,0.157454189008613,1,1
"06037209403","90017",4148,0.28554367493836,0.214948366666667,60.46,10.01,12.23163332,0.04716458,69.8,0.046,0.0533609572292592,1,1
"06037209510","90006",3076,0.410668570548,0.329003743333333,34,8.9,12.17561826,0.04676708,68.6,0.046,0.0703434378275968,1,1
"06037209520","90006",2797,0.415720318340889,0.30277593,45.26,9.37,12.23163332,0.04676708,73.1,0.046,0.0896622915581647,1,1
"06037209810","90006",2594,0.506811471009306,0.405498166666667,54.24,14.33,12.18410918,0.04676708,76.1,0.046,0.0578867389904736,1,1
"06037209820","90015",3073,0.461568191760121,0.34642149,47.09,9.08,12.18410918,0.04676708,66.3,0.046,0.0691398651857132,1,1
"06037210010","90015",3561,0.559598196532252,0.42047433,71.04,12.26,12.2587974,0.04676708,63.1,0.046,0.158700426159099,1,1
"06037211000","90020",5124,0.996164897001511,0.701359523333334,29.96,9.38,11.97046367,0.04753555,17.3,0.048,1.02711439593829,1,1
"06037211410","90004",2736,0.812117235345582,0.53758624,42.42,11.17,12.04695849,0.04756207,34.1,0.048,0.104574148816845,1,1
"06037211320","90004",3337,0.670982089596755,0.484682266666667,27.4,7.6,12.12349272,0.04756207,63.5,0.048,0.0718919478800233,1,1
"06037211310","90004",3873,0.715684775908693,0.500507423333333,56.78,14.58,12.08514397,0.04756207,59.6,0.048,0.0555260957147792,1,1
"06037211420","90004",3573,0.755240023264137,0.52933539,40.06,10.61,12.04695849,0.04756207,46.6,0.048,0.147120671371731,1,1
"06037211802","90010",4682,0.949719264495347,0.792786126666667,22.94,7.06,12.08514397,0.04716458,50.3,0.048,0.12562380433399,1,1
"06037211701","90020",2596,0.928813230732522,0.672271283333333,38.95,11.74,12.02897507,0.04716458,15.1,0.048,0.250452749488877,1,1
"06037211910","90020",4371,0.785401380935338,0.643424586666667,36.18,10.44,12.08514397,0.04756207,46.1,0.048,0.0532657217974642,1,1
"06037296500","90731",3447,0.100160686590313,0.07865626,95.43,13.58,11.6676115,0.03809217,56,0.042,0.350577683452763,1,1
"06037297110","90731",4649,0.316437629245208,0.222057323333333,103.61,14.57,11.66349226,0.03809217,54.5,0.042,0.188196442844288,1,1
"06037297400","90732",3356,0.46821127117633,0.34206992,34.49,9.62,11.46491729,0.03809217,9.7,0.042,0.867750420313706,1,1
"06037297500","90731",4707,0.510214099657997,0.27942072,90.77,13.01,11.55914703,0.03809217,7.3,0.042,0.858654578340902,1,1
"06037300200","91214",5352,0.816751421697288,0.578349036666667,24.88,9.78,11.3464301,0.06133785,18.7,0.053,0.728981440520976,1,1
"06037609900","90732",2057,0.689736314920862,0.466358406666667,63.42,9.72,11.63003614,0.03809217,34.5,0.042,0.206306455320754,1,1
"06037296220","90731",4447,0.227559179392349,0.198372593333333,103.61,14.57,11.70137136,0.03809217,61.5,0.042,0.206028735426511,1,1
"06037670413","90275",4433,0.475516732283465,0.27731558,14.34,8.35,11.58973137,0.04125212,7.6,0.044,0.842180832490385,1,1
"06037269903","90034",3421,0.700715322516504,0.499373683333333,36.86,12.21,11.69483322,0.04588368,24.3,0.046,0.109093156569742,1,1
"06037269602","90034",2865,0.728807514117554,0.57885738,24.87,8.57,11.72153182,0.04676708,38.5,0.046,0.112100214152721,1,1
"06037269601","90034",3393,0.771452840411994,0.609947273333333,22.8,7.88,11.70222472,0.04676708,35.1,0.046,0.128213893185788,1,1
"06037267902","90064",3365,0.832020997375328,0.52517796,22.17,8.95,11.76246181,0.04791979,14.5,0.046,0.300174566023008,1,1
"06037910209","93551",5134,1.32130358705162,0.618331853333333,51.51,15.95,7.347414606,0.06236471,15.1,0.062,1.13103720857236,1,1
"06037910208","93551",6210,1.84775598007635,1.25483026333333,51.51,15.95,7.693213732,0.06236471,32.4,0.062,1.27516933114801,1,0
"06037910207","93551",6033,0.777856070548,0.46664941,51.51,15.95,7.567773362,0.06236471,23.3,0.062,1.71226998630507,1,1
"06037910101","93552",1863,1.40731316610992,3.15462089,96.61,19.3,6.85885423,0.06236471,60.3,0.062,23.706045721345,1,0
"06037901210","93532",1631,3.81697076572815,1.49699273333333,34.55,10.16,6.035526115,0.06350576,33.1,0.062,8.90677190321156,1,0
"06037901008","93536",2744,2.23911171259843,1.80737922666667,58.02,11.92,7.519026611,0.06236471,31.2,0.062,1.03741028611517,1,0
"06037900508","93535",4016,1.50337715242981,0.944250456666667,154.47,23.65,6.660219172,0.06236471,44.3,0.062,1.5388778557327,1,1
"06037800331","91362",732,0.590031714785652,0.349485036666667,18.96,7.33,9.449712535,0.05067132,9.9,0.051,0.736049274631612,1,1
"06037134424","91304",2916,0.487254434104828,0.148511043333333,59.15,13.71,10.2593901,0.05763123,9.9,0.055,1.43244399338961,1,1
"06037134423","91304",3539,0.598318321005329,0.387580426666667,55.21,12.82,10.67639216,0.05938691,15.6,0.057,0.604698174483125,1,1
"06037134002","91306",3665,1.05199696273761,0.743093583333333,55.74,13.58,11.84082938,0.060311,41.4,0.057,0.290504065787777,1,1
"06037134001","91303",3864,1.01940542233357,0.78302827,68.26,14.76,11.84082938,0.060311,49.8,0.057,0.225024694576301,1,1
"06037132502","91335",3922,0.538793446273761,0.36450005,83.59,22.29,13.2969311,0.06133785,47.5,0.06,0.241940237248811,1,1
"06037132501","91335",4566,0.758940288713911,0.511944553333333,83.59,22.29,14.1439342,0.06133785,31.8,0.06,0.270947927589907,1,1
"06037132102","91406",5401,1.19268223574326,0.724207146666667,77.98,19.65,12.78250401,0.06350576,34.7,0.057,0.528801655869378,1,1
"06037132101","91406",4645,0.553187509941939,0.326164143333333,70.82,18.08,12.59506202,0.06236471,32.9,0.057,0.312963518103564,1,1
"06037132002","91406",3354,0.482470497295793,0.364617416666667,69.66,17.46,13.10021891,0.06236471,26.5,0.06,0.61779098232617,1,1
"06037132001","91406",3463,0.613716520520162,0.442477553333333,72,18.15,13.41191039,0.06236471,20,0.06,0.373293254242391,1,1
"06037131702","91335",3770,1.07698602660463,0.886847026666667,83.59,22.29,13.58372945,0.06236471,27,0.06,0.277749893832138,1,1
"06037128802","91411",4670,0.78726549451205,0.622101816666667,44.83,12.33,11.78721362,0.060311,11.1,0.053,0.373836799743069,1,1
"06037128602","91401",3472,1.23349700250537,0.98510983,60.47,18.49,11.67692826,0.05938691,19.1,0.053,0.437943950178984,1,1
"06037530802","90063",3165,0.901519501113497,0.614447796666667,56.8,16.64,12.13544749,0.05022962,29.7,0.046,0.218131270620775,1,1
"06037530601","90063",2930,0.969951731885787,0.601025876666667,56.8,16.64,12.13544749,0.05022962,39.8,0.048,0.220248693507323,1,1
"06037530602","90063",1769,0.975328456812217,0.498179626666667,41.16,11.82,11.94428097,0.05022962,47.3,0.048,0.254500478775943,1,1
"06037574500","90815",6631,0.523979957050823,0.438601853333333,20.78,11.02,11.55366286,0.04192559,10,0.042,1.01614690456243,1,1
"06037574901","90815",3697,0.409194678080013,0.2798894,23.8,12.66,11.57897764,0.04125212,13.2,0.042,0.517817243068348,1,1
"06037577100","90814",7185,0.613807240714229,0.442921596666667,32.48,8.75,11.5700298,0.03975537,20.7,0.042,0.469065450200078,1,1
"06037575002","90804",4843,0.525307827288634,0.363344913333333,80.19,15.52,11.58771109,0.04125212,22.2,0.042,0.372263152687601,1,1
"06037572201","90806",5592,0.509849354768154,0.43587551,71.55,15.18,11.46157855,0.04050375,42.3,0.042,0.598658956499997,1,1
"06037481901","91803",5775,0.999073535552374,0.609469726666667,35.99,9.23,11.99214768,0.05219839,18.3,0.048,0.704928100770316,1,1
"06037481401","91776",6267,0.425559109798775,0.14102197,32.15,8.78,11.82784269,0.05462941,50.7,0.05,0.465580942122549,1,1
"06037482304","91770",3216,0.38677001312336,0.303364183333333,35.94,9.99,11.97713098,0.05395594,65.8,0.048,0.240988771618724,1,1
"06037482402","91770",7566,0.357633917919351,0.25167834,41.17,11.45,11.96826937,0.05400087,46.3,0.048,1.34069983642126,1,1
"06037482503","91770",4293,0.69943405511811,0.393856083333333,41.18,11.45,11.97713098,0.05395594,37.9,0.048,0.283910541754572,1,1
"06037134421","91307",4234,0.77211273661815,0.491668736666667,37.54,10.49,10.43018258,0.05846283,8,0.055,0.825998799527308,1,1
"06037530101","90640",5285,0.829902742980991,0.495967433333333,46.51,14.67,12.01818441,0.05116215,49.7,0.046,0.391546870931388,1,1
"06037294820","90744",3473,0.499530243378669,0.350738923333333,76.33,21.61,11.72966207,0.03892377,70.2,0.042,0.14806761520577,1,1
"06037111204","91326",6114,0.833745923804979,0.55880341,34.83,15.02,11.40771727,0.06464682,8.8,0.06,1.27739153204452,1,1
"06037113212","91311",3494,0.816069777499403,0.55566837,54.03,17.22,10.6125987,0.06236471,16.4,0.057,0.384862838244072,1,1
"06037113234","91304",4823,0.945740003380259,0.73872134,63.53,14.4,11.32230518,0.06133785,38.4,0.057,0.394786283107686,1,1
"06037113211","91311",4109,0.479100179949097,0.093003166666667,38.78,12.18,10.27739389,0.06133785,19.9,0.057,2.8155099822717,1,1
"06037113232","91304",4315,0.502401599657997,0.455995813333333,63.4,14.45,10.91904895,0.060311,14.3,0.057,0.798805320839871,1,1
"06037113321","91311",6180,1.49071671438797,1.06756536333333,54.03,17.22,10.9951147,0.06236471,26.6,0.057,0.404793309730677,1,1
"06037113231","91304",2303,0.341715009345423,0.29081758,53.09,12.47,10.08304904,0.05938691,14.5,0.055,1.60128912025778,1,1
"06037113301","91324",3509,1.47301322774994,1.05678956,50.67,14.34,11.94831277,0.06350576,22.1,0.06,0.877001213762329,1,1
"06037113303","91311",4191,1.50837173407301,1.32952071,52.13,16.53,11.47080701,0.06350576,17.4,0.057,1.57515753119809,1,0
"06037113401","91306",6550,1.22392664340253,0.97651626,61.35,16.09,12.12804813,0.06350576,22.4,0.06,0.946571753968399,1,1
"06037601401","90301",5949,0.529384022309711,0.483079156666667,92.39,18.57,11.92992332,0.04320513,50.6,0.046,0.604969017541165,1,1
"06037601211","90301",2880,0.439647458840372,0.37221314,99.47,19.81,11.91789577,0.0438112,51.4,0.046,0.223982943605869,1,1
"06037600201","90044",5063,0.674463632386861,0.50614201,112.94,21.38,12.06489236,0.04320513,61.4,0.044,0.226588112290987,1,1
"06037601002","90301",5167,0.747234276823352,0.590041976666667,96.5,19.19,12.02230894,0.04320513,39.4,0.046,0.243876936566323,1,1
"06037600100","90044",7410,0.439765519366897,0.34437236,125.58,24.53,12.09365159,0.0438112,60.1,0.046,0.292177351874793,1,1
"06037601212","90301",6774,0.6468045365068,0.51479693,99.47,19.81,12.04203201,0.04320513,58.4,0.046,0.225476213886557,1,1
"06037600902","90302",6491,0.557479320766722,0.407872536666667,93.09,18.02,11.91340435,0.0438112,55.7,0.046,0.308088745529801,1,1
"06037273100","90291",2742,0.276471034160503,0.177293526666667,28.97,8.2,11.64254863,0.04632538,15.4,0.046,0.452600195257267,1,1
"06037602004","90303",3709,0.805339318380657,0.527034343333333,96.46,23.12,11.98293327,0.04259906,39.4,0.044,0.227976945893006,1,1
"06037602003","90303",4760,0.377451309353376,0.205660993333333,90.81,21.8,11.99554293,0.04259906,41.8,0.044,0.241419726507161,1,1
"06037602103","90250",6650,0.620874716654736,0.458166083333333,64.23,16.51,11.98467943,0.04259906,62.2,0.044,0.321691572969808,1,1
"06037301000","91206",5230,0.910575364869164,0.489815733333333,27.65,12.39,11.60600632,0.05605125,27.8,0.051,0.797086557366474,1,1
"06037302002","91206",3949,0.520548123956096,0.36881272,38.67,16.81,11.76431624,0.05395594,36.3,0.051,0.194385816133727,1,1
"06037300902","91206",1981,0.244419465322517,0.307956046666667,32.12,13.39,11.44387729,0.05605125,7.8,0.051,1.70046031345681,1,1
"06037302103","91205",5430,0.472969731766484,0.391219383333333,51.08,20.13,11.78597488,0.05395594,43.6,0.051,0.212706877978679,1,1
"06037302301","91204",3985,0.395822770023065,0.301663166666667,36.16,11.98,11.83417117,0.05334987,42.8,0.051,0.270899335035171,1,1
"06037302201","91205",4019,0.275937897677563,0.236970473333333,38.38,15.32,11.76431624,0.05334987,56.8,0.051,0.193203484138775,1,1
"06037302202","91205",5510,0.287907992324823,0.213234686666667,59.54,23.34,11.78597488,0.05334987,51.9,0.051,0.195659847801772,1,1
"06037311700","91506",6200,0.591892721506403,0.42000278,33.7,10.48,11.80566464,0.05685511,13.1,0.055,0.910434986298065,1,1
"06037535300","90001",6524,0.682314036029587,0.55694153,72.41,20.81,12.07274542,0.04490202,52.6,0.044,0.414448711519375,1,1
"06037534502","90255",4654,0.502792442137915,0.345634803333333,60.66,24.24,12.03943263,0.04588368,44.3,0.046,0.223201920917313,1,1
"06037188300","90039",3800,0.648221884196294,0.378450053333333,45.8,9.99,11.96632968,0.05116215,13.1,0.05,0.356377712522781,1,1
"06037532606","90255",4405,0.737219637318063,0.597447016666667,60.74,24.24,12.10088367,0.04588368,58.2,0.046,0.107198386604176,1,1
"06037532603","90255",3289,0.395766846615764,0.333164796666667,60.74,24.24,12.14111892,0.04588368,59.9,0.046,0.253244728285645,1,1
"06037532604","90255",2739,0.652952383082796,0.454923653333333,60.74,24.24,12.14111892,0.04588368,50.1,0.046,0.099877599798711,1,1
"06037532605","90255",3301,0.661937410522548,0.519716473333333,60.74,24.24,12.14111892,0.04588368,65.7,0.046,0.203131196563678,1,1
"06037534203","90201",3206,0.108308105662928,0.05679785,54.25,23.93,12.0818703,0.04632538,62.6,0.046,0.297501599153287,1,1
"06037532800","90001",4590,0.420653384236061,0.34080176,73.85,22.83,12.15277014,0.04539285,60.7,0.046,0.212483915379828,1,1
"06037533106","90255",1655,0.589489257734829,0.42559598,60.74,24.24,12.0654342,0.04588368,65.7,0.046,0.11598931436137,1,1
"06037432101","91780",4103,0.833256283305496,0.70672393,26.46,8.13,11.86093342,0.05763123,21,0.05,0.452537252261749,1,1
"06037432402","91731",6938,0.838463995267637,0.507439873333333,45.12,9.98,11.9501425,0.05763123,47.3,0.05,0.580426618448839,1,1
"06037432102","91780",5951,1.04809910124871,0.785808766666667,27.77,9.05,11.83990675,0.05763123,18.5,0.05,0.724236402814992,1,1
"06037480101","91780",3731,1.16632056291259,0.87255807,24.78,9.15,11.71494516,0.05763123,24.8,0.051,0.437392260495744,1,1
"06037480012","91775",4975,1.20037605384554,0.954904546666667,17.41,7.94,11.66234707,0.05846283,16.6,0.051,0.494880986824299,1,1
"06037480201","91775",3787,0.369802851348127,0.20408281,16.66,7.38,11.39019113,0.05605125,14.8,0.051,0.58996535531972,1,1
"06037481101","91776",4513,0.238916602044063,0.13708744,28.17,8.05,11.60331677,0.05605125,35.8,0.051,0.341549361310002,1,1
"06037403402","91789",3745,0.792937992125984,0.556932816666667,26.46,10.71,12.32124981,0.0527438,24.3,0.053,0.670509252998077,1,1
"06037403404","91789",2645,0.694635826771653,0.36325224,26.46,10.71,12.21273895,0.05334987,15.2,0.055,0.925743371663587,1,1
"06037403407","91789",2314,0.364222938041836,0.324489593333333,23.85,9.36,12.01790487,0.05462941,13.5,0.053,1.82704641762236,1,1
"06037403703","91724",4542,0.798337707786527,0.386388616666667,37.39,10.64,12.20797458,0.05938691,24.6,0.057,0.831434558666758,1,1
"06037403600","91724",6690,0.76984100353933,0.25521529,31.94,8.28,12.16655034,0.05763123,25.3,0.057,1.89874526577653,1,1
"06037404902","91706",3968,1.47403476198998,1.03210090666667,66.86,14.78,11.885902,0.05846283,33.2,0.051,0.26960727325617,1,1
"06037405400","91722",4950,0.977004294917681,0.734972863333333,43.76,11.45,11.94098068,0.05938691,18.2,0.053,0.520807267675063,1,1
"06037554512","90703",6455,0.404297030342798,0.24212587,38.96,11.47,11.91379251,0.04539285,18.3,0.046,1.48166181283357,1,1
"06037554517","90703",4510,0.407777951761712,0.325520513333333,38.96,11.47,11.88944363,0.04490202,17,0.044,0.507331937477504,1,1
"06037554515","90703",3793,0.538532470373022,0.297712136666667,30.05,9.24,11.72204658,0.0438112,8.7,0.044,0.466720125220961,1,1
"06037500300","90601",2973,0.976629608088762,0.710164526666667,56.32,21.16,11.9650108,0.05278424,10.5,0.046,3.4687558505703,1,1
"06037551300","90241",5449,1.27581859440865,1.08327672,46.57,19.31,12.11822591,0.04632538,39.5,0.044,0.589935140505336,1,1
"06037552800","90650",6198,0.751894560765132,0.538512913333333,57.55,22.22,11.90299857,0.04539285,33,0.044,0.499156093326622,1,1
"06037552900","90650",7156,0.830711768273284,0.633357896666667,56.91,21.95,11.9499108,0.04539285,39.8,0.044,0.504256057943834,1,1
"06037552400","90650",2423,0.609190452755906,0.502875546666667,54.67,21.09,11.96438049,0.04676708,35.5,0.046,0.359311087230821,1,1
"06037211500","90004",4175,0.674847639783663,0.4694364,44.3,11.62,11.95832752,0.04791979,25.5,0.048,0.350845932035186,1,1
"06037212202","90005",3424,0.393255264256741,0.261647856666667,29.98,8.27,12.17561826,0.04716458,56,0.048,0.080365219260022,1,1
"06037212304","90005",1832,0.698464094687028,0.526591163333333,43.91,13.25,12.10099038,0.04716458,67.6,0.048,0.0795708501341344,1,1
"06037212303","90005",3837,0.614740540244969,0.4333228,34.81,11.03,12.12928682,0.04716458,62.1,0.048,0.0600953029958118,1,1
"06037212204","90005",3584,0.331045444603515,0.20572305,30.5,8.87,12.12928682,0.04716458,59.3,0.046,0.0821960973658678,1,1
"06037212203","90005",2914,0.434319200866937,0.30497394,34.81,11.03,12.12928682,0.04716458,64.2,0.048,0.0409209389470904,1,1
"06037212306","90005",3413,0.555310113934622,0.43651289,29.06,8.04,12.10099038,0.04676708,55.6,0.048,0.0625099729658604,1,1
"06037212410","90005",4318,0.746729723415255,0.648333373333333,34.81,11.03,12.10099038,0.04676708,51.3,0.048,0.0605168041099617,1,1
"06037212305","90005",3025,0.566038708939792,0.480644693333333,27,7.52,12.10099038,0.04676708,65.4,0.048,0.0422676447549406,1,1
"06037212610","90005",4447,0.79763307285453,0.632960926666667,39.18,12.09,12.09098712,0.04676708,50,0.048,0.137224550238186,1,1
"06037213201","90006",3932,0.529637541756144,0.4372102,54.24,14.33,12.08158891,0.04676708,67.4,0.048,0.129250572082356,1,1
"06037212420","90005",3517,0.575699166865505,0.526411513333333,27.02,8.12,12.10099038,0.04676708,54.4,0.048,0.0548370179359627,1,1
"06037212620","90005",4087,0.687528583074843,0.527912543333333,29.04,6.62,12.09098712,0.04676708,45.3,0.048,0.111811125531383,1,1
"06037212900","90019",4067,0.754308587846974,0.526955,68.9,12.59,12.05102217,0.04632538,47.5,0.048,0.144469094471248,1,1
"06037212800","90019",3543,0.370793317028553,0.27979927,68.9,12.59,12.0118796,0.04632538,29.8,0.048,0.300702899193618,1,1
"06037213100","90019",3014,0.677902921935894,0.540252146666667,49.52,9.67,12.08158891,0.04676708,50.1,0.048,0.20703544528743,1,1
"06037213202","90006",3942,0.596175833134495,0.432856983333333,54.24,14.33,12.08158891,0.04676708,58.8,0.048,0.130442902856415,1,1
"06037213402","90006",4857,0.676156247514515,0.532025336666667,54.24,14.33,12.17561826,0.04676708,58.7,0.046,0.15245449979421,1,1
"06037213401","90006",4859,0.532334292730454,0.387335186666667,54.24,14.33,12.17561826,0.04676708,59,0.046,0.0746407738389193,1,1
"06037213310","90006",3015,0.541846864312415,0.40820109,54.24,14.33,12.1093104,0.04676708,49.5,0.048,0.120534232776459,1,1
"06037213320","90006",2469,0.626454008589835,0.45956072,54.24,14.33,12.1093104,0.04676708,56.7,0.046,0.121269840812126,1,1
"06037460000","91107",4421,0.605256551737851,0.45562341,21.74,7.13,11.53077517,0.06133785,9.9,0.051,2.61176363926628,1,1
"06037700200","90046",7446,0.400791875447387,0.283863376666667,27.21,13.35,11.7451443,0.05022962,20.9,0.05,0.270519368758029,1,1
"06037221710","90007",2833,0.544181355881651,0.385922333333333,48.36,15.22,12.10569353,0.04588368,56.1,0.046,0.127189248319754,1,1
"06037553000","90650",5033,0.509691526485326,0.192084836666667,49,18.48,11.95549388,0.04539285,27.3,0.044,0.486233894973363,1,1
"06037293304","90710",4832,0.63455109659588,0.46640273,58.61,12.38,11.84918524,0.03975537,32.3,0.042,0.219836263928254,1,1
"06037227020","90011",3623,0.4881771703253,0.354575686666667,69.72,22.77,12.09940492,0.04632538,63.6,0.046,0.169236030809037,1,1
"06037228220","90011",4375,0.410809621808638,0.323616013333333,69.72,22.77,12.15734144,0.04588368,67.1,0.046,0.140642443910293,1,1
"06037228310","90011",4523,0.368089109599936,0.265487563333333,69.72,22.77,12.06807983,0.04588368,53.8,0.046,0.210703105496496,1,1
"06037228210","90011",4233,0.524866653742146,0.30281473,69.72,22.77,12.09940492,0.04588368,73.4,0.046,0.158715752176947,1,1
"06037228100","90011",5505,0.371348822874413,0.308038813333333,69.35,21,12.15734144,0.04632538,60.3,0.046,0.388670577557208,1,1
"06037228420","90011",3304,0.329818236498847,0.28153398,69.72,22.77,12.0527736,0.04539285,72.4,0.046,0.107087669768492,1,1
"06037228320","90011",3122,0.326424928418039,0.238082446666667,69.72,22.77,12.06807983,0.04539285,62.9,0.046,0.130338884093951,1,1
"06037228410","90011",3600,0.442933891076115,0.229006313333333,69.72,22.77,12.0527736,0.04588368,66.3,0.046,0.107710526588093,1,1
"06037228500","90011",4869,0.456666815795753,0.343792783333333,69.72,22.77,12.0257337,0.04539285,57.1,0.046,0.173302864133998,1,1
"06037650605","90503",3064,0.655696979638909,0.479555903333333,27.55,10.88,11.95522956,0.04125212,16.3,0.044,0.187159710436663,1,1
"06037650604","90503",5567,0.633234411039529,0.519896323333333,27.55,10.88,11.91888586,0.04125212,29.7,0.044,0.199252586998942,1,1
"06037461501","91104",3971,0.75803184403086,0.639865003333333,39.09,10.33,11.35864584,0.05938691,32.1,0.051,0.387736577547455,1,1
"06037267403","90025",3000,0.739147752127575,0.514620186666667,19.89,9.02,11.65656905,0.04863521,28.7,0.046,0.0942724659137528,1,1
"06037265601","90024",3615,0.976821611787163,0.755513083333333,15.2,9.45,11.78930596,0.04863521,17.3,0.046,0.240118015025559,1,1
"06037239802","90001",5461,0.470834078978764,0.35231243,74.29,21.26,12.10418364,0.04435661,66.3,0.046,0.235303854313833,1,1
"06037239702","90003",4334,0.631807742782152,0.461001976666667,113.88,27.88,12.116733,0.0438112,68.1,0.046,0.18743869827997,1,1
"06037264103","90049",2658,0.617815706275352,0.435736693333333,15.21,8.62,11.75489665,0.04939042,17,0.046,0.0899257879674205,1,1
"06037262802","90272",3424,1.1865555157878,0.41575434,8.83,5.08,11.33956819,0.04981739,7.2,0.046,1.27269684387856,1,1
"06037262706","90272",3571,0.300350950449376,0.146489573333333,10.75,6.93,11.39613833,0.04981739,9.7,0.048,0.870320170601092,1,1
"06037262604","90272",5523,0.752719741708423,0.35034114,12.1,7.93,11.24903635,0.05116215,10.6,0.048,2.14467817853805,1,1
"06037262501","90272",3785,0.478039499323948,0.319636123333333,11.69,7.62,11.35479283,0.05022962,6.5,0.048,0.633294764534653,1,1
"06037241202","90044",5776,0.752717256223654,0.63493807,105.63,18.97,12.09974001,0.04259906,54,0.044,0.449285120065667,1,1
"06037128601","91401",4369,1.28429720432673,1.00990240333333,63.43,19.24,11.73546463,0.060311,45.1,0.055,0.263394154716023,1,1
"06037128102","91401",4625,0.774104852660463,0.6217344,76.93,17.36,11.74227149,0.06236471,54.7,0.055,0.250522842570501,1,1
"06037128101","91405",3735,0.786601248707548,0.499859273333333,61.77,15.3,11.63653858,0.06236471,42.3,0.055,0.250525729798428,1,1
"06037127806","91411",3293,1.20103967827885,0.73378382,56.93,13.55,11.85390933,0.06236471,54.4,0.055,0.263770911862603,1,1
"06037127804","91405",4352,1.3512499502903,1.01187898333333,109.64,20.84,11.89473641,0.06236471,41.2,0.055,0.246396118376775,1,1
"06037127803","91405",4790,1.0723139366102,0.78115743,109.67,20.85,11.77593619,0.06236471,45,0.055,0.247969272052759,1,1
"06037127711","91406",3588,1.05678214228903,0.473719303333333,57.11,14.41,12.08262759,0.06133785,46.5,0.057,0.364665432819304,1,1
"06037127603","91406",3068,0.806779656804263,0.63457684,77.98,19.65,12.32883267,0.06236471,59.6,0.057,0.169080627020716,1,1
"06037127104","91405",3821,0.827148204485803,0.64206888,109.67,20.85,11.68435272,0.06350576,63.1,0.055,0.274137569258571,1,1
"06037127103","91405",3109,0.919912709774914,0.702197316666667,66.18,13.69,11.61456405,0.06350576,49.1,0.055,0.11042824908258,1,1
"06037125502","91602",3488,0.997222470770699,0.74272187,29.66,7.94,11.54803852,0.05679963,25.3,0.053,0.202072992304586,1,1
"06037293302","90710",5082,0.615399193708741,0.455158223333333,49.91,10.69,11.88962253,0.03975537,27.8,0.042,0.431132565701238,1,1
"06037670403","90275",2733,1.09165908593812,0.45372206,9.34,5.34,11.59155268,0.04125212,8.5,0.042,0.644719317950846,1,1
"06037574100","90808",5014,0.799663092539569,0.633016596666667,24.7,10.39,11.65093923,0.04192559,10.6,0.042,0.710218274063814,1,1
"06037101210","91042",6347,0.546861951204963,0.37382808,30.87,16.86,11.32755877,0.06464682,54.3,0.053,0.250410133812159,1,1
"06037574400","90815",5474,0.524449713672155,0.26902243,23.8,12.66,11.59699651,0.04192559,11.5,0.042,1.31245451125256,1,1
"06037576802","90814",4061,0.503681002942814,0.418412956666667,37.16,9.61,11.58107322,0.03975537,35,0.042,0.180637078814234,1,1
"06037576801","90814",4070,0.308795384951881,0.295306743333333,33.69,8.51,11.60712094,0.03975537,41.2,0.042,0.199050140350644,1,1
"06037576700","90803",3935,0.293707871033166,0.21342266,17.3,7.25,11.58107322,0.03975537,27,0.042,0.301840039411223,1,1
"06037576601","90802",4293,0.214062997096954,0.1265245,59.25,12.02,11.64728179,0.03975537,26.5,0.042,0.178474406530384,1,1
"06037576602","90802",4423,0.199376267597232,0.11347619,46.01,9.96,11.64728179,0.03975537,31.6,0.042,0.395838665371325,1,1
"06037576501","90802",2986,0.409426449534717,0.302574193333333,82.02,15.81,11.62534541,0.03975537,60.1,0.042,0.111826706154647,1,1
"06037576503","90802",4469,0.355715123677722,0.274482166666667,55.94,11.19,11.62534541,0.03975537,33.7,0.042,0.120476313231415,1,1
"06037576200","90802",5324,0.384437385667701,0.274926983333333,75.83,14.78,11.64728179,0.03975537,54.8,0.042,0.269214670949976,1,1
"06037576401","90813",5021,0.327627281675018,0.235935673333333,84.76,18.16,11.66802231,0.03975537,58.4,0.042,0.12519309742893,1,1
"06037576403","90813",5140,0.547945622564225,0.426742276666667,82.09,17.52,11.65311866,0.03975537,62.4,0.042,0.12549883056413,1,1
"06037294110","90744",4129,0.84901301399825,0.53951089,65.44,18.49,11.72750466,0.03975537,52.6,0.042,0.383637230133848,1,1
"06037294610","90744",4334,0.121093439314404,0.16687298,76.33,21.61,11.68401519,0.03975537,47.4,0.042,0.316096295279518,1,1
"06037543604","90745",5226,0.698879792014635,0.489296236666667,67.35,18.5,11.94113985,0.03975537,17.5,0.042,1.01411960807419,1,1
"06037576502","90802",4658,0.426189180187704,0.303090306666667,66.27,13.2,11.62534541,0.03975537,48,0.042,0.118615207659776,1,1
"06037294620","90744",4683,0.390306857949574,0.289168166666667,76.33,21.61,11.69875187,0.03975537,52.3,0.042,0.327023599071658,1,1
"06037294410","90710",5079,0.387057086614173,0.243373416666667,50.63,11.48,11.76222237,0.03975537,54.3,0.042,0.323326307196831,1,1
"06037101110","91042",4283,0.665539499323948,0.51119205,30.87,16.86,11.30213066,0.06464682,32.5,0.055,0.441353329544822,1,1
"06037575201","90813",4772,0.162839020122485,0.112380556666667,128.01,27.87,11.75572268,0.03975537,55.1,0.042,0.218791909375986,1,1
"06037294200","90744",4874,0.806318599379623,0.657970866666667,74.29,21.03,11.74873865,0.03975537,27.3,0.042,0.369374598828564,1,1
"06037543903","90745",3740,0.736903359381214,0.450730426666667,67.35,18.5,12.04103289,0.04050375,27.6,0.042,0.525142307120476,1,1
"06037920336","91321",6881,0.574389937763461,0.424873293333333,36.13,10.21,9.600230462,0.06591477,57,0.065,0.639679164623655,1,1
"06037572202","90806",3614,0.416431166984809,0.365266933333333,99.74,20.11,11.60296908,0.04050375,13.3,0.042,0.59699258028254,1,1
"06037543701","90745",3057,0.758324509862404,0.575680816666667,67.35,18.5,11.97138796,0.03975537,28.8,0.042,0.245527779175403,1,1
"06037113322","91311",4572,1.09365927980593,0.85839162,48.93,15.34,11.37082616,0.06350576,13.2,0.057,0.689449904185081,1,1
"06037113421","91311",6879,1.42066953988706,1.06044951333333,39.33,9.56,11.55470265,0.06236471,36.9,0.057,0.850232738732534,1,1
"06037115201","91324",6647,1.13264845800525,0.808375936666667,47.29,13.1,11.93986769,0.06464682,35.9,0.06,0.529060400215505,1,1
"06037115302","91324",3957,1.40648860653782,1.17026160666667,72.5,19.57,12.55151073,0.06350576,50.7,0.06,0.323209652440837,1,1
"06037115202","91324",5684,1.28712692873618,1.11525405666667,59.88,16.57,12.41477456,0.06464682,26,0.06,0.671959660637207,1,1
"06037115101","91325",5083,1.35702124592381,1.0050438,62.08,17.54,12.10821715,0.06464682,6.9,0.057,1.49852809222742,1,1
"06037117301","91343",3910,1.22886530163843,0.956161696666667,86.23,15.46,11.87764253,0.06591477,25.5,0.057,0.516564459784335,1,1
"06037117302","91343",5229,1.10892077765847,0.903532453333333,58.87,11.45,11.99828813,0.06591477,18.3,0.057,0.791290446005175,1,1
"06037117404","91343",5324,0.954533648492802,0.797274033333333,75.02,13.8,12.13614247,0.06464682,26.5,0.057,0.681696510046913,1,1
"06037115401","91325",6373,1.95699676389883,1.39528550333333,44.47,11.77,12.64622444,0.06464682,35.1,0.06,0.735747578937727,1,0
"06037119320","91402",4906,0.780532316272966,0.540133663333333,89.05,19.65,11.66547916,0.06591477,44.1,0.057,0.190334684367721,1,1
"06037117510","91343",3687,0.530815040165434,0.3947222,78.05,14.19,11.77397672,0.06464682,68.3,0.057,0.12992303235979,1,1
"06037119340","91402",4264,0.561157838224767,0.40055144,93.94,20.82,11.6143557,0.06464682,74.5,0.057,0.0471729204351444,1,1
"06037119310","91402",4087,0.941706061600254,0.75005765,44.49,8.92,11.66547916,0.06718273,49.8,0.057,0.164881864549564,1,1
"06037119400","91331",5499,1.10833233913943,0.846853653333333,79.78,13.11,11.57359089,0.06591477,35.2,0.057,0.432736689335612,1,1
"06037602105","90250",4116,0.705015211166786,0.533378953333333,77.65,19.79,12.05869981,0.04259906,40.8,0.044,0.245391293119875,1,1
"06037601600","90304",4439,0.469685163644317,0.43371514,59.03,16.1,12.01108536,0.04259906,47.2,0.044,0.352631200336283,1,1
"06037601700","90304",5126,0.748067535592142,0.57319392,52.43,14,11.96153339,0.04259906,58.2,0.044,0.302379528031501,1,1
"06037601801","90304",2834,0.985825901733874,0.713067566666667,47.4,12.32,11.99377914,0.04259906,50.7,0.044,0.18685885845669,1,1
"06037601802","90304",3945,0.894033220989422,0.653930233333333,60.4,16.48,11.96153339,0.04259906,32,0.044,0.187560471053282,1,1
"06037601900","90303",4847,0.794749289151356,0.63677175,96.16,23.04,11.99554293,0.04259906,54.7,0.044,0.269076506754311,1,1
"06037602104","90250",6091,0.777905780243379,0.601821313333333,68.78,17.59,11.92187198,0.04259906,40.9,0.044,0.277735668428995,1,1
"06037600801","90305",3199,0.435350677046051,0.360548563333333,86.03,14.8,12.02244997,0.0438112,16.5,0.046,0.375094458052165,1,1
"06037602700","90250",3770,0.54718320011135,0.286064053333333,77.83,15.9,12.11204085,0.04259906,18.9,0.044,0.962236580989555,1,1
"06037601100","90301",6869,0.99008788674143,0.8205643,84.93,16.96,12.02230894,0.04259906,62.4,0.046,0.247623366205338,1,1
"06037600601","90303",2653,0.854633316432037,0.664769373333333,85.19,19.56,12.10856935,0.04259906,26.7,0.044,0.249156149789429,1,1
"06037302104","91205",4288,0.672240987632228,0.455800613333333,43.46,17.54,11.73900128,0.05462941,38,0.051,0.221309533756894,1,1
"06037300901","91206",6540,0.629460823789072,0.208735443333333,22.23,9.18,11.32292402,0.05685511,6.5,0.051,2.68416194612183,1,1
"06037320100","91340",7601,0.624675644237652,0.468661943333333,80.64,12.91,11.08053704,0.06718273,31.4,0.057,0.737167862867139,1,1
"06037106113","91342",3697,0.851942779169649,0.579049836666667,63.98,13.45,10.92587915,0.0685917,24.2,0.057,0.556790792340742,1,1
"06037311802","91502",4068,0.251893939393939,0.181182016666667,39.05,12.94,11.78538706,0.05763123,33.9,0.055,0.319099782125641,1,1
"06037302102","91205",5946,0.46041803368329,0.378470726666667,48.43,17.63,11.77220627,0.05334987,18.4,0.051,0.400834918558757,1,1
"06037302302","91204",5337,0.413078248031496,0.296515206666667,67.87,20.38,11.87080549,0.05334987,41.3,0.051,0.244282386950803,1,1
"06037124400","91607",4858,0.732715317545534,0.474860623333333,31.42,12.2,11.51704216,0.05938691,25.8,0.053,0.376473322722705,1,1
"06037125200","91601",3907,0.289584451801479,0.161187043333333,42.48,10.74,11.5294955,0.05763123,29.8,0.053,0.501355458106717,1,1
"06037124700","91423",5539,1.17495575837111,0.814668843333333,22.95,10.52,11.59357465,0.05846283,19.9,0.053,0.526999659793805,1,1
"06037125100","91607",5892,0.607641374373658,0.427538933333333,32.79,12.77,11.53704074,0.05763123,22,0.053,0.50132029709202,1,1
"06037127102","91405",5779,0.852454167660861,0.630534036666667,109.67,20.85,11.6846695,0.06350576,50.6,0.055,0.330450663172736,1,1
"06037534102","90201",6219,0.673473166706434,0.43455604,54.25,23.93,12.02588499,0.04716458,61.5,0.046,0.309962132914965,1,1
"06037533104","90255",4415,0.61779023005647,0.492989973333333,60.74,24.24,12.07802241,0.04588368,64.3,0.046,0.13201073875316,1,1
"06037533105","90255",2510,0.782758689254752,0.5671778,60.74,24.24,12.10088367,0.04588368,69.8,0.046,0.0736428319472092,1,1
"06037533601","90201",4762,0.372359172432991,0.293781736666667,48.65,21.32,12.05058662,0.04632538,60.4,0.046,0.211137719832235,1,1
"06037533602","90201",5546,0.37276989879106,0.236567463333333,54.25,23.93,12.05553415,0.04632538,57.5,0.046,0.269859050675333,1,1
"06037533501","90255",3051,0.343751242742384,0.269027696666667,38.7,15.41,12.10196267,0.04676708,54.8,0.046,0.1626031677296,1,1
"06037205120","90023",3548,0.624724732561839,0.5341854,76.1,20.87,12.27407804,0.04716458,82.3,0.046,0.566438363078045,1,1
"06037533804","90201",4207,0.585700757575758,0.35786623,54.25,23.93,12.02269432,0.04676708,55.5,0.046,0.19628433708408,1,1
"06037460302","91001",4221,0.577007774596357,0.448744483333333,39.01,9.23,11.4315396,0.060311,23.6,0.051,0.506920311970081,1,1
"06037800101","91302",5738,0.52265705778255,0.132366046666667,16.22,6.15,10.83831792,0.05535282,11.3,0.055,3.12646498253616,1,1
"06037800102","90290",7213,0.932903095919828,0.109586813333333,13.91,6.03,10.63554196,0.05352109,10.8,0.053,20.3447969408246,1,1
"06037800202","91302",6065,2.62964785651794,0.441240196666667,22.65,8.48,10.34173224,0.0534139,14.4,0.053,10.5836364418291,1,1
"06037651102","90505",3534,0.437249587409528,0.26421277,25.49,10.41,11.87909496,0.04125212,15.7,0.042,0.322963225350096,1,1
"06037401704","91767",7108,0.719088025928577,0.418297216666667,67.95,15.17,12.76241295,0.06133785,36.7,0.06,0.699964140449278,1,1
"06037408722","91748",4313,0.859084198282033,0.54980367,28.38,9.84,12.07967244,0.05070407,19.9,0.05,0.814003610410397,1,1
"06037400900","91741",4424,0.668370466475781,0.44050292,38.8,12.82,11.94310557,0.06236471,20.6,0.057,0.758694659069304,1,1
"06037190700","90028",2685,0.290804203451841,0.18036562,60.77,13.63,11.90677464,0.05022962,40.4,0.05,0.248124383581437,1,1
"06037403801","91724",6224,0.780624900580609,0.609506113333333,46.73,12.88,12.13753758,0.05938691,32.1,0.057,0.727962689697444,1,1
"06037405202","91706",4850,1.0917087956335,0.762400773333333,66.86,14.78,11.92341677,0.05846283,33.1,0.051,0.370415069451419,1,1
"06037404801","91706",7911,1.43285835719399,1.06269006333333,66.86,14.78,11.95086878,0.05763123,39.9,0.051,0.537025083149899,1,1
"06037404903","91706",2738,1.32958770778653,0.889151706666667,66.86,14.78,11.87892599,0.05846283,41.3,0.051,0.209214440360886,1,1
"06037405201","91706",4933,0.80948945657361,0.499325643333333,57.56,12.71,11.90589977,0.05846283,38.3,0.053,0.522446715803649,1,1
"06037405600","91791",5553,0.862377465600891,0.80299724,39.22,10.54,12.00446076,0.05763123,14.2,0.053,0.820267631973801,1,1
"06037405203","91706",3638,1.09973380458125,0.709383153333333,55.68,12.3,11.95803873,0.05763123,28.9,0.053,0.277226256424011,1,1
"06037406200","91723",5811,0.913895351149288,0.714244713333333,36.78,9.21,12.10201885,0.05763123,40.1,0.055,0.7337587765567,1,1
"06037501802","90602",3311,0.53712941422095,0.38177362,55.62,15.7,11.94722225,0.05022962,23.7,0.046,0.298948789276102,1,1
"06037109400","91345",3903,0.649393790264853,0.43523959,66.44,14.99,11.34325331,0.06718273,18.5,0.057,0.496503519153221,1,1
"06037552602","90650",4416,0.657504548437127,0.4694271,47.46,18.21,11.94672827,0.04588368,39.7,0.046,0.530236794029143,1,1
"06037552700","90650",6819,0.671079644873936,0.601897103333333,56.71,21.89,11.91971836,0.04588368,27.4,0.046,0.53059697858613,1,1
"06037552601","90650",5260,0.532200697924123,0.450816533333333,57.55,22.22,11.9351668,0.04539285,37.4,0.044,0.275323811220894,1,1
"06037553100","90706",6770,0.387662923526605,0.221355636666667,61.64,17.57,11.86178203,0.04435661,30.6,0.044,0.800061435390142,1,1
"06037554514","90703",4700,0.663114908931838,0.39400434,30.53,9.68,11.89070824,0.04490202,20.9,0.044,0.581588751984657,1,1
"06037554516","90703",3885,0.481226512168933,0.276050296666667,27.72,8.86,11.86959561,0.04435661,5.7,0.044,0.562308792637662,1,1
"06037554600","90650",4173,0.629967241310745,0.550599093333333,31.74,12.01,11.92696003,0.04490202,23.9,0.044,0.405850869747815,1,1
"06037554521","90703",5949,0.410107472361409,0.256608206666667,28.55,9.19,11.78434659,0.04435661,19.1,0.044,1.90866149582054,1,1
"06037214000","90036",4277,0.719784583035075,0.58609937,31.63,12.33,11.83730224,0.0482775,12.8,0.048,0.389852691663515,1,1
"06037214100","90036",3668,1.12716734271852,0.902871943333333,31.27,11.2,11.89088295,0.04791979,10.1,0.048,0.428114968767173,1,1
"06037214400","90036",2916,0.501214159309632,0.370473503333333,31.63,12.33,11.83730224,0.04863521,21,0.048,0.132920613199263,1,1
"06037214700","90048",2414,0.504719314205043,0.38446055,21.29,9.93,11.71968263,0.04791979,17.6,0.048,0.228834020201738,1,1
"06037214800","90048",2813,0.871173596198202,0.63078563,27.51,13.3,11.68771731,0.04863521,16.1,0.048,0.221982985528455,1,1
"06037214600","90048",2383,0.696313528990694,0.593327353333333,20.88,9.71,11.71898001,0.04863521,18.2,0.048,0.224406045503429,1,1
"06037216100","90019",2151,0.638714904955062,0.490887186666667,45.2,9.31,12.01976856,0.04716458,11.4,0.048,0.261297511257687,1,1
"06037571701","90805",6247,0.357543197725284,0.109800363333333,89.38,19.43,12.31736907,0.04192559,46.2,0.042,0.738325810314241,1,1
"06037572100","90806",1113,0.331197680545614,0.143029456666667,97.81,19.77,11.53907188,0.04050375,20.1,0.042,0.305194392203214,1,1
"06037572301","90810",3841,0.616856309154537,0.524174346666667,79.55,21.11,11.72604257,0.04050375,51.2,0.042,0.316709787265008,1,1
"06037572302","90810",3610,0.599407584705321,0.26601865,79.55,21.11,11.66595061,0.03975537,28.7,0.042,0.290386105955521,1,1
"06037228600","90011",5301,0.382230275192874,0.299349846666667,69.72,22.77,12.05265861,0.04539285,66,0.046,0.203524235736356,1,1
"06037229200","90011",5072,0.174714666348525,0.144717366666667,69.72,22.77,12.10765122,0.04539285,57.2,0.046,0.171832850537681,1,1
"06037228800","90058",5353,0.422901505209576,0.30218869,67,18.06,12.21219619,0.04588368,62.8,0.046,0.325459321501287,1,1
"06037228900","90058",2918,0.291276445557942,0.286189263333333,80.43,19.67,12.16800708,0.04588368,77.8,0.046,0.200030884217071,1,1
"06037231400","90062",4745,0.731770211962141,0.580699103333333,95.26,16.5,11.98149623,0.04490202,41.5,0.046,0.239747717439907,1,1
"06037231220","90037",4653,0.655412391632864,0.56123014,71.2,14.89,12.00727367,0.04539285,60.8,0.046,0.374229795420567,1,1
"06037231500","90062",5396,0.814129856637238,0.701126366666667,128.19,21.61,11.95605462,0.04490202,45,0.046,0.354133213551316,1,1
"06037231710","90037",4165,0.66389038017975,0.509106063333333,100.68,20.14,11.97864156,0.04490202,84.7,0.046,0.125587472529362,1,1
"06037232120","90037",5567,0.393359033245844,0.27892429,100.68,20.14,11.99843255,0.04490202,68,0.046,0.203536718556596,1,1
"06037236400","90008",4282,0.630821005328879,0.262260903333333,132.42,17.65,11.88815827,0.04435661,21.8,0.046,0.517640481901672,1,1
"06037236202","90008",5764,0.502597952954744,0.2786799,86.99,12.14,11.91185817,0.04490202,63.8,0.046,0.171279297367122,1,1
"06037234200","90018",2424,0.957316770062833,0.809431286666667,70.35,11.23,11.93784179,0.04490202,19.7,0.046,0.339619371848777,1,1
"06037261200","90077",4182,0.555928378270898,0.127862186666667,9.36,5.65,11.34895585,0.05286538,13.7,0.05,2.93138818129169,1,1
"06037262100","90077",2678,2.96748302413903,0.557967223333333,11.32,7.31,11.39244405,0.05235247,9.5,0.048,3.38746576913436,1,1
"06037262400","90049",3059,0.84013113417641,0.248785426666667,10.27,6.15,11.33070843,0.05298778,7.7,0.05,4.35184853211546,1,1
"06037262303","90049",3038,0.911893293167899,0.557023666666667,15.21,8.62,11.42938126,0.05070407,8.6,0.046,1.00773292368898,1,1
"06037262302","90049",2845,1.0209644426549,0.591280536666667,15.21,8.62,11.47355111,0.051214,8.8,0.046,1.18207315282617,1,1
"06037267200","90025",7004,1.02396504414221,0.835690416666667,21.05,9.35,11.77107454,0.04791979,18.1,0.046,0.456252544846625,1,1
"06037241002","90059",4144,0.48932422154617,0.39519882,97.62,18.87,12.0964657,0.04320513,45.3,0.044,0.27414525615911,1,1
"06037241001","90061",4197,0.749985087091386,0.57378679,119.22,20.85,12.10169951,0.04320513,65.2,0.044,0.347910797181613,1,1
"06037240402","90044",3763,0.434015971725125,0.279305836666667,95.33,20.3,12.08962673,0.04320513,56.2,0.044,0.231644560883332,1,1
"06037602507","90250",5122,0.709763729817864,0.515128083333333,54.38,13.4,12.06541253,0.04259906,45.9,0.044,0.124931147170402,1,1
"06037602506","90250",4297,0.658091744213791,0.448494993333333,51.1,12.5,12.06541253,0.04259906,52.3,0.044,0.124501071530016,1,1
"06037602505","90250",4590,0.40986327348286,0.285481266666667,77.65,19.79,12.06312607,0.04259906,57.7,0.044,0.124784371716286,1,1
"06037602504","90250",4961,0.311969970373022,0.302295316666667,77.65,19.79,12.06541253,0.04259906,43.4,0.044,0.124252454750844,1,1
"06037600303","90044",3883,0.579480831941462,0.40835748,125.58,24.53,12.08622848,0.04259906,66.9,0.044,0.14041236035404,1,1
"06037101300","91042",3884,0.797017915374215,0.39042499,22.91,11.89,11.01194549,0.06350576,17,0.053,0.995076777869841,1,1
"06037651001","90501",5444,0.442282694066651,0.402438696666667,52.35,11.03,11.9316356,0.04050375,24.7,0.042,0.550022937240434,1,1
"06037702600","90230",6389,0.3578781167979,0.277108986666667,48.78,14.01,11.68123003,0.04490202,8.1,0.046,0.839644117663536,1,1
"06037670701","90275",7185,0.560372425037779,0.516510546666667,15.06,6.56,11.59614426,0.03892377,12.5,0.042,1.15352601345726,1,1
"06037670002","90717",3939,0.489598867613139,0.34758187,54.89,14.54,11.84918524,0.03975537,18.7,0.042,0.331837382913314,1,1
"06037294520","90744",3710,0.609596208144436,0.413370963333333,76.33,21.61,11.72966207,0.03975537,41.7,0.042,0.186958578770464,1,1
"06037296600","90731",5358,0.436196984609878,0.432734026666667,103.61,14.57,11.65417914,0.03809217,55.7,0.042,0.32506493099615,1,1
"06037575103","90804",5171,0.327028279845701,0.231836856666667,93.2,17.56,11.61841941,0.04050375,42.5,0.042,0.185090635177858,1,1
"06037576402","90813",5015,0.382227168336912,0.285895096666667,111.73,24.22,11.66802231,0.03975537,54.7,0.042,0.125164383457343,1,1
"06037575902","90802",5208,0.36130249343832,0.268527956666667,82.02,15.81,11.73964651,0.03975537,41.5,0.042,0.135364907477124,1,1
"06037575401","90813",4788,0.265323013600573,0.22426583,127.96,27.86,11.69108081,0.03975537,72.1,0.042,0.342809049375906,1,1
"06037575901","90802",3553,0.1985063479281,0.062397953333333,81.93,15.79,11.70661336,0.03975537,54,0.042,0.188064764000017,1,1
"06037575102","90804",4151,0.392439403881333,0.291220083333333,93.2,17.56,11.65311866,0.03975537,58.4,0.042,0.156346908329629,1,1
"06037575803","90813",3229,0.275543948341685,0.25703943,112.45,24.38,11.70661336,0.03975537,62,0.042,0.0770022240990133,1,1
"06037297000","90732",5597,0.504143924481031,0.336471946666667,62.23,10.8,11.58733944,0.03809217,16.1,0.042,0.559069340009441,1,1
"06037575801","90813",2254,0.120691412153026,0.04055202,104.11,22.57,11.70661336,0.03975537,62.6,0.042,0.167493750915714,1,1
"06037294830","90744",4134,0.355629995824386,0.24405981,76.33,21.61,11.77535951,0.03809217,58.9,0.042,0.341222929661249,1,1
"06037294510","90744",5082,0.791682200946473,0.64203594,76.33,21.61,11.74873865,0.03975537,59.2,0.042,0.198794609685293,1,1
"06037294900","90744",3853,0.45986004235266,0.352195946666667,73.77,20.58,11.8087939,0.03892377,61.6,0.042,0.249966093319633,1,1
"06037296210","90731",3132,0.303237219637318,0.178052386666667,103.61,14.57,11.70137136,0.03809217,56,0.042,0.215196808744809,1,1
"06037294810","90744",4278,0.509826364034041,0.454490783333333,76.33,21.61,11.72966207,0.03892377,64.7,0.042,0.123759386395793,1,1
"06037577501","90803",3370,0.184648527598823,0.14383413,19.39,9.69,11.49358879,0.04050375,13.7,0.042,0.525515960905319,1,1
"06037920044","91350",2399,1.09586763302314,0.536438136666667,30.9,13.62,10.00715869,0.06464682,7.1,0.065,0.385276096797989,1,1
"06037575202","90813",4175,0.319404676688141,0.294932413333333,110.89,23.98,11.65311866,0.03975537,63.5,0.042,0.15610644884196,1,1
"06037207400","90012",1539,0.332706369800366,0.10101593,30.75,10.73,12.62517064,0.04791979,34.2,0.046,0.33796593500462,1,1
"06037573003","90806",1843,0.231559567127973,0.164194603333333,88.32,17.92,11.64459056,0.03975537,40.8,0.042,0.173632167570067,1,1
"06037206300","90013",6103,0.331478540324505,0.24480974,83.69,7.91,12.39952871,0.04756207,93.2,0.046,0.238783463722542,1,1
"06037104500","91331",3025,0.941340695339219,0.787225466666667,81.71,13.36,11.40197774,0.06718273,47.5,0.057,0.20502582138186,1,1
"06037208000","90026",7508,0.163748086176728,0.114818436666667,41.43,10.45,12.53587816,0.04791979,59.6,0.046,0.373029199915516,1,1
"06037208610","90026",4351,0.539756571621729,0.466649103333333,40.48,10.46,12.19449024,0.04791979,42.2,0.046,0.136133828064176,1,1
"06037571704","90805",4076,0.32731970293486,0.239732646666667,94.42,20.48,12.14582489,0.04192559,47.6,0.042,0.185778604335755,1,1
"06037104810","91331",5631,0.820393278254991,0.704753166666667,81.71,13.36,11.46459884,0.06718273,43.5,0.055,0.433646437820906,1,1
"06037208620","90057",4446,0.484185481786368,0.402931496666667,44.33,11.39,12.19449024,0.04791979,44.8,0.046,0.125798566915815,1,1
"06037570403","90805",4832,0.697397821721149,0.51126653,84.23,18.48,12.4277485,0.04259906,57.6,0.042,0.220800629358488,1,1
"06037106403","91342",3667,0.75833196631671,0.618646676666667,58.22,11.95,10.98471997,0.06718273,40.6,0.06,0.427167378884222,1,1
"06037208710","90057",4858,0.291480876680188,0.188766116666667,49,13.03,12.20870236,0.04756207,25.7,0.046,0.0650485801156825,1,1
"06037553503","90723",2906,0.457273895450569,0.35415158,34.98,11.41,12.01081735,0.04490202,42.8,0.044,0.163707807738546,1,1
"06037208902","90017",2692,0.406718513878947,0.304342783333333,53.55,10.57,12.23163332,0.04756207,74.7,0.046,0.0710899240761379,1,1
"06037107010","91342",3141,0.632539718046608,0.493830323333333,63.98,13.45,10.88563321,0.06718273,44.1,0.06,0.263149679102581,1,1
"06037602600","90249",8118,0.607276629483815,0.572957806666667,80,17.3,12.0858239,0.04259906,33.1,0.044,0.751443218969063,1,1
"06037219800","90016",2861,0.680685422134733,0.46977803,99.57,16.87,11.94583615,0.04539285,43.8,0.046,0.171782572869031,1,1
"06037552302","90650",4107,0.518551658315438,0.34310727,54.01,20.83,11.94041032,0.04676708,25.8,0.046,0.368799428458766,1,1
"06037106641","91344",2372,0.678290036188658,0.522157936666667,52.54,13.58,10.95076564,0.06718273,16.1,0.06,0.438815925780447,1,1
"06037219010","90018",3027,0.728957264574883,0.475491436666667,89.86,18.08,12.00024046,0.04539285,45,0.046,0.170532189198737,1,1
"06037218900","90018",6149,0.64267738904796,0.431548316666667,89.86,18.08,12.00024046,0.04588368,55.6,0.046,0.271324617596797,1,1
"06037220100","90016",2415,0.522377440746043,0.296493903333333,99.57,16.87,11.91465003,0.04539285,40.1,0.046,0.378587511085138,1,1
"06037107020","91342",5317,0.590544346019248,0.400681756666667,59.2,12.26,11.0285217,0.06718273,29,0.06,0.383491145823832,1,1
"06037219700","90016",4507,0.413778533365148,0.33748496,99.57,16.87,11.94419228,0.04539285,48.8,0.046,0.421198880820345,1,1
"06037503104","90605",2542,1.19895187107293,0.74352203,47.68,18.6,11.95022379,0.04756207,44.6,0.046,0.211146800256546,1,1
"06037221220","90006",3376,0.587522617911397,0.41075766,36.24,9.96,12.07444266,0.04632538,55.9,0.046,0.254496505377393,1,1
"06037108101","91326",2327,0.467284806728704,0.300425236666667,29,15.55,11.03665977,0.06591477,14.7,0.06,0.436009225841581,1,1
"06037550602","90240",4328,1.17321032669212,0.777861093333333,36.14,13.8,12.149672,0.04716458,23.1,0.046,0.572011699308535,1,1
"06037219020","90018",5411,0.895527618706753,0.696525456666667,89.86,18.08,11.98833627,0.04539285,48,0.046,0.278570721890689,1,1
"06037221110","90006",3705,0.562787694862006,0.43711101,54.24,14.33,12.18410918,0.04676708,69.4,0.046,0.0904890392261299,1,1
"06037117530","91343",6742,0.583013948540523,0.43724378,66.53,12.4,11.86110213,0.06464682,53.1,0.057,0.2158327999888,1,1
"06037221120","90006",3197,0.611180083313449,0.359757913333333,35.37,9.75,12.18410918,0.04632538,64.9,0.046,0.122590628511804,1,1
"06037550601","90240",5960,1.24338612502983,0.69305104,31.59,11.65,12.15528894,0.04791979,27.5,0.046,0.452636749981065,1,1
"06037221302","90019",4373,0.751829938161139,0.586798566666667,48.43,9.79,12.02272051,0.04632538,60.3,0.046,0.179143902098454,1,1
"06037119800","91331",6054,0.900852769824226,0.734879873333333,76.99,12.76,11.51448362,0.06591477,22.6,0.055,0.47968708766775,1,1
"06037550202","90650",5710,0.652026540006363,0.430081463333333,57.55,22.22,11.97767043,0.04632538,34.8,0.046,0.488732715074125,1,1
"06037221500","90018",3875,0.516215302632625,0.36460308,55.36,11.99,12.05421442,0.04588368,53.6,0.046,0.146971451398671,1,1
"06037117405","91343",3574,0.801797502584904,0.60972811,86.23,15.46,11.95061359,0.06464682,71.6,0.057,0.0782593631570764,1,1
"06037221900","90007",4248,0.670124597351467,0.484087266666667,48.36,15.22,12.05189368,0.04588368,85.4,0.046,0.159308787621037,1,1
"06037550201","90650",2911,0.760709953869403,0.40650217,47.04,18.03,12.04217149,0.04716458,30.6,0.046,0.219655883603651,1,1
"06037221820","90007",2363,0.538463498170683,0.355534343333333,48.36,15.22,12.05189368,0.04588368,71.6,0.046,0.0789268956972162,1,1
"06037120010","91402",2704,0.739380766324664,0.48630157,93.8,20.79,12.08174436,0.06464682,47.9,0.057,0.217959021732343,1,1
"06037221810","90007",2892,0.428085605066412,0.328166143333333,48.36,15.22,12.10569353,0.04588368,66.9,0.046,0.117437263375313,1,1
"06037544002","90810",3187,0.905981567644954,0.548922546666667,79.55,21.11,11.81058961,0.04050375,26.2,0.042,0.442513187676371,1,1
"06037222100","90018",4331,0.430230578422015,0.27433403,54.58,13.54,12.03443249,0.04588368,42.7,0.046,0.1842242477534,1,1
"06037119900","91402",5245,0.773544997216257,0.56731417,84.63,18.53,11.63126039,0.06464682,30.7,0.055,0.404940775573676,1,1
"06037222200","90018",4016,0.239352804621013,0.22303809,62.18,14.72,12.05421442,0.04588368,56.5,0.046,0.186316019550375,1,1
"06037544001","90810",4574,0.866931495068798,0.608836346666667,79.55,21.11,12.13159077,0.04125212,30.1,0.042,0.882500020376541,1,1
"06037222600","90007",5549,0.5811106885787,0.460696736666667,38.44,11.22,12.03443249,0.04539285,65.3,0.046,0.251165109339826,1,1
"06037120030","91402",2666,0.919228580092261,0.624425286666667,93.94,20.82,11.81424877,0.06464682,65.9,0.055,0.137804836198263,1,1
"06037536103","90280",5353,0.408782708979559,0.242434193333333,52.53,18.39,12.03418998,0.04539285,32,0.044,0.454601054890557,1,1
"06037543905","90745",4636,1.22512278294759,0.829901083333333,62.08,17.08,11.96592116,0.03975537,43.7,0.042,1.06106435711012,1,1
"06037533002","90001",2705,0.497149770341207,0.379957423333333,80.16,24.73,12.136112,0.04539285,67.6,0.046,0.187895098579816,1,1
"06037119700","91402",4913,1.105324902569,0.802878913333333,51.3,10.53,11.50038668,0.06350576,26.3,0.055,0.508403914549245,1,1
"06037139504","91316",3998,1.22008408394973,0.949587476666667,68.54,13.11,12.66717011,0.060311,37.4,0.057,0.112236969322998,1,1
"06037480304","91801",4506,0.608620655372624,0.53021559,39.56,11.33,11.67590961,0.05462941,38.5,0.05,0.167686906037186,1,1
"06037125501","91601",3052,1.14779810904319,0.832596383333333,59.61,14.27,11.54284994,0.05763123,38.2,0.053,0.179273537238748,1,1
"06037121010","91352",4934,0.520561172751133,0.297589906666667,60.88,14.88,11.45562342,0.06464682,32.5,0.055,0.784570197540405,1,1
"06037125402","91602",4889,0.627583661417323,0.418575363333333,42.26,10.69,11.53361756,0.05763123,26.4,0.053,0.26754067211297,1,1
"06037139503","91316",5946,1.37021917004693,0.956625563333333,44.05,8.77,12.66717011,0.060311,29.9,0.057,0.135613769196029,1,1
"06037123901","91606",4696,0.820830102203134,0.73789485,67.61,19.2,11.49534692,0.06133785,33,0.055,0.499083807307517,1,1
"06037120300","91402",5238,1.15656503519446,0.824440306666667,93.94,20.82,11.67857435,0.06464682,27.6,0.055,0.661350614080618,1,1
"06037121802","91605",3216,0.981263794440468,0.834258843333333,70.54,18.29,11.40523782,0.06350576,44.3,0.055,0.366920027182673,1,1
"06037121801","91605",3127,1.04423106557703,0.694512953333333,79.39,21.48,11.49489892,0.06350576,52.4,0.055,0.187538734300213,1,1
"06037139401","91356",2706,0.838310516583154,0.707972783333333,59.55,13.44,12.60171498,0.060311,31.4,0.057,0.34976909634423,1,1
"06037120020","91402",3872,0.770831469219757,0.48809367,93.94,20.82,11.81424877,0.06464682,62.7,0.057,0.212871966736558,1,1
"06037119202","91331",4759,0.725250785413187,0.386873063333333,72.7,12.15,11.47638507,0.06718273,39.3,0.057,0.374209275033313,1,1
"06037137103","91367",5382,0.610771221068957,0.37795924,38.86,15.38,11.56304345,0.05846283,15,0.057,0.294288870230373,1,1
"06037119201","91331",4547,1.16062258907977,0.836575853333333,73.91,12.37,11.54686613,0.06718273,34.9,0.057,0.367289191309454,1,1
"06037121020","91605",3610,0.506171458681301,0.296921756666667,79.39,21.48,11.50132407,0.06350576,30.7,0.055,0.317419988126895,1,1
"06037119002","91331",7976,1.19708092241311,0.918401363333333,81.71,13.36,11.48523973,0.06591477,25.4,0.055,0.654356124569236,1,1
"06037119001","91331",4435,0.67426355086296,0.46299642,81.71,13.36,11.410504,0.06591477,22.4,0.055,0.414646442550657,1,1
"06037134905","91371",4552,1.31680796647578,1.10683761333333,38.86,15.38,12.04220557,0.05938691,27.9,0.057,0.996783267533997,1,1
"06037117520","91343",4168,0.607363000079535,0.393686383333333,86.23,15.46,11.77397672,0.06464682,73.3,0.057,0.124854225655499,1,1
"06037117202","91343",2633,1.31600950449376,1.02868197,80.35,14.5,11.76122625,0.06591477,10.4,0.057,0.701363992871767,1,1
"06037115404","91324",2800,1.65824957249662,1.32379193333333,54.95,14.86,12.62052222,0.06350576,27,0.06,0.368845008473417,1,0
"06037134522","91303",4167,1.16156272369363,0.90089825,86.35,18.41,11.32227028,0.060311,57.5,0.057,0.23756166146338,1,1
"06037121210","91331",2926,0.705362557663247,0.59608534,51.46,9.74,11.30064758,0.06591477,27.1,0.055,0.783519054378979,1,1
"06037115403","91325",3583,1.75717310904319,1.34890907666667,46.93,13.12,12.58335026,0.06350576,48.7,0.06,0.271599815995294,1,0
"06037301206","91202",5281,0.613024934383202,0.471885526666667,30.96,16.84,11.80183487,0.05605125,36.8,0.053,0.317405984328245,1,1
"06037900803","93534",8751,0.925907077666428,0.797078563333333,154.07,21.11,7.448292093,0.06236471,43.8,0.062,1.0247787311039,1,1
"06037122120","91352",5011,1.40551181102362,0.99176812,62.85,13.16,11.49943551,0.06236471,42.3,0.055,0.277503125991957,1,1
"06037900805","93534",4916,1.21323719478247,0.97621138,138.98,19.27,7.524445823,0.06236471,32.2,0.062,1.01652112003711,1,1
"06037901007","93536",2094,1.05727054004613,0.859578523333333,55.82,12.84,7.182323796,0.06236471,15.6,0.062,2.01585827687834,1,1
"06037301205","91202",2106,0.770220039966595,0.589138526666667,30.96,16.84,11.76547567,0.05679963,7.5,0.053,0.29898291798799,1,1
"06037127520","91406",4870,0.888083591823749,0.647006313333333,41.02,8.55,12.06000567,0.06464682,68.4,0.057,0.140934210041991,1,1
"06037901101","93536",5519,1.52824069931599,1.39398980666667,60.67,14.26,7.066875013,0.06236471,28.3,0.062,2.01390401752848,1,0
"06037300301","91214",6024,0.400476218881731,0.098172726666667,24.32,9.62,11.111859,0.06350576,11.5,0.053,2.38370725552095,1,1
"06037900501","93535",7225,1.05324281197805,0.90106345,154.42,23.64,7.35997026,0.06236471,50.1,0.062,1.20419853579946,1,1
"06037600202","90044",7767,0.295550857989342,0.244416526666667,98.17,17.57,12.06489236,0.04259906,66.9,0.044,0.320491244283357,1,1
"06037901004","93536",12463,2.28309050147141,1.7182212,60.67,14.26,7.168119235,0.06236471,17.3,0.062,5.05346923411166,1,0
"06037501002","90606",5013,0.350522945995387,0.253138196666667,57.32,21.35,12.02689931,0.05022962,13.4,0.046,0.566561717289119,1,1
"06037901102","93536",5337,1.51459414519208,0.997140696666667,60.67,14.26,7.243753752,0.06236471,25.7,0.062,1.97297580611673,1,1
"06037600501","90303",2712,1.01172403165513,0.844212246666667,73.51,16.39,12.11332221,0.04259906,24.3,0.044,0.251825713843914,1,1
"06037920015","91390",6578,0.720307777578939,0.382345463333333,22.24,11.96,9.376598108,0.06464682,5.2,0.062,2.26503049450679,1,1
"06037501001","90606",3046,0.300911427264774,0.206324733333333,60.7,22.6,12.00941574,0.05022962,31.8,0.046,0.340590092391969,1,1
"06037104401","91331",3270,0.578313275471248,0.31076365,81.71,13.36,11.28546472,0.06718273,43.9,0.057,0.263398508618636,1,1
"06037600400","90047",4147,0.713436033563986,0.752060946666667,139.63,19.73,12.11332221,0.04259906,22.5,0.044,0.378549917165836,1,1
"06037104620","91331",3528,0.910592141891354,0.717832616666667,81.71,13.36,11.40197774,0.06718273,46.4,0.055,0.205088658898515,1,1
"06037500404","90660",4551,0.475549664956653,0.36783022,60.9,21.31,11.90846846,0.05219839,25.6,0.046,0.460468972608527,1,1
"06037104320","91331",5292,0.825776216893343,0.73711184,81.71,13.36,11.16595012,0.06718273,32.3,0.057,0.467632229728653,1,1
"06037296300","90732",5027,0.603232745764734,0.27774352,38.4,7.5,11.627812,0.03809217,22.6,0.042,0.409554474062817,1,1
"06037530902","90063",3840,0.746542069315199,0.575397846666667,56.8,16.64,12.1028031,0.04978792,52.4,0.046,0.20091641421628,1,1
"06037481606","91803",5013,0.865952214069832,0.633073996666667,30.58,8.32,11.964271,0.05334987,42.7,0.048,0.332425590808986,1,1
"06037530801","90063",5407,0.97626548457011,0.503543,56.8,16.64,12.28025039,0.04939042,57.1,0.046,0.297047182878766,1,1
"06037600702","90305",4306,0.744726422691482,0.785316393333333,81.62,14.93,12.02566379,0.04259906,18.8,0.046,0.948386100621906,1,1
"06037530901","90063",3684,0.92665210172592,0.67390184,56.8,16.64,12.19566675,0.04939042,45.7,0.046,0.172148988827983,1,1
"06037500403","90660",3829,0.229746405989024,0.17551882,53.1,18.97,11.96047611,0.05168937,22.3,0.046,0.867233065394266,1,1
"06037531000","90063",5133,0.653494218762427,0.47231534,45.48,11.8,12.12011834,0.04981739,54.7,0.046,0.387564326571368,1,1
"06037135202","91307",4708,1.14013970909886,0.830105326666667,38.66,13.37,10.79494027,0.05763123,15.8,0.055,0.677614909490839,1,1
"06037531101","90063",4851,0.951879150759564,0.76614754,56.8,16.64,12.15909476,0.04939042,48.4,0.046,0.270237455392411,1,1
"06037433101","91731",2464,0.71741405193669,0.459137996666667,60.57,15.27,11.94103408,0.05605125,43.5,0.05,0.60287109781365,1,1
"06037135203","91307",7515,0.497902250855007,0.33519151,39.46,13.28,10.39558293,0.05763123,16.9,0.055,1.73489880395629,1,1
"06037531102","90063",3210,0.85783648492802,0.645499976666667,56.8,16.64,12.15909476,0.04939042,55,0.046,0.191530636555702,1,1
"06037531201","90063",5530,0.964568171876243,0.67965928,39.92,11.44,12.17215849,0.04863521,49.2,0.046,0.2141630052348,1,1
"06037911001","93544",3926,1.31903620357114,3.19288686,51.72,12.98,8.595110887,0.06604873,38.7,0.062,144.479492217823,1,0
"06037531202","90023",4431,0.83729271057027,0.594919496666667,64.51,17.76,12.17215849,0.04863521,57.5,0.046,0.171397272394428,1,1
"06037137302","91367",4449,0.731352650520958,0.567126423333333,35.65,14.07,10.52350498,0.05679963,10.5,0.055,0.94415367822287,1,1
"06037482301","91776",4941,0.482894272448898,0.45442273,40.35,10.94,11.91454322,0.05462941,51.7,0.05,0.339317381297554,1,1
"06037481103","91776",4926,0.548972127773801,0.49646274,37.59,10.21,11.77450378,0.05605125,29.6,0.051,0.54142860057763,1,1
"06037482401","91770",3670,0.486933806569633,0.354697696666667,41.18,11.45,11.93764971,0.05462941,47.9,0.048,0.324028389646932,1,1
"06037482303","91770",6156,0.336021385110952,0.247141436666667,31.35,8.71,11.90909207,0.05462941,49.9,0.048,0.377678794113846,1,1
"06037910813","91390",4080,2.23859845999364,1.54148493,20.94,10.72,9.340705171,0.06473142,13.6,0.06,31.8696463144767,1,0
"06037482522","90640",4478,0.467853361369602,0.337563876666667,35.93,10.76,12.02366434,0.0527438,20.3,0.048,0.63591789905939,1,1
"06037132900","91335",3885,0.40582498210451,0.30846864,59.9,14.44,13.67637814,0.06133785,25.5,0.06,0.460725625632312,1,1
"06037530005","90640",3971,1.00529035433071,0.590562426666667,42.27,13.03,12.07038029,0.05168937,16.1,0.048,0.884188479428966,1,1
"06037910716","93550",5770,1.82267308915931,0.79586416,116.3,21.77,8.713974453,0.06236471,36.5,0.062,0.956603685118848,1,1
"06037403312","91789",5096,1.10802041080092,0.839811676666667,24.24,8.89,12.36111436,0.05278424,26.6,0.055,2.71911629939877,1,1
"06037131200","91325",3417,1.39728299232482,1.07998954333333,50.62,14.07,13.09110197,0.06350576,20.6,0.06,0.435683911672475,1,1
"06037910715","93550",6653,0.93164544062674,0.58481767,113.1,21.22,8.370674158,0.06236471,44.9,0.062,0.763668007306026,1,1
"06037408704","91748",3311,1.22537505965163,0.75239116,28.38,9.84,12.12767476,0.05116215,36.5,0.05,0.444264870300891,1,1
"06037403324","91765",7193,1.29318156963334,1.14443913,25.95,9.75,12.18680632,0.05070407,16.2,0.053,3.61389052052058,1,1
"06037131600","91335",5336,1.53251759723216,1.19920547,68.17,18.13,12.83145517,0.06236471,29.7,0.06,0.847301356966461,1,1
"06037910714","93552",3870,0.469829321760916,0.364478566666667,79.73,18.78,8.805468694,0.06236471,50.5,0.062,0.389807742244809,1,1
"06037408211","91748",6381,1.27369723315836,0.895971933333333,29.61,10.07,12.17440042,0.05219839,35.3,0.05,3.03970601487433,1,1
"06037137301","91367",2271,0.864716306768472,0.663729536666667,38.86,15.38,10.81493911,0.05763123,6.8,0.055,0.620617635843124,1,1
"06037403325","91765",5348,0.847573918317029,1.76015283666667,25.31,9.41,12.06400634,0.04981739,15,0.051,6.06508149267141,1,0
"06037910711","93552",7655,1.63026239262706,1.08258514333333,69.75,15.77,8.04000145,0.06236471,36.8,0.062,1.39479080645664,1,1
"06037408212","91748",5042,1.047195006164,0.68170242,24.82,8.7,12.23579771,0.05116215,20,0.051,1.10443848965778,1,1
"06037137201","91367",6029,0.769856537819136,0.57094652,33.36,13.14,11.1165408,0.05763123,15.6,0.057,0.770083205841435,1,1
"06037408503","91745",6673,1.07773602163366,0.590972323333333,40.55,11.19,11.92721209,0.05219839,11.7,0.048,1.81201187627074,1,1
"06037910606","93550",3121,1.00721598365545,0.679995803333333,98.34,18.66,8.595270016,0.06236471,54.3,0.062,0.526044785807916,1,1
"06037407001","91746",6284,0.935395415771892,0.608179683333333,42.57,14.31,12.0150862,0.05679963,34.2,0.051,0.424111423090664,1,1
"06037137504","91364",2155,0.472668366738249,0.18640536,28.25,9.06,11.6497582,0.05763123,6.8,0.055,1.48161909583052,1,1
"06037910605","93550",4715,1.12913522528434,0.861478393333333,96.08,18.27,8.085020981,0.06236471,56.7,0.062,0.521586501835331,1,1
"06037408302","91746",3836,0.962799749463135,0.2073322,40.19,14.63,12.03229985,0.05535282,24.8,0.048,1.30134922166496,1,1
"06037401202","91773",4706,0.557741539409846,0.31321543,35.9,10.15,12.24965821,0.060311,21.7,0.06,1.22787785782924,1,1
"06037137401","91364",4299,0.743985748230335,0.431454633333333,33.41,12.38,11.17770393,0.05763123,11.3,0.055,0.918325377447389,1,1
"06037135114","91303",5106,0.850293660025451,0.848022986666667,30.88,8.34,11.68696862,0.05938691,31,0.057,0.490114676788999,1,1
"06037403802","91724",6687,0.859857805416368,0.668284163333333,36.66,10.36,12.23742986,0.05938691,32,0.06,0.50398566961375,1,1
"06037401603","91750",2951,0.333790041159628,0.323610293333333,41.89,14.35,12.44397051,0.06133785,18.4,0.06,0.746778926220631,1,1
"06037460900","91103",6731,0.786012810188499,0.627187743333333,53.64,11.43,11.44429789,0.05846283,30.8,0.051,0.94566184551326,1,1
"06037135113","91367",3485,0.729628345462499,0.519547193333333,38.86,15.38,11.3408212,0.05938691,15.2,0.057,0.246549436017681,1,1
"06037403901","91740",3174,0.723180376600652,0.42887293,51.35,13.82,12.01688922,0.06133785,28.3,0.057,0.487623386707362,1,1
"06037461700","91103",1526,0.233075712837032,0.11055606,50.78,10.92,11.25188699,0.05763123,12.2,0.051,0.855011530257566,1,1
"06037404901","91706",5700,1.22506250994194,0.85540553,66.86,14.78,11.89983237,0.05938691,28.7,0.051,0.440734978505365,1,1
"06037134903","91303",6919,1.38793011313927,0.98309011,86.35,18.41,11.93699275,0.060311,34,0.057,0.218023886152512,1,1
"06037405900","91722",3951,0.694351860136801,0.563154353333333,52.24,14.17,11.92861991,0.05938691,48.2,0.055,0.509398525424119,1,1
"06037405002","91706",3169,0.863394650242583,0.55701477,66.86,14.78,11.77532346,0.060311,49.7,0.053,0.343479243411662,1,1
"06037462400","91104",3944,0.575620874095284,0.424481573333333,35.6,9.63,11.36217641,0.05938691,23.4,0.051,0.506923215230513,1,1
"06037134521","91303",3691,1.060803035274,0.87429316,82.56,17.62,11.67746028,0.060311,49.7,0.057,0.135883217071989,1,1
"06037405102","91706",5639,0.934996495466476,0.646491663333333,66.86,14.78,11.87892599,0.05846283,48,0.053,0.369802472589343,1,1
"06037462100","91104",5748,0.461022006482144,0.37206591,38.2,10.39,11.39637285,0.05846283,41.1,0.051,0.403832567613602,1,1
"06037183820","90042",3445,0.177892358625626,0.138168103333333,45.42,11.56,11.82898336,0.05219839,48.5,0.048,0.119213831336855,1,1
"06037131701","91335",5587,1.30594515529309,0.963918233333333,62.01,16.4,13.04879399,0.06236471,29,0.06,0.254682166147473,1,1
"06037185100","90065",6070,0.375992951165195,0.211195513333333,35.17,6.8,11.90127195,0.05219839,18.1,0.048,0.880778354109896,1,1
"06037461600","91103",6058,0.369755627137517,0.25217323,55.76,11.87,11.45244565,0.05763123,40.3,0.051,0.640922186499922,1,1
"06037128801","91411",3419,0.401899780283146,0.315235276666667,38.98,11.41,11.91664471,0.060311,22.8,0.055,0.190734529362376,1,1
"06037185202","90065",3627,0.523778011413346,0.417664516666667,65.4,11.07,12.14526757,0.05116215,28,0.046,0.466388506609785,1,1
"06037462500","91104",6146,1.0640931957369,0.62239493,31,8.71,11.56011948,0.05938691,16.2,0.053,0.991088991350621,1,1
"06037185310","90065",3131,0.569797383281635,0.33332994,65.4,11.07,12.45587973,0.05067132,37.8,0.046,0.162946062129992,1,1
"06037127712","91406",3560,1.36631012387656,0.972831333333333,55.53,12.77,12.12103103,0.06236471,45.5,0.057,0.218499698656146,1,1
"06037186100","90065",4985,1.05206842042472,0.73265552,46.54,8.81,11.80853912,0.05334987,16.6,0.05,0.518563238670621,1,1
"06037463000","91107",2665,0.832061386502824,0.520726773333333,21.05,7.03,11.64658844,0.060311,11.4,0.051,0.695126191787807,1,1
"06037127606","91406",3322,0.684730548596198,0.447704706666667,77.98,19.65,12.20778772,0.06236471,36.5,0.057,0.21129696134551,1,1
"06037183220","90042",4155,0.557597381293247,0.35601066,47.69,12.3,11.55230672,0.05395594,34.6,0.05,0.206774934828948,1,1
"06037404803","91706",1719,1.3053119780482,0.981993493333333,54.7,12.08,11.99457613,0.05679963,38.6,0.051,0.185549240236474,1,1
"06037533202","90255",3124,0.414383748906387,0.317569486666667,49.56,19.98,12.0654342,0.04588368,45.2,0.046,0.126918717473186,1,1
"06037127604","91406",3157,1.03936013680108,0.833068023333333,77.98,19.65,12.43581973,0.06236471,45.2,0.057,0.168087936226086,1,1
"06037404802","91706",4196,1.29553656645192,0.957590166666667,66.86,14.78,11.95834831,0.05763123,34.4,0.051,0.406515455625007,1,1
"06037533502","90255",2143,0.33707895888014,0.196822456666667,52.82,21.04,12.05058662,0.04676708,42.1,0.046,0.0901891965434544,1,1
"06037124903","91607",3499,0.949757168138074,0.79017293,41.76,18.42,11.54776039,0.05846283,30.1,0.053,0.119538558457321,1,1
"06037405001","91706",6029,0.68216490694345,0.473389433333333,66.86,14.78,11.8354872,0.060311,32.4,0.053,0.654900621698221,1,1
"06037533201","90255",2788,0.614661626103555,0.465154583333333,45.6,13.86,12.05553415,0.04632538,53.6,0.046,0.144348058286646,1,1
"06037124204","91601",2192,0.7210633649487,0.523862696666667,62.98,15.03,11.55022293,0.05938691,50.6,0.053,0.125171785797117,1,1
"06037533503","90255",2141,0.463921324465124,0.30222865,41.09,16.31,12.05058662,0.04676708,50.2,0.046,0.0673102296396256,1,1
"06037405800","91722",5825,1.229636423288,0.720172526666667,46.29,12.28,11.86013466,0.060311,22.2,0.053,0.729399783078541,1,1
"06037533702","90270",3543,0.526380313966436,0.36628697,53.23,20.65,12.0576015,0.04676708,54.4,0.046,0.125171009330618,1,1
"06037124203","91601",2384,0.60050430485962,0.506119723333333,51.12,13.01,11.55022293,0.060311,45.2,0.053,0.125291236635445,1,1
"06037533803","90201",6324,0.58382670205997,0.356991163333333,54.25,23.93,12.02269432,0.04632538,47.7,0.046,0.303239403936492,1,1
"06037430002","91010",6522,0.417478177443729,0.241584113333333,46.71,10.51,11.59110318,0.06236471,21.7,0.053,0.830311841022313,1,1
"06037534202","90201",5748,0.377897453869403,0.25534138,54.25,23.93,12.02968272,0.04632538,80.1,0.046,0.223709082639765,1,1
"06037124105","91606",2538,0.732472982780561,0.552155806666667,37.89,10.1,11.52811451,0.060311,45.8,0.055,0.12530473507695,1,1
"06037534804","90255",3736,0.804516001550942,0.589437063333333,47.79,18.81,12.06379023,0.04490202,50.2,0.044,0.144178198329258,1,1
"06037531602","90022",4432,0.828586678795832,0.45141437,71.15,16.72,12.11496468,0.04899293,49.3,0.046,0.172709057474399,1,1
"06037124103","91606",1950,0.834933364153344,0.707270206666667,72.71,20.59,11.52811451,0.060311,55.5,0.055,0.125055305074354,1,1
"06037533901","90201",6320,0.655908867215462,0.557550893333333,46.84,20.19,12.00080859,0.04716458,59.1,0.046,0.294814603491751,1,1
"06037407400","91790",1977,1.37690388133302,1.04045753,41.97,9.69,12.03825198,0.05679963,32.1,0.051,0.23420421223594,1,1
"06037534001","90201",5125,0.329503201304382,0.18122953,49.52,21.54,12.13853554,0.04716458,54.5,0.046,0.302205492990468,1,1
"06037122121","91352",2829,1.2501603137676,0.729902003333333,67.69,13.96,11.49943551,0.06236471,47.3,0.055,0.159078593131843,1,1
"06037502500","90660",4274,1.38487234550227,1.05108118,60.9,21.31,12.16873093,0.0482775,25.2,0.046,1.47694297330963,1,1
"06037190510","90028",4051,0.568934298695618,0.37545626,46.56,12.06,12.00004387,0.04978792,50.8,0.05,0.123070817644024,1,1
"06037530400","91754",3744,0.415585480792174,0.283011553333333,36.26,8.91,12.21984068,0.05022962,49.7,0.046,0.591715237422461,1,1
"06037121222","91352",5139,0.735347445915851,0.535929163333333,74.78,15.13,11.41126373,0.06464682,54.3,0.055,0.518494737684336,1,1
"06037403722","91724",5628,0.830257545931759,0.604594333333333,53.81,12.3,12.12221394,0.05846283,41.6,0.055,0.69648879558756,1,1
"06037501200","90601",4864,0.260888908772767,0.166632843333333,48.48,18.13,11.99522609,0.05116215,19.3,0.046,0.548025475584133,1,1
"06037121221","91352",2420,0.629304238248628,0.464501976666667,74.78,15.13,11.43570021,0.06464682,29.2,0.055,0.193217895925399,1,1
"06037501501","90601",2272,0.385051921776823,0.13960984,56.32,21.16,11.88524703,0.05278424,20.6,0.046,2.41444254504319,1,1
"06037501900","90605",4153,0.383861374572497,0.25740153,58.56,22.81,11.87620582,0.04978792,25.9,0.046,0.534584132395882,1,1
"06037121101","91352",2862,0.974584054123916,0.699464286666667,74.78,15.13,11.49189975,0.06464682,33.4,0.055,0.182316027909487,1,1
"06037501400","90601",3669,0.12016200389724,0.08828944,53.32,18.61,11.9465996,0.05067132,38,0.046,0.415890301480959,1,1
"06037501300","90601",7154,0.158842360614014,0.112283306666667,52.37,19.63,11.96654299,0.05116215,25.9,0.046,0.7740284573623,1,1
"06037503301","90603",3374,0.397980170802513,0.258761796666667,34.4,14.56,11.93946958,0.04939042,13.1,0.046,0.421234342871173,1,1
"06037120108","91402",4732,0.468493373697606,0.343582003333333,82.29,18.02,11.77397672,0.06464682,58.2,0.057,0.149431880937863,1,1
"06037500201","90631",7267,1.67894123319812,0.655257456666667,35.33,13.57,11.83019265,0.05070407,11,0.046,2.78826108088581,1,1
"06037500202","90605",4988,0.515201846218086,0.290439336666667,36.71,14.69,11.85755128,0.05070407,5.2,0.046,2.45411558952292,1,1
"06037502100","90606",5036,0.916264018134097,0.472251106666667,49,17.53,11.97360073,0.05022962,29.1,0.046,0.744915563160636,1,1
"06037481605","91801",2831,0.820225508033087,0.576351653333333,29.79,7.94,11.964271,0.05334987,37.4,0.048,0.295296239647988,1,1
"06037501503","90601",5280,0.2838274477054,0.229660186666667,56.32,21.16,11.94985769,0.05116215,35.6,0.046,0.310351415447618,1,1
"06037502200","90606",6937,0.716010374413426,0.482168863333333,60.7,22.6,12.12818912,0.04939042,30.1,0.046,0.682586060933693,1,1
"06037124902","91607",2706,0.916543013799411,0.741000993333333,41.76,18.42,11.51704216,0.05938691,44,0.053,0.130982563326517,1,1
"06037501504","90601",3369,0.339886313926668,0.18510609,56.37,16.86,11.94985769,0.05116215,52.1,0.046,0.287967791428587,1,1
"06037406411","91791",2002,1.03116797900262,0.627981853333333,45.89,14.16,12.11239463,0.05679963,25.9,0.055,0.287868790776804,1,1
"06037502301","90606",5794,0.340682911795117,0.263901776666667,54.29,20.21,12.14573075,0.04863521,31.5,0.046,0.617010786381564,1,1
"06037124104","91606",2492,0.757621739043983,0.603669046666667,72.71,20.59,11.52811451,0.060311,52.4,0.055,0.125274190101977,1,1
"06037406500","91790",6655,0.958379936172751,0.776485046666667,50.29,12.74,12.07764139,0.05679963,23.4,0.053,0.793881270041815,1,1
"06037406412","91791",2123,0.780016578183409,0.62155598,45.89,14.16,12.13729695,0.05679963,20.1,0.055,0.471038705749116,1,1
"06037503202","90604",5028,0.563165488546886,0.465937583333333,36.54,14.07,11.86416615,0.04863521,21.7,0.046,0.438578706405722,1,1
"06037189702","90068",2201,0.23086735961982,0.130445313333333,22.21,7.94,11.78433174,0.05168937,19.3,0.051,0.563331027955955,1,1
"06037123902","91607",2668,0.633883743935417,0.538151286666667,34.41,13.33,11.52942462,0.05938691,35.9,0.053,0.254591896228435,1,1
"06037406601","91791",5550,0.856031401614571,0.69895615,36.32,9.56,12.09070866,0.05605125,22.2,0.053,0.760281148043572,1,1
"06037406402","91791",2043,1.06934937465203,0.762294166666667,45.89,14.16,12.13729695,0.05605125,12.3,0.053,0.377703801728264,1,1
"06037406800","91790",4866,1.2290678686471,0.836897883333333,56.32,12.38,12.02138466,0.05679963,16.1,0.051,0.673416324687298,1,1
"06037121102","91352",2479,1.46010299848883,0.682113576666667,57.99,11.88,11.35398379,0.06591477,44.7,0.055,2.91221807644129,1,1
"06037503401","90603",6492,0.845264902966675,0.660081526666667,38.5,16.3,11.94992005,0.04939042,14.1,0.046,0.749902495903736,1,1
"06037400604","91702",3501,0.297628101884992,0.317837943333333,71.86,17.01,11.58116255,0.06350576,28.2,0.057,1.86578232206247,1,1
"06037106645","91344",3650,0.69853679511652,0.433830043333333,52.54,13.58,11.22167655,0.06718273,10.7,0.06,0.976207928915937,1,1
"06037404501","91702",2789,0.63407885448978,0.453062503333333,71.92,17.02,11.73121178,0.060311,41.5,0.053,0.310428494203396,1,1
"06037553200","90706",7637,0.731537819136244,0.511298643333333,50.6,14.92,12.00051037,0.04539285,23.9,0.044,0.74368448673303,1,1
"06037408134","91792",2760,0.408417342718524,0.226812133333333,50.04,13.47,12.12231808,0.05334987,22.9,0.051,0.341285521739712,1,1
"06037104204","91342",3679,0.858108024139028,0.816584963333333,48.36,9.31,10.9466938,0.06718273,48.5,0.057,1.030021967402,1,1
"06037602900","90249",4443,0.855543003857472,0.65248915,66.53,12.77,12.12237612,0.04259906,51.2,0.044,1.08056332961698,1,1
"06037554700","90650",4328,0.328893636164798,0.265864656666667,39.36,14.84,11.9351668,0.04539285,26.6,0.044,0.309579359509492,1,1
"06037602301","90250",6311,0.340035443012805,0.2907972,77.65,19.79,12.02408342,0.04259906,20.4,0.044,0.687436066943952,1,1
"06037297602","90731",3687,0.290660045335242,0.2049079,103.61,14.57,11.55914703,0.03809217,29.5,0.042,0.238648425436594,1,1
"06037603704","90250",6609,0.643486414340253,0.475753346666667,75.9,17.75,12.04384673,0.04192559,36.7,0.044,0.249265969476593,1,1
"06037554801","90701",2744,0.499382357034916,0.365630816666667,28.9,12.37,11.91444789,0.04435661,48.1,0.044,0.348776763749313,1,1
"06037620001","90245",4251,0.253695294480235,0.21027866,22.13,8.89,11.85637687,0.04320513,11.4,0.044,0.457594589374389,1,1
"06037553701","90723",3981,0.173185471844429,0.14607937,61.83,18.28,12.05769894,0.0438112,60.5,0.044,0.419630964074194,1,1
"06037600302","90047",3086,0.701452890121689,0.52677439,95.58,14.52,12.09306944,0.04259906,42.7,0.044,0.314265447771882,1,1
"06037297601","90731",2816,0.198408171279726,0.149328686666667,103.61,14.57,11.55914703,0.03809217,40.7,0.042,0.267963706599796,1,1
"06037603703","90250",2491,0.533211047482701,0.418516463333333,63.53,15.98,12.06312607,0.04259906,10.7,0.044,0.251847603547493,1,1
"06037553801","90723",4954,0.569120710053289,0.34148318,61.83,18.28,12.0879027,0.0438112,56.1,0.044,0.502402991784391,1,1
"06037603900","90260",7666,0.5080125815239,0.35393855,61.84,14.37,12.02658065,0.04259906,49.1,0.044,0.575789621787106,1,1
"06037910505","93550",3217,1.14518213632387,0.902293536666667,125.16,23.3,8.177589066,0.06236471,39.4,0.062,0.626005196664783,1,1
"06037603600","90249",4258,0.690587593454227,0.521843176666667,61.97,14.32,12.03560833,0.04125212,24,0.044,0.361532545955587,1,1
"06037553502","90723",4066,0.541275824186749,0.29208927,56.27,16.71,11.94880378,0.04435661,28.6,0.044,0.48890290496739,1,1
"06037910504","93550",4254,0.911375069593573,0.670458176666667,125.16,23.3,7.855947434,0.06236471,56.3,0.062,0.613071975932739,1,1
"06037106114","91340",6324,0.956083969617434,0.682580646666667,44.68,7.8,11.03348841,0.0685917,48.8,0.057,0.390848169349318,1,1
"06037553601","90723",4699,0.441053000477213,0.39095671,50.24,15.1,12.04480755,0.04435661,44.7,0.044,0.785942511944582,1,1
"06037222500","90018",5120,0.46400645231846,0.34239536,48.34,10.76,12.03443249,0.04539285,39.6,0.046,0.252123624021193,1,1
"06037910002","93543",7723,1.32696738546886,1.82716277666667,90.14,17.7,8.016552177,0.06350576,50.4,0.062,28.0518568395281,1,0
"06037187300","90039",3597,0.56682412212678,0.361089836666667,45.8,9.99,12.09359499,0.05022962,11.9,0.048,0.451368722403131,1,1
"06037222700","90007",4071,0.705845363079615,0.575477356666667,17.21,7.96,12.00727367,0.04588368,86.1,0.046,0.317324351463529,1,1
"06037106520","91342",5920,1.16637648631989,0.796228646666667,63.98,13.45,10.92897449,0.06718273,34.7,0.06,0.852542608815297,1,1
"06037901011","93536",5314,1.13656868885707,1.01431618333333,58.68,12.5,7.516040087,0.06236471,22.3,0.062,1.0269127472674,1,1
"06037224010","90015",2845,0.532267806012885,0.40384865,81.7,14.22,12.22607702,0.04676708,62.2,0.046,0.319587923861936,1,1
"06037400603","91010",5201,0.59739372067128,0.108245396666667,67.67,15.99,11.21433037,0.06350576,21.5,0.055,3.4241324148936,1,1
"06037901010","93536",5723,0.798842261194623,0.53858513,60.67,14.26,7.465678351,0.06236471,41.3,0.062,1.02698951015262,1,1
"06037224020","90007",2733,0.578751963532967,0.396507396666667,44.36,11.99,12.16525921,0.04632538,66.8,0.046,0.474845727890234,1,1
"06037553901","90723",6773,0.549898592221427,0.351273906666667,49.73,14.64,11.96818163,0.0438112,27.1,0.044,0.494780201311426,1,1
"06037224410","90007",3194,0.285097530422334,0.23106622,45.99,14.02,12.17492801,0.04632538,66.3,0.046,0.173367282738221,1,1
"06037901009","93536",5388,1.82497340531297,1.27193145666667,60.26,13.9,7.562171366,0.06236471,29.9,0.062,1.02322787515036,1,0
"06037181300","90041",4059,1.20485862562634,0.713937866666667,34.82,8.29,11.72684954,0.05334987,21.1,0.05,0.555142319800071,1,1
"06037543501","90745",7457,0.554058050982264,0.479592673333333,67.35,18.5,11.9802672,0.04050375,29.4,0.042,1.03153287936909,1,1
"06037900609","93535",4978,1.55904144794401,1.26406889666667,154.47,23.65,6.767426942,0.06236471,61.3,0.062,1.0260310492352,1,0
"06037224320","90015",2972,0.263048173665792,0.172439953333333,48.18,9.5,12.18410918,0.04632538,64.1,0.046,0.111901147045806,1,1
"06037555002","90715",3625,0.546849523781118,0.272559043333333,29.29,9.68,11.7071006,0.04320513,22.8,0.044,0.353029644244197,1,1
"06037502802","90670",3221,0.506252858307484,0.622129136666667,33.33,12.52,11.97258964,0.04753555,43.5,0.046,1.47540178602596,1,1
"06037187200","90039",2963,0.382790752008272,0.235135006666667,29.07,5.65,12.06757527,0.05022962,36,0.048,0.368686090999468,1,1
"06037224310","90006",2422,0.274280079336674,0.208241993333333,45.55,11.24,12.18410918,0.04676708,70.1,0.046,0.0688747579964759,1,1
"06037571900","90807",5413,0.572143059532331,0.468010346666667,53.01,13.04,11.59019633,0.04125212,14.1,0.042,0.751796986071878,1,1
"06037115104","91325",4377,1.52437577050028,1.19984143,48.83,14.36,12.10876877,0.06464682,37.5,0.057,0.392336210775114,1,1
"06037460401","91011",985,0.665725289310427,0.36087831,30.67,7.08,11.04783104,0.06037951,32.5,0.051,2.10096020230379,1,1
"06037113102","91311",3021,1.03255736498847,0.464128183333333,36.52,12.53,11.09057903,0.06350576,11.2,0.06,1.41737585685673,1,1
"06037572400","90810",1425,0.538996634653623,0.27956408,79.55,21.11,11.66595061,0.04050375,33.1,0.042,0.215768414016773,1,1
"06037113101","91311",3719,1.04802515807683,0.678347266666667,54.03,17.22,10.78997184,0.06350576,24.3,0.057,0.877204224373833,1,1
"06037577504","90803",1378,0.32079841227233,0.149951033333333,19.39,9.69,11.49358879,0.03975537,13.3,0.042,0.219981212746957,1,1
"06037111206","91326",4379,0.889242449097272,0.653667456666667,27.4,13.37,11.36662201,0.06591477,8.2,0.06,1.0123944656912,1,1
"06037572002","90807",4723,0.785539946711207,0.532132463333333,52.75,12.96,10.79314841,0.04125212,19.9,0.042,0.399333346456946,1,1
"06037109604","91345",3195,0.906845273602163,0.630826443333333,66.44,14.99,11.4990414,0.06718273,22.1,0.057,0.453280744694229,1,1
"06037120107","91402",3893,0.6241835182534,0.477372666666667,87.77,19.34,11.86110213,0.06464682,70.5,0.057,0.0795302408716463,1,1
"06037109603","91345",4297,1.19181977252843,0.9716238,51.73,11.15,11.66569556,0.06718273,40.7,0.057,0.385649084223402,1,1
"06037572001","90807",5957,0.654508296548159,0.515131453333333,46.68,11.68,11.42948394,0.04125212,19,0.042,0.557327020273464,1,1
"06037106648","91342",4546,0.464935402250855,0.27675156,52.02,10.48,11.15277668,0.06718273,40.9,0.057,0.306914006813722,1,1
"06037120106","91402",4763,0.697236265211167,0.53108159,93.94,20.82,11.86110213,0.06464682,67,0.057,0.0793236700256512,1,1
"06037106408","91342",3667,1.27203879344627,0.798939766666667,63.98,13.45,10.86166993,0.06718273,44.1,0.06,0.0881871930666894,1,1
"06037120104","91402",2228,0.714576249701742,0.583168926666667,93.94,20.82,11.67964041,0.06464682,58.6,0.057,0.174863523040652,1,1
"06037106407","91342",3119,1.14199760896365,0.8324671,63.98,13.45,10.98471997,0.06718273,68.8,0.06,0.0893406329826742,1,1
"06037573700","90808",5009,0.535157182056788,0.30162964,29.73,12.24,11.58573049,0.04259906,10.3,0.042,0.701388256963852,1,1
"06037106405","91342",4758,1.08629292432196,0.729147233333333,63.98,13.45,10.80754528,0.06718273,43.9,0.06,0.45135425054905,1,1
"06037120103","91402",3452,0.642743254394337,0.444598903333333,93.94,20.82,11.6143557,0.06464682,77.9,0.057,0.0545338226494793,1,1
"06037104821","91331",3551,1.05320242285055,0.810130696666667,81.71,13.36,11.44575547,0.06718273,38.1,0.055,0.205166784099252,1,1
"06037573800","90808",4309,0.623200509027281,0.37829997,28.72,11.85,11.66333946,0.04259906,6.8,0.044,0.591001439531705,1,1
"06037104704","91331",4321,0.475821204167661,0.33947018,81.71,13.36,11.37171568,0.06718273,60.7,0.055,0.640509494184512,1,1
"06037119342","91402",2911,1.07929566332618,0.702543033333333,72.43,15.54,11.66547916,0.06591477,46.1,0.057,0.0845924284374417,1,1
"06037104703","91331",2174,0.493710480792174,0.405160863333333,77.81,12.79,11.2284956,0.06718273,63.4,0.055,0.451934694499428,1,1
"06037573902","90808",2031,0.588822526445558,0.327150203333333,25.18,10.95,11.62611756,0.04259906,5.1,0.044,0.26371120846883,1,1
"06037104404","91331",3084,0.840588463373896,0.60217747,81.71,13.36,11.32010666,0.06718273,46.4,0.057,0.208356980869306,1,1
"06037119341","91402",2890,0.830066163604549,0.562072596666667,58.49,12.12,11.6143557,0.06591477,45.4,0.057,0.126454255104283,1,1
"06037104124","91342",3875,0.583312828083989,0.415798683333333,63.98,13.45,10.91960855,0.06718273,22.9,0.055,1.7291886150319,1,1
"06037264301","90049",5552,0.924709074007794,0.714309346666667,14.14,7.88,11.75489665,0.04863521,17.5,0.046,0.162131357567506,1,1
"06037900102","93535",710,1.16727001809433,0.76768461,129.41,20.29,6.489228665,0.06350576,62.7,0.065,170.163407426608,1,1
"06037117408","91343",3073,0.761364257734829,0.585957446666667,86.23,15.46,12.06000567,0.06464682,69.8,0.057,0.145367357197636,1,1
"06037265520","90024",5059,0.73500817724489,0.572819026666667,14.36,7.64,11.78930596,0.04863521,14.4,0.046,0.296469407683111,1,1
"06037910201","93551",4063,1.05299364212996,1.67296683,63.61,13.88,7.196020751,0.06236471,36,0.062,5.62273095226681,1,0
"06037117407","91343",3836,0.772422800843076,0.59384712,86.23,15.46,11.95061359,0.06464682,78.1,0.057,0.076880983787219,1,1
"06037262601","90272",3539,0.864494477252843,0.389390766666667,12.66,8.34,11.09276516,0.05219839,3.3,0.05,1.4253520311489,1,1
"06037910302","93551",5517,1.10616748190567,0.394153163333333,48.08,14.72,7.18345099,0.06236471,11.8,0.062,1.60068013407598,1,1
"06037117201","91343",5191,1.10603637258411,0.949045546666667,80.81,14.58,11.85326141,0.06591477,43.5,0.057,0.304612881408556,1,1
"06037910402","93550",3583,0.661508664399905,0.509430876666667,113.05,21.28,8.006411157,0.06236471,68.5,0.062,0.439006368558194,1,1
"06037265305","90024",3990,1.04267639485405,0.732414336666667,11.78,10.55,11.70850449,0.04939042,70.8,0.046,0.1194166140338,1,1
"06037910403","93550",2278,0.611140936928338,0.537721393333333,90.38,17.51,7.689188195,0.06236471,84.8,0.062,0.487048541809715,1,1
"06037117102","91343",2861,1.12825225682017,0.855020783333333,50.27,9.57,11.66569556,0.06718273,34.3,0.057,0.400981094272282,1,1
"06037265420","90049",1838,1.45886709118747,0.68276495,11.93,6.97,11.46050297,0.05022962,9.5,0.046,0.280044198420278,1,1
"06037910501","93550",5218,0.376262004891434,0.186091666666667,125.16,23.3,7.790454775,0.06236471,78,0.062,0.578772500727812,1,1
"06037117101","91343",5224,0.798435263063708,0.59319973,80.14,14.51,11.70934701,0.06591477,20.8,0.057,0.30195695188925,1,1
"06037910601","93550",6726,1.32144525968345,0.749269116666667,116.62,21.82,7.662319503,0.06236471,54.3,0.062,1.02386893200062,1,1
"06037910502","93550",4537,0.641236429253161,0.465675343333333,125.16,23.3,7.517740005,0.06236471,59.2,0.062,0.774719862791185,1,1
"06037265303","90024",5156,1.34179205937326,0.844484756666667,18.77,12.33,11.54279044,0.04978792,79.5,0.046,0.0565659559931339,1,1
"06037910401","93551",6359,1.58297480215541,0.860850186666667,51.5,15.94,7.60981225,0.06236471,39.3,0.062,3.78201061883639,1,1
"06037405702","91722",4957,1.43089482422652,0.874231403333333,57.17,15.51,11.91045218,0.05938691,17.1,0.053,0.521823952848185,1,1
"06037265304","90024",2878,1.29266396743021,0.897667386666667,10.35,10.19,11.54279044,0.04978792,84,0.046,0.0507409289056543,1,1
"06037910603","93550",6928,1.06651467927305,0.545163596666667,125.16,23.3,7.848584062,0.06236471,44.3,0.062,1.01607960518012,1,1
"06037531301","90023",4824,0.798869601527082,0.56045537,60.62,16.34,12.18460314,0.04863521,60.1,0.046,0.304500320499155,1,1
"06037405701","91722",3862,1.23567055893581,0.855369316666667,52.36,14.06,11.85243866,0.05938691,17.7,0.053,0.401718412437036,1,1
"06037265100","90024",2454,0.811025486160821,0.37158687,14.63,10.02,11.66564816,0.04981739,16.2,0.046,0.912824735195406,1,1
"06037531603","90022",3409,0.592852739998409,0.407012436666667,72.44,16.96,12.15059385,0.04978792,51.8,0.046,0.168209539388967,1,1
"06037531701","90022",5375,0.734146335401257,0.519033163333333,72.44,16.96,12.23883919,0.04939042,52.5,0.046,0.245257637988539,1,1
"06037264000","90049",3069,1.25995995884037,0.868188176666667,15.21,8.62,11.35496193,0.04939042,8.5,0.046,0.723221221490473,1,1
"06037531604","90022",3775,0.604540732124394,0.476432796666667,72.44,16.96,12.19393725,0.04939042,55.8,0.046,0.14237643399722,1,1
"06037405302","91790",5433,0.976020042949177,0.6188709,53.05,11.61,11.99285095,0.05763123,37.1,0.053,0.692935622063532,1,1
"06037531800","90022",4960,0.591347157599618,0.403902766666667,66.24,15.68,12.18849049,0.04978792,53.9,0.046,0.239267588773216,1,1
"06037265510","90024",4663,0.693524815079933,0.523833666666667,16.08,10.16,11.74779166,0.04863521,46.8,0.046,0.148130728729098,1,1
"06037531702","90022",5163,0.64148870595721,0.38282365,72.44,16.96,12.27012997,0.04939042,40.8,0.046,0.258177918637626,1,1
"06037405301","91722",3469,0.956717768233516,0.637303863333333,37.91,8.72,11.92035712,0.05846283,32.9,0.053,0.321295211537091,1,1
"06037531902","90022",4763,0.710475199832975,0.587157406666667,67.47,15.96,12.20456374,0.04978792,44.4,0.046,0.273338318476296,1,1
"06037980033","90802",16,1.26779979917283,1.36219286,39.36,8.8,11.79278699,0.03892377,,0.042,11.0520260067912,0,0
"06037531901","90022",6237,0.800885951045892,0.647897696666667,72.44,16.96,12.24148594,0.04939042,47.1,0.046,0.29930070151712,1,1
"06037576903","90804",3644,0.263447093971208,0.18915988,93.2,17.56,11.61841941,0.03975537,53.3,0.042,0.125352896743993,1,1
"06037106643","91344",4577,1.4858321154458,0.486763736666667,51.44,13.37,10.94210448,0.06718273,4.7,0.06,1.67176079506018,1,1
"06037980031","90731",1175,3.33393295653384,0.989361623333333,101.63,14.35,11.75446846,0.03809217,,0.042,9.95916981622746,0,1
"06037576302","90813",4077,0.422103664598743,0.322233446666667,116.42,25.27,11.70472748,0.03975537,54.2,0.042,0.124884506786404,1,1
"06037482600","91755",6262,0.728575742662849,0.27638154,22.19,6.16,12.01942238,0.05219839,27.8,0.048,1.09617021331036,1,1
"06037134306","91304",4305,1.10191792432196,0.8288166,40.68,8.91,11.32227028,0.060311,29,0.057,0.239469881433548,1,1
"06037482800","91755",4524,0.440906978247037,0.235713733333333,25.5,7.07,12.08534153,0.05168937,24.6,0.048,1.22320093199192,1,1
"06037980030","90245",0,0.906827875208781,0.70034175,,,11.88582151,0.04320513,,0.044,1.65170274279367,0,1
"06037576301","90813",4165,0.429443301121451,0.330674626666667,120.09,26.09,11.70472748,0.03975537,57.7,0.042,0.21174857034112,1,1
"06037431001","91016",7669,0.419959312614332,0.34170193,42.43,9.9,11.95381392,0.06236471,28.6,0.053,0.679547092272173,1,1
"06037980019","90272",138,0.791081335003579,0.669463373333333,7.45,3.87,11.08887827,0.05298778,7.2,0.05,17.0531057658794,1,1
"06037460100","91001",6196,0.577313489222938,0.39061942,36.14,8.66,11.463617,0.06133785,5.4,0.051,2.19076494085913,1,1
"06037576001","90802",5174,0.149416780998966,0.04777611,80.31,15.52,11.73964651,0.03975537,15,0.042,1.17655658071728,1,1
"06037432401","91731",3705,0.511288450449376,0.432448093333333,45.69,10.1,12.02474883,0.05846283,46,0.051,0.403750153644528,1,1
"06037408629","91745",3012,1.41697113855086,0.5373084,40.76,11.09,11.88787151,0.05219839,16.3,0.048,0.677570577611648,1,1
"06037404703","91706",3110,0.792808746917999,0.509556266666667,64.73,14.4,12.02600668,0.05679963,51.8,0.051,0.506721154418736,1,1
"06037980018","90807",0,0.877545136403404,0.89219836,13.39,6.23,11.66903283,0.04192559,,0.042,2.85414402673841,0,1
"06037121900","91352",3761,1.2230964914897,1.00636201,69.64,18.32,11.43961966,0.06350576,40.1,0.055,0.650061598873518,1,1
"06037122410","91605",3457,1.19440094846099,0.827592386666667,79.39,21.48,11.52566258,0.06236471,59.9,0.055,0.272620905203692,1,1
"06037123010","91352",4027,1.49229686132983,1.14496618333333,59.96,12.69,11.5297162,0.06236471,59.6,0.055,0.39182632881276,1,1
"06037122420","91605",4503,1.52226497256025,1.08965939666667,79.39,21.48,11.51838156,0.06236471,44.8,0.055,0.333010815829189,1,1
"06037123020","91352",3250,1.45703528891275,1.02348094666667,61.75,12.84,11.5297162,0.06236471,44.6,0.055,0.218145791496703,1,1
"06037123205","91605",2492,0.981011517736419,0.91661528,72.66,20.57,11.5211534,0.06133785,45,0.055,0.292588038638911,1,1
"06037123203","91605",4094,1.20398062813171,0.933406713333333,59.39,16.35,11.5211534,0.06133785,62.6,0.055,0.226305109890254,1,1
"06037123204","91606",3129,1.10805520758769,0.872985986666667,54.18,14.94,11.5211534,0.06236471,51.8,0.055,0.125171333896973,1,1
"06037123520","91401",2816,0.401928363357989,0.25819715,51.63,15.16,11.57827864,0.06236471,49.6,0.055,0.197475608944012,1,1
"06037123304","91605",4362,0.710519938558816,0.51021549,48.94,13.53,11.52481034,0.06236471,45.6,0.055,0.339107469528499,1,1
"06037123303","91605",3087,0.696232129364511,0.53806258,67.5,18.57,11.56904887,0.06236471,44.7,0.055,0.244656958324415,1,1
"06037408003","91792",4577,0.807700528911159,0.36041595,37.22,9.87,12.14687818,0.05530288,18.1,0.053,0.544211951057953,1,1
"06037123410","91605",4181,0.527971024218564,0.356853623333333,49.57,13.58,11.59401635,0.06236471,43.8,0.055,0.191124275086344,1,1
"06037123301","91605",4530,1.03614391951006,0.53658127,59.57,16.34,11.52590949,0.06236471,34.3,0.055,0.50588846085861,1,1
"06037239701","90003",5134,0.60280399964209,0.44773596,113.88,27.88,12.11496733,0.0438112,63.6,0.046,0.157967215869574,1,1
"06037900300","93535",5613,2.4816850841088,3.03561987,146.66,22.35,6.708034531,0.06236471,52.4,0.062,22.753992865473,1,0
"06037401304","91773",5449,0.524487617314881,0.34986868,39.48,11.99,12.33417442,0.05852448,10.8,0.057,4.47495167145767,1,1
"06037301300","91202",1894,0.667051916805854,0.35353752,27.67,14.74,11.73519514,0.05763123,10.3,0.053,0.449089737222771,1,1
"06037301203","91202",4711,0.87165329475861,0.49206912,30.96,16.84,11.77362275,0.05605125,23.5,0.053,0.209827517685014,1,1
"06037239602","90003",4016,0.62850204803945,0.44417593,113.88,27.88,12.11496733,0.04435661,78.5,0.046,0.138450479269575,1,1
"06037700400","90048",5162,0.579715088880935,0.455355906666667,21.13,9.92,11.6943512,0.04939042,18.8,0.048,0.507258288529363,1,1
"06037401303","91773",2074,1.24422746162412,0.63958354,46.53,14.32,12.314841,0.05763123,7.9,0.057,2.28201011793062,1,1
"06037127220","91405",5045,1.14240336435218,0.731660376666667,109.67,20.85,11.80687777,0.06236471,55.1,0.055,0.251559031574859,1,1
"06037400501","91741",2049,1.0901640668496,0.28414543,39.62,14.12,11.85026356,0.06473142,12.1,0.06,4.20486225521707,1,1
"06037239601","90003",3682,0.693330325896763,0.471240353333333,113.88,27.88,12.13275518,0.04435661,61.8,0.046,0.163077703286445,1,1
"06037702400","90232",4367,0.55453464268671,0.231369733333333,42.3,12.97,11.75041597,0.04588368,17.3,0.046,0.774689674857233,1,1
"06037702801","90232",4679,0.190299898592221,0.156099636666667,41.08,12.58,11.64969136,0.04539285,30,0.046,0.461318213341142,1,1
"06037400403","91773",3906,0.263249497932077,0.339843353333333,41.32,12.83,12.15593043,0.06244084,15.6,0.06,4.98323867710729,1,1
"06037186401","90065",3489,0.161900749622206,0.169516876666667,65.4,11.07,11.98082094,0.05165298,56.1,0.05,0.371784991584382,1,1
"06037239502","90001",4016,0.690680799133063,0.546590946666667,85.22,24.98,12.11505815,0.04435661,59.8,0.046,0.197634795696031,1,1
"06037187102","90039",3739,0.54492824405472,0.226534813333333,45.61,9.94,12.23722675,0.05070407,45.1,0.048,0.84110750848196,1,1
"06037239501","90001",3729,0.73330562017816,0.59794346,76.06,22.09,12.14625901,0.04490202,62.1,0.046,0.183074679389165,1,1
"06037302506","91205",3262,0.435269277419868,0.361018496666667,51.82,19.32,11.80374462,0.05219839,42.8,0.05,0.351597153183842,1,1
"06037601501","90304",3918,0.653667581325062,0.498797273333333,58.43,15.75,12.04273571,0.04259906,63.4,0.044,0.182530282345968,1,1
"06037189300","90068",3117,0.893062017815955,0.55807022,26.69,11.44,11.90145406,0.05070407,10.5,0.05,0.735973958726011,1,1
"06037404504","91702",5073,0.570103097908216,0.315915116666667,56.11,13.5,11.76378914,0.060311,44.9,0.055,0.260596167792446,1,1
"06037123420","91606",4408,0.58758164817466,0.42567036,52.18,14.4,11.56904887,0.06133785,49.3,0.055,0.304042869191782,1,1
"06037670405","90275",2864,0.805783598783107,0.2271626,9.66,5.5,11.30663061,0.04050375,9.9,0.042,0.582083393452335,1,1
"06037189902","90046",5371,0.435579341644794,0.33309891,25.93,11.93,11.92094307,0.05022962,31,0.05,0.140874143411029,1,1
"06037404202","91702",4252,0.511676186073332,0.369322213333333,56.36,13.54,11.8670759,0.06133785,41.5,0.055,0.251155675904242,1,1
"06037190301","90028",5569,0.560327064940746,0.36709173,31.69,8.72,12.00004387,0.05022962,44.4,0.05,0.156391413733556,1,1
"06037190520","90027",3979,0.68149258331345,0.490625893333333,43.46,21.11,11.99265418,0.04978792,53.7,0.05,0.0940788658207393,1,1
"06037101220","91042",3702,0.705929248190567,0.479925226666667,30.87,16.86,11.2582362,0.06464682,42.6,0.053,0.270204572824854,1,1
"06037404201","91702",3519,0.561490893183807,0.359760273333333,71.92,17.02,11.66566111,0.06133785,48.4,0.055,0.35897079005355,1,1
"06037199700","90031",3063,0.438121371192237,0.252588846666667,56.77,9.35,13.26241232,0.04939042,53.2,0.046,0.37315740521025,1,1
"06037670702","90275",5649,0.257627331384713,0.103419943333333,13.41,6.99,11.40400736,0.03892377,3.9,0.042,2.62308492872579,1,1
"06037190902","90038",3518,0.428237219637318,0.30292929,43.77,11.14,11.8825333,0.04939042,38.9,0.05,0.188024098646152,1,1
"06037191110","90027",3478,0.56361660403245,0.359195903333333,30.68,11.5,12.00979423,0.04939042,60.2,0.05,0.105373112101661,1,1
"06037650901","90501",5366,0.495669042790106,0.452528776666667,58.83,12.42,11.93539635,0.04050375,18.8,0.042,1.36506467661738,1,1
"06037191201","90027",4414,0.605257794480235,0.424852006666667,36.75,16.09,12.01277774,0.04939042,46.1,0.05,0.220971384104926,1,1
"06037670500","90274",1513,1.643650456335,0.65182329,8.46,4.71,11.28187771,0.03969989,7.5,0.042,2.99110971956547,1,1
"06037191204","90029",2033,0.694855792173706,0.476142593333333,36.9,11.52,12.01277774,0.04899293,51.3,0.048,0.0777482379368915,1,1
"06037650401","90503",4758,0.533316059214189,0.357819606666667,26.89,10.25,11.97486672,0.04125212,13.4,0.042,1.35629698579195,1,1
"06037535804","90280",5328,0.468675435456932,0.3811774,52.53,18.39,12.03324185,0.04490202,58,0.044,0.189509774415528,1,1
"06037651222","90505",6459,0.41783670862165,0.36822249,30.7,12.58,11.84978232,0.04125212,16.6,0.042,0.588248975621745,1,1
"06037650004","90504",4125,0.596254747275909,0.436012303333333,35.45,14.45,12.01245967,0.04125212,21.5,0.044,0.295933664707055,1,1
"06037535803","90280",4246,0.349242299968186,0.27736435,52.53,18.39,12.05058449,0.04490202,42.3,0.044,0.163354333984568,1,1
"06037535502","90280",5411,0.788364078779925,0.561587483333333,44.91,15.96,12.05649412,0.04539285,52.9,0.044,0.180911054740711,1,1
"06037651302","90505",6204,0.326607611548556,0.231408416666667,19.66,8.41,11.76502063,0.04125212,13.1,0.042,0.927218142835412,1,1
"06037535701","90280",5237,0.582542949176807,0.485201816666667,35.3,12.89,12.05649412,0.04539285,48,0.044,0.296640745922575,1,1
"06037650003","90504",3202,0.392024327924918,0.25033467,35.45,14.45,12.01245967,0.04125212,27.9,0.044,0.193057394208269,1,1
"06037535603","90280",3998,0.497454863596596,0.342906936666667,52.53,18.39,12.07030248,0.04490202,56.7,0.044,0.303959889931309,1,1
"06037651002","90501",4702,0.781379245207985,0.61799094,55.5,11.8,11.94688827,0.04050375,13.7,0.042,0.454731598516875,1,1
"06037535501","90280",3898,0.778044346019248,0.518870106666667,50.79,17.83,12.07030248,0.04490202,63.4,0.044,0.191511058986676,1,1
"06037621326","90277",3017,0.410185765131631,0.34195911,20.4,9.33,11.84477252,0.04192559,8.9,0.044,0.338483966370409,1,1
"06037535503","90280",2240,0.416669152151436,0.316412613333333,52.53,18.39,12.06007558,0.04490202,53.1,0.044,0.123195672526852,1,1
"06037575402","90813",4129,0.432304715461704,0.276666756666667,128.01,27.87,11.70376562,0.03975537,64.5,0.042,0.125382005962182,1,1
"06037535604","90280",4476,0.423090402052016,0.30668572,52.53,18.39,12.06544894,0.04490202,51.7,0.044,0.171036911866364,1,1
"06037535606","90280",2007,0.560940979678677,0.383017743333333,52.53,18.39,12.06544894,0.04490202,52.2,0.044,0.0720794324291319,1,1
"06037535902","90280",7209,0.770453675534876,0.65507483,50.93,17.74,12.04764057,0.04490202,29.2,0.044,0.391635853019418,1,1
"06037535702","90280",5638,0.363019963413664,0.301651046666667,52.53,18.39,12.05058449,0.04539285,50.1,0.044,0.377005331613279,1,1
"06037535901","90280",5578,0.559227237930486,0.452105386666667,52.53,18.39,12.04753502,0.04539285,39.6,0.044,0.324885024103064,1,1
"06037621324","90277",3740,0.31655196154458,0.17931292,20.4,9.33,11.85025599,0.04192559,10.5,0.044,0.295701802418699,1,1
"06037551800","90242",7267,0.71224548635966,0.453529176666667,47.51,19.04,12.06353217,0.04539285,14.1,0.044,0.856676865412328,1,1
"06037501700","90605",3425,0.359012119223733,0.172667643333333,46.84,16.34,11.93784847,0.05022962,16.8,0.046,0.539132157734114,1,1
"06037113233","91304",7345,0.599945070786606,0.475930996666667,50.82,12.04,11.18494089,0.06133785,45.8,0.057,0.440857216746065,1,1
"06037302505","91205",4376,0.525125144158117,0.32604762,43.54,14.91,11.80374462,0.05219839,57.1,0.05,0.207970212015761,1,1
"06037190100","90028",4453,0.606698754275034,0.38066683,49.78,11.53,11.92094307,0.05022962,40,0.05,0.232182627113682,1,1
"06037407200","91744",6910,0.636364879106021,0.35434366,73.09,18.24,12.1482157,0.05530288,36.1,0.05,0.56275210849134,1,1
"06037573002","90806",4086,0.438572486677802,0.36220834,71.3,14.7,11.66444496,0.03975537,64.4,0.042,0.125089338935228,1,1
"06037433503","91733",3269,0.537601034955858,0.408492683333333,65.92,16.69,12.04321516,0.05530288,55.5,0.048,0.306095753224906,1,1
"06037407701","91744",4903,1.23341125328084,0.82765028,73.09,18.24,12.16555191,0.05334987,49.8,0.05,0.436754537811372,1,1
"06037577200","90803",5848,0.238863785492722,0.152193076666667,18.92,9.14,11.53298805,0.03975537,19,0.042,0.38300985810819,1,1
"06037407702","91744",6744,0.976541994750656,0.775093346666667,73.09,18.24,12.14946851,0.05462941,32.5,0.05,0.769384492587497,1,1
"06037406702","91790",6375,0.668670588761632,0.494630836666667,62.46,13.66,12.04200811,0.05679963,25.6,0.053,1.08961170834873,1,1
"06037402101","91767",5558,0.72943137079456,0.468760666666667,72.7,16.07,12.91137126,0.05938691,51.5,0.06,0.460544577476844,1,1
"06037573402","90755",6384,0.1784627773801,0.200632316666667,44.28,13.1,11.67319958,0.04050375,32.9,0.042,1.13982625501319,1,1
"06037408135","91792",3882,0.494127420862165,0.203094656666667,43.29,11.53,12.15935651,0.0527438,23.8,0.051,0.436630045143335,1,1
"06037900608","93535",3445,1.16725448381452,0.888078743333333,154.47,23.65,7.054248982,0.06236471,50.7,0.062,0.517025155308532,1,1
"06037408133","91792",5203,0.205054978923089,0.159894193333333,36.54,9.58,12.1202248,0.05334987,28.7,0.051,0.405468478644869,1,1
"06037571800","90807",3222,0.582873518651078,0.354183913333333,37.21,8.97,11.72819116,0.04125212,12.5,0.042,1.07072949427169,1,1
"06037408202","91745",2015,0.804125780442217,0.897311396666666,44.59,15.69,12.12906702,0.05470056,45.2,0.05,4.05226437456503,1,1
"06037900507","93535",7333,1.82622484689414,1.06587294666667,154.47,23.65,6.653511485,0.06236471,50.2,0.062,1.52561528197518,1,1
"06037407002","91746",3436,0.823995367056391,0.46476486,48.99,17.53,12.04124577,0.05679963,35.4,0.05,1.17584455125549,1,1
"06037407102","91746",5710,1.05806092420266,0.76476866,51.18,15.14,12.0514888,0.05605125,27.8,0.05,0.356370637269065,1,1
"06037407302","91744",3503,0.632391831702855,0.413990516666667,73.09,18.24,12.08566864,0.05605125,32.4,0.051,0.310739657267384,1,1
"06037408301","91746",5569,0.854486051459477,0.481135286666667,48.99,17.53,12.07676548,0.05605125,36,0.05,0.807415969168291,1,1
"06037407301","91744",4949,1.06563606040722,0.795773806666667,62.46,15.46,12.10490826,0.05605125,24.7,0.051,0.381238852924696,1,1
"06037604100","90260",7302,0.303195587767438,0.246854353333333,66.79,15.45,12.00914658,0.04192559,37.9,0.044,0.393089907972589,1,1
"06037601502","90304",4059,0.454764177205122,0.44688569,60.33,16.48,12.04273571,0.04259906,64.5,0.044,0.190053087423247,1,1
"06037603101","90247",4139,0.621087225602482,0.47359597,87.73,16.4,12.06226955,0.04192559,34.8,0.044,0.341320118924793,1,1
"06037603102","90247",3664,0.39461047482701,0.272786603333333,68.64,13.21,11.9644351,0.04125212,36.8,0.044,0.287757395414452,1,1
"06037603200","90248",3394,0.603221561083274,0.489579873333333,58.82,14.99,12.05567624,0.04125212,19.5,0.042,0.437396759605201,1,1
"06037603301","90247",3617,0.109915592937246,0.07467658,75.51,14.37,11.96424403,0.04125212,34.4,0.044,0.376402329788302,1,1
"06037603302","90247",4048,0.716680212558657,0.505343006666667,67.34,13,12.00605839,0.04125212,35.5,0.044,0.439930267513854,1,1
"06037603702","90506",4777,0.618675062634216,0.253342856666667,62.79,14.12,11.94495667,0.04192559,21.9,0.044,1.0091081548247,1,1
"06037224420","90007",2637,0.260286178716297,0.2048925,39.69,10.92,12.11034605,0.04588368,74.7,0.046,0.138668372568707,1,1
"06037224600","90007",3385,0.673875193867812,0.49409253,53.6,17.37,12.08083341,0.04588368,67.6,0.046,0.278821240861604,1,1
"06037224700","90007",6238,0.443424152946791,0.368279283333333,48.36,15.22,12.11034605,0.04588368,86.3,0.046,0.244959241595901,1,1
"06037226410","90011",3665,0.517077765847451,0.44274282,69.72,22.77,12.09845951,0.04588368,69.7,0.046,0.108435002630958,1,1
"06037226420","90011",5531,0.597156356875845,0.494202593333333,69.72,22.77,12.15802236,0.04632538,57.7,0.046,0.164855656860525,1,1
"06037226700","90011",7661,0.61334929014555,0.453189506666667,69.72,22.77,12.09845951,0.04588368,73.7,0.046,0.302051475345576,1,1
"06037227010","90011",5705,0.544524352779766,0.390858436666667,68.48,21.83,12.09940492,0.04632538,68.6,0.046,0.2243492610107,1,1
"06037650102","90504",2211,0.686992339735942,0.510043703333333,35.45,14.45,12.06983746,0.04125212,13.8,0.044,0.328308509710494,1,1
"06037650200","90504",5930,0.799044828203293,0.624596383333333,34.71,13.94,12.08683988,0.04125212,15.8,0.044,0.934748876441753,1,1
"06037650602","90503",7315,0.654075822198362,0.527160683333333,27.55,10.88,11.88148532,0.04125212,19.2,0.044,0.480444371198291,1,1
"06037650502","90503",4259,0.382860345581802,0.208688686666667,17.13,6.85,11.86370411,0.04125212,15.5,0.044,0.51581744096887,1,1
"06037650501","90503",3044,0.537266737254434,0.357535286666667,26.42,10.43,11.95004069,0.04125212,,0.044,0.385619402341967,0,1
"06037297202","90731",3786,0.35505087787322,0.27684358,103.61,14.57,11.67734924,0.03809217,20.2,0.042,0.222340598576725,1,1
"06037297201","90731",4505,0.327926161218484,0.29083899,103.61,14.57,11.67101336,0.03809217,36.7,0.042,0.155930716951824,1,1
"06037296902","90731",4219,0.389426996341366,0.25943882,103.61,14.57,11.65229752,0.03809217,37.2,0.042,0.189819658434262,1,1
"06037296901","90731",4466,0.42939297005488,0.20676944,103.61,14.57,11.66349226,0.03809217,50.5,0.042,0.238389519843394,1,1
"06037296402","90732",3312,0.315492523661815,0.19734528,39.55,8.43,11.60245628,0.03809217,19.8,0.042,0.403897853623737,1,1
"06037296401","90732",3229,0.554454485802911,0.3694985,22.24,6.91,11.60855194,0.03809217,13.5,0.042,0.380388056806562,1,1
"06037294701","90744",3099,0.442027931877833,0.456445103333333,76.33,21.61,11.73680492,0.03892377,58.9,0.042,0.674534008011334,1,1
"06037294421","90710",2891,0.586327721108725,0.439091413333333,60.42,12.46,11.89042569,0.03975537,58.7,0.042,0.257248900087808,1,1
"06037294302","90744",4382,0.728093558617673,0.540688606666667,75.21,21.26,11.76743391,0.03975537,42,0.042,0.327540748328378,1,1
"06037102105","91505",1905,0.746166761115088,0.443169606666667,31.7,7.37,11.56388147,0.06236471,40.8,0.055,0.189061188655418,1,1
"06037101122","91042",3405,0.693720547005488,0.42078493,26.78,13.25,11.09143346,0.06591477,13.1,0.055,1.02368827375042,1,1
"06037201602","90032",2960,0.587383430764336,0.471530176666667,62.2,13.11,11.96906139,0.05168937,38,0.048,0.41109649493333,1,1
"06037201601","90032",2323,1.08714979519605,0.545316643333333,63.37,13.34,11.98109779,0.05116215,35.4,0.048,0.209382585743994,1,1
"06037195903","90026",2008,0.436753733198123,0.293030616666667,38.99,9.88,12.16076534,0.0482775,34,0.048,0.0918848700757163,1,1
"06037195902","90026",1864,0.368987612343912,0.19784755,55.72,14.06,12.08445864,0.04863521,33.6,0.048,0.133650271003754,1,1
"06037195901","90029",2237,0.645924674898592,0.352734253333333,42.51,10.91,12.08445864,0.04863521,25,0.048,0.112728971191686,1,1
"06037195804","90026",2533,0.673234560168615,0.46421671,55.72,14.06,12.22276714,0.04863521,32.3,0.046,0.129569049070268,1,1
"06037195803","90026",2634,0.344434129682653,0.236242933333333,55.72,14.06,12.22276714,0.04863521,34.7,0.046,0.145995694837379,1,1
"06037195202","90027",3304,0.987785706474191,0.590976673333333,40.2,19.07,12.0137843,0.04978792,15.9,0.05,0.338107310725067,1,1
"06037195201","90027",3128,0.652943683886105,0.478107013333333,32.14,13.97,12.00420537,0.05022962,24.2,0.05,0.23203505376517,1,1
"06037910404","93550",4284,1.19700884335481,0.77286264,97.14,18.63,7.845839415,0.06236471,41.7,0.062,0.992821038556814,1,1
"06037910602","93550",4433,0.961233272687505,0.371206866666667,125.16,23.3,7.800967181,0.06236471,64,0.062,0.765641262430352,1,1
"06037910706","93543",6301,0.981835455937326,1.68983784,64.53,14.77,8.286463193,0.06236471,44.2,0.062,8.15023778402597,1,0
"06037910707","93550",5420,1.70781759524378,0.851372096666667,125.16,23.3,8.172211265,0.06236471,40.9,0.062,2.58408982127721,1,1
"06037269000","90064",4813,0.293918515867335,0.42094986,20.3,7.6,11.76824477,0.04712258,8.7,0.046,0.881046797481244,1,1
"06037269500","90034",3797,0.788256581563668,0.503800666666667,26.53,9.22,11.72153182,0.04716458,5.5,0.046,0.53801407179433,1,1
"06037269300","90064",3840,0.46492297482701,0.257562266666667,31.87,12.85,11.70761895,0.04716458,7.4,0.046,0.853035046438881,1,1
"06037269700","90034",3546,0.593049714666348,0.405484413333333,34.49,11.8,11.74486853,0.04632538,21.9,0.046,0.348432012138851,1,1
"06037269800","90034",3046,0.687281277340332,0.513630533333333,33.03,11.34,11.81592791,0.04632538,23.4,0.046,0.179297742096584,1,1
"06037270100","90034",4202,0.518396315517379,0.34196955,34.5,11.8,11.74226684,0.04588368,19,0.046,0.221286525367099,1,1
"06037480802","91803",3162,0.596101268591426,0.403543743333333,30.09,7.52,11.82774897,0.05278424,37.4,0.05,0.66365990310666,1,1
"06037480901","91803",5407,0.783933702179273,0.636931123333333,21.08,5.75,11.85129966,0.05334987,43,0.05,0.368113740935668,1,1
"06037531302","90023",6215,0.680864377038097,0.495591606666667,62.39,17.48,12.21812171,0.0482775,56.4,0.046,0.341115675242231,1,1
"06037481001","91801",4369,0.751033340292691,0.546832843333333,32.92,9.34,11.80787374,0.05462941,38.1,0.05,0.405270824397723,1,1
"06037481002","91801",5646,0.413664201065776,0.292710216666667,37.65,10.77,11.67006296,0.05462941,39.7,0.05,0.359776419963179,1,1
"06037481102","91776",4000,0.72494879901376,0.472934136666667,31.51,9.13,11.71669083,0.05605125,39.5,0.051,0.237907338964579,1,1
"06037480803","91801",3699,0.626552185238209,0.436570713333333,29.52,8.2,11.77094099,0.05334987,33.9,0.05,0.421444089610126,1,1
"06037481902","91803",3443,0.755985668694822,0.439765483333333,33.62,8.66,12.02633308,0.05219839,33.5,0.048,0.343459189083304,1,1
"06037430502","91024",6902,0.196741032370954,0.166192656666667,20.44,6.86,11.73101532,0.06133785,11.7,0.051,1.1389559700025,1,1
"06037432300","91731",4350,0.499702363198918,0.40372835,46.3,10.9,11.87831142,0.05763123,38.7,0.05,0.767435605860754,1,1
"06037432500","91732",8180,0.828783653463772,0.50176031,64.61,13.73,12.02522411,0.05938691,35.7,0.051,1.0878101964221,1,1
"06037432602","91732",4852,0.715134241032371,0.572718673333333,63.91,13.59,11.94431824,0.05846283,39.3,0.051,0.412103203477641,1,1
"06037432700","91731",5779,0.941211450131234,0.414152356666667,51.4,11.52,11.93241395,0.05763123,51,0.05,0.72061647055206,1,1
"06037432801","91731",2797,0.730662307126382,0.30110676,64.3,14.56,11.89284869,0.05679963,54.6,0.05,0.305924077760342,1,1
"06037432902","91770",3312,0.733214899984093,0.44644552,36.48,9.96,11.93236969,0.05605125,28.3,0.05,0.418513388225555,1,1
"06037123510","91405",4795,0.300205549590392,0.260426153333333,38.08,9.42,11.59401635,0.06236471,44,0.055,0.309684181217728,1,1
"06037123602","91401",3659,0.635616748190567,0.521280153333333,63.43,19.24,11.64810526,0.06133785,36.6,0.055,0.358354036012544,1,1
"06037123700","91606",4435,0.612614829396325,0.411990466666667,56.06,16.35,11.54238267,0.06133785,33.3,0.055,0.36771634741327,1,1
"06037123800","91606",6018,0.694353102879186,0.554586416666667,40.88,14.46,11.49534692,0.06037951,32.5,0.055,0.499009909825416,1,1
"06037123601","91401",4803,0.209146708223972,0.228894876666667,42.99,12.78,11.5711356,0.06037951,37.4,0.055,0.591757937657096,1,1
"06037124300","91601",2988,0.571073679710491,0.386695336666667,47.83,11.77,11.51474422,0.05938691,49,0.053,0.343943408382674,1,1
"06037124500","91401",2925,1.11481883301519,0.77869639,63.43,19.24,11.64810526,0.05938691,29.5,0.053,0.312181884249268,1,1
"06037127300","91406",3809,1.62369014952676,0.96560392,50.06,11.2,12.08174436,0.06350576,36.2,0.057,0.41238088323502,1,1
"06037127400","91406",6558,1.48519023900422,1.08813879333333,77.98,19.65,12.29587676,0.06350576,48.6,0.057,0.839806642378756,1,1
"06037127920","91405",4716,0.59256131690925,0.4031067,85.01,16.83,11.63653858,0.06236471,46.7,0.055,0.250452768437227,1,1
"06037127910","91405",5097,0.604600383758848,0.41491884,109.67,20.85,11.77593619,0.06236471,57,0.055,0.250972264712443,1,1
"06037128210","91401",5008,1.1441550097431,0.933014006666667,63.43,19.24,11.73113429,0.06133785,71.4,0.055,0.212329792227116,1,1
"06037128400","91411",4502,0.904731990177364,0.522426363333333,71.66,18.44,11.90297183,0.06133785,30.4,0.055,0.66545923988431,1,1
"06037134104","91306",4618,1.06677814065855,0.73534831,84.14,21.42,12.21868346,0.06236471,37.4,0.057,0.250138405975926,1,1
"06037131400","91335",6367,1.52077678855484,1.19418523666667,64.32,17.25,13.92093494,0.06350576,30.5,0.06,0.427433458468657,1,1
"06037131800","91335",6157,0.834390907102521,0.632782843333333,77.11,20.52,14.60341571,0.06236471,40.2,0.06,0.506862403391497,1,1
"06037132300","91335",7912,0.559325414578859,0.417986266666667,77.64,20.66,13.91010057,0.06236471,44.4,0.06,0.494820023285744,1,1
"06037702802","90066",2293,0.523039822436968,0.44514748,29.98,9.81,11.76013155,0.04539285,21.9,0.046,0.233145453688975,1,1
"06037702502","90232",3757,0.69055217529627,0.084204156666667,40.36,11.23,11.7027382,0.04539285,13.5,0.046,0.69805120977177,1,1
"06037702700","90230",3435,0.413056500039768,0.150934426666667,43.84,12.63,11.76395685,0.04539285,10,0.046,0.519859508405234,1,1
"06037702803","90066",3063,0.532868050584586,0.38626139,34.22,11.92,11.63317139,0.04539285,40.7,0.046,0.326191104194683,1,1
"06037127210","91405",5838,1.38900197844588,0.816105433333333,109.5,20.82,11.99025794,0.06350576,44.3,0.055,0.594196154027904,1,1
"06037181000","90041",6458,1.08070306907659,0.384560786666667,38.84,11,11.54586553,0.05535282,20.2,0.051,1.59861619235773,1,1
"06037191620","90029",2532,0.496857725880856,0.35952052,70,18.14,12.01439591,0.04863521,64.3,0.048,0.0878564763438238,1,1
"06037191720","90038",3224,0.48912414002227,0.340090346666667,58.73,15.62,12.00979423,0.04899293,62.3,0.05,0.102060701441985,1,1
"06037191420","90029",3096,0.343298884514436,0.253996703333333,48.32,12.5,12.08445864,0.04863521,40.6,0.048,0.0877287785506475,1,1
"06037191500","90029",5931,0.682561341764098,0.472647373333333,65.65,17.01,12.05932002,0.04863521,42.2,0.048,0.247788410509344,1,1
"06037191810","90038",3367,0.73159498528593,0.51264382,58.73,15.62,11.90037867,0.04939042,63.8,0.05,0.156003547144855,1,1
"06037191410","90029",4646,0.489683995466476,0.353348313333333,70,18.14,12.08445864,0.04863521,53.3,0.048,0.120261909368765,1,1
"06037191820","90038",3176,0.853583820488348,0.64037641,46.36,12.28,11.90037867,0.04863521,30.5,0.048,0.156440046861065,1,1
"06037191610","90029",4237,0.504437833054959,0.360628206666667,50.11,13,12.01439591,0.04863521,47.6,0.048,0.162224053873745,1,1
"06037192300","90004",2463,0.798569479241231,0.633682203333333,37.07,9.81,11.84738147,0.04863521,16.6,0.048,0.338955734407985,1,1
"06037194200","90046",3524,0.468213135289907,0.24062683,16.23,7.6,11.58761166,0.05168937,7.9,0.05,1.00469247006312,1,1
"06037201120","90032",4144,0.415411496858347,0.288839386666667,52.98,11.3,11.86386022,0.05334987,33.8,0.05,0.305327390183656,1,1
"06037201504","90032",2302,0.803483282629444,0.58890062,63.37,13.34,11.96568323,0.05219839,46.2,0.048,0.1425285464963,1,1
"06037104103","91342",3431,0.972450886820966,0.64933937,63.98,13.45,11.24668191,0.06718273,26.9,0.055,0.364141056720141,1,1
"06037262301","90049",2748,0.623313598584268,0.244889106666667,11.25,6.47,11.36946734,0.05352109,11.6,0.05,5.04196832548394,1,1
"06037400304","91773",7788,0.3648101338185,0.166357993333333,33.63,10.55,12.40710799,0.06037951,19.9,0.06,1.2136362534923,1,1
"06037920326","91381",6324,0.637993493000875,0.174183356666667,20.96,11.59,9.704437269,0.06259362,18.5,0.062,26.3459762337287,1,1
"06037108104","91326",1836,0.28832368965243,0.227637616666667,26.58,13.23,10.70323464,0.06591477,,0.06,0.31890117687992,0,1
"06037460800","91103",3103,0.373815045136403,0.30670057,19.78,5.32,11.24037378,0.05685511,8.3,0.051,2.60279822185361,1,1
"06037535802","90280",6600,0.80464027578939,0.720678176666667,48.54,16.77,12.03324185,0.04490202,48.7,0.044,0.307252036840432,1,1
"06037482521","91770",5842,0.800685869521992,0.545986646666667,35.23,9.8,12.00161681,0.05334987,34.3,0.048,0.59664581729296,1,1
"06037540101","90262",6743,0.858541119860018,0.738005766666667,62.82,17.57,12.03460272,0.04490202,27.8,0.044,0.486518806061237,1,1
"06037536102","90280",3155,0.321153215223097,0.303860376666667,40.75,14.54,12.03321154,0.04539285,28.5,0.044,1.1784270103657,1,1
"06037536000","90280",3701,0.647678184403086,0.489216703333333,44.43,15.79,12.062437,0.04539285,44.1,0.044,0.504732708077953,1,1
"06037124201","91606",3348,0.640109261910443,0.453064746666667,68.88,19.44,11.51882074,0.060311,29.1,0.055,0.375518007969156,1,1
"06037535605","90280",4440,0.431542914380021,0.30202961,52.53,18.39,12.06007558,0.04490202,45.5,0.044,0.181344861611739,1,1
"06037403305","91765",2294,1.07148627018214,0.406918206666667,15.38,6.01,12.10414328,0.05022962,12.5,0.051,0.56977936357785,1,1
"06037402102","91767",4858,0.501244606498051,0.33774188,79.24,17.12,12.83671121,0.05938691,28.2,0.06,0.88548150180118,1,1
"06037402200","91768",6782,0.630876928736181,0.47170031,59.21,12.41,12.63136586,0.05852448,22.3,0.057,2.18117914906567,1,1
"06037402301","91768",5464,0.788511343752486,0.354156326666667,78.05,15.97,12.57041626,0.05763123,50,0.057,0.517306320572259,1,1
"06037403721","91722",4897,0.637941297820727,0.470043836666667,44.37,10.94,12.0285424,0.05846283,25.2,0.055,0.73018332905397,1,1
"06037402702","91767",6365,1.04170270619582,0.713963523333333,81.58,17.81,12.88889973,0.05846283,64.4,0.057,0.578591499255956,1,1
"06037403200","91768",399,1.52789397419073,1.18017312,62.76,13.19,12.3211573,0.05462941,92.2,0.055,0.933173608044093,1,1
"06037402703","91767",4661,0.599697765052096,0.334388606666667,63.93,14.34,12.96365923,0.05938691,28.6,0.06,0.415656000652451,1,1
"06037402600","91767",7493,0.641370645430685,0.470769413333333,87.89,19.04,12.69293611,0.05938691,46.1,0.057,0.88105060713966,1,1
"06037402501","91766",5591,0.541858670365068,0.37941514,74.1,17.27,12.55391098,0.05679963,68.3,0.057,0.392503147070432,1,1
"06037407101","91746",4883,1.2210148979957,0.861884956666667,52.64,15.67,12.04055776,0.05605125,34.7,0.05,0.436841626342447,1,1
"06037189701","90068",3228,0.369047885349559,0.129841076666667,20.89,9.16,11.57819697,0.0534139,18.7,0.053,1.67882163855571,1,1
"06037189600","90068",3939,0.353744755627138,0.271321983333333,22.29,7.88,11.78493345,0.05116215,26.7,0.051,0.418378320543719,1,1
"06037189500","90068",4180,0.77755905511811,0.478980046666667,22.71,7.47,11.97058361,0.05116215,30,0.051,0.22881373893952,1,1
"06037701202","90403",3381,0.947782450489143,0.72589888,24.3,13.52,11.7361215,0.0482775,8.2,0.046,0.157385321398638,1,1
"06037700902","90212",7352,0.332710098027519,0.239385553333333,33.03,10.72,11.71558023,0.0482775,18.8,0.048,0.367178971466784,1,1
"06037311600","91505",6707,0.77138511095204,0.473829713333333,30.68,9.65,11.71245026,0.05605125,24,0.053,1.08614604619942,1,1
"06037700901","90035",3600,0.247442436172751,0.299103296666667,32.83,8.69,11.699038,0.04791979,12.9,0.048,0.408792664391807,1,1
"06037189400","90068",3164,0.665822223216416,0.143689696666667,20.89,9.16,11.7381295,0.05168937,9,0.051,0.558386151764998,1,1
"06037702501","90232",4965,0.4438156167979,0.233682216666667,35.85,10.92,11.68561304,0.04539285,6.2,0.046,0.520940930860104,1,1
"06037106112","91342",5611,0.554075449375646,0.5045107,63.74,13.39,10.94114862,0.0685917,24.3,0.057,1.24593418602605,1,1
"06037555212","90716",5110,0.574452074882685,0.421987063333333,47.02,17.18,11.68002345,0.0438112,47.3,0.044,0.268815803746682,1,1
"06037555103","90715",4873,0.3795546508391,0.283061736666667,48.36,15.1,11.83685846,0.0438112,23.5,0.044,0.379920600454031,1,1
"06037555102","90715",5987,0.634050892786129,0.433444873333333,41.48,13.63,11.69661028,0.0438112,42.2,0.044,0.571721388442976,1,1
"06037541400","90222",7989,0.753984853455818,0.558901296666667,121.95,21.24,12.09745122,0.04320513,48.8,0.044,0.368284430781808,1,1
"06037555001","90715",5321,0.7257460182534,0.30377142,46.99,14.61,11.72757889,0.04320513,30.6,0.044,0.497694830707157,1,1
"06037570100","90805",3192,0.765757973435139,0.55964075,90.76,19.26,11.95400971,0.04259906,34.7,0.042,0.44634255896642,1,1
"06037570002","90712",2679,0.910970556947427,0.68704714,98.79,11.27,11.7740438,0.04320513,23.9,0.044,0.299904868223893,1,1
"06037650603","90503",3849,0.610428224170842,0.388668196666667,23.61,9.41,11.85289322,0.04125212,18.3,0.044,0.492665210551874,1,1
"06037650702","90503",4731,0.614812619303269,0.339114256666667,22.04,8.79,11.85393375,0.04125212,5.8,0.044,0.539853097870013,1,1
"06037650800","90503",6423,0.362136994949495,0.319514906666667,23.87,8.63,11.8979039,0.04125212,19.6,0.042,0.4987482013846,1,1
"06037650701","90503",2529,0.775748379463931,0.553573396666667,26.09,10.32,11.87394388,0.04125212,11.4,0.042,0.775071269867722,1,1
"06037670001","90717",3406,0.500395192078263,0.29369049,41.85,10.66,11.88687679,0.03975537,22.7,0.042,0.361051869423447,1,1
"06037651221","90505",3697,0.346959382207906,0.224136336666667,23.8,9.71,11.8831003,0.04125212,15.2,0.042,0.269079549452835,1,1
"06037650902","90501",6769,0.311154731368806,0.196174303333333,61.84,12.95,11.93383509,0.04050375,13.7,0.042,0.765234222314635,1,1
"06037651201","90505",5018,0.272271807643363,0.103297806666667,25.75,10.56,11.83292092,0.04125212,5.7,0.044,0.674892942647524,1,1
"06037294301","90744",2471,0.616840153503539,0.2915597,76.33,21.61,11.78762745,0.03975537,25,0.042,0.275547351825874,1,1
"06037293307","90710",2284,0.586799963214825,0.42659932,49.04,10.48,11.75842764,0.03975537,42.3,0.042,0.131273439022467,1,1
"06037278102","90293",3088,0.22315490038177,0.058482676666667,19.89,6.95,11.76854658,0.04435661,8.3,0.046,0.698138170684498,1,1
"06037980009","90027",5,2.28216776525093,0.874939403333333,19.71,9.33,11.68980073,0.05352109,,0.051,8.21181547837299,0,1
"06037980008","91406",68,0.9059057603595,1.26354813666667,77.98,19.65,12.44156978,0.06350576,,0.057,1.30221330868967,0,0
"06037980007","90803",0,0.460431703849519,0.20777808,,,11.50464038,0.04125212,,0.042,1.04289443059258,0,1
"06037980006","90808",0,0.585590774874732,0.16722944,,,11.59486818,0.04255413,,0.044,1.30144639807246,0,1
"06037980005","90501",0,1.30233126043904,0.792301716666667,,,12.05702425,0.04125212,,0.042,1.56523096341937,0,1
"06037194402","90069",3579,0.501368880736499,0.46855098,17.8,8.23,11.71336866,0.04939042,24.6,0.048,0.227460524192522,1,1
"06037194401","90046",2391,0.645507734828601,0.49779336,16.75,8.03,11.72971837,0.04939042,18.8,0.048,0.179051231630558,1,1
"06037575802","90813",5664,0.274974772329595,0.222609933333333,119.54,25.97,11.70661336,0.03975537,65.6,0.042,0.124050716787653,1,1
"06037900506","93535",4188,2.06123426688141,1.48129519333333,154.47,23.65,7.186038709,0.06236471,39.4,0.062,0.50742098402529,1,0
"06037573403","90755",3519,0.143153359381214,0.03029885,46.41,14.58,11.6385894,0.04125212,20.3,0.042,0.655490785924882,1,1
"06037900505","93535",3427,1.86682089099658,1.31621607,154.47,23.65,7.143374122,0.06236471,55.1,0.062,0.505337983180934,1,0
"06037575500","90813",93,0.69104367990933,0.556163773333333,105.77,23.31,11.70731307,0.03975537,84.9,0.042,0.533407245641757,1,1
"06037900104","93591",5822,2.47173630994989,1.87331822,110.17,16.89,7.410784666,0.06350576,51.9,0.065,16.459735566817,1,0
"06037108102","91326",3552,0.879451503221188,0.47489983,29,15.55,10.87528753,0.06464682,22.1,0.06,0.842332199011524,1,1
"06037621204","90277",3052,0.311272170524139,0.244896773333333,18.58,8.52,11.89517547,0.04259906,9,0.044,0.389418202116766,1,1
"06037108103","91326",3099,0.345019461345741,0.22992293,26.14,12.81,10.94379099,0.06591477,8.6,0.06,0.990913982493147,1,1
"06037621104","90254",7132,0.10226527081842,0.091704623333333,14.07,7.11,11.9049452,0.04259906,11.8,0.044,0.364716403567196,1,1
"06037109300","91344",2962,0.720012626262626,0.678171646666667,52.54,13.58,11.40346339,0.06718273,20.4,0.057,0.475259199641654,1,1
"06037621004","90254",4086,0.216493801200986,0.192236913333333,15.75,8.04,11.90701301,0.04259906,8.3,0.044,0.338562157004265,1,1
"06037109200","91344",2846,0.658061918396564,0.47276073,48.91,12.55,11.35818212,0.06718273,9.5,0.057,0.458229271241712,1,1
"06037620904","90266",2897,0.234235191481747,0.191661606666667,12.51,7.91,11.87910662,0.04259906,6.6,0.044,0.229233516704832,1,1
"06037109500","91340",4832,0.499246276743816,0.274440116666667,66.35,10.62,11.23023082,0.06718273,66.1,0.057,0.463180201838842,1,1
"06037620305","90266",5845,0.15363092042472,0.123314623333333,13.27,8.45,11.82131805,0.04320513,8.1,0.044,0.486585353857088,1,1
"06037111202","91344",5169,1.34095880060447,1.01105180333333,45.24,12.15,11.45456864,0.06591477,15.3,0.06,0.721727697560743,1,1
"06037543306","90745",7863,0.5498606885787,0.676639103333333,50.37,12.73,12.06280112,0.04050375,20.3,0.042,1.74051948848136,1,1
"06037111301","91344",7552,1.25182993816114,1.08695264,27.86,8.22,11.6206873,0.06591477,35.8,0.06,0.773017085599671,1,1
"06037542106","90221",3523,0.297956807245685,0.175584186666667,95.62,24.67,12.12382492,0.04320513,54.9,0.044,0.352312603701876,1,1
"06037111302","91325",5163,1.34285833233914,1.00795326333333,51.75,14.37,11.82283365,0.06591477,28.9,0.06,0.597647539536388,1,1
"06037542105","90221",4781,0.47859003420027,0.377718563333333,95.67,24.68,12.13955642,0.04320513,56.8,0.044,0.241028021895823,1,1
"06037111400","91344",8735,1.42727533703173,1.07788649,43.33,10.21,11.62562194,0.06591477,35.2,0.057,0.699156040048385,1,1
"06037900103","93535",5939,1.68086127018214,1.22713761666667,135.82,20.79,6.737595691,0.06350576,59.8,0.065,7.65304300833258,1,1
"06037109700","91344",4616,1.22352150938519,0.940706176666667,46.18,11.33,11.47001272,0.06718273,20,0.057,0.614393366234411,1,1
"06037800506","90265",3270,0.849191347530422,0.513525613333333,11.79,6.24,10.77799813,0.05076979,12.5,0.051,10.0939592571334,1,1
"06037920332","91321",2438,1.3767851994353,0.562891093333333,46.47,12.71,9.696435756,0.06591477,14.2,0.065,1.64900642768202,1,1
"06037800504","90265",2334,0.724945070786606,0.2925951,13.77,7.26,10.47789549,0.05027629,16,0.051,8.25274791427518,1,1
"06037121600","91605",2735,0.232418302115645,0.231652056666667,69.14,18.39,11.50132407,0.06350576,22.1,0.055,0.440274780886928,1,1
"06037800410","90265",4031,0.214484286765291,0.169270046666667,5.94,4.18,9.974034972,0.05070407,13.1,0.051,14.4565554189359,1,1
"06037541802","90262",5306,0.669682802433787,0.418616933333333,55.77,15.36,12.06201946,0.0438112,37.2,0.044,0.422553894017683,1,1
"06037800408","90265",7274,1.05731465740078,0.845938496666667,14.25,7.7,9.867044703,0.04939042,10.6,0.051,5.97293680012299,1,1
"06037540700","90059",3230,0.275839099657997,0.187634623333333,120.42,24.35,12.09535727,0.04320513,61.4,0.044,0.441752437801732,1,1
"06037800406","90265",2529,0.361516866499642,0.37881993,14.25,7.7,9.280883734,0.0482775,13.2,0.051,35.2674155284829,1,1
"06037540901","90061",4904,0.660805272210292,0.565043226666667,121.6,19.26,12.11292708,0.04259906,45.9,0.044,0.449888925903216,1,1
"06037800332","91301",6543,0.764722769028871,0.330484256666667,17.25,10.37,9.536805374,0.05168937,12.7,0.051,1.85396867468631,1,1
"06037540800","90059",5287,0.422022886343752,0.233305646666667,93.76,18,12.10252953,0.04320513,24.6,0.044,0.769651673061155,1,1
"06037800330","91301",882,0.644435248150799,0.43933589,8.64,4.61,9.821299418,0.05070407,13.6,0.051,10.9888154034035,1,1
"06037540902","90061",4707,0.897518492006681,0.750506626666667,104.72,16.83,12.12642045,0.04259906,36.7,0.044,0.973641529331191,1,1
"06037800329","91301",6953,0.438103972798855,0.151850966666667,17.56,8.65,10.03635006,0.05225601,14.7,0.053,8.72430866854443,1,1
"06037541605","90221",4805,0.643249050544818,0.491660736666667,95.67,24.68,12.10598268,0.04320513,55.9,0.044,0.334768036820061,1,1
"06037573601","90808",6402,0.418728997653702,0.3553115,29.77,12.26,11.67288803,0.04192559,13,0.042,1.43269905235202,1,1
"06037139303","91356",4260,0.940719324146982,0.681713503333333,59.55,13.44,13.04237213,0.060311,42.2,0.06,0.160384586050474,1,1
"06037571504","90807",4512,0.346533742941223,0.291560743333333,51.48,10.81,11.7349837,0.04192559,27.3,0.042,0.593125715735428,1,1
"06037139301","91356",4445,1.10523728923089,0.91744327,46.6,12.34,12.61681879,0.05938691,16.1,0.057,1.11397067412792,1,1
"06037571503","90807",3878,0.41738124353774,0.234476013333333,55.73,10.47,11.84295139,0.04192559,15.7,0.042,0.351428126098231,1,1
"06037460301","91001",4845,0.532892284061083,0.241333176666667,42.66,9.98,11.29530355,0.06133785,28,0.051,1.91830465695072,1,1
"06037570404","90805",3676,0.779820224886662,0.474125643333333,85.11,18.65,12.38808685,0.04259906,41.5,0.042,0.33211391652296,1,1
"06037460200","91001",5861,0.577731050664122,0.410927126666667,45.18,10.51,11.39134301,0.06133785,7,0.051,1.24126541414895,1,1
"06037267404","90025",3475,0.757819335083115,0.562108046666667,13.1,6.2,11.65656905,0.04863521,30.6,0.046,0.109830011633142,1,1
"06037300800","91208",7280,0.560842181659111,0.21716805,20.22,9.11,11.36531231,0.05771908,16.2,0.051,2.37068335980508,1,1
"06037113237","91311",4194,1.01645266642806,0.56667322,50.4,15.81,10.45905335,0.06133785,25.6,0.057,1.83149512389074,1,1
"06037460501","91011",5614,1.70559184363318,0.400440553333333,18.17,7.2,11.1492377,0.06133785,9.3,0.051,2.91599385141965,1,1
"06037102107","91040",4349,0.965547452875209,0.45083491,43.21,9.5,11.14147063,0.06473142,27.9,0.055,4.9882874183156,1,1
"06037461100","91001",5419,0.669653597987751,0.477647473333333,38.88,9.05,11.39128065,0.05938691,21.6,0.051,0.755100300217208,1,1
"06037102104","91352",3721,0.632885200429492,0.385388926666667,32.58,8.04,11.46432553,0.06350576,28.4,0.055,0.641165374048764,1,1
"06037460600","91011",4416,0.956826508192158,0.43236921,17.27,6.85,11.14216519,0.06133785,9.8,0.053,1.64184872041748,1,1
"06037111205","91325",3869,0.734069285373419,0.56901003,46.48,13.05,11.70425543,0.06464682,20.2,0.06,0.447984307267727,1,1
"06037137502","91364",4549,0.784871351308359,0.578819356666667,35.02,12.95,11.56367733,0.05846283,23.9,0.057,0.807072305343518,1,1
"06037108202","91326",7487,0.970665066014475,0.483438533333333,24.41,12.47,10.51287274,0.06350576,10.2,0.057,2.31395376572984,1,1
"06037139302","91356",5000,0.913620705082319,0.681962176666667,48.22,11.29,13.04237213,0.060311,42.5,0.057,0.129486839163906,1,1
"06037106649","91342",2661,0.550022866459874,0.351118753333333,52.6,10.62,11.17287637,0.06718273,28.1,0.057,0.426909042798656,1,1
"06037139200","91316",5662,0.948208711127018,0.700977216666667,40.11,8.09,13.05253739,0.060311,25.2,0.06,0.444510980561992,1,1
"06037106646","91344",3161,0.834531336991967,0.487150006666667,52.54,13.58,11.20058307,0.06718273,16.8,0.06,0.569433230243671,1,1
"06037139701","91436",5320,0.40018168893661,0.348064573333333,26.99,12.15,12.09810952,0.05938691,6.2,0.055,1.31198413400052,1,1
"06037106406","91342",5839,1.08646131591506,0.353746803333333,63.98,13.45,10.76509567,0.06718273,24.1,0.06,0.80480644374464,1,1
"06037139703","91356",2861,1.8883675584586,0.76420042,41.28,8.47,11.88097157,0.05852448,17.1,0.055,1.82626245734001,1,1
"06037104203","91331",5441,0.738938350035791,0.580124743333333,81.71,13.36,11.16595012,0.06718273,48.7,0.057,0.273352023490177,1,1
"06037131020","91335",6704,0.654287088403722,0.503239856666667,83.59,22.29,14.03112587,0.06133785,39.8,0.06,0.559731494319486,1,1
"06037265602","90024",3044,0.855819514038018,0.67205004,18.77,12.33,11.65326691,0.04899293,15.7,0.046,0.128686212783039,1,1
"06037141400","91436",5099,1.36580867732443,0.551122323333333,22.06,10.22,11.9420043,0.05938691,14.4,0.055,0.77196019177478,1,1
"06037293306","90710",2436,0.580581901694106,0.384157933333333,39.67,8.59,11.75842764,0.03975537,16.7,0.042,0.241564750691848,1,1
"06037141302","91403",6037,0.837543123160741,0.522846803333333,44.02,18.35,11.80268144,0.05763123,12.9,0.053,0.490304469108161,1,1
"06037276604","90045",4624,0.777882168138074,0.53759853,18.48,7.9,11.83676342,0.0438112,15.3,0.046,0.322553883896015,1,1
"06037143100","91602",4389,0.765643019764575,0.591744826666667,31.21,9.17,11.58951435,0.05605125,18,0.053,0.688370912247161,1,1
"06037276603","90293",5489,0.622337424441263,0.522121796666667,21.64,7.63,11.76854658,0.0438112,19.2,0.044,0.176089646705367,1,1
"06037462800","91107",2827,0.899079376441581,0.68767096,26.37,8.66,11.34519887,0.05938691,17.8,0.053,0.434964193885817,1,1
"06037269907","90034",2692,0.640448530581405,0.495147783333333,34.49,11.8,11.80798017,0.04632538,18.2,0.046,0.107220221474685,1,1
"06037463101","91107",2373,0.546651927741987,0.411072793333333,18.82,6.51,11.69107527,0.05938691,18.8,0.051,0.436446217253098,1,1
"06037269906","90034",3158,0.676553303706355,0.480302336666667,34.49,11.8,11.69483322,0.04588368,19.5,0.046,0.0804931686277124,1,1
"06037462900","91107",3797,0.240765181340969,0.285178796666667,27.41,9.21,11.53026546,0.05938691,10.8,0.051,0.913105431236903,1,1
"06037267901","90067",2428,0.515029726397837,0.36612376,14.99,5.57,11.7669605,0.0482775,18.7,0.046,0.430435283805222,1,1
"06037462700","91106",5413,0.983653588045812,0.700988573333333,23.31,7.7,11.24230672,0.05846283,26.6,0.053,0.64851050022388,1,1
"06037434004","91733",3039,0.468228669569713,0.298163293333333,65.92,16.69,12.03688662,0.05462941,48.3,0.048,0.262709277741433,1,1
"06037300400","91214",5986,0.593635667700628,0.29736652,28.6,11.18,11.36185219,0.06244084,17.6,0.053,0.776935697094764,1,1
"06037434003","91732",4717,0.701407530024656,0.444349603333333,61.82,13.44,12.11875988,0.05605125,56.1,0.048,0.377759124652507,1,1
"06037462600","91104",2152,0.792567654895411,0.69896943,39.42,10.57,11.41728243,0.05938691,7.6,0.053,0.405489445459269,1,1
"06037433504","91733",4802,1.04101671239959,0.675197293333333,65.92,16.69,11.96074742,0.05530288,62.6,0.048,0.354217849249509,1,1
"06037463200","91107",3563,0.734612985166627,0.588951503333333,25.91,8.8,11.44145003,0.05938691,18.7,0.053,0.62679661006243,1,1
"06037433307","91732",3193,0.607724638113418,0.274152423333333,73.28,15.5,12.00896355,0.05763123,47.4,0.05,0.162766466380805,1,1
"06037406101","91723",3105,0.184110420146345,0.15022535,62.76,12.35,12.0394072,0.05846283,21.7,0.055,0.536854816916515,1,1
"06037104108","91331",6001,0.408361419311222,0.463893653333333,54.48,9.52,11.19241127,0.06718273,52.4,0.055,0.421945635256218,1,1
"06037430102","91010",4684,0.375326841247117,0.208124283333333,57.14,12.48,11.7782415,0.06133785,28.8,0.053,0.499726464863964,1,1
"06037402904","91766",3705,0.775571288674143,0.72941682,74.9,17.47,12.67092751,0.05605125,36.3,0.057,0.738417888065131,1,1
"06037404702","91706",5629,1.06993781317108,0.711488546666667,66.86,14.78,11.99923941,0.05763123,49.2,0.051,0.445482626142249,1,1
"06037402903","91766",4363,0.95268631193828,0.77755854,74.95,17.48,12.67648041,0.05605125,49.1,0.057,0.617379486371465,1,1
"06037404701","91706",5665,0.680689150361886,0.35489632,66.81,14.77,11.98060897,0.05763123,34.7,0.051,0.65741309429409,1,1
"06037402804","91766",4238,0.832280730533683,0.77850891,74.43,17.38,12.71142454,0.05763123,54,0.057,0.505185551427107,1,1
"06037408623","91745",3268,0.504464552016225,0.385497783333333,46.16,12.41,12.10056244,0.0527438,27.8,0.05,0.369579256387011,1,1
"06037402803","91766",3270,0.467221426867096,0.38253309,74.95,17.48,12.6367597,0.05679963,53.8,0.057,0.243240442198401,1,1
"06037403319","91765",4046,0.682138187982184,0.427203466666667,27.84,10.36,12.35178857,0.05278424,20.8,0.055,0.866834431073894,1,1
"06037402706","91767",3834,1.03306564662372,0.606738743333333,73.22,16.19,12.94273197,0.05938691,33.3,0.06,0.415805493493173,1,1
"06037408401","91745",4389,1.30468936411358,0.799531446666667,46.16,12.41,12.13187697,0.05462941,23.4,0.048,0.445338215776597,1,1
"06037402705","91767",3254,0.811030457130359,0.56129678,87.89,19.04,12.85876857,0.05938691,22.7,0.057,0.333797107256218,1,1
"06037460700","91011",5139,0.7823386423288,0.57054505,17.21,6.55,11.23565364,0.05938691,7,0.051,2.8757109489549,1,1
"06037402405","91768",2875,0.836675688976378,0.460619183333333,77.93,15.95,12.31792977,0.05679963,49.9,0.057,0.34548654358726,1,1
"06037503702","90604",5516,1.0100376302394,0.626679353333333,41.88,15.89,11.91305039,0.04863521,22.6,0.046,0.666684173264409,1,1
"06037604002","90260",4856,0.508276042909409,0.351156266666667,65.36,15.15,11.91372433,0.04192559,40.8,0.044,0.250845556210681,1,1
"06037532102","90640",3936,0.681091177523264,0.50156625,57.34,17.79,12.2207944,0.04939042,23.6,0.046,0.393608278197849,1,1
"06037604001","90260",4207,0.335414305456136,0.286270663333333,67.69,15.63,11.99658497,0.04192559,35.8,0.044,0.255930430513058,1,1
"06037503402","90603",4129,0.54455604271057,0.317797416666667,46.15,20.04,11.93821092,0.04939042,13.1,0.046,0.617270163294302,1,1
"06037603802","90260",4040,0.443010941103953,0.287387653333333,67.69,15.63,12.03026306,0.04192559,39.4,0.044,0.244027628363514,1,1
"06037501600","90601",7769,0.494077711166786,0.221174573333333,51.14,14.97,11.8738352,0.05168937,27.9,0.048,3.77986330805974,1,1
"06037433306","91732",3136,0.780499383599777,0.282845126666667,73.28,15.5,12.00896355,0.05763123,39.4,0.05,0.167581981755121,1,1
"06037503501","90604",6444,0.635815586972083,0.365718376666667,43.87,16.78,11.92594018,0.04863521,37.6,0.046,0.601613168432654,1,1
"06037433305","91732",4582,0.718974315000398,0.44417826,73.28,15.5,12.07216065,0.05763123,53,0.05,0.1959476051336,1,1
"06037503502","90604",4655,0.392635135806888,0.27234179,54.86,20.75,11.9269475,0.04863521,20.1,0.046,0.48218689034445,1,1
"06037433304","91732",5063,0.857469254553408,0.772299923333333,58.77,12.52,12.05877043,0.05763123,62.2,0.05,0.30594425899044,1,1
"06037503601","90638",4151,0.588535452954744,0.443287383333333,30.71,13.05,11.92786647,0.04863521,19,0.046,0.537823750013277,1,1
"06037431502","91006",4273,0.633806072536387,0.159291886666667,18.11,5.25,11.90510187,0.05938691,35.7,0.051,0.788553180037572,1,1
"06037109100","91345",2797,0.749677508351229,0.528774086666667,59.85,13.45,11.11249892,0.06718273,27.2,0.057,1.04802402712189,1,1
"06037431501","91780",4480,0.826147175495109,0.6458163,25.25,7.74,11.85364089,0.05846283,39.8,0.051,0.401551663285435,1,1
"06037553702","90723",4723,0.277193067485882,0.219338793333333,55.62,16.19,12.09151255,0.0438112,49.9,0.044,0.330628045525275,1,1
"06037430301","91016",4319,0.52713403722262,0.08129634,39.06,9.27,11.55529716,0.06350576,7.8,0.053,9.40437602124745,1,1
"06037554101","90706",3548,0.642817197566213,0.444681096666667,61.64,17.57,11.91361716,0.04435661,47,0.044,0.182748664233829,1,1
"06037430003","91016",4971,0.516946656525889,0.45862172,30.47,7.12,11.41693551,0.06473142,9.5,0.055,4.60241593367778,1,1
"06037553802","90723",6881,0.662697347490655,0.539623446666667,52.77,14.89,12.14364358,0.04320513,58,0.044,0.686807319540166,1,1
"06037603801","90260",4748,0.560846531257456,0.368427453333333,50.53,12.09,12.02658065,0.04259906,41.7,0.044,0.257173618464218,1,1
"06037554001","90706",3756,0.647154989859222,0.511200776666667,61.64,17.57,11.92933171,0.04435661,28.7,0.044,0.4181692702597,1,1
"06037603006","90247",1898,0.503164022110873,0.372062483333333,85.71,16.05,12.05073573,0.04192559,38.5,0.044,0.265142692140776,1,1
"06037602200","90250",7200,0.738888640340412,0.471352013333333,56.41,14.89,11.9746039,0.04259906,25.8,0.044,0.815584684784518,1,1
"06037603005","90247",5928,0.792110947069116,0.54614291,76.29,14.44,12.07532049,0.04259906,41.9,0.044,0.251149285289576,1,1
"06037603400","90249",4113,0.512358451642408,0.38124603,67.23,14.65,12.03767529,0.04192559,35.9,0.044,0.438258910864266,1,1
"06037602802","90044",5019,0.51426978942973,0.470075196666667,109.77,18.68,12.13594907,0.04259906,13.9,0.044,0.517091826436995,1,1
"06037106510","91342",5618,1.32002915473634,0.45715063,63.98,13.45,10.59569518,0.06718273,27.7,0.062,2.21568251656955,1,1
"06037602801","90044",3718,0.745844890837509,0.611608686666667,124.26,23.64,12.10553008,0.04259906,58.4,0.044,0.486078580549932,1,1
"06037603004","90247",1549,0.529279010578223,0.376429613333333,87.73,16.4,12.06831914,0.04192559,36.5,0.044,0.086762048733884,1,1
"06037602509","90250",4457,0.500512009862404,0.499444283333333,74.62,18.96,12.10489415,0.04259906,27.7,0.044,0.790649217520925,1,1
"06037574202","90815",2251,0.756191342559453,0.575948463333333,25.99,11.47,11.64556074,0.04125212,23.6,0.042,0.523677398248751,1,1
"06037602508","90250",6922,0.186142303944961,0.14086002,77.65,19.79,12.09709798,0.04259906,41.2,0.044,0.25006111966321,1,1
"06037574201","90815",3100,0.727152181261433,0.48391138,23.8,12.66,11.6427648,0.04125212,16.6,0.042,0.499144544532291,1,1
"06037602302","90250",4819,0.34182809890241,0.209344746666667,53.68,14.06,12.02450845,0.04259906,7.6,0.044,0.752861290270556,1,1
"06037574601","90840",2276,0.395115649606299,0.397958646666667,23.8,12.66,11.50048427,0.04125212,,0.042,0.502131082285162,0,1
"06037600304","90044",3910,0.64298558915931,0.463039923333333,125.58,24.53,12.08622848,0.04259906,56.9,0.044,0.173244547029986,1,1
"06037320300","91340",6734,0.421442525650203,0.291156936666667,76.96,12.44,11.23027109,0.06718273,42.8,0.057,0.6625646208816,1,1
"06037800327","91301",5827,0.516135767120019,0.29723585,14.79,8.91,9.913488285,0.05219839,14.8,0.053,2.1864763000244,1,1
"06037291210","90247",5768,0.854817242304939,0.707733976666667,70.46,13.6,12.06226955,0.04192559,44.3,0.044,0.479730314800557,1,1
"06037702102","90405",6065,0.394132019008987,0.301447953333333,31.56,11.16,11.66972548,0.04676708,27.7,0.046,0.339131366337431,1,1
"06037570203","90805",4165,0.875061515748031,0.831219213333333,68.25,15.3,12.07684795,0.04320513,66.2,0.044,0.503639075628807,1,1
"06037702002","90405",6443,0.144077338344071,0.107259173333333,32.98,11.47,11.69229641,0.04676708,23.7,0.046,0.381873406303784,1,1
"06037291220","90247",3640,0.762811431241549,0.523493993333333,64.77,12.99,12.0660607,0.04125212,51.5,0.044,0.315776335331902,1,1
"06037701902","90401",4659,0.322665632705003,0.162932056666667,65.51,11.67,11.7063039,0.04716458,38.4,0.046,0.627002657618378,1,1
"06037291300","90248",3037,0.738501526087648,0.562131003333333,54.47,13.84,12.05569133,0.04125212,16.3,0.042,0.927422174679404,1,1
"06037554406","90706",4766,0.737181112304144,0.3443373,31.04,9.17,11.8090865,0.0438112,32.5,0.044,0.425150485907057,1,1
"06037103300","91040",3781,1.18174423864631,0.591798333333333,41.71,10.8,11.14759703,0.06591477,9.6,0.055,2.37025413643308,1,1
"06037554405","90706",3015,0.879626108526207,0.563379806666667,60.78,17.36,11.82252124,0.0438112,29.9,0.044,0.295609405440089,1,1
"06037265700","90024",4636,0.979264221943848,0.56399003,16.21,10.28,11.65891195,0.04863521,20.9,0.046,0.475912304821353,1,1
"06037554302","90706",4393,0.52990286725523,0.367513613333333,56.53,15.34,11.87162997,0.04320513,37.3,0.044,0.274576818980069,1,1
"06037265410","90049",1495,1.07894458860256,0.4680118,15.21,8.62,11.54047452,0.05022962,16.6,0.046,0.218655065021515,1,1
"06037554301","90706",3499,0.857771240952835,0.58488406,51.79,14.82,12.01505311,0.0438112,32.1,0.044,0.258390715170117,1,1
"06037265301","90024",11977,1.65203275371829,0.95011254,4.28,7,11.7322535,0.04981739,,0.046,0.615364790435274,0,1
"06037536104","90280",3900,0.673089780680824,0.24098726,50.83,17.7,12.04869771,0.04539285,40.1,0.044,0.762782647955863,1,1
"06037183101","90042",3323,0.66747009961823,0.449337833333333,46.58,12.02,11.4298025,0.05462941,34.2,0.05,0.374266822660047,1,1
"06037535002","90001",3648,0.795734783862244,0.584117553333333,80.16,24.73,12.12263212,0.04490202,54.5,0.046,0.185841173256969,1,1
"06037267100","90025",6649,1.15596106239561,0.792519903333333,19.12,8.4,11.816624,0.04791979,15.7,0.046,0.428229671073664,1,1
"06037535001","90001",4512,0.907548044420584,0.704650406666667,80.16,24.73,12.12263212,0.04490202,64.4,0.046,0.173846156653592,1,1
"06037264302","90049",5882,1.06275351944643,0.809252213333333,12.81,7.04,11.6359773,0.04901945,15.4,0.046,0.652288860337664,1,1
"06037533806","90201",3794,0.614388222778971,0.260861596666667,54.25,23.93,12.04351864,0.04632538,55.4,0.046,0.476387577207835,1,1
"06037267300","90025",4235,0.697054824823033,0.522803156666667,23.45,10.5,11.61811053,0.0482775,31.1,0.046,0.166096651721695,1,1
"06037533805","90201",3485,0.489797706394655,0.28859771,54.25,23.93,12.02269432,0.04676708,44,0.046,0.166754377222604,1,1
"06037267402","90025",4872,0.659795544022906,0.553793863333333,18.63,8.5,11.68630169,0.0482775,15.7,0.046,0.165534981330088,1,1
"06037533001","90001",4709,0.48004528553249,0.3700543,80.16,24.73,12.15052197,0.04539285,62.9,0.046,0.183998273526823,1,1
"06037267501","90025",5993,0.546472972838622,0.426632583333333,23.45,10.5,11.67808355,0.04791979,35.2,0.046,0.175238420205721,1,1
"06037102103","91352",1763,0.951205584387179,0.39529967,74.78,15.13,11.29546441,0.06350576,9.8,0.055,0.459174797717508,1,1
"06037267502","90025",3632,0.55236295036984,0.38280552,23.21,9.69,11.67808355,0.04791979,26.2,0.046,0.168041483541791,1,1
"06037295103","90731",5188,0.520272856517935,0.24484614,49.77,9.22,11.74135383,0.03809217,6.9,0.042,0.795079178768894,1,1
"06037267600","90025",2916,0.669145937723694,0.506887616666667,25.99,11.19,11.78789933,0.04753555,33.3,0.046,0.488459262926887,1,1
"06037275602","90094",12100,0.78083616678597,0.462993846666667,26.75,9.17,11.65962976,0.04435661,12.9,0.046,1.00227796414092,1,1
"06037239202","90001",5999,0.302170325300247,0.333636316666667,84.75,21.32,12.14495497,0.04490202,57.5,0.046,0.493946216783984,1,1
"06037275101","90230",1161,0.449044455380577,0.232785763333333,48.78,14.01,11.7957642,0.04490202,15.7,0.046,0.135302432579893,1,1
"06037239201","90003",3753,0.541667909409051,0.410336466666667,113.88,27.88,12.05259566,0.04490202,52.7,0.046,0.174970005937209,1,1
"06037554204","90706",4313,0.258432628449853,0.1263651,61.64,17.57,11.9481473,0.0438112,51.3,0.044,0.252452213595683,1,1
"06037237402","90047",3335,0.622398318818102,0.471754336666667,96.6,15.88,11.95669453,0.0438112,35.9,0.046,0.201248159285179,1,1
"06037554203","90706",3730,0.329942510737294,0.231434263333333,61.64,17.57,11.83423059,0.0438112,34.4,0.044,0.265253556770961,1,1
"06037237401","90044",4217,0.536170017100135,0.386704103333333,125.58,24.53,11.95669453,0.0438112,47,0.046,0.200128846505786,1,1
"06037554105","90706",4478,0.385552746957767,0.256008503333333,61.64,17.57,11.81723127,0.04435661,48.7,0.044,0.130489155802341,1,1
"06037237202","90047",4556,0.410539325340014,0.32477438,141.59,19.91,11.96234496,0.0438112,52.3,0.046,0.426747775436699,1,1
"06037554104","90706",2414,0.700359898194544,0.46746859,61.64,17.57,11.91361716,0.04490202,38.5,0.044,0.140828207860769,1,1
"06037237201","90044",3814,0.568878996659508,0.420691436666667,95.52,17.63,11.97005427,0.0438112,55.1,0.046,0.175077864767881,1,1
"06037553504","90723",5363,0.408842360614014,0.331140156666667,46.77,14.36,12.01081735,0.04435661,36.6,0.044,0.24580032886483,1,1
"06037237101","90044",4409,0.391753410085103,0.3827071,125.58,24.53,11.97007108,0.04435661,59.8,0.046,0.242223746785077,1,1
"06037241201","90044",3015,0.469760349558578,0.296627576666667,97.9,20.03,12.09880174,0.04320513,49.3,0.044,0.18766386518508,1,1
"06037236204","90008",3109,0.614304337668019,0.336769966666667,105.63,14.4,11.91626655,0.04490202,67,0.046,0.0898013749615244,1,1
"06037239801","90001",3705,0.546791114889048,0.435953213333333,80.63,22.96,12.11505815,0.04435661,47.8,0.046,0.142775490032269,1,1
"06037236203","90016",3118,0.633841490694345,0.426369683333333,60.07,9.04,11.91626655,0.04490202,63.1,0.046,0.129239138443381,1,1
"06037234901","90043",3321,0.527847371351308,0.388064563333333,147.61,17,11.92854691,0.0438112,76.2,0.046,0.125634645835498,1,1
"06037234902","90043",4088,0.455519764574883,0.33117972,126.52,15.01,11.92854691,0.0438112,66.5,0.046,0.17297122556636,1,1
"06037214901","90048",3250,0.647200971327448,0.477409623333333,24.21,11.28,11.67533374,0.04899293,18.5,0.048,0.120322559994301,1,1
"06037222001","90018",3142,0.621440164439672,0.438591173333333,89.86,18.08,12.0125659,0.04588368,30.4,0.046,0.183161674979272,1,1
"06037214503","90036",3422,0.47214952179273,0.36524378,31.63,12.33,11.85554635,0.04791979,18.6,0.048,0.0905904306286564,1,1
"06037221602","90007",3030,0.711799341843633,0.4951867,41.84,12.76,12.07444266,0.04632538,60.4,0.046,0.201797306664084,1,1
"06037212501","90005",1940,0.693588194941541,0.53604627,24.73,6.96,12.09098712,0.04676708,53.9,0.048,0.0307147736273585,1,1
"06037221601","90007",3141,0.400060521554124,0.309118056666667,44.97,13.53,12.10569353,0.04588368,51.3,0.046,0.142847591543577,1,1
"06037212102","90010",2291,0.787261766284896,0.611552433333333,28.1,8.51,12.10099038,0.04756207,68,0.048,0.0535361319295786,1,1
"06037221402","90018",2851,0.717233232919749,0.468993313333333,37.01,8.1,12.02272051,0.04588368,48.1,0.046,0.208350106880993,1,1
"06037212101","90020",3187,0.635740401057822,0.44041755,23.34,7.19,12.12928682,0.04756207,43,0.048,0.0717531689850113,1,1
"06037430721","91007",3963,0.372448028513481,0.19136844,17.71,6.96,11.83355229,0.06133785,17.3,0.051,1.57347688447882,1,1
"06037211922","90020",3269,0.646922597033325,0.528139096666667,43.86,12.93,12.12349272,0.04756207,42,0.048,0.0358616002805897,1,1
"06037670406","90274",1759,0.760015882247674,0.361376113333333,8.35,4.66,11.33542538,0.04125212,6.3,0.042,0.460627772086568,1,1
"06037211804","90020",3221,0.95206680485962,0.778057633333333,52.8,15.82,12.08514397,0.04756207,44.4,0.048,0.0717968575770798,1,1
"06037670202","90274",2637,0.354802329396325,0.22170519,9.22,4.97,11.66727825,0.04050375,10.1,0.042,1.15045865920597,1,1
"06037211803","90020",3701,0.80228527897081,0.718881986666667,45.85,13.57,12.08514397,0.04756207,29.5,0.048,0.0538622686283297,1,1
"06037301601","91201",6112,0.760995784617832,0.367683306666667,34.9,13.75,11.787489,0.05685511,44.4,0.053,0.874633778438465,1,1
"06037211202","90004",2239,0.596205658951722,0.402749156666667,56.78,14.58,12.10279177,0.04791979,45.3,0.048,0.0690339252908771,1,1
"06037670003","90717",5707,0.416590859381214,0.301805043333333,40.01,10.84,11.91367104,0.03975537,18.1,0.042,0.581184572032649,1,1
"06037265201","90024",2567,0.983027867255229,0.72508697,13.44,10.97,11.71588806,0.04939042,29.6,0.046,0.170204188969037,1,1
"06037670411","90275",4356,0.656911760319733,0.421101886666667,9.65,5.52,11.60915835,0.04125212,8.9,0.044,1.11643703553913,1,1
"06037234502","90043",3017,0.370602556072536,0.2612427,137.55,16.03,11.93136639,0.04490202,49.2,0.046,0.210477707150169,1,1
"06037211120","90020",5635,0.241980583392985,0.180486843333333,35.92,10.66,12.12928682,0.04756207,45.1,0.046,0.21895921578806,1,1
"06037234501","90043",2845,0.484212822118826,0.270894513333333,129.72,15.33,11.92925429,0.04435661,30.4,0.046,0.290913420786708,1,1
"06037572600","90810",5357,0.70432486777221,0.51982696,79.55,21.11,11.68049659,0.03975537,45.9,0.042,0.493072697407094,1,1
"06037219901","90016",4150,0.777748573331743,0.442107663333333,99.57,16.87,11.94583615,0.04588368,50.1,0.046,0.203855632595935,1,1
"06037573300","90806",4158,0.211589318380657,0.14333395,80.67,16.38,11.75572268,0.03975537,59,0.042,0.304847685827407,1,1
"06037214902","90048",2550,0.508151147299769,0.49104226,26.58,12.64,11.70232612,0.04863521,14.1,0.048,0.195146556930719,1,1
"06037575300","90813",4360,0.29446159428935,0.209946973333333,128.01,27.87,11.70376562,0.03975537,63.3,0.042,0.250357854907295,1,1
"06037214502","90036",5285,0.632659021315517,0.50500147,31.63,12.33,11.85554635,0.04791979,27.8,0.048,0.098455288429104,1,1
"06037572900","90810",5360,0.436482193987115,0.304583106666667,74.82,19.6,11.67703568,0.03975537,57.2,0.042,0.298627915943599,1,1
"06037212701","90019",2276,0.586371217092182,0.44943128,42.74,8.74,12.06166379,0.04676708,43.7,0.048,0.181163542554255,1,1
"06037573201","90806",4597,0.382176837270341,0.255258486666667,91,18.54,11.70913172,0.03975537,52.2,0.042,0.23260461442852,1,1
"06037211703","90020",4841,1.03181358367136,0.75105099,52.8,15.82,12.02897507,0.04756207,34.4,0.048,0.0710563149558243,1,1
"06037573100","90806",7547,0.511658166308757,0.34508361,103.05,20.71,11.60296908,0.03975537,39.2,0.042,0.458016320654074,1,1
"06037208301","90026",2148,0.262436123041438,0.172323843333333,35.25,7.06,12.33647073,0.04756207,68.8,0.046,0.0361149961596928,1,1
"06037572700","90810",5268,0.475144530939314,0.427088683333333,76.7,20.22,11.6858254,0.03975537,35.2,0.042,0.412822676826883,1,1
"06037207502","90071",2888,0.379912560645828,0.265474176666667,47.79,8.69,12.52185449,0.04756207,53.2,0.046,0.1610839320467,1,1
"06037572800","90810",986,0.484742851745805,0.17855182,79.55,21.11,11.69431502,0.03975537,85.4,0.042,0.416975743197524,1,1
"06037207301","90013",4911,0.291099976139346,0.33921273,69.4,9.26,12.52185449,0.04716458,37.4,0.046,0.165192326554349,1,1
"06037577000","90804",7288,0.228219075598505,0.142221533333333,75.32,14.4,11.56132589,0.04050375,36.5,0.042,0.713507646091086,1,1
"06037207102","90012",2926,0.201014823431162,0.138981406666667,30.75,10.73,12.87564539,0.0482775,57.1,0.046,0.160483639492461,1,1
"06037542200","90221",7155,0.52227926409767,0.32550698,92.82,23.89,12.21728053,0.04259906,54.7,0.044,0.536312569099014,1,1
"06037207101","90012",3717,0.37450290304621,0.21897935,30.75,10.73,12.87564539,0.0482775,53.3,0.046,0.114100163379514,1,1
"06037573202","90806",6379,0.300491380338821,0.262095116666667,90.98,18.43,11.70913172,0.03975537,44.3,0.042,0.250567283512742,1,1
"06037402304","91768",4057,0.5955830450171,0.34699821,78.05,15.97,12.53893681,0.05763123,69,0.057,0.26969004510179,1,1
"06037910205","93551",1225,2.54984391155651,1.77576698333333,62.35,14.17,7.977328026,0.06236471,42.4,0.06,11.2918863218256,1,0
"06037211121","90004",2253,0.519981433428776,0.421904706666667,24.47,6.48,12.19449024,0.04791979,41.9,0.046,0.0826771028809858,1,1
"06037910705","93552",11613,1.06834399606299,0.794224556666667,79.73,18.78,7.804999738,0.06236471,32.7,0.062,2.21030355201129,1,1
"06037189201","90027",3216,0.664355787202736,0.474442046666667,43.46,21.11,11.99265418,0.04978792,41.7,0.05,0.125757170404925,1,1
"06037910206","93551",3776,1.30738860057266,1.57253805333333,50.39,15.65,7.395298982,0.06350576,22.1,0.062,19.4936380189406,1,0
"06037185204","90065",1921,0.726904875526923,0.37966208,65.4,11.07,12.01395483,0.05116215,22.5,0.048,0.373311520971423,1,1
"06037920328","91355",2036,1.69483031595482,0.952815403333333,32.41,11.9,9.860296332,0.06350576,15.5,0.065,0.927054300712601,1,1
"06037185203","90065",3566,0.577201021037143,0.29408953,65.4,11.07,12.22285779,0.05116215,46.6,0.046,0.210293558123709,1,1
"06037920330","91355",3225,1.19159794301281,0.632736476666667,32.41,11.9,9.957793429,0.06350576,15.5,0.065,1.27151935328769,1,1
"06037208501","90026",2267,0.490985146743021,0.405421043333333,41.95,10.67,12.21911535,0.0482775,38.6,0.046,0.0938087638367575,1,1
"06037920329","91355",7152,1.06790717211485,0.44243104,26.35,9.88,9.96832983,0.06464682,15.6,0.065,0.847565896146141,1,1
"06037207501","90012",2193,0.484518536745407,0.34251952,30.75,10.73,12.54205752,0.04756207,24.9,0.046,0.0516322511430371,1,1
"06037109601","91345",4945,0.592581200787402,0.386309356666667,52.76,11.39,11.39127667,0.06718273,19.9,0.057,0.867687495171551,1,1
"06037207302","90013",4806,0.216900799331902,0.179352846666667,83.09,8.6,12.52185449,0.04756207,39.2,0.046,0.097935865094763,1,1
"06037920303","91311",1608,0.43887198759246,0.466085826666667,31.71,9.92,9.922892997,0.06259362,15.4,0.057,19.9044626087878,1,1
"06037190801","90028",2682,0.565520485365466,0.44062373,52.96,13.14,11.97617641,0.04939042,65.2,0.05,0.125088487846765,1,1
"06037920312","91321",5826,0.476176007118428,0.361380486666667,49.57,13.41,9.834015442,0.06591477,25.6,0.065,4.93141988655693,1,1
"06037190402","90027",2372,0.644662048635966,0.504912386666667,43.46,21.11,11.99265418,0.05022962,45.3,0.05,0.0610984343368279,1,1
"06037920313","91321",4821,0.871076040921021,0.42336094,45.2,12.43,9.888472175,0.06464682,23.6,0.065,1.12939706702746,1,1
"06037190401","90027",2977,0.726879399308041,0.510091853333333,43.46,21.11,11.99265418,0.05022962,38.4,0.05,0.0642153442086651,1,1
"06037920314","91350",2920,0.286309204247196,0.5084971,24.8,9.88,9.79516754,0.06591477,17.4,0.068,4.38751022200639,1,1
"06037190201","90028",2632,0.339513491211326,0.242017716666667,47.74,11.13,11.97058361,0.05067132,52.6,0.05,0.0873117622180899,1,1
"06037541603","90222",3059,0.601976954585222,0.41331773,82.3,18.64,12.08913112,0.04320513,63.2,0.044,0.484410322509164,1,1
"06037189904","90046",2435,0.487900660144755,0.39237278,26.71,11.62,11.7676418,0.05067132,34,0.05,0.0615347024427074,1,1
"06037550700","90240",6104,0.659933488427583,0.41980554,33.83,12.83,12.17478332,0.04753555,15.7,0.046,0.858224004429889,1,1
"06037408631","91745",5214,0.890614436689732,0.563185056666667,46.16,12.41,12.0653127,0.05334987,25.1,0.048,0.572310601518553,1,1
"06037551600","90242",31,0.71676409766961,0.49859463,50.47,20.48,12.01522104,0.04490202,,0.044,0.353310840158645,0,1
"06037402303","91768",4080,0.531525267438161,0.389121636666667,62.94,13.01,12.61296425,0.05763123,56.4,0.057,0.364117771122123,1,1
"06037550400","90241",1226,0.517336877634614,0.24521804,34.65,14.09,12.1687175,0.04716458,16.1,0.046,0.337467548771102,1,1
"06037402002","91711",4125,0.352225503062117,0.305953276666667,30.53,10.76,13.12312452,0.06133785,37.2,0.06,0.647706226002713,1,1
"06037551201","90242",3272,0.75236058915931,0.58189389,42.47,17.28,12.0635633,0.04539285,25.3,0.044,0.303610435437868,1,1
"06037402001","91711",3294,0.421812862880776,0.272738826666667,31.04,9.5,13.02878399,0.060311,31.5,0.06,0.561910893065837,1,1
"06037551202","90242",7840,0.72898709039211,0.509936256666667,40.17,16.37,12.05174502,0.04539285,31.1,0.044,0.542254597234425,1,1
"06037400404","91741",4268,0.70908519247594,0.37242966,40.39,14.53,11.98142036,0.06473142,13,0.06,6.23492180105028,1,1
"06037551700","90242",6262,0.640327363198918,0.472523356666667,50.47,20.48,11.97632268,0.04490202,37.4,0.044,0.502441775336953,1,1
"06037400207","91750",4608,0.173285512606379,0.291436266666667,34.88,11.79,12.30622172,0.06473142,8.3,0.06,2.0959450826475,1,1
"06037553602","90723",4752,0.704093717688698,0.46626514,49.06,14.78,12.04803982,0.04435661,38.5,0.044,0.233857592633891,1,1
"06037531504","90022",4250,0.831233720074763,0.657309346666667,72.44,16.96,12.05688492,0.04939042,53.7,0.046,0.193397963995286,1,1
"06037461200","91001",4535,0.842325817227392,0.520845743333333,35.23,8.38,11.56015307,0.060311,16.2,0.051,0.952929473614456,1,1
"06037531503","90063",2753,1.06327236439195,0.784412936666667,49.86,12.16,12.05688492,0.04939042,56.1,0.046,0.450531633815107,1,1
"06037460502","91011",4277,1.03464579356558,0.614842973333333,18.17,7.2,11.30721329,0.060311,4.7,0.051,1.00879532221868,1,1
"06037206031","90021",4131,0.405907003101885,0.785344853333333,85.61,8.78,12.35063461,0.04753555,26.7,0.046,1.82809595793859,1,1
"06037461300","91104",6840,1.04332199952279,0.744710096666667,31.29,8.25,11.53976318,0.060311,21.5,0.051,0.750949435014974,1,1
"06037186301","90065",2906,0.376410512606379,0.29921747,58.09,10.54,11.80898265,0.05219839,50.2,0.05,0.448482366334107,1,1
"06037461000","91001",6249,0.681965446790742,0.527578666666667,38.56,8.93,11.38721662,0.05938691,33.7,0.051,0.706835986308833,1,1
"06037183104","90042",2146,0.609367543545693,0.235435203333333,36.14,9.41,11.49946691,0.05462941,22.6,0.05,0.260644503125151,1,1
"06037143200","91602",4085,0.553538584665553,0.312249233333333,32.94,9.72,11.48698965,0.05605125,21,0.053,0.369920827951986,1,1
"06037311801","91502",2873,0.608378941978844,0.38463378,32.25,10.37,11.80990068,0.05763123,25.1,0.055,0.227190900758614,1,1
"06037143300","91602",6643,0.721981751570826,0.525116723333333,27.61,10.74,11.55263667,0.05685511,17.2,0.053,0.639524382191083,1,1
"06037980028","90045",0,1.36036173745327,0.704735533333333,24.48,9.88,11.96866046,0.04320513,,0.046,6.70442621626553,0,1
"06037143400","91604",7056,0.677541283902012,0.50661943,24.35,11.73,11.55415206,0.05763123,15.9,0.053,0.678356842989522,1,1
"06037980026","91042",26,0.227637472162571,0.295794566666667,25.42,10.22,10.86280505,0.06591477,,0.055,5.36497458055898,0,1
"06037141700","90210",3161,1.03583820488348,0.322559403333333,12.02,6.68,11.47297029,0.05605125,3.7,0.051,1.2515691853929,1,1
"06037408505","91745",2653,0.861155849836952,0.56250104,46.16,12.41,11.95710458,0.05334987,19.7,0.048,0.768831675540009,1,1
"06037143602","91604",4769,0.796616509584029,0.675592,18.88,8.54,11.4411813,0.05605125,13.2,0.051,0.469545692312078,1,1
"06037408504","91745",5193,0.960749224528752,0.62179659,46.16,12.41,11.99756511,0.05334987,29.6,0.048,0.548084335178666,1,1
"06037240010","90002",3737,0.339967092181659,0.252248736666667,78.89,19.66,12.10418364,0.04435661,65.8,0.044,0.226967035399634,1,1
"06037406701","91790",3082,0.920642820925793,0.68757734,57.86,12.75,12.06869466,0.05679963,29.3,0.051,0.362370514590509,1,1
"06037238400","90047",4694,0.505857666229221,0.387458133333333,122.94,17.75,12.05245233,0.04320513,30.9,0.046,0.502969869162836,1,1
"06037408141","91744",5366,0.694431395649407,0.50144783,44.95,11.38,12.21273735,0.05219839,47.8,0.051,0.433593051467715,1,1
"06037240020","90002",5223,0.40068997057186,0.30858282,99.07,24.47,12.0941273,0.0438112,67.7,0.044,0.278787190696794,1,1
"06037408140","91744",3793,0.830801245724966,0.334500343333333,61.89,15.51,12.19743435,0.0527438,39.2,0.051,0.354092914397202,1,1
"06037240200","90003",5159,0.510929297900262,0.41085747,113.88,27.88,12.116733,0.0438112,64.1,0.046,0.287184271171036,1,1
"06037408005","91791",5161,0.615192277101726,0.52867449,38.73,11.93,12.06056612,0.05530288,16.6,0.053,1.42339933996068,1,1
"06037240300","90044",5637,0.251595059850473,0.20605684,86.16,18.16,12.09514285,0.0438112,58,0.046,0.313638826232681,1,1
"06037407802","91744",3476,0.782874264296508,0.546245063333333,62.45,15.65,12.07652502,0.05462941,23.2,0.051,1.20935075520868,1,1
"06037238200","90044",5565,0.707136572417084,0.496373316666667,104.81,18.87,12.07289573,0.0438112,33.7,0.046,0.396571266553035,1,1
"06037183103","90042",4355,0.356722366380339,0.100875583333333,42.89,11.13,11.49946691,0.05462941,37.5,0.05,0.251014974047506,1,1
"06037240700","90002",6596,0.437342793088364,0.338821683333333,100.67,24.99,12.07586683,0.0438112,50.2,0.044,0.460425068785354,1,1
"06037127805","91405",3627,1.22346247912193,0.815517073333333,60.39,12.17,11.85390933,0.06236471,49.7,0.055,0.237283563983234,1,1
"06037240600","90003",6167,0.629130254314802,0.543562666666667,91.05,22.32,12.0941273,0.0438112,61.7,0.044,0.261009917679506,1,1
"06037127605","91406",4329,0.386692963095522,0.241350886666667,77.98,19.65,12.32883267,0.06236471,65.4,0.057,0.250425419840248,1,1
"06037463400","91107",5787,0.858268337906625,0.500127846666667,22.54,7.61,11.03330382,0.05763123,20.4,0.053,0.746054096414366,1,1
"06037125401","91601",4966,0.731094781476179,0.506690766666667,62.98,15.03,11.53361756,0.05763123,27.5,0.053,0.153639176903017,1,1
"06037463700","91105",3138,0.365352590869323,0.25477702,26.48,7.75,11.30302493,0.05605125,13.4,0.051,0.669108000086533,1,1
"06037122122","91352",2728,1.00599996023224,0.80752867,74.78,15.13,11.4259185,0.06350576,65.9,0.055,0.398933249948395,1,1
"06037463800","91105",4066,0.717637745565895,0.513988006666667,23.17,6.68,11.34982652,0.05535282,10.1,0.051,1.10380478479494,1,1
"06037120105","91402",2832,0.641707428616877,0.617103946666667,90.8,20.05,11.64699806,0.06464682,59.3,0.057,0.21190321081667,1,1
"06037463500","91106",5982,0.406566899308041,0.296264876666667,23.69,8.06,10.4842992,0.05763123,13.4,0.053,0.646865894079336,1,1
"06037115103","91330",3381,1.56321084864392,1.02877757666667,16.46,6.49,11.91777546,0.06464682,86.3,0.06,0.59327301668964,1,1
"06037463900","91105",3290,0.405710028433946,0.25943721,23.85,7.02,11.21810429,0.05605125,14.3,0.051,0.732685851279835,1,1
"06037113235","91304",1824,0.77917524158912,0.266923433333333,39.9,11.01,9.859399641,0.05938691,20.9,0.055,0.555197225600391,1,1
"06037463300","91107",1970,0.922729385389326,0.63744999,27.28,9.23,11.24475504,0.05846283,16.9,0.053,0.255020859720086,1,1
"06037320202","91340",6151,0.649571502425833,0.470011353333333,76.51,12.32,11.10562647,0.06718273,34.9,0.057,0.622619663759769,1,1
"06037406000","91722",5206,0.589460053288793,0.480862183333333,43.24,10.95,11.94555799,0.05938691,23.2,0.055,0.735907158604678,1,1
"06037980025","90745",0,1.51812664041995,0.606565973333333,,,12.11934441,0.04125212,,0.042,1.13974070258956,0,1
"06037535101","90001",7949,0.773538783504335,0.568843993333333,75.3,23.01,12.09489677,0.04490202,57.4,0.046,0.437748961372645,1,1
"06037980024","91406",223,0.229924739521196,0.124981286666667,44.79,11.36,12.2323268,0.06037951,3.6,0.057,3.19915626555135,1,1
"06037532302","90023",4881,0.885639117553488,0.370667646666667,56.57,18.99,12.15074524,0.0482775,50.1,0.046,1.27226260913607,1,1
"06037980023","91311",0,0.326985405233437,0.317278383333333,32.34,8.79,10.2803094,0.05938691,,0.057,2.01399922078021,0,1
"06037481712","91755",5329,0.585800176966516,0.52313611,22.49,6.29,11.975764,0.05334987,43.2,0.048,0.285470007493587,1,1
"06037980022","91344",0,1.70036176230812,0.648005616666667,20.33,4.67,10.85492594,0.06718273,,0.06,2.4242396521079,0,1
"06037123104","91606",4416,0.504239615644635,0.391679276666667,41.36,11.48,11.51474422,0.060311,46.3,0.055,0.300989346257269,1,1
"06037980021","91342",33,0.440708760836714,0.282287616666667,25.15,5.03,11.14059986,0.06718273,,0.055,2.68267502694057,0,1
"06037532304","90040",4013,0.754598768193749,1.10350756,50.87,17.86,12.14921007,0.04753555,45.6,0.046,3.21844977489491,1,1
"06037980020","91352",0,0.362453272886344,0.24040409,,,11.14405162,0.06350576,,0.055,3.29316576770694,0,1
"06037432901","91770",3727,0.569340054084149,0.339542896666667,41.18,11.45,11.91096563,0.05605125,28.7,0.05,0.438345044923778,1,1
"06037407801","91744",5727,0.440016553328561,0.238166286666667,52.58,13.24,12.07222178,0.05462941,21,0.051,0.41299569597638,1,1
"06037500100","90631",4840,1.69304884474668,0.735952086666667,47.28,15.01,11.85946236,0.05116215,12.8,0.048,3.83182536401297,1,1
"06037407602","91744",3993,0.985346824544659,0.704215163333333,73.09,18.24,12.12966122,0.05462941,41.6,0.051,0.36094253149834,1,1
"06037503703","90638",7622,0.505248101089637,0.31588217,27.88,11.32,11.94186195,0.0482775,18.8,0.046,1.0197991225952,1,1
"06037407601","91744",4608,1.12203916626899,0.841005566666667,73.09,18.24,12.09913498,0.05530288,42.8,0.051,0.302824282385991,1,1
"06037201700","90032",5514,1.3388995764734,0.763337883333333,52.24,11.12,12.08423947,0.05116215,37.7,0.048,0.655533815906205,1,1
"06037407502","91744",4170,1.19579903364352,0.967406556666667,63.97,15.85,12.09913498,0.05530288,33.9,0.051,0.396291773972661,1,1
"06037536200","90280",7281,0.5599144744691,0.396800663333333,41.9,14.88,12.01769349,0.04435661,32.8,0.044,0.852783914231946,1,1
"06037407501","91744",4257,1.1223504732363,0.990511536666667,60.96,15.06,12.08391482,0.05605125,38.9,0.051,0.437464705310944,1,1
"06037542000","90221",4708,0.761956424481031,0.57520583,83.19,21.54,12.08889755,0.0438112,40,0.044,0.376619045347664,1,1
"06037406902","91746",3584,1.41140800226676,0.993055366666667,33.48,9.89,12.0131878,0.05679963,33.1,0.051,0.387465676114629,1,1
"06037540102","90262",6905,0.543712842002704,0.427333483333333,67.87,18.84,12.03711727,0.04435661,39.2,0.044,0.479950464448271,1,1
"06037406901","91746",4773,1.37379081165991,0.93521478,41.82,13.53,12.01253125,0.05679963,28.8,0.051,0.369302444317785,1,1
"06037543603","90710",4301,1.08479044877913,0.526131253333333,55.74,11.54,11.93215537,0.03975537,17.5,0.042,0.570342287258608,1,1
"06037701402","90403",5577,0.379678925077547,0.23316398,24.34,11.31,11.74617518,0.04791979,24.9,0.046,0.295659027039317,1,1
"06037541001","90248",1144,1.04031207746759,0.901700056666667,48.02,9.82,12.09778921,0.04192559,32.5,0.044,1.005333489141,1,1
"06037320201","91340",4049,0.517031784379225,0.394854183333333,79.95,12.81,11.14992776,0.06718273,53.5,0.057,0.355170440419126,1,1
"06037600502","90303",2097,0.89234681957369,0.57522118,87.64,21.07,12.11407435,0.04259906,27.7,0.044,0.289478285909583,1,1
"06037310602","91504",2853,0.390204953074048,0.396446966666667,34.8,9.72,11.75487101,0.060311,17.2,0.055,0.344008389558978,1,1
"06037603500","90249",3042,0.564022359420981,0.448526683333333,84.53,18.6,12.04354267,0.04192559,22.3,0.044,0.30664985374624,1,1
"06037310601","91504",6383,0.558224344826215,0.386743156666667,39.68,10.85,11.52179538,0.06133785,24.7,0.055,0.397560310406213,1,1
"06037199110","90032",2705,0.720547626859143,0.361720736666667,41.97,8.35,12.29318207,0.05116215,40.8,0.046,0.348492497545095,1,1
"06037310501","91504",4066,0.357472982780561,0.285189943333333,40.62,11.08,11.52107062,0.06133785,36.3,0.055,0.759847319372443,1,1
"06037197700","90012",5332,0.676857775590551,0.30885929,28.64,9.18,12.80327609,0.04863521,45,0.046,0.269695687672481,1,1
"06037310202","91501",5104,0.56616049769347,0.33677303,33.76,11.97,11.75007252,0.05938691,27.8,0.055,0.35341425826005,1,1
"06037197600","90026",2166,0.532817719518015,0.321214253333333,26.46,7.56,12.53587816,0.04863521,25.2,0.046,0.151430708608156,1,1
"06037310201","91501",5732,0.515662903642726,0.32843373,34.96,12.31,11.75666562,0.060311,22.2,0.055,0.424735669867612,1,1
"06037197420","90026",3564,0.622094468305098,0.470299,47.56,11.9,12.25375816,0.04939042,42.3,0.046,0.239179269242668,1,1
"06037302504","91205",4273,0.437203605941303,0.25897104,55.33,21.43,11.83524467,0.0527438,60.5,0.051,0.145726615794001,1,1
"06037197500","90026",3914,0.450697924123121,0.33207217,55.72,14.06,12.37542981,0.04863521,19.7,0.046,0.246764504342068,1,1
"06037302503","91205",4290,0.435387337946393,0.234487466666667,55.99,21.73,11.83524467,0.05334987,49.5,0.051,0.126751603649254,1,1
"06037199000","90031",5391,0.44618739063867,0.290456546666667,60.2,9.9,12.97004897,0.04981739,49.1,0.046,0.602484509714602,1,1
"06037302401","91204",7395,0.514988094527957,0.4794402,65.09,19.32,11.87080549,0.05219839,53.8,0.051,0.526717637765526,1,1
"06037199120","90031",4511,0.440632332180068,0.29565712,49.2,8.28,12.44209355,0.05022962,62.6,0.046,0.371160609599478,1,1
"06037980015","90731",671,0.314454212399586,0.231604796666667,30.38,7.36,11.71232149,0.03892377,18.8,0.042,2.12207560402661,1,1
"06037199202","90031",3155,0.491971884196294,0.278716856666667,52.37,8.72,12.16478122,0.05070407,34.8,0.046,0.369459758988623,1,1
"06037430902","91016",4539,0.954520599697765,0.648227673333333,35.24,8.29,11.89789047,0.06133785,23.3,0.053,0.453036453232984,1,1
"06037293201","90501",6289,0.788849369681063,0.591461313333333,56.9,11.95,11.89552128,0.04050375,33,0.042,0.414198702800223,1,1
"06037430901","91016",4517,0.704585222301758,0.517663943333333,48.78,11.32,11.87799737,0.06236471,28.8,0.053,0.451186083780902,1,1
"06037292000","90501",6567,0.766887004891434,0.693804933333333,57.93,12.16,12.06089249,0.04125212,50.5,0.042,1.54550077204795,1,1
"06037408724","91748",5542,0.985791726318301,0.65794891,28.38,9.84,12.09228064,0.05116215,60.2,0.05,0.206595165314485,1,1
"06037293202","90501",6740,0.670915602879186,0.46783104,56.51,11.87,11.87130723,0.03975537,55.7,0.042,0.40711719854961,1,1
"06037408723","91748",2975,0.755125690964766,0.457764383333333,28.38,9.84,12.09228064,0.05116215,34.4,0.05,0.310233499308613,1,1
"06037294120","90744",2687,0.338759767955142,0.344463596666667,76.33,21.61,11.73890922,0.03975537,46.7,0.042,0.599544151335892,1,1
"06037408630","91745",2510,1.11278259961823,0.764707296666667,46.16,12.41,12.10811905,0.05395594,28.6,0.05,0.262388897964478,1,1
"06037621201","90277",6724,0.590430013719876,0.410951513333333,16.47,7.25,11.89517547,0.04192559,9.9,0.044,0.633654355973086,1,1
"06037408139","91744",4536,0.802710918237493,0.507138246666667,61.59,15.44,12.16911396,0.05334987,37.1,0.051,0.303952995194638,1,1
"06037620301","90266",4819,0.412485459914102,0.343405086666667,13.27,8.45,11.83029203,0.04259906,5.8,0.044,0.398124899341719,1,1
"06037408138","91744",5432,0.575973812932474,0.33544383,54.57,13.73,12.1202248,0.05334987,38.9,0.051,0.342711024155628,1,1
"06037620303","90266",4502,0.312941173546488,0.23814763,13.27,8.45,11.86076093,0.04259906,3.5,0.044,0.448408851189668,1,1
"06037701304","90402",6212,0.544994109401098,0.428840386666667,12.16,6.45,11.54136076,0.04863521,13.4,0.046,0.78886974961055,1,1
"06037620400","90266",5279,0.231505507834248,0.179935076666667,12.44,7.52,11.88129463,0.04259906,6.3,0.044,0.995150911565382,1,1
"06037700802","90211",4092,0.242560944086535,0.183191636666667,32.35,8.71,11.70232612,0.04863521,22.3,0.048,0.265547814260429,1,1
"06037620901","90266",2785,0.33608476497256,0.239437343333333,12.59,7.96,11.94760607,0.04259906,13,0.044,0.336428997499915,1,1
"06037700801","90210",4610,0.4638591873459,0.180686983333333,15.67,8.64,11.80254647,0.04901945,19.8,0.048,0.558960582035259,1,1
"06037620800","90266",7844,0.404600880855802,0.266525286666667,12.41,7.23,11.93465078,0.04259906,8.6,0.044,0.958897076909747,1,1
"06037700502","90069",4387,0.53888478783902,0.433023796666667,22.83,10.1,11.70551642,0.05022962,21.8,0.05,0.193592740431538,1,1
"06037267700","90025",3276,0.834533822476736,0.773650046666667,22.23,9.87,11.77429518,0.04791979,22.5,0.046,0.314073893273587,1,1
"06037700501","90069",3526,0.486036546568043,0.38462567,21.76,9.69,11.63231397,0.05022962,22,0.048,0.229204911720618,1,1
"06037267800","90064",2666,1.0782287689891,0.901391723333333,31.13,12.56,11.79089062,0.04716458,18.1,0.046,0.445602353425476,1,1
"06037700101","90046",5200,0.38504260120894,0.227614083333333,26.25,12.3,11.79372492,0.05022962,32.7,0.05,0.260299123440377,1,1
"06037269100","90035",4274,0.766883898035473,0.6458333,25.35,8.97,11.68010796,0.04791979,12.2,0.048,0.32302943511621,1,1
"06037670602","90275",6862,0.361454729380418,0.193333573333333,11.82,6.59,11.29044264,0.03969989,8.5,0.042,5.50650444105707,1,1
"06037700700","90210",3575,0.3161660900342,0.27533641,18.87,10.95,11.62334721,0.05027629,7.7,0.048,1.3640175344666,1,1
"06037670416","90275",4513,0.978145132426628,0.231708233333333,13.39,7.78,11.17290669,0.04050375,19,0.044,1.50899805059723,1,1
"06037226002","90021",1820,0.73235305814046,0.735858853333333,134.16,14.79,12.25156535,0.04716458,44.5,0.046,0.990199896848175,1,1
"06037302004","91206",4151,0.426159354370476,0.267289286666667,40.56,17.71,11.74227874,0.05462941,44.6,0.051,0.13111371938692,1,1
"06037226001","90021",2615,0.803516215302633,0.576907813333333,72.02,13.67,12.15802236,0.04632538,71.9,0.046,0.40164281698189,1,1
"06037302003","91206",3665,0.297936923367534,0.224465756666667,32.7,13.94,11.76431624,0.05395594,35.3,0.051,0.0911682984054317,1,1
"06037222002","90018",5243,0.646667213473316,0.503048513333333,89.86,18.08,12.004739,0.04539285,44.4,0.046,0.253270021515659,1,1
"06037301802","91203",4516,0.423271221068957,0.294925786666667,35.47,15.95,11.81164905,0.05395594,29.5,0.051,0.18419970638205,1,1
"06037980014","90744",9,1.71907932673189,0.853242223333333,76.44,21.59,11.73199819,0.03969989,,0.042,2.88038778046746,0,1
"06037301801","91203",5258,0.399672785930168,0.314091586666667,34.91,16.19,11.78171348,0.05462941,33.3,0.051,0.281216483531656,1,1
"06037980013","90245",0,0.614051439592778,0.52346941,10.26,4.83,11.87156031,0.04259906,,0.044,2.04861858325288,0,1
"06037503106","90604",4091,0.973280417362602,0.646180483333333,47.73,18.18,11.9373529,0.04791979,27.5,0.046,0.356078645661814,1,1
"06037980010","90012",95,0.822292188618468,0.36966151,25.03,7.88,12.56881211,0.04939042,56.8,0.046,1.48069858947345,1,1
"06037503105","90604",4228,1.05301973972003,0.84709816,47.09,17.95,11.85366807,0.04791979,22.9,0.046,0.42968997406324,1,1
"06037651101","90505",5036,0.453507143283226,0.784686746666667,27.26,10.48,11.89781113,0.04050375,12.7,0.042,2.15319042540315,1,1
"06037503103","90605",5204,1.22355692754315,0.847440696666667,47.14,18.43,11.80803464,0.04791979,34.3,0.046,0.419235861241077,1,1
"06037203600","90033",5276,0.473230086296031,0.348328066666667,81.34,16.99,12.63753163,0.04899293,56.1,0.046,0.214085645590087,1,1
"06037502801","90670",6468,0.606288649288157,0.22607895,53.28,19.74,12.11093891,0.04716458,23.8,0.046,0.85045598147939,1,1
"06037670100","90717",6642,0.61504066253082,0.351893913333333,31.84,8.97,11.69864079,0.03975537,31.7,0.042,0.559453241933995,1,1
"06037502005","90605",4930,0.53143330450171,0.279307926666667,49.72,18.07,11.95834844,0.04939042,38.6,0.046,0.409822621320837,1,1
"06037670407","90275",6269,0.717420887019804,0.377972156666667,11.67,6.74,11.53576985,0.04125212,14.3,0.044,0.484446979445786,1,1
"06037502004","90602",4251,0.471373429173626,0.384636853333333,57.77,16.64,12.0239404,0.04939042,36.8,0.046,0.516946640430716,1,1
"06037599100","90704",483,3.91642308915931,3.06199508666667,40.02,9.94,6.65308471,0.04042468,27,0.04,130.052436709449,1,0
"06037408137","91792",4277,0.789504294917681,0.431104223333333,47.46,12.85,12.2089097,0.05219839,27.4,0.051,0.318604009195239,1,1
"06037670201","90274",3820,0.51419460351547,0.168441763333333,13.09,6.09,11.58424268,0.04050375,8.4,0.042,1.88351711476776,1,1
"06037408136","91792",4224,0.524806380736499,0.3514091,42.16,11.58,12.22935789,0.05219839,21.6,0.053,0.391447712669229,1,1
"06037601402","90301",4793,0.684339084745089,0.523604936666667,93.62,18.76,12.06540746,0.04259906,36.3,0.046,0.380193114800824,1,1
"06037408006","91792",3344,0.722827437763461,0.43605816,25.89,7.39,12.01014347,0.05462941,32.5,0.053,1.28059409051882,1,1
"06037901205","93536",10783,2.99110942098147,3.36259961333333,57.76,13.66,6.705407097,0.06236471,26.9,0.062,19.0478673049198,1,0
"06037408004","91792",2493,0.255951493279249,0.076439016666667,41.98,11.15,12.13677863,0.05462941,19,0.051,0.220752338649539,1,1
"06037574000","90808",5165,0.612694364908932,0.438549363333333,22.1,9.44,11.58982961,0.04259906,7.7,0.042,0.701684586370553,1,1
"06037404503","91702",2638,0.593973693629205,0.470212646666667,71.92,17.02,11.73121178,0.060311,32.1,0.053,0.254148881257992,1,1
"06037910807","91387",6424,0.948058339298497,0.61546207,40.87,11.07,10.03642942,0.06718273,16.3,0.062,2.12695327122564,1,1
"06037402406","91768",5329,0.698713885906307,0.399922,78.05,15.97,12.49065577,0.05763123,58.6,0.057,0.451256161720372,1,1
"06037920023","91351",2615,0.910257844189931,0.57643334,58.78,15.28,10.04799129,0.06591477,23,0.065,0.517328830138915,1,1
"06037670328","90274",4730,0.278770728942973,0.097701326666667,11.9,6.45,11.52390363,0.04192559,7.4,0.044,1.51102947274148,1,1
"06037920200","91384",5393,2.05269227710173,1.13489377333333,29.55,10.63,8.966877132,0.06133785,,0.062,4.38367283570271,0,1
"06037670326","90274",3613,1.0154329963016,0.227965146666667,12.61,6.81,11.54448189,0.04192559,11.2,0.044,1.66994227800528,1,1
"06037920104","91384",2933,1.53399459655611,0.839545326666667,29.34,10.49,7.997537218,0.05864821,5.6,0.057,61.0514623150143,1,1
"06037670324","90274",5091,0.406413420623558,0.153593536666667,12.2,6.51,11.54202908,0.04192559,11.6,0.044,1.87169684411022,1,1
"06037920016","91390",3563,1.32630313966436,0.583240563333333,16.94,8.67,9.640486676,0.06464682,4.9,0.062,0.833191457786268,1,1
"06037651402","90505",6236,0.716935596118667,0.244696103333333,30.47,12.49,11.90931561,0.04050375,17.4,0.042,0.705093232115263,1,1
"06037920028","91351",7091,1.36403839079774,0.72231468,28.86,10.1,9.998216457,0.06591477,9.7,0.065,1.04141084266599,1,1
"06037651401","90505",2521,0.488431932514117,0.278012213333333,21.23,8.71,11.8333474,0.03975537,17.9,0.042,0.38938257842813,1,1
"06037910805","93510",4722,0.539391205360694,0.18061062,37.13,10.43,9.841317579,0.06473142,19.4,0.057,42.5170907108913,1,1
"06037651304","90277",4852,0.294562256422493,0.24997619,18.34,8.35,11.84477252,0.04192559,14,0.044,0.578930734091285,1,1
"06037920038","91387",1710,1.11159453789867,0.493023656666667,42.06,10.97,10.31080399,0.06718273,25.4,0.062,0.37993834754863,1,1
"06037552002","90650",3409,0.719537277300565,0.44122042,57.55,22.22,11.89997956,0.04632538,32.1,0.046,0.27281926147993,1,1
"06037920035","91351",6895,1.05322603495586,0.7241769,56.88,14.78,10.26891771,0.06718273,32.6,0.062,0.953587863810695,1,1
"06037552001","90650",4188,0.519260642845781,0.37408201,57.55,22.22,11.96563578,0.04588368,26.6,0.046,0.309903224070785,1,1
"06037920334","91355",6217,0.823723827845383,0.554699843333333,30.6,11.05,9.953790794,0.06464682,19.2,0.065,1.08123513643852,1,1
"06037502003","90602",2634,0.311704644873936,0.235570623333333,65.83,17.85,11.87584315,0.04978792,38,0.046,0.248307390147054,1,1
"06037920042","91321",6990,1.28818512387656,0.881200886666667,39.65,10.52,10.07294539,0.06718273,20.1,0.065,1.45462749288065,1,1
"06037501804","90602",2175,0.238181519923646,0.169014826666667,78.72,20.76,11.87584315,0.05022962,45.6,0.046,0.204345984475581,1,1
"06037910809","91387",2070,1.62880651992365,0.849461203333333,35.16,9.29,10.12468543,0.06718273,6.9,0.06,4.67617584263736,1,1
"06037501803","90602",4427,0.222432867056391,0.17256066,78.72,20.76,11.9768033,0.05022962,54.2,0.046,0.227733159464195,1,1
"06037920018","91350",2024,0.803833114610674,0.55928177,26.24,11.71,9.764286878,0.06464682,11.4,0.062,0.371409452482776,1,1
"06037108201","91326",5460,0.780325399665951,0.2395708,27.07,14.53,10.85003603,0.06464682,5.4,0.06,1.08472441353794,1,1
"06037910301","93536",3874,1.28519508569951,0.947672243333333,45.35,11.59,7.177851274,0.06236471,11.5,0.062,1.52158896791229,1,1
"06037104822","91331",2839,1.30408290582995,0.867505503333333,81.71,13.36,11.3752253,0.06718273,48.6,0.055,0.235399791719121,1,1
"06037106020","91342",5420,0.609410418157957,0.549591113333333,55.74,11.89,10.75629213,0.0685917,30.3,0.06,0.780133304052118,1,1
"06037104403","91331",3341,0.857290299650044,0.501741303333333,81.71,13.36,11.44347884,0.06718273,35.5,0.057,0.267906176795924,1,1
"06037920034","91351",3790,1.32212503976776,0.78968011,39.71,10.69,9.996792372,0.06718273,22.8,0.062,3.47968286741285,1,1
"06037278001","90045",2508,0.720846506402609,0.497438573333333,26.3,11.75,11.90155949,0.0438112,18.7,0.046,0.624099245637078,1,1
"06037910808","91387",3445,1.53659627773801,0.762601613333333,32.81,9.62,9.992603026,0.06718273,12.5,0.06,4.15966317945761,1,1
"06037265202","90024",3981,0.792816203372306,0.590355623333333,14.71,11.3,11.74779166,0.04939042,33.9,0.046,0.22192040689291,1,1
"06037310400","91504",3247,0.664680142965084,0.5464773,40.67,11.09,11.54798796,0.06133785,22.3,0.055,0.541555488658209,1,1
"06037264102","90049",2998,0.23895202020202,0.13904658,15.21,8.62,11.54047452,0.04939042,12.4,0.046,0.151693531154087,1,1
"06037550000","90650",1982,1.32315651594687,0.891378666666667,48.8,18.77,11.91621477,0.04716458,74.2,0.046,0.30411222568431,1,1
"06037920118","91384",6035,1.73445639962618,0.918389066666667,27.08,9.75,9.153485627,0.06133785,8.4,0.06,1.14328165659417,1,1
"06037550100","90650",7329,1.01695970532093,0.63916091,49.03,18.87,11.9261271,0.04716458,32.1,0.046,0.634630785559861,1,1
"06037920114","91355",6518,0.250664867175694,0.498808056666667,23.95,9.47,9.79582903,0.06350576,10.7,0.065,1.09125793198333,1,1
"06037551000","90241",7281,0.847101054839736,0.454549663333333,37.69,15.45,12.15364791,0.04676708,26.2,0.046,0.949456057989394,1,1
"06037900201","93535",1129,8.19886425773483,6.57969941666667,147.68,22.74,6.53795223,0.06236471,34.5,0.062,90.8719701056852,1,0
"06037552200","90650",5686,0.747608342281079,0.570791203333333,57.55,22.22,11.91520206,0.04632538,47.5,0.046,0.654646432149065,1,1
"06037800203","91302",5533,1.07331310148731,0.672553793333333,19.96,7.12,10.36908275,0.05535282,9,0.055,4.01011843239697,1,1
"06037552100","90650",6624,0.835693301121451,0.595634293333333,57.55,22.22,11.90058683,0.04588368,44,0.046,0.564326898242016,1,1
"06037700102","90046",4506,0.46524235961982,0.40130979,27.26,13.36,11.79372492,0.04978792,34.7,0.05,0.189105213540922,1,1
"06037551900","90650",5203,0.332781555714627,0.170131913333333,57.55,22.22,11.96563578,0.04539285,25.9,0.044,0.606407283209497,1,1
"06037920337","91321",6943,0.899811351706037,0.5598029,49.57,13.41,9.850480338,0.06718273,48.4,0.065,0.635294545085769,1,1
"06037553902","90723",5415,0.936554273045415,0.701559273333333,53.18,15.42,12.01505311,0.0438112,41.6,0.044,0.40856918323459,1,1
"06037551502","90242",4898,0.559685809870357,0.423200973333333,40.23,16.35,11.97387911,0.04539285,18.3,0.044,0.425756232039227,1,1
"06037403500","91724",1835,1.34994631352899,0.63180161,21.1,6.35,12.17170059,0.05605125,20.8,0.055,1.88950938085581,1,1
"06037551501","90242",4596,0.551522235146743,0.317498616666667,41.57,16.89,11.98289749,0.04539285,25.5,0.044,0.565223141534036,1,1
"06037461400","91104",3119,0.76279776107532,0.60773979,43.23,11.51,11.46988813,0.05938691,29.1,0.051,0.392157783087275,1,1
"06037551402","90241",4677,0.970699241430048,0.740050366666667,48.68,20.2,12.06771641,0.04588368,21.5,0.044,0.448804433700663,1,1
"06037920017","91350",4309,0.740332085619979,0.419766626666667,30.9,13.62,9.82382783,0.06464682,13.6,0.065,0.801813232011324,1,1
"06037551401","90241",4582,0.613564905949256,0.351943563333333,38.02,15.58,12.01107836,0.04588368,32.2,0.044,0.28552838201292,1,1
"06037310900","91506",6071,0.728934895211962,0.561849743333333,32.39,9.99,11.70635152,0.05938691,14.7,0.055,0.836753137692976,1,1
"06037551102","90242",5427,0.756412550703889,0.48696501,33.3,13.74,12.17927262,0.04632538,41.1,0.044,0.650532771422646,1,1
"06037311200","91505",3171,0.591549724608288,0.448766216666667,34.83,10.87,11.53890555,0.05938691,14.3,0.055,0.383489414845615,1,1
"06037551101","90242",3964,0.462202611747395,0.34799896,40.76,16.66,12.05025593,0.04539285,48.8,0.044,0.650388351238416,1,1
"06037311500","91505",5828,0.314136691720353,0.25108299,33.25,10.5,11.65548553,0.05763123,18.1,0.055,0.578218512852555,1,1
"06037550902","90241",5803,1.11070162749543,0.9357021,33,13.44,12.15631505,0.04676708,31.9,0.046,0.375720773093433,1,1
"06037311400","91505",2300,0.583818624234471,0.561692306666667,35.08,10.98,11.51300398,0.05763123,9.7,0.053,0.36217592467326,1,1
"06037550901","90241",4141,1.19213977869244,1.09244674,52.31,21.72,12.17044162,0.04632538,35.9,0.046,0.431010777423994,1,1
"06037800325","91361",3573,0.817337374731568,0.43053449,16.99,9.38,9.408842934,0.05022962,5,0.051,0.891878650624385,1,1
"06037262704","90272",3561,0.492212976218882,0.16263555,12.64,8.33,11.36879135,0.05022962,12.1,0.048,0.70760232781532,1,1
"06037238000","90047",6174,0.394694981309155,0.247127536666667,137.3,19.44,12.02803671,0.04320513,34.2,0.046,0.642879260472744,1,1
"06037240401","90044",6379,0.405963547880379,0.29701651,81.21,17.28,12.08962673,0.04320513,54.9,0.044,0.266804196864054,1,1
"06037240500","90003",7326,0.750451736856756,0.601003133333333,113.88,27.88,12.0998549,0.0438112,63.7,0.044,0.314357908935343,1,1
"06037237102","90044",3407,0.627988795434662,0.474937116666667,74.12,16.15,11.97286678,0.04435661,62.8,0.046,0.177389348129478,1,1
"06037240900","90059",6736,0.861915165433866,0.658828593333333,108.79,21.37,12.09235616,0.04320513,57.9,0.044,0.413341199103034,1,1
"06037211704","90020",2796,1.01752142487871,0.812161656666667,29.89,8.91,12.02897507,0.04716458,38.8,0.048,0.0709952881497977,1,1
"06037240800","90002",4341,0.740583740952835,0.55510617,79.65,18.29,12.05760637,0.0438112,55.9,0.044,0.246936426790778,1,1
"06037211122","90004",3163,0.778345711047483,0.435055156666667,33.16,8.97,12.12349272,0.04791979,56.5,0.048,0.140180647935484,1,1
"06037125600","91601",2811,1.11554583731011,0.93337083,31.66,8.31,11.66912326,0.05763123,20.7,0.053,0.394467063333353,1,1
"06037207103","90012",2393,0.331182146265808,0.185902903333333,30.75,10.73,12.87564539,0.04863521,61.9,0.046,0.125212056531796,1,1
"06037262200","90077",4405,2.71320364073809,0.673821826666667,8.53,4.57,11.4065172,0.05352109,3.2,0.05,3.30704136945633,1,1
"06037194101","90046",3277,0.528763893859858,0.040620646666667,15.98,7.15,11.55801526,0.05168937,25.8,0.051,0.982508290796748,1,1
"06037242100","90002",2852,0.422511905472043,0.24640579,103.63,25.73,12.06544894,0.04435661,91.2,0.044,0.105613508578231,1,1
"06037192001","90046",2370,0.427976865107771,0.41449761,26.2,11.81,11.89127311,0.04901945,22.7,0.048,0.204921684451285,1,1
"06037241110","90061",3356,0.850659647657679,0.60222462,128.21,21.69,12.09491005,0.04320513,56.6,0.044,0.187884303209794,1,1
"06037190202","90028",3225,0.292614879106021,0.2082073,34.99,8.61,11.98642408,0.05067132,47.1,0.05,0.0819305095377446,1,1
"06037241300","90044",2480,0.714914275630319,0.497133253333333,88.19,15.93,12.09974001,0.04259906,50.3,0.044,0.201857405310251,1,1
"06037189903","90046",2089,0.432390464686232,0.27147388,27.24,13.36,11.7676418,0.05067132,23.7,0.05,0.0325868799496149,1,1
"06037241120","90061",5146,0.828328809751054,0.601460866666667,125.21,21.82,12.0881206,0.04320513,61.9,0.044,0.255264619015181,1,1
"06037143604","91604",3720,0.669120461504812,0.195172683333333,26.16,12.45,11.53404464,0.05530288,21.5,0.053,0.217102773906171,1,1
"06037241400","90061",3785,0.749774442257218,0.575885616666667,144.54,22.26,12.11292708,0.04259906,60.2,0.044,0.2201505222829,1,1
"06037141101","91423",4674,1.28128417541557,0.978568066666667,31.83,17.1,11.59809285,0.05763123,17.8,0.053,0.293885133066885,1,1
"06037242000","90002",4189,0.394947258013203,0.233502973333333,85.34,19.41,12.0688233,0.0438112,64.3,0.044,0.249051419717521,1,1
"06037534803","90255",4589,0.754805684800763,0.557360823333333,53.05,20.98,12.06379023,0.04539285,49,0.046,0.235266539476121,1,1
"06037464000","91106",5623,0.756133555038575,0.564112353333333,20.98,7.14,10.81196096,0.05605125,18.5,0.051,1.21384659833825,1,1
"06037533902","90201",4049,0.337685417163764,0.258733,47.15,20.35,12.00080859,0.04716458,58.8,0.046,0.295209134311817,1,1
"06037464100","91108",7121,0.520016851586733,0.235935106666667,10.66,5.06,10.96820491,0.05685511,11.8,0.053,2.42335829563712,1,1
"06037534802","90255",3136,0.714030685794957,0.54472232,60.74,24.24,12.06379023,0.04539285,49.8,0.046,0.155835652590699,1,1
"06037191710","90038",2937,0.679417824902569,0.562223236666667,25.4,6.64,11.8825333,0.04863521,56,0.048,0.273560129617738,1,1
"06037534406","90201",5027,0.364097421061004,0.285786956666667,54.25,23.93,12.03639575,0.04632538,64,0.046,0.1503663276404,1,1
"06037191203","90029",2383,0.618725393700787,0.441315793333333,37.29,11.6,12.01277774,0.04899293,55.3,0.048,0.0791205805323176,1,1
"06037534405","90201",4351,0.582163912749543,0.39826915,54.25,23.93,12.03133345,0.04632538,67.7,0.046,0.205526487208854,1,1
"06037533703","90270",5259,0.341024665950847,0.266298046666667,51.32,19.05,12.07819852,0.04716458,42.8,0.046,0.328649124709302,1,1
"06037930200","91342",461,0.609911864710093,2.41945094,31.56,7.57,10.20564245,0.06727674,34.7,0.055,117.854901830418,1,0
"06037533403","90270",2848,0.481258202099738,0.440433043333333,47.78,18.57,12.12538715,0.04716458,40.3,0.046,0.182665658442347,1,1
"06037910202","93551",5823,1.69266670146345,1.42413605,45.11,12.9,6.980416541,0.06236471,15.5,0.062,7.85098607390904,1,0
"06037533402","90270",4240,0.382915647617911,0.301000826666667,52.72,20.45,12.11512207,0.04676708,60.9,0.046,0.18823492362519,1,1
"06037481711","91755",4246,0.566854569315199,0.43773931,17.76,4.93,12.00233411,0.05334987,45.9,0.048,0.17261229279736,1,1
"06037533300","90270",3346,0.418353068082399,0.282376343333333,45.55,14.2,12.10196267,0.04676708,63.8,0.046,0.13420151976412,1,1
"06037480600","91030",8038,0.197396578978764,0.14411027,20.42,6.75,11.3985122,0.05462941,17.9,0.051,0.907348192965256,1,1
"06037310100","91501",5644,0.565166925157083,0.05764417,27.78,8.42,11.41365521,0.06037951,13.4,0.055,5.09625093819446,1,1
"06037480302","91801",4672,0.303955524735544,0.20324262,34.22,9.98,11.62302761,0.05530288,31.4,0.051,0.406402090529288,1,1
"06037113422","91306",6306,1.09053440408017,0.924661096666667,60.84,15.03,11.77891599,0.06236471,33.1,0.057,0.59069752379288,1,1
"06037504001","90638",5860,1.01287791795912,0.327178976666667,37.42,16.37,12.02293829,0.04791979,28.1,0.046,0.534576693307677,1,1
"06037503602","90638",4212,0.489263948540523,0.228758403333333,30.79,13.09,11.90288337,0.0482775,11.1,0.046,1.27287776214926,1,1
"06037532200","90640",7363,1.02542029547443,0.846771336666667,45.38,14.31,12.21276924,0.04863521,51.8,0.046,1.08446358804327,1,1
"06037502302","90606",2970,0.4927318211644,0.313028226666667,50.6,18.83,12.08570107,0.04939042,47.5,0.046,0.289891325450911,1,1
"06037503701","90604",4840,0.601125054680665,0.376750446666667,45.28,17.31,11.92158802,0.04863521,26.7,0.046,0.445417160513528,1,1
"06037502700","90670",6919,0.180093255388531,0.58830847,55.19,20.43,12.06509568,0.0486551,18.6,0.046,2.6915718786987,1,1
"06037500900","90660",6363,0.609948525610435,0.426961413333333,59.16,20.72,12.01105817,0.05022962,36.9,0.046,0.549954708691694,1,1
"06037502402","90660",3874,0.974266533444683,0.48592868,60.9,21.31,12.13665654,0.04863521,24.5,0.046,0.338866772666381,1,1
"06037432202","91770",4471,0.388338975383759,0.279746583333333,35.75,9.96,11.82809251,0.05605125,38.6,0.05,0.533821917522239,1,1
"06037543321","90747",5446,1.03684855444206,0.841826,39.69,9.71,12.14345371,0.04125212,20,0.042,1.88274868676907,1,1
"06037500800","90660",5362,0.76659433905989,0.475735446666667,57.45,20.14,12.08826952,0.04939042,28.4,0.046,0.74113858918835,1,1
"06037541500","90222",6273,0.74034327030144,0.560810986666667,131.07,22.67,12.09745122,0.04320513,57.5,0.044,0.313729636863082,1,1
"06037500700","90660",7150,0.526608978565179,0.42809876,57.61,20.1,12.10709178,0.04981739,30.1,0.046,1.25524755788551,1,1
"06037550300","90650",8421,0.580647145669291,0.279700136666667,46.47,18.06,12.11184692,0.04632538,25.1,0.046,0.978087464073339,1,1
"06037543322","90746",7959,0.584504618030701,0.466570096666667,91.64,16.34,12.1614803,0.04125212,10.6,0.042,0.759076507957405,1,1
"06037542401","90221",4735,0.817824529746282,0.586310816666667,95.67,24.68,12.15347903,0.04259906,54.8,0.044,0.498525342898196,1,1
"06037543602","90502",7864,0.804457592658872,0.593687766666667,49.6,11.14,11.93305662,0.03975537,20.1,0.042,0.624276335264721,1,1
"06037543702","90745",6637,0.792567033524219,0.547971503333333,67.35,18.5,11.93567842,0.03975537,31.3,0.042,0.505491624353442,1,1
"06037106642","91344",2961,0.919890961783186,0.57931183,52.54,13.58,11.09275671,0.06718273,11.6,0.06,0.608948874220894,1,1
"06037541100","90220",3251,0.761366121848405,0.557179133333333,79.8,13.56,12.11029674,0.04259906,57.8,0.044,0.479293967002034,1,1
"06037543801","90745",5159,0.847270067804024,0.424650116666667,65.92,17.98,12.06694765,0.04050375,22.5,0.042,0.84864386706393,1,1
"06037405500","91790",6596,0.888798790066014,0.694236143333333,54.71,12.24,12.02349439,0.05763123,37.3,0.053,0.715012582293283,1,1
"06037543802","90745",6478,0.772364391951006,0.58637946,67.35,18.5,11.98352182,0.03975537,21.7,0.042,0.524166117774186,1,1
"06037405101","91706",5617,0.820522523462976,0.702517936666667,66.86,14.78,11.85730833,0.05938691,29.5,0.053,0.433363459954262,1,1
"06037541300","90222",5512,0.423361941263024,0.317817896666667,131.07,22.67,12.1101526,0.04320513,45.2,0.044,0.522160343871231,1,1
"06037206020","90012",8947,0.686754354569315,0.44231867,30.75,10.73,12.8734267,0.04863521,19,0.046,0.33628098755519,1,1
"06037541200","90222",6546,0.544259648651873,0.431993586666667,120.27,22.28,12.13075961,0.04259906,23.1,0.044,0.827012139963067,1,1
"06037541604","90221",5917,0.556143372703412,0.42575144,81.13,21.02,12.08865447,0.04320513,64.1,0.044,0.321857966984644,1,1
"06037199400","90031",4759,0.17293319514038,0.114326693333333,51.17,8.37,12.31141865,0.05070407,49.9,0.046,0.268765244948943,1,1
"06037199300","90031",4202,0.42339425256502,0.123231726666667,44.64,7.7,11.8291691,0.051214,36,0.048,1.00017426618997,1,1
"06037199900","90031",2692,0.523133649486996,0.43598252,52.95,8.87,12.7350876,0.04939042,51.9,0.046,0.171751026610697,1,1
"06037199201","90031",3660,0.437355841883401,0.329902063333333,59.14,9.64,12.70430833,0.05022962,66.6,0.046,0.152689439906734,1,1
"06037199800","90031",5828,0.48105625646226,0.365080093333333,59.14,9.64,12.70430833,0.04978792,66.4,0.046,0.251861357638819,1,1
"06037201200","90032",2893,0.838532346098783,0.608540696666667,63.37,13.34,11.92907459,0.05219839,43.3,0.048,0.16945975823418,1,1
"06037201301","90032",4498,0.275895644436491,0.20448677,59.26,12.54,12.07626386,0.05168937,43.9,0.048,0.336898447476657,1,1
"06037201110","90032",2147,0.470130686789151,0.272679016666667,60.12,12.71,11.62234049,0.0527438,31,0.048,0.390403288793476,1,1
"06037201302","90042",4341,0.335763516066174,0.247326416666667,32.28,7.74,11.80022725,0.05219839,32.4,0.048,0.382563703626037,1,1
"06037201503","90032",3364,0.92031970790583,0.680445163333333,63.37,13.34,11.96568323,0.05219839,50.7,0.048,0.169784698696937,1,1
"06037620521","90278",3958,0.490873299928418,0.398522143333333,28.1,9.02,12.06356922,0.04192559,17.6,0.044,0.248573398952399,1,1
"06037620522","90278",5024,0.526687892706593,0.377721446666667,28,10.86,12.06356922,0.04259906,12.3,0.044,0.28893995654675,1,1
"06037620701","90278",7211,0.141721098783107,0.105398506666667,22.51,8.97,11.9317044,0.04192559,10.1,0.044,0.392365839876385,1,1
"06037620602","90278",5040,0.26730518770381,0.191175303333333,22.62,8.76,11.96320524,0.04125212,4.5,0.044,0.521495716634776,1,1
"06037621002","90254",879,0.303418038654259,0.21909534,14.32,7.38,11.90701301,0.04259906,8.9,0.044,0.126778982306216,1,1
"06037620601","90278",5278,0.380269227710173,0.415031603333333,29.39,11.34,11.93838377,0.04192559,12.4,0.044,0.527075262554005,1,1
"06037621001","90254",4373,0.29040404040404,0.18172067,12.77,6.38,11.90424581,0.04259906,6.7,0.044,0.360012199230521,1,1
"06037620501","90278",5726,0.371211499840929,0.371311506666667,25.78,9.84,11.99655082,0.04259906,15,0.044,1.00288501711693,1,1
"06037621102","90254",3069,0.080698719478247,0.07951989,12.93,6.02,11.9049452,0.04259906,11.1,0.044,0.211816386280244,1,1
"06037620702","90278",7375,0.214875129245208,0.143693733333333,27.72,10.73,11.90461047,0.04192559,4.8,0.044,0.510924468182211,1,1
"06037621301","90277",6973,0.441648274079376,0.277671116666667,20.23,9.24,11.84983331,0.04192559,10.8,0.044,0.604768914356136,1,1
"06037920115","91355",3957,0.251440338423606,0.268480076666667,18.52,7.64,9.895990017,0.06464682,13.7,0.065,1.38912641139499,1,1
"06037920102","91384",5466,1.10144443947347,2.74241818,27.24,9.36,7.211912338,0.06051699,25.3,0.062,242.445627293633,1,0
"06037221401","90018",3628,0.419938185993796,0.30242656,89.86,18.08,12.0125659,0.04588368,64.3,0.046,0.208315389139373,1,1
"06037221304","90019",3656,0.733059557186033,0.661432496666667,68.9,12.59,12.05102217,0.04632538,53.6,0.048,0.0865630873591153,1,1
"06037221303","90006",2806,0.725135210371431,0.558164083333333,41.65,10.25,12.08158891,0.04632538,64.2,0.046,0.0908915855189003,1,1
"06037219902","90016",3809,0.55383497872425,0.303289393333333,88.26,15.22,11.84882762,0.04588368,46.1,0.046,0.309603255485988,1,1
"06037218702","90018",2056,0.767063474310029,0.48681591,78.24,14.73,11.98834506,0.04588368,46.9,0.046,0.138413702630087,1,1
"06037218701","90016",2324,0.504981532848167,0.38205773,42.89,8.01,11.98834506,0.04588368,53.2,0.048,0.212253379678643,1,1
"06037217002","90035",4639,0.700676176131393,0.64190441,31.16,11.15,11.69991328,0.04716458,29,0.048,0.298214052574164,1,1
"06037217001","90035",2724,0.819919172035314,0.5825988,27.66,9.6,11.68010796,0.04716458,24.5,0.048,0.21171723960617,1,1
"06037216402","90035",2521,0.286931818181818,0.221969123333333,20.98,6.64,11.699038,0.04791979,22.4,0.048,0.0882769171214458,1,1
"06037216401","90035",3772,0.57632799451205,0.421964283333333,29.1,10.4,11.69760185,0.04756207,28.5,0.048,0.159472148208433,1,1
"06037215102","90036",3059,0.849656133182216,0.68360974,31.63,12.33,11.85554635,0.04791979,19.5,0.048,0.0993896735475747,1,1
"06037215101","90036",3015,0.688259315596914,0.39002022,31.63,12.33,11.72613579,0.04756207,19.1,0.048,0.137309575456314,1,1
"06037214501","90036",2702,0.476717842798059,0.395046926666667,31.63,12.33,11.72613579,0.04791979,17.6,0.048,0.289900382252334,1,1
"06037212702","90005",3632,0.472683279646862,0.298561636666667,29.47,7.35,12.03992694,0.04716458,27.2,0.048,0.339213549916258,1,1
"06037212502","90005",2810,0.787971372186431,0.670752213333333,28.23,8.05,12.09098712,0.04676708,45.7,0.048,0.110102120992748,1,1
"06037574700","90815",133,0.874864541080092,0.5255443,23.8,12.66,11.50167576,0.04125212,,0.042,0.162371517993185,0,1
"06037574602","90815",1291,0.610157306331027,0.275165366666667,14.2,7.44,11.50739377,0.04125212,16.1,0.042,0.224028276403169,1,1
"06037574800","90815",2961,0.378748732402768,0.24467127,26.39,10.24,11.5027302,0.04125212,21.4,0.042,0.424489651209248,1,1
"06037599000","90704",3684,0.320475920623558,0.193677716666667,40.32,9.97,7.981629537,0.03809217,29.3,0.04,1.3715725075819,1,1
"06037577603","90803",8457,0.112458243855882,0.06368779,25.2,7.65,11.53224567,0.04050375,12,0.042,1.1523500557074,1,1
"06037577400","90803",2947,0.367964835361489,0.283975633333333,19.39,9.69,11.55531683,0.03975537,26.6,0.042,0.248486683566281,1,1
"06037577602","90803",3259,0.642847023383441,0.353142433333333,17.66,8.53,11.48846564,0.04125212,13.7,0.042,0.537610609637123,1,1
"06037577300","90803",5431,0.322199604310825,0.237195033333333,19.39,9.69,11.55531683,0.03975537,9.9,0.042,0.347256761015015,1,1
"06037502902","90670",4168,0.744336822953949,0.757299546666667,45.04,17.53,11.92528582,0.0482775,50.9,0.046,1.48899781148802,1,1
"06037555202","90808",3661,0.617444126302394,0.46256106,21.45,8.29,11.66766832,0.04320513,12.3,0.044,0.425135626267412,1,1
"06037920030","91351",5088,1.35383174759405,0.550695653333333,45.04,12.23,9.99523899,0.06591477,19.4,0.065,1.01174366576146,1,1
"06037920037","91387",10318,0.697077815557146,0.35457189,42.71,11.14,10.31515413,0.06718273,43.3,0.062,0.362957216285445,1,1
"06037920041","91387",1668,0.277415518372703,0.17281953,52.57,13.72,10.28609285,0.06718273,28.2,0.062,0.697367288867593,1,1
"06037920031","91321",4343,2.16054305356717,0.805573066666667,29.04,8.03,9.939752588,0.06718273,21.7,0.065,2.45270215426201,1,1
"06037920111","91354",2738,0.842223912351865,0.455239816666667,17.94,7.92,9.760544925,0.06464682,8.6,0.065,0.457961287486374,1,1
"06037920112","91354",4211,1.15246087846974,0.57973308,20.63,9.02,9.876284052,0.06464682,12.3,0.065,0.668756606179941,1,1
"06037310300","91504",2881,0.349187619303269,0.342642403333333,39.31,10.77,11.75446657,0.06133785,9.9,0.055,0.40972707447294,1,1
"06037310701","91502",2181,0.809910124870755,0.641236596666667,21.83,7.56,11.75527544,0.05938691,52.6,0.055,0.200135495201173,1,1
"06037310702","91502",6567,0.715338672154617,0.5252028,27.72,9.45,11.76906719,0.05938691,39.7,0.055,0.405225555236236,1,1
"06037310800","91506",5314,0.679412232561839,0.451133926666667,30.7,9.55,11.74756081,0.05852448,30.7,0.055,0.828497638743987,1,1
"06037311100","91505",4183,0.386061028593017,0.30506701,35.09,11.03,11.47660575,0.05938691,16.6,0.055,0.656340847321496,1,1
"06037311000","91505",3641,0.385259459755031,0.27700293,32.95,10.41,11.51076389,0.05938691,15.1,0.055,0.510744942701687,1,1
"06037311300","91505",3896,0.829876645390917,0.662303403333333,36.17,11.44,11.52470974,0.05938691,15.1,0.055,0.471343323811629,1,1
"06037277400","90045",909,1.18175045235823,0.72125289,29.57,9.29,12.06540746,0.04320513,47.9,0.046,0.246119490889091,1,1
"06037310703","91502",4793,0.672788415652589,0.440428586666667,28.26,9.75,11.77741792,0.05763123,47,0.055,0.385918690368042,1,1
"06037403316","91765",6757,1.04131310645828,0.759745043333333,27.36,9.59,12.36302468,0.05400087,19.3,0.057,1.13167556635617,1,1
"06037406300","91791",5829,0.84663005547602,0.39100229,39.97,12.33,12.12639133,0.05605125,24.8,0.055,1.96064033635274,1,1
"06037403323","91765",5494,0.951328615883242,0.400837253333333,27.84,10.36,12.24062072,0.05168937,15.2,0.053,1.16651340056152,1,1
"06037403322","91765",3703,1.31832224807126,0.79132936,25.96,9.71,12.17047827,0.05116215,19.5,0.053,0.897479054604618,1,1
"06037800324","91301",6966,0.281949663962459,0.25220959,18.37,10.79,9.574791665,0.05116215,9.5,0.051,1.38602336000299,1,1
"06037800326","91301",4741,0.785405109162491,0.276466386666667,12.13,6.79,9.401515514,0.04987653,9.5,0.051,16.2497503489698,1,1
"06037404401","91702",3715,0.475737319056709,0.538764746666667,71.92,17.02,11.35888804,0.06133785,29.3,0.055,0.557419074070576,1,1
"06037404302","91702",2176,0.54649161397439,0.37151665,71.92,17.02,11.6022037,0.060311,26.9,0.055,0.237347475594782,1,1
"06037404301","91702",5503,0.397028851507198,0.285247976666667,71.92,17.02,11.61864871,0.06133785,58,0.055,0.428050069585069,1,1
"06037406102","91723",6167,0.609661452119621,0.528902213333333,74.1,14.21,12.11454487,0.05763123,34.4,0.055,0.63379971260177,1,1
"06037401002","91741",3678,0.604718444285373,0.483588006666667,40.41,14.54,12.01772896,0.06236471,23.3,0.057,0.566346705398582,1,1
"06037400800","91741",6967,0.740128275868925,0.390351883333333,46.19,12.12,11.76915454,0.06236471,27.9,0.055,1.01535983934691,1,1
"06037181600","90041",4631,0.841614968583473,0.55832774,28.65,7.92,11.59256118,0.05334987,16.3,0.05,0.483490460301766,1,1
"06037242200","90002",6402,0.429601129404279,0.283010033333333,103.63,25.73,12.06896138,0.04435661,75.2,0.044,0.313768215035551,1,1
"06037242300","90002",4952,0.372195751809433,0.260341383333333,103.63,25.73,12.06896138,0.04435661,67.5,0.044,0.241740318291654,1,1
"06037242600","90059",4756,0.362515410005567,0.21545844,136.47,27.86,12.0688233,0.0438112,86.9,0.044,0.18354617275521,1,1
"06037242700","90059",6035,0.422710122882367,0.161677556666667,110.5,23.51,12.07407493,0.0438112,66.5,0.044,0.392182098843689,1,1
"06037243000","90002",6829,0.338461509782868,0.257204483333333,90.26,20.9,12.07407493,0.0438112,61.1,0.044,0.278690168341352,1,1
"06037261101","90210",3389,1.7034213940587,0.514703286666667,14.73,7.89,11.35614273,0.05225601,9.1,0.05,2.58240387503169,1,1
"06037261102","90210",3520,1.95041706434423,0.399150796666667,13.11,7.51,11.32775522,0.05286538,9.5,0.05,3.06206519564679,1,1
"06037243100","90059",6772,0.366341813807365,0.255369646666667,129.2,26.48,12.0902374,0.0438112,73.5,0.044,0.232414181253133,1,1
"06037273700","90291",2895,0.657107492245287,0.576942266666667,29.45,8.35,11.63925882,0.04588368,18.5,0.046,0.266860514422207,1,1
"06037273600","90291",2375,0.149045201026008,0.098651593333333,34.71,9.61,11.63925882,0.04588368,12.1,0.046,0.227372565768265,1,1
"06037273200","90291",3229,0.394235787998091,0.298890883333333,32.8,9.15,11.68337511,0.04632538,22.4,0.046,0.248168160109816,1,1
"06037273300","90291",2915,0.499965824584427,0.354374283333333,31.11,8.75,11.68337511,0.04632538,34.2,0.046,0.220256391733011,1,1
"06037273800","90291",2872,0.588790215143562,0.458811213333333,31.65,9.08,11.67264265,0.04588368,12.8,0.046,0.28325769827646,1,1
"06037480903","91803",3248,1.19376652847371,0.625429656666667,36.6,9.43,11.96491784,0.0527438,46.4,0.048,0.310561858346137,1,1
"06037191120","90029",3900,0.38453431957369,0.256586306666667,39.77,11.84,12.00979423,0.04939042,52.8,0.05,0.146534769276991,1,1
"06037480902","91803",4109,1.06218247932077,0.701516566666667,33.33,8.64,11.91810723,0.05334987,54.2,0.05,0.201013645344495,1,1
"06037482502","91770",3310,0.832976044897797,0.601468016666667,38.68,10.76,11.97713098,0.05334987,39.3,0.048,0.246231473858002,1,1
"06037480702","91030",4284,0.528934149566531,0.32104327,19.07,5.65,11.60964227,0.05334987,9.1,0.05,0.843072383177852,1,1
"06037480400","91801",5538,0.633788674143005,0.472262416666667,28.98,8.39,11.39242682,0.05462941,23.6,0.051,0.49513886773403,1,1
"06037480804","91801",4892,0.538196308558021,0.374373326666667,31.42,9.09,11.71806688,0.05334987,32.6,0.05,0.31971643554186,1,1
"06037480704","91030",4619,0.614630557543943,0.459928686666667,23.61,7.8,11.52562554,0.05462941,19,0.05,0.414319349354079,1,1
"06037480202","91775",2553,0.729499100254514,0.51974689,19.55,9.39,11.55081434,0.05679963,14.4,0.051,0.586321904551137,1,1
"06037122200","91352",3469,0.773110037381691,0.568779463333333,65.3,13.43,11.50595509,0.06350576,44.9,0.055,0.657289944724881,1,1
"06037122000","91605",5892,0.616249229499722,0.456206316666667,68.8,17.83,11.50541661,0.06350576,37.4,0.055,1.25910016308144,1,1
"06037502401","90660",4957,1.11145100115327,0.808722206666667,60.9,21.31,12.14765766,0.04863521,30.2,0.046,0.360800042424905,1,1
"06037120400","91402",6769,1.31756852481508,0.940581546666667,83.32,18.21,11.58425896,0.06350576,36.6,0.055,0.409813807307401,1,1
"06037502901","90605",5816,0.647724165871312,0.463688036666667,59.3,23.28,11.87983491,0.04863521,19.1,0.046,0.477500586247865,1,1
"06037550800","90241",7403,0.582733710132824,0.29598978,38.85,16.04,12.11827006,0.04632538,24.8,0.046,1.11704904617883,1,1
"06037550500","90240",8316,0.884973007635409,0.497397883333333,34.41,12.8,12.15532851,0.04716458,16.5,0.046,1.03075657817981,1,1
"06037531502","90022",3397,0.816645788594607,0.553803683333333,72.44,16.96,12.11496468,0.04863521,54.6,0.046,0.170129154681332,1,1
"06037540000","90262",7139,0.898796031177921,0.505118096666667,67.6,18.77,12.04697253,0.04435661,48.9,0.044,0.716328625280832,1,1
"06037541700","90262",6638,0.566043058538137,0.500616943333333,65.97,18.28,12.06300382,0.0438112,46.9,0.044,0.544494521818481,1,1
"06037541801","90262",6180,0.668988109440865,0.484916566666667,60.14,16.56,12.07668896,0.0438112,61.4,0.044,0.276892836532365,1,1
"06037543305","90220",3776,2.13437214169252,1.13367816666667,76.74,13.78,12.33969717,0.04192559,23.8,0.042,3.27490084140579,1,1
"06037543502","90502",4218,0.702346421896127,0.58372064,58.78,13.1,12.06111984,0.04050375,32.7,0.042,0.431514256615641,1,1
"06037542601","90222",3295,0.677195801519128,0.506836233333333,131.07,22.67,12.09830951,0.04320513,63.4,0.044,0.213476855097223,1,1
"06037542602","90220",5934,0.549412058577905,0.416482813333333,102.85,16.27,12.12536191,0.04259906,46.6,0.044,0.338045590350992,1,1
"06037542800","90220",2980,0.567804024496938,0.398128586666667,101.48,16.07,12.11682636,0.04259906,43.2,0.044,0.299860835425997,1,1
"06037542700","90220",6129,0.47632637894695,0.344813393333333,115.45,18.72,12.11109845,0.04259906,38.6,0.044,0.384039791590008,1,1
"06037542900","90220",3254,0.688655750417561,0.503154936666667,122.52,19.17,12.13622653,0.04259906,59.6,0.044,0.313855275329816,1,1
"06037201501","90032",5367,0.78492168237493,0.442475456666667,59.95,12.66,11.9405062,0.05219839,41.5,0.048,0.339699847964553,1,1
"06037201402","90032",4995,0.775379906346934,0.399508753333333,63.37,13.34,12.19527041,0.05070407,51.1,0.046,0.748748723715184,1,1
"06037203300","90033",2000,0.675874766364432,0.336502113333333,65.53,13.45,12.57687534,0.04939042,71.7,0.046,0.574223437191764,1,1
"06037203100","90033",4498,0.182729111986002,0.137747406666667,60.33,13.14,12.41775036,0.04939042,62.8,0.046,0.254152853042634,1,1
"06037203500","90033",2907,0.281723484848485,0.30038357,81.13,16.94,12.84192716,0.04863521,65.4,0.046,0.639129774271435,1,1
"06037203710","90033",3270,0.497155362681937,0.367610276666667,68.42,14.62,12.41048715,0.04899293,48.2,0.046,0.108235071809654,1,1
"06037203200","90033",5695,0.551063663206872,0.234648546666667,51.52,12.59,12.28025039,0.04939042,54.3,0.046,0.197609258703894,1,1
"06037204410","90033",2575,0.329301255666905,0.2783434,81.34,16.99,12.63753163,0.04863521,54.6,0.046,0.114630474398973,1,1
"06037203800","90063",4829,0.762553562196771,0.558846366666667,53.21,15.31,12.28627082,0.04939042,58.9,0.046,0.188639257577518,1,1
"06037204420","90033",3154,0.277979723415255,0.1835971,81.34,16.99,12.63753163,0.04863521,69,0.046,0.11667448048053,1,1
"06037204110","90063",3286,0.707966724329913,0.576698883333333,50.57,14.34,12.28627082,0.04863521,44.6,0.046,0.233439753716862,1,1
"06037204300","90033",5445,0.391325285333651,0.334922913333333,57.54,12.67,12.41369527,0.04863521,62.3,0.046,0.248652406216259,1,1
"06037621400","90277",4305,0.466203620854211,0.368349523333333,17.8,8.03,11.88367418,0.04125212,10.8,0.044,0.491395331683588,1,1
"06037103200","91040",6349,0.603417914380021,0.36871397,46.53,11.42,11.18869203,0.06591477,26.6,0.055,2.8643101182229,1,1
"06037650001","90504",5805,1.00262156506005,0.62432661,34.69,13.35,12.03290345,0.04125212,21.7,0.044,0.622316852581999,1,1
"06037103102","91040",4734,0.805677344309234,0.621906613333333,37.69,12.43,11.23485105,0.06464682,23,0.055,0.476711016422388,1,1
"06037650300","90504",6824,0.320968667979003,0.271852126666667,31.54,12.77,11.97526256,0.04125212,27.5,0.044,0.723512785747885,1,1
"06037650101","90504",6018,0.43156776922771,0.303434486666667,32.43,12.64,12.04138066,0.04125212,15.3,0.044,0.731051871770948,1,1
"06037216200","90019",5778,0.982040508430764,0.806801256666667,49.26,11.24,11.98031852,0.04716458,28.2,0.048,0.372633629305735,1,1
"06037216300","90036",4367,0.548442719518015,0.550178193333333,29.55,8.39,11.82297189,0.04753555,14.9,0.048,0.492097620320736,1,1
"06037216900","90019",4886,0.975597510538455,0.86842314,60.96,11.44,11.73440042,0.04716458,15.8,0.048,0.423610219063902,1,1
"06037216700","90035",3835,0.88305421339378,0.778230353333333,33.97,9.7,11.70222472,0.04716458,27.2,0.048,0.298570902854454,1,1
"06037216800","90035",3203,0.675078789867176,0.51288195,30.53,8.91,11.7011911,0.04716458,21.4,0.048,0.285638081823472,1,1
"06037211921","90020",2521,0.519869586614173,0.394783486666667,52.8,15.82,12.12349272,0.04756207,63.9,0.048,0.0357710780763005,1,1
"06037211201","90004",2562,0.621138799411437,0.41737369,56.78,14.58,12.10279177,0.04756207,59.6,0.048,0.0540237558411031,1,1
"06037209104","90017",2560,0.412561267199555,0.338928593333333,79.97,12.37,12.35408718,0.04756207,66.8,0.046,0.0272018589922021,1,1
"06037209103","90017",3679,0.504711236379544,0.41237222,51.01,8.75,12.35408718,0.04756207,83.9,0.046,0.0477191205634531,1,1
"06037208802","90057",3069,0.281228873379464,0.218756463333333,74.85,19.42,12.20870236,0.04756207,50.2,0.046,0.0822766791303918,1,1
"06037208801","90057",3027,0.428023467947188,0.25722443,74.85,19.42,12.20870236,0.04756207,58.5,0.046,0.103990470963977,1,1
"06037208502","90057",4364,0.495474553606935,0.379939476666667,47.69,12.31,12.20870236,0.04791979,55.4,0.046,0.100326627701777,1,1
"06037208402","90026",2896,0.401426295434662,0.281489253333333,55.72,14.06,12.33647073,0.04791979,57.7,0.046,0.131602407504102,1,1
"06037208401","90057",4765,0.452568872782948,0.30753575,41.87,10.62,12.33647073,0.04791979,70.4,0.046,0.0885531365470245,1,1
"06037208302","90026",5269,0.135583815517378,0.06414884,45.67,10.62,12.33647073,0.04791979,64.5,0.046,0.170366431452846,1,1
"06037206032","90033",5687,0.445211216495665,0.34450022,79.94,16.72,12.55763366,0.04791979,66.8,0.046,0.37973159825587,1,1
"06037920012","91390",1111,6.21086044997216,2.27545906,22.22,10.7,8.261776749,0.06350576,19.1,0.062,27.918815938657,1,0
"06037920011","91390",172,3.79269317187624,2.13035994,22.27,11.98,8.887633717,0.06591477,,0.062,63.0478485003547,0,0
"06037910812","93550",363,4.58052349280204,1.91006461,107.67,20.37,8.378934678,0.06350576,18.2,0.06,12.816995265318,1,0
"06037910811","93510",179,4.89096489004215,2.20019409666667,25.67,5.91,9.386662423,0.06604873,,0.057,125.063077979922,0,0
"06037910001","93591",6345,2.42325755090273,1.06885256333333,92.21,17.28,7.239347731,0.06350576,48.1,0.062,28.4658573516386,1,1
"06037901213","93551",3853,4.82481247017418,1.99161952,34.24,10.61,6.731369745,0.06350576,12.9,0.062,23.9900683488466,1,0
"06037901209","93536",1634,3.45491517040484,1.27195323,45.88,12.3,5.78980373,0.0571344,35,0.062,230.192847095734,1,0
"06037577604","90803",1367,0.362716734271852,0.130265223333333,18.08,9,11.49358879,0.04050375,7.8,0.042,0.580426431517479,1,1
"06037576904","90804",3157,0.323070766722342,0.265814093333333,53.57,10.55,11.60712094,0.03975537,31.7,0.042,0.141404074973533,1,1
"06037573004","90806",4577,0.444551941660701,0.35607343,85.4,17.37,11.66444496,0.03975537,41.6,0.042,0.15804373565213,1,1
"06037571703","90805",3557,0.450271663485246,0.33848265,94.42,20.48,12.31736907,0.04125212,39.1,0.042,0.153391286249573,1,1
"06037576901","90804",5357,0.664965973713513,0.495524076666667,70.58,13.48,11.60712094,0.03975537,59.1,0.042,0.171825420599325,1,1
"06037575101","90804",4339,0.28313586156844,0.181020883333333,93.13,17.55,11.65311866,0.04050375,63.5,0.042,0.162658968306615,1,1
"06037575001","90815",3688,0.643823818897638,0.447545903333333,27.2,9.48,11.6560084,0.04125212,14,0.042,0.363894966174575,1,1
"06037574902","90815",5549,0.551431514952676,0.487796776666667,26.3,10.31,11.55937137,0.04125212,51.1,0.042,0.313542381921591,1,1
"06037574300","90815",6052,0.91821450230653,0.749984276666667,23.8,12.66,11.60395303,0.04125212,8.2,0.042,0.959363640727293,1,1
"06037900602","93535",5542,1.40056010399268,0.855915963333333,154.39,23.63,6.736203058,0.06236471,67.5,0.062,1.97467588897541,1,1
"06037900504","93535",7261,2.41335537958323,1.73931643666667,142.85,22.01,7.235243743,0.06236471,34.9,0.062,4.0897990959889,1,0
"06037900606","93535",3532,0.525954674699753,0.268341026666667,142.59,21.21,7.079346855,0.06236471,67.7,0.062,0.673356936387635,1,1
"06037900605","93535",7539,1.84759566630876,1.51798393,154.47,23.65,6.576280043,0.06236471,58.6,0.062,2.03210138668166,1,0
"06037920108","91354",5386,1.01653406605424,0.423966573333333,19.26,8.06,9.609631058,0.06350576,12.7,0.062,1.07350774634251,1,1
"06037920106","91384",3381,1.23494417601209,0.440894873333333,29.51,10.46,8.73436651,0.05948454,27.7,0.057,18.06590757129,1,1
"06037920107","91355",6295,0.788270251729897,1.12609975,21.43,9.14,9.525795551,0.06244084,5.7,0.062,4.40901437084203,1,1
"06037920109","91354",5696,0.751022776982423,0.4060974,18.68,8.54,9.684342786,0.06350576,15.7,0.065,0.873561700455065,1,1
"06037920331","91355",3482,0.377782500198839,0.201917676666667,29.44,10.82,9.887963537,0.06464682,7.7,0.065,0.583101531612823,1,1
"06037920110","91354",3088,0.939317510737294,0.510963836666667,26.16,11.43,9.803298353,0.06350576,2.7,0.065,0.40255808358904,1,1
"06037910804","93510",2964,3.21186334307643,0.867041336666667,32.59,9.54,8.752683429,0.06350576,26.9,0.06,25.1719856223201,1,1
"06037910709","93552",2039,2.02941446949813,1.90753836666667,76.92,17.02,8.201203979,0.06236471,31.3,0.062,5.65816501678844,1,0
"06037920033","91351",598,2.89428363357989,1.43642474333333,32.96,9.23,9.930625459,0.06591477,34.8,0.062,1.32807239549837,1,0
"06037920040","91387",3979,1.21433515767915,0.683258606666667,32.98,8.59,10.12600908,0.06718273,14.3,0.062,1.14491581649771,1,1
"06037920013","91350",7174,1.70569064165275,0.273482466666667,27.23,10.4,9.905727034,0.06464682,13.2,0.065,3.20870694236121,1,1
"06037920039","91387",2191,0.612118353813728,0.2826863,52.57,13.72,10.31364147,0.06718273,9.7,0.062,0.401857255445084,1,1
"06037300701","91208",5835,0.961689980513799,0.277866693333333,17.98,7.69,11.2573555,0.05948454,12,0.053,5.15732064094302,1,1
"06037300702","91207",5430,0.73976850194862,0.397331053333333,14.43,8.61,11.41309053,0.05864821,11.7,0.053,4.42546116148001,1,1
"06037300600","91208",9609,0.58447665632705,0.51032421,19.31,8.4,11.42099762,0.06037951,18.2,0.053,0.849828119728318,1,1
"06037300502","91020",5874,0.477002430804104,0.277240156666667,22.29,10.75,11.43450312,0.060311,23.5,0.053,0.639523482117453,1,1
"06037123103","91606",3808,0.808599031655134,0.629584706666667,58.3,16.6,11.47988762,0.06133785,43.8,0.055,0.348451623420387,1,1
"06037103101","91040",2428,0.803158305495904,0.20969985,34.3,11.63,11.24459686,0.06591477,20.3,0.055,0.784607025558893,1,1
"06037106010","91342",3093,0.812638565775869,0.444830463333333,63.98,13.45,10.84104549,0.0685917,18.8,0.06,0.975127174556798,1,1
"06037403702","91724",3786,0.520218175853018,0.37667675,47.7,13.23,12.17423833,0.05846283,15.6,0.057,0.659989078351406,1,1
"06037403408","91789",6512,0.714613531973276,0.444218953333333,25.43,10.06,12.14347718,0.05334987,15.9,0.053,1.22484517370236,1,1
"06037408501","91745",3050,1.24167300465283,0.677498366666667,46.16,12.41,12.13820885,0.05395594,40.3,0.05,0.338788614126495,1,1
"06037408626","91748",4037,0.818129001630478,0.35276033,28.38,9.84,12.07486245,0.05219839,21.1,0.05,0.961807968983302,1,1
"06037408402","91745",6646,0.478623588244651,0.447369013333333,43.99,11.98,12.0075054,0.05400087,25.1,0.048,4.47214536092986,1,1
"06037431200","91010",6399,0.459615222102919,0.50162323,41.61,9.25,11.92162832,0.06133785,29.7,0.053,0.573594564605936,1,1
"06037401001","91741",3062,0.569420210967947,0.318435036666667,40.41,14.54,12.04140706,0.06236471,11.9,0.06,0.559751170182013,1,1
"06037401102","91741",3896,0.59579679670723,0.40689196,40.68,12.96,12.06299327,0.06236471,25,0.057,0.495333305306178,1,1
"06037401101","91740",5582,0.424081489103635,0.232792453333333,49.98,14.95,12.06089359,0.06133785,22.2,0.06,1.16541555828223,1,1
"06037401500","91750",6213,0.409766960948063,0.19096727,35.1,11.26,12.48617746,0.060311,31,0.06,1.45447274528608,1,1
"06037401203","91740",5224,0.525400411596278,0.37028758,55.22,15.03,12.1740827,0.060311,24.7,0.057,0.73660493030217,1,1
"06037401201","91740",3377,1.3392276604629,0.408320496666667,48.79,13.39,12.14675541,0.06133785,11.8,0.06,0.903793059459258,1,1
"06037403902","91740",5140,0.53962359818659,0.379384163333333,50.28,13.69,12.01590576,0.060311,19.3,0.057,0.815744745245182,1,1
"06037404100","91702",6277,0.41167954147777,0.347588166666667,59.89,14.4,11.84062011,0.060311,39.3,0.055,0.518824025802188,1,1
"06037274100","90292",4838,0.595447586097192,0.383324673333333,26.62,9.54,11.70131556,0.04539285,25.8,0.046,0.240957938688375,1,1
"06037275200","90066",3751,0.507672691481747,0.436771846666667,35.21,12.29,11.66867744,0.04490202,33.5,0.046,0.180273327318479,1,1
"06037275400","90066",4069,0.565801966515549,0.425348463333333,23.7,8.39,11.67530401,0.04490202,11.8,0.046,0.290011674374057,1,1
"06037275302","90292",5059,0.438054263103476,0.188626066666667,22.93,8.21,11.65999433,0.04490202,21.9,0.046,0.694850657874256,1,1
"06037275311","90066",5462,0.406778165513402,0.231805083333333,32.14,11.06,11.64347745,0.04490202,16.3,0.046,0.495365039548386,1,1
"06037276000","90045",5657,1.16037404060288,0.889222213333333,26.3,11.75,11.88623299,0.0438112,6.3,0.046,0.900984081332327,1,1
"06037276100","90045",5739,1.10133321403006,0.649815503333333,32.04,10.01,11.87271814,0.0438112,19,0.046,0.377163121725682,1,1
"06037276500","90045",5674,0.79953571144516,0.495913783333333,18.11,7.58,11.65400614,0.0438112,31.2,0.046,0.460853961484016,1,1
"06037276400","90045",4071,0.884043436331822,0.667545773333333,24.02,10.59,11.79594785,0.0438112,11.8,0.046,0.492262952141506,1,1
"06037276601","90293",4115,0.857185909289748,0.51458967,18.05,7.15,11.64915206,0.04435661,14,0.046,0.865503491137648,1,1
"06037431002","91016",3165,0.506759275829158,0.362772393333333,28.74,6.9,11.86061314,0.06236471,31.4,0.053,0.528525144850955,1,1
"06037190901","90038",4587,0.181851735862563,0.126773476666667,45.77,12.22,12.00979423,0.04939042,53.3,0.05,0.189362777043791,1,1
"06037480703","91030",3612,0.396211127018214,0.260529926666667,23.57,7.75,11.51304733,0.05462941,9.3,0.05,0.440079291074429,1,1
"06037430101","91010",5382,0.0808167800047721,0.028104283333333,51.82,11.44,11.80206026,0.06236471,36.1,0.053,0.766878103100636,1,1
"06037480011","91775",5466,0.845096511373578,0.694424466666667,17.77,8.55,11.70184498,0.05938691,33.2,0.051,0.434737242098768,1,1
"06037400206","91711",5365,0.568795111548556,0.223292353333333,32.39,11.94,12.88984549,0.06350576,8.7,0.06,1.43240317501303,1,1
"06037400302","91750",3154,0.687224732561839,0.518690613333333,33.36,11.25,12.43020498,0.06133785,19.6,0.06,0.502443407112784,1,1
"06037481202","91776",6188,0.842328302712161,0.345410306666667,40.13,10.92,11.73873693,0.05679963,30.3,0.05,0.613492296626798,1,1
"06037502602","90660",4477,0.959417004692595,0.585078696666667,60.9,21.31,12.14502544,0.04791979,32.6,0.046,0.487786161300177,1,1
"06037502601","90660",6939,0.571786392467987,0.316319646666667,60.9,21.31,12.15287635,0.04791979,19.4,0.046,0.744452137728153,1,1
"06037530003","90640",3080,0.525510394297304,0.403556953333333,53.02,16.41,12.00891284,0.05219839,17.1,0.046,1.37410900382473,1,1
"06037117303","91343",3754,1.14276624512845,0.959876036666667,80.2,14.57,12.28930733,0.06464682,21.6,0.057,0.694840358672535,1,1
"06037503000","90605",5606,1.28889348703571,0.752092306666667,58.17,22.83,11.92700646,0.04791979,41.3,0.046,0.512876184504955,1,1
"06037115301","91324",4524,1.22129886463056,0.893015686666667,77.33,20.88,11.9625185,0.06464682,21,0.06,0.634957665855848,1,1
"06037503201","90604",4144,1.02407067724489,0.60058243,54.86,20.75,11.94497052,0.04863521,16.4,0.046,0.517440691957462,1,1
"06037503302","90604",6784,0.329178224170842,0.253917783333333,36.74,14.09,11.9353244,0.04939042,31.5,0.046,0.597481866053818,1,1
"06037540600","90059",4981,0.268659776902887,0.19197299,66.54,13.36,12.10051881,0.0438112,65.8,0.044,0.366307784368168,1,1
"06037542501","90220",4891,0.410964964606697,0.38659667,122.52,19.17,12.13477891,0.04259906,50.1,0.044,0.22459478689074,1,1
"06037543000","90220",4531,0.452353256979241,0.337329626666667,118.7,18.6,12.11120264,0.04259906,33.2,0.044,0.507818191443358,1,1
"06037543503","90502",5696,0.90759713274477,0.636947746666667,58.78,13.1,12.00487891,0.04050375,21.8,0.042,0.649949491702493,1,1
"06037543202","90220",5124,0.659655114133461,0.448774156666667,114.33,18.18,12.21666021,0.04192559,56.8,0.042,1.19373767783822,1,1
"06037543400","90746",3731,0.702251352103714,0.255634446666667,89.55,15.95,12.09359584,0.04125212,27.9,0.042,1.20158830167371,1,1
"06037543304","90746",5872,0.795703715302633,0.565118266666667,89.45,15.75,12.14632002,0.04125212,21.3,0.042,0.62417364359638,1,1
"06037543201","90220",3605,0.465817749343832,0.281994186666667,122.52,19.17,12.18773918,0.04259906,40.2,0.042,0.390020547936029,1,1
"06037203720","90033",4072,0.519494899785254,0.387699276666667,67.4,14.43,12.41048715,0.04899293,66.5,0.046,0.123970129941253,1,1
"06037204120","90063",2971,0.758011338781516,0.489419956666667,41.63,11.82,12.23190845,0.0482775,54.7,0.046,0.101360287490663,1,1
"06037204200","90033",3657,0.346392070309393,0.26704261,69.81,14.88,12.28627082,0.04863521,63.6,0.046,0.116246308029576,1,1
"06037204600","90023",4080,0.322313315239004,0.221626836666667,51.48,13.23,12.47302993,0.04791979,64.2,0.046,0.225613135383853,1,1
"06037203900","90063",3353,0.835471471605822,0.677176733333333,49.83,14.49,12.23190845,0.04863521,49.7,0.046,0.173789029553499,1,1
"06037204700","90023",5510,0.370710674659986,0.226236293333333,70.82,19.23,12.30827709,0.04791979,39.2,0.046,0.389827506555619,1,1
"06037204820","90023",2241,0.60272073590233,0.394437606666667,76.1,20.87,12.24094412,0.04791979,59.4,0.046,0.123287052067587,1,1
"06037204910","90023",3341,0.718125521951801,0.57143054,76.1,20.87,12.25496306,0.0482775,55.2,0.046,0.198972354851081,1,1
"06037205110","90023",3904,0.626595059850473,0.376638663333333,76.1,20.87,12.25398221,0.04756207,60.8,0.046,0.109143785293671,1,1
"06037204810","90023",5277,0.641166835679631,0.46768575,55.5,15.35,12.30827709,0.04791979,53.8,0.046,0.297426829064864,1,1
"06037124102","91601",3551,0.537336952199157,0.41280135,53.25,12.98,11.54609441,0.05938691,47.2,0.053,0.250633656408948,1,1
"06037320000","91608",0,0.957071328441899,0.57408958,,,11.6343367,0.05462941,,0.053,0.480417360321396,0,1
"06037206200","90012",4001,0.384452919947507,0.346751526666667,77.42,10.61,12.70828375,0.04791979,63,0.046,0.223437599834773,1,1
"06037207900","90015",7162,0.471142900461306,0.439282176666667,56.18,9.57,12.29595775,0.04676708,34.4,0.046,0.34820195637346,1,1
"06037217200","90019",4156,0.767039240833532,0.5764157,68.9,12.59,12.01083645,0.04676708,32.2,0.048,0.355777670077026,1,1
"06037217100","90019",6219,1.25749622206315,0.97982626,68.9,12.59,11.9334593,0.04716458,32.2,0.048,0.347700533666157,1,1
"06037218210","90019",3721,0.705184845502267,0.3994707,57.36,10.34,12.00354413,0.04632538,51.9,0.048,0.150681701968122,1,1
"06037218110","90019",3195,0.510498687664042,0.37549039,63.71,11.71,12.00885913,0.04632538,51.8,0.048,0.232302841562466,1,1
"06037218120","90019",4638,0.771500685993796,0.55336662,68.9,12.59,12.05102217,0.04632538,59.2,0.048,0.171988139261767,1,1
"06037188100","90039",3918,0.295485614014157,0.242744233333333,45.8,9.99,11.89731689,0.0534139,27.8,0.051,0.818770127330816,1,1
"06037218300","90019",5290,1.10852434283783,0.853313273333333,53.46,9.42,11.85097115,0.04632538,40.7,0.048,0.350045445358821,1,1
"06037218600","90016",3148,0.578630796150481,0.374108433333333,63,10.82,11.98834506,0.04588368,40.9,0.048,0.166408291663161,1,1
"06037218220","90019",3859,0.511371714189135,0.289777796666667,68.9,12.59,12.00885913,0.04632538,45,0.048,0.257368793959058,1,1
"06037218400","90016",4737,1.12051432136324,0.701920306666667,78.02,13.31,11.85097115,0.04632538,41.2,0.048,0.255247545010545,1,1
"06037218500","90016",2641,0.929298521633659,0.605372686666667,87.75,14.91,11.95828056,0.04588368,42.3,0.048,0.201971386088332,1,1
"06037218800","90018",2752,0.620590128648692,0.388883043333333,61.72,12.24,12.0039133,0.04588368,36.8,0.046,0.15910447717538,1,1
"06037219500","90016",2084,0.765255905511811,0.62810321,89.62,14.9,11.91626655,0.04490202,21.9,0.046,0.214505536548197,1,1
"06037219300","90018",4239,0.852423720472441,0.722076653333333,87.1,17.47,11.9612643,0.04539285,47.8,0.046,0.252375208208581,1,1
"06037220000","90016",4711,0.526850070587767,0.437743593333333,95.03,16.16,11.9612643,0.04539285,47.7,0.046,0.375987789443172,1,1
"06037554103","90706",1396,0.627511582359023,0.416779513333333,61.64,17.57,11.91361716,0.04490202,21.3,0.044,0.142690124162385,1,1
"06037552301","90650",4482,0.751173148810944,0.43111215,49.88,19.2,11.92234367,0.04676708,18.9,0.046,0.484435864024102,1,1
"06037433102","91733",5348,0.709761244333095,0.42360136,65.48,16.57,11.99797143,0.05530288,52.4,0.05,0.254473389247721,1,1
"06037800328","91301",2733,0.358818251411755,0.36240162,19.77,8.86,10.04262342,0.05334987,15.5,0.053,3.77946803335325,1,1
"06037800204","91302",4495,1.84472306728704,0.93662979,23.62,9,10.56399928,0.05535282,6.5,0.055,3.72386621084141,1,1
"06037930101","91011",90,1.06173260657759,1.50979391,14.83,5.11,11.01289795,0.06362631,,0.051,60.0831966081883,0,0
"06037920339","91355",7420,3.08130890598902,1.87963371666667,15.49,7.48,9.567104301,0.06144634,7.5,0.062,13.1139418962043,1,0
"06037542104","90221",3473,0.537800495108566,0.37486752,95.67,24.68,12.09532702,0.0438112,44.7,0.044,0.237765737322246,1,1
"06037542103","90221",3685,0.691629011572417,0.525425796666667,94.25,24.32,12.09480796,0.0438112,52.1,0.044,0.218476307769228,1,1
"06037900607","93535",3651,0.368035050306212,0.28942437,151.71,23.12,7.282014992,0.06236471,64.3,0.062,0.660991674479154,1,1
"06037900704","93534",2910,0.968485917243299,1.06026860333333,146.06,20.07,7.370326308,0.06236471,49.8,0.062,2.00044854580819,1,1
"06037900703","93534",4349,1.43718558617673,1.11209151,158.01,21.59,7.36594733,0.06236471,50.5,0.062,1.00049577869298,1,1
"06037900701","93534",5012,1.09450185914261,0.92893654,137.04,18.89,7.620826731,0.06236471,60.9,0.062,0.810028691641368,1,1
"06037900705","93534",3980,1.22823088165116,0.758891726666667,150.27,20.7,7.510487603,0.06236471,38.3,0.062,2.03758054357246,1,1
"06037900804","93534",3359,0.490668868806172,0.282236423333333,158.01,21.59,7.089534607,0.06236471,57.4,0.062,0.568016806413061,1,1
"06037900806","93534",4634,0.419692744372862,0.394782913333333,158.01,21.59,7.32047241,0.06236471,67.4,0.062,0.694568067434101,1,1
"06037900900","93536",4018,6.0167378758053,4.80507435333333,65.33,12.95,6.732983022,0.06236471,35,0.062,82.402321917223,1,0
"06037901003","93536",4895,3.89805411397439,2.6477261,60.67,14.26,7.135657052,0.06236471,,0.062,1.00667434137757,0,0
"06037920026","91390",386,3.69963786486916,1.06634892333333,21.93,11.1,9.828545598,0.06591477,49.9,0.062,4.86468508173962,1,1
"06037920043","91387",7130,0.545338349041597,0.420815823333333,40.07,10.52,10.05170787,0.06718273,8.2,0.062,7.21291048965472,1,1
"06037910810","91390",2599,1.7796810377396,0.590880113333333,35.14,10.32,9.99279126,0.06718273,7.2,0.06,9.20576066351131,1,1
"06037920032","91390",3558,1.15483886602243,1.26169562,18.27,8.04,9.88794156,0.06591477,10.9,0.062,4.76389088986976,1,0
"06037920036","91351",3145,0.541249726596675,0.360364706666667,58.84,15.29,10.13942579,0.06718273,27.4,0.065,0.469982822816897,1,1
"06037920029","91351",5632,0.89547977312495,0.426511436666667,47.26,12.73,10.05476144,0.06591477,14.9,0.065,0.865517180370377,1,1
"06037920020","91390",6501,0.554385513600573,0.614853663333333,22.57,10.42,9.588613344,0.06464682,21.2,0.062,4.1776518788343,1,1
"06037920322","91355",2854,0.415468041636841,0.24149477,24.89,8.38,9.850586503,0.06464682,17,0.065,0.402484659055056,1,1
"06037103400","91040",6416,0.778612900660145,0.500824566666667,38.54,11.99,11.14626422,0.06464682,19,0.055,0.966663892958953,1,1
"06037104105","91331",6054,0.604801086653941,0.457023813333333,77.15,12.71,11.13779234,0.06718273,42.9,0.055,0.226540358183343,1,1
"06037104201","91340",4569,1.02853709337469,0.706285753333333,58.65,9.52,11.16285509,0.06718273,51.8,0.057,0.420948363129744,1,1
"06037104310","91331",4962,0.827079232283465,0.379879603333333,63.82,10.29,11.20136625,0.06718273,41.1,0.057,0.580173038968121,1,1
"06037104701","91331",4402,0.876242742384475,0.517752296666667,81.71,13.36,11.30315023,0.06718273,77.4,0.057,0.212592482163943,1,1
"06037530006","90640",4430,0.513299207627456,0.373061696666667,57.34,17.79,12.10008748,0.05116215,41.7,0.046,0.252859357805701,1,1
"06037482701","91754",4323,0.503180799133063,0.39647982,34.52,9.07,12.17805962,0.05116215,27.9,0.048,0.476754508873016,1,1
"06037481500","91801",4489,0.558825210769108,0.215190526666667,35.51,10.13,11.83580366,0.05462941,27.7,0.05,0.848452673757641,1,1
"06037481604","91801",3701,0.631714537103317,0.466043506666667,39.56,11.33,11.83922597,0.05395594,33,0.05,0.242028513180703,1,1
"06037481402","91776",6598,0.714948451045892,0.551012296666667,39.44,10.7,11.86900191,0.05605125,39.3,0.05,0.707075935198019,1,1
"06037481603","91801",3486,0.466654736339776,0.402198933333333,39.56,11.33,11.86866931,0.05462941,42.6,0.05,0.25255328841027,1,1
"06037481713","91754",2736,0.584070279567327,0.52277673,25.04,6.45,11.964271,0.05334987,41,0.048,0.179260480977266,1,1
"06037480500","91030",5108,0.439476581762507,0.35261504,21.1,7.02,11.37911949,0.05462941,14.8,0.051,0.816681767925182,1,1
"06037408624","91745",2958,0.408561500835123,0.293818733333333,46.16,12.41,12.05731862,0.05334987,19.3,0.048,0.531834380050494,1,1
"06037408706","91748",1835,1.32403202795673,0.827040766666667,20.03,7.16,12.10177321,0.05022962,12.6,0.051,0.504680186937229,1,1
"06037128500","91401",4108,1.12499565040165,0.894808173333333,52.33,16.43,11.73546463,0.05938691,24.9,0.053,0.377971974556671,1,1
"06037430803","91006",5397,0.503648691640818,0.309264866666667,23.46,6.43,11.91047843,0.05938691,15.9,0.051,0.879045842573385,1,1
"06037400205","91711",2846,0.312212305137994,0.491258796666667,28.35,10.64,12.68205587,0.06473142,3.5,0.06,9.14484037418998,1,1
"06037408303","90601",4183,0.818431609401097,0.389192596666667,38.09,14.07,12.0734786,0.05462941,18.3,0.048,0.667871807156675,1,1
"06037408625","91745",4214,1.09410915254911,0.82898984,46.16,12.41,11.97581289,0.05334987,21.6,0.048,0.8279329339315,1,1
"06037408627","91748",3076,0.519137611349718,0.23217473,28.33,9.82,12.00875256,0.05168937,17.3,0.048,1.23350019714569,1,1
"06037404402","91702",5156,0.579559746082876,0.426294256666667,71.92,17.02,11.46729707,0.06133785,37.7,0.053,1.29962185975441,1,1
"06037400402","91741",4305,1.19915568082399,0.760438653333333,32.65,11.17,12.16620773,0.06350576,19.7,0.06,1.69833803676805,1,1
"06037401311","91773",6120,0.766330256303189,0.445756256666667,40.67,12.36,12.35028538,0.06037951,25.7,0.06,1.6578687444515,1,1
"06037401902","91711",6223,0.35329550425515,0.242634063333333,31.93,11.11,12.92486339,0.06133785,11.5,0.06,1.03168734555696,1,1
"06037401901","91711",3945,0.720141871470612,0.419591496666667,32.28,11.88,13.1458121,0.06133785,,0.06,0.664525219569444,0,1
"06037401800","91711",7927,0.350280611230414,0.232609646666667,32.39,11.94,12.95667922,0.06350576,19.7,0.06,2.32636439622883,1,1
"06037401703","91767",4107,0.724049674898592,0.579292376666667,64.64,14.56,12.72321352,0.06133785,29.3,0.06,0.448195221942544,1,1
"06037277000","90045",5566,1.28069884375249,1.04959633666667,24.93,11.05,11.85384693,0.0438112,7.1,0.046,0.886673703637196,1,1
"06037277100","90045",3100,0.854178472719319,0.601551633333333,26.79,11.17,11.89041869,0.0438112,7.3,0.046,0.477244793760849,1,1
"06037143500","91604",5482,0.485151092619104,0.404793833333333,23.9,11.48,11.55932918,0.05679963,15.9,0.051,0.477531079943838,1,1
"06037143700","90068",3811,0.624870133420822,0.224669963333333,13.69,6.24,11.57869279,0.0534139,12.4,0.051,1.308316850304,1,1
"06037141600","91403",4178,1.46028443887696,0.394676736666667,18.74,8.47,11.57294261,0.05685511,9.7,0.053,1.48671400128551,1,1
"06037143800","91604",5770,1.25930876183091,0.671117563333333,22.29,10.6,11.44967872,0.05535282,9.9,0.051,1.00619891253478,1,1
"06037143902","91423",2766,0.77929765171399,0.141998003333333,15.32,7.71,11.4048767,0.05535282,9,0.051,0.974350757621818,1,1
"06037143901","91604",4069,0.275281108327368,0.102074973333333,23.02,11.06,11.42938279,0.05470056,10.8,0.051,2.04448469412085,1,1
"06037181500","90041",3956,0.634401346138551,0.553392756666667,36.19,10.05,11.57992001,0.05462941,18.1,0.05,0.421670803801489,1,1
"06037181400","90041",4943,1.02302428815716,0.559710673333333,40.13,11.36,11.66426642,0.05462941,32,0.05,0.33611693394801,1,1
"06037183620","90042",3111,0.432993194742703,0.2539516,47.69,12.3,11.64363901,0.05334987,45.5,0.05,0.198627065176373,1,1
"06037183300","90042",3487,0.626438474310029,0.459427923333333,47.69,12.3,11.70185673,0.05334987,34.6,0.05,0.20976633627905,1,1
"06037183510","90042",2577,0.480062683925873,0.353096213333333,47.69,12.3,11.77745707,0.05334987,24.4,0.048,0.191064174391519,1,1
"06037183610","90042",3215,0.659108928855484,0.35586735,47.69,12.3,11.77745707,0.05334987,44.1,0.05,0.145545979603744,1,1
"06037183520","90042",3758,0.57920245764734,0.473716266666667,47.69,12.3,11.77745707,0.0527438,46.3,0.048,0.164814129676062,1,1
"06037183810","90042",4163,0.382465774874732,0.299245516666667,47.69,12.3,11.82898336,0.0527438,42,0.048,0.175860449718049,1,1
"06037400602","91702",4250,0.383126913823272,0.327171753333333,71.92,17.02,11.3276164,0.06236471,24,0.055,0.593776885477671,1,1
"06037430302","91016",5339,0.719936818977173,0.54966013,48.33,11.22,11.87333886,0.06236471,18.9,0.053,0.748271988576812,1,1
"06037430723","91007",4365,0.593124279209417,0.35521383,18.84,7.73,11.81607431,0.05938691,23.2,0.051,0.187476911681652,1,1
"06037431100","91016",6758,0.440808180227472,0.274701156666667,46.9,10.87,11.8926537,0.06133785,32.2,0.053,1.16435306229263,1,1
"06037533603","90201",6986,0.463591997733238,0.392032316666667,54.25,23.93,12.01972823,0.04632538,59.9,0.046,0.31347463586966,1,1
"06037534101","90201",2358,0.653458179233278,0.353412423333333,52.71,23.15,12.02588499,0.04716458,56.1,0.046,0.196862609962329,1,1
"06037930401","91367",5067,1.14593585958005,0.83526509,29.71,11.65,10.9435221,0.05763123,12.7,0.055,0.538670140238598,1,1
